date,raw_peak_f,raw_peak_time,obs_count,max_cloud_fraction,precip_total_in,thunder_observed,max_wind_gust_kt,h08_temp_f,h08_dewpoint_f,h08_cloud_fraction,h08_wind_speed_kt,h08_heating_remaining_raw_f,h09_temp_f,h09_dewpoint_f,h09_cloud_fraction,h09_wind_speed_kt,h09_heating_remaining_raw_f,h10_temp_f,h10_dewpoint_f,h10_cloud_fraction,h10_wind_speed_kt,h10_heating_remaining_raw_f,h11_temp_f,h11_dewpoint_f,h11_cloud_fraction,h11_wind_speed_kt,h11_heating_remaining_raw_f,h12_temp_f,h12_dewpoint_f,h12_cloud_fraction,h12_wind_speed_kt,h12_heating_remaining_raw_f,h13_temp_f,h13_dewpoint_f,h13_cloud_fraction,h13_wind_speed_kt,h13_heating_remaining_raw_f,h14_temp_f,h14_dewpoint_f,h14_cloud_fraction,h14_wind_speed_kt,h14_heating_remaining_raw_f,h15_temp_f,h15_dewpoint_f,h15_cloud_fraction,h15_wind_speed_kt,h15_heating_remaining_raw_f,h16_temp_f,h16_dewpoint_f,h16_cloud_fraction,h16_wind_speed_kt,h16_heating_remaining_raw_f,h17_temp_f,h17_dewpoint_f,h17_cloud_fraction,h17_wind_speed_kt,h17_heating_remaining_raw_f,h18_temp_f,h18_dewpoint_f,h18_cloud_fraction,h18_wind_speed_kt,h18_heating_remaining_raw_f,raw_peak_time_proxy,raw_peak_hour_local,cloud_mean_pre_peak,cloudy_obs_fraction_pre_peak,overcast_obs_fraction_pre_peak,cloud_burden_timeweighted_pre_peak,cloudy_minutes_pre_peak,overcast_minutes_pre_peak,cloud_covered_minutes_pre_peak,cloud_burden_last3h_pre_peak,cloudy_minutes_last3h_pre_peak,cloud_burden_below_12000_pre_peak,cloudy_minutes_below_12000_pre_peak,cloud_burden_below_20000_pre_peak,cloudy_minutes_below_20000_pre_peak,lowest_bkn_ovc_ft_pre_peak,first_cloudy_time,first_overcast_time,cloud_onset_minutes_before_peak,precip_total_dedup_in,precip_pre_peak_dedup_in,precip_post_peak_dedup_in,precip_before_peak,precip_after_peak,first_precip_time,precip_onset_minutes_before_peak,thunder_before_peak,thunder_after_peak,convective_cloud_before_peak,convective_cloud_after_peak,largest_pre_peak_temp_drop_90m_f,largest_pre_peak_temp_drop_time,max_pre_peak_wind_shift_deg,max_pre_peak_gust_kt,outflow_candidate,outflow_event_time,outflow_event_drop_f,outflow_event_gust_kt,outflow_event_wind_shift_deg,outflow_minutes_before_peak,max_pre_peak_dewpoint_f,elevated_moisture_signal,heat_08_10_f,heat_10_12_f,heat_12_14_f,heat_14_16_f,midday_stall_signal,post_peak_obs_count,actual_cli_high_f,cli_peak_time_text,cli_peak_time_flags,cli_period_label,cli_issued_at,cli_source_filename,cli_is_final,h08_heating_remaining_cli_f,h09_heating_remaining_cli_f,h10_heating_remaining_cli_f,h11_heating_remaining_cli_f,h12_heating_remaining_cli_f,h13_heating_remaining_cli_f,h14_heating_remaining_cli_f,h15_heating_remaining_cli_f,h16_heating_remaining_cli_f,h17_heating_remaining_cli_f,h18_heating_remaining_cli_f,asos_minus_cli_f,day_complete,nws_am_forecast_high_f,nws_am_issued_at,nws_am_cutoff_local,nws_am_lead_hours,pfm_source_filename,nws_am_error_f,nws_am_abs_error_f
2022-06-01,89.0,2022-06-01 16:56:00-07:00,25,0.25,0.0,False,20.0,73.0,28.0,0.0,10.0,16.0,75.0,27.0,0.0,8.0,14.0,77.0,27.0,0.0,7.0,12.0,80.0,27.0,0.0,10.0,9.0,81.0,25.0,0.0,7.0,8.0,83.0,21.9,0.0,9.0,6.0,87.0,21.0,0.25,8.0,2.0,88.0,19.0,0.25,7.0,1.0,88.0,19.0,0.25,3.0,1.0,89.0,18.0,0.25,6.0,0.0,89.0,18.0,0.25,4.0,0.0,2022-06-01 16:56:00-07:00,16.933333333333334,0.1,0.0,0.0,0.08395522388059702,0.0,0.0,536.0,0.25,0.0,0.0,0.0,0.08395522388059702,0.0,,,,,0.0,0.0,0.0,False,False,,,False,False,False,False,0.0,,50.0,0.0,False,,0.0,0.0,0.0,,27.0,False,4.0,4.0,6.0,1.0,False,2,90.0,5:00 PM,,YESTERDAY,2022-06-02T01:32:00-07:00,CLILAS_202206020832.txt,True,17.0,15.0,13.0,10.0,9.0,7.0,3.0,2.0,2.0,1.0,1.0,-1.0,True,91,2022-06-01T00:20:00-07:00,2022-06-01T06:00:00-07:00,5.666666666666667,PFMVEF_202206010720.txt,1.0,1.0
2022-06-02,98.0,2022-06-02 16:56:00-07:00,25,0.875,0.0,False,21.0,78.0,19.9,0.0,3.0,20.0,82.0,17.1,0.0,5.0,16.0,84.0,19.0,0.0,4.0,14.0,85.0,19.0,0.0,3.0,13.0,89.0,18.0,0.0,6.0,9.0,94.0,17.1,0.25,9.0,4.0,95.0,17.1,0.25,3.0,3.0,96.0,18.0,0.875,3.0,2.0,97.0,19.0,0.875,8.0,1.0,98.0,19.9,0.875,5.0,0.0,97.0,18.0,0.875,8.0,1.0,2022-06-02 16:56:00-07:00,16.933333333333334,0.4,0.4,0.4,0.251865671641791,120.0,120.0,536.0,0.6666666666666666,120.0,0.0,0.0,0.251865671641791,120.0,20000.0,2022-06-02T14:56:00-07:00,2022-06-02T14:56:00-07:00,120.0,0.0,0.0,0.0,False,False,,,False,False,False,False,0.0,,110.0,18.0,False,,0.0,0.0,0.0,,19.9,False,6.0,5.0,6.0,2.0,False,2,98.0,4:50 PM,,YESTERDAY,2022-06-03T01:40:00-07:00,CLILAS_202206030840.txt,True,20.0,16.0,14.0,13.0,9.0,4.0,3.0,2.0,1.0,0.0,1.0,0.0,True,97,2022-06-02T00:10:00-07:00,2022-06-02T06:00:00-07:00,5.833333333333333,PFMVEF_202206020710.txt,-1.0,1.0
2022-06-03,97.0,2022-06-03 13:56:00-07:00,24,0.875,0.0,False,23.0,82.0,30.9,0.25,11.0,15.0,85.0,30.0,0.25,8.0,12.0,89.0,30.0,0.875,9.0,8.0,90.0,30.9,0.875,12.0,7.0,93.0,30.0,0.875,9.0,4.0,94.0,30.9,0.875,8.0,3.0,97.0,28.0,0.875,15.0,0.0,97.0,28.9,0.875,16.0,0.0,97.0,28.0,0.875,12.0,0.0,97.0,28.9,0.5,8.0,0.0,95.0,27.0,0.25,12.0,2.0,2022-06-03 13:56:00-07:00,13.933333333333334,0.7708333333333334,0.8333333333333334,0.8333333333333334,0.6713483146067416,240.0,240.0,356.0,0.875,180.0,0.042134831460674156,0.0,0.12640449438202248,60.0,22000.0,2022-06-03T09:56:00-07:00,2022-06-03T09:56:00-07:00,240.0,0.0,0.0,0.0,False,False,,,False,False,False,False,0.0,,40.0,22.0,False,,0.0,0.0,0.0,,30.9,False,7.0,4.0,4.0,0.0,False,5,98.0,3:43 PM,,YESTERDAY,2022-06-04T01:23:00-07:00,CLILAS_202206040823.txt,True,16.0,13.0,9.0,8.0,5.0,4.0,1.0,1.0,1.0,1.0,3.0,-1.0,True,98,2022-06-03T02:25:00-07:00,2022-06-03T06:00:00-07:00,3.583333333333333,PFMVEF_202206030925.txt,0.0,0.0
2022-06-04,93.0,2022-06-04 14:56:00-07:00,24,0.875,0.0,False,26.0,79.0,40.0,0.875,12.0,14.0,82.0,40.0,0.875,9.0,11.0,84.0,40.0,0.875,11.0,9.0,87.0,38.0,0.875,9.0,6.0,90.0,39.0,0.875,11.0,3.0,92.0,36.0,0.875,13.0,1.0,92.0,34.0,0.875,16.0,1.0,93.0,36.0,0.875,14.0,0.0,93.0,37.0,0.875,15.0,0.0,93.0,38.0,0.875,12.0,0.0,93.0,38.0,0.875,11.0,0.0,2022-06-04 14:56:00-07:00,14.933333333333334,0.875,1.0,1.0,0.875,416.0,416.0,416.0,0.875,180.0,0.0,0.0,0.28365384615384615,56.0,25000.0,2022-06-04T08:56:00-07:00,2022-06-04T08:56:00-07:00,360.0,0.0,0.0,0.0,False,False,,,False,False,False,False,0.0,,20.0,26.0,False,,0.0,0.0,0.0,,40.0,False,5.0,6.0,2.0,1.0,False,4,94.0,4:51 PM,,YESTERDAY,2022-06-05T01:22:00-07:00,CLILAS_202206050822.txt,True,15.0,12.0,10.0,7.0,4.0,2.0,2.0,1.0,1.0,1.0,1.0,-1.0,True,95,2022-06-04T00:15:00-07:00,2022-06-04T06:00:00-07:00,5.75,PFMVEF_202206040715.txt,1.0,1.0
2022-06-05,99.0,2022-06-05 14:56:00-07:00,24,0.875,0.0,False,26.0,79.0,42.0,0.875,6.0,20.0,82.0,41.0,0.875,3.0,17.0,85.0,40.0,0.875,0.0,14.0,89.0,41.0,0.875,4.0,10.0,90.0,40.0,0.5,3.0,9.0,94.0,40.0,0.5,6.0,5.0,96.0,40.0,0.5,3.0,3.0,99.0,38.0,0.5,12.0,0.0,97.0,37.0,0.5,5.0,2.0,99.0,38.0,0.25,10.0,0.0,98.0,37.0,0.25,14.0,1.0,2022-06-05 14:56:00-07:00,14.933333333333334,0.6607142857142857,1.0,0.42857142857142855,0.7127403846153846,416.0,236.0,416.0,0.5,180.0,0.0,0.0,0.25,0.0,25000.0,2022-06-05T08:56:00-07:00,2022-06-05T08:56:00-07:00,360.0,0.0,0.0,0.0,False,False,,,False,False,False,False,0.0,,110.0,22.0,False,,0.0,0.0,0.0,,41.0,False,6.0,5.0,6.0,1.0,False,4,99.0,4:50 PM,,YESTERDAY,2022-06-06T01:42:00-07:00,CLILAS_202206060842.txt,True,20.0,17.0,14.0,10.0,9.0,5.0,3.0,0.0,2.0,0.0,1.0,0.0,True,99,2022-06-05T01:40:00-07:00,2022-06-05T06:00:00-07:00,4.333333333333333,PFMVEF_202206050840.txt,0.0,0.0
2022-06-06,100.0,2022-06-06 16:56:00-07:00,25,0.25,0.0,False,32.0,82.0,47.0,0.0,4.0,18.0,85.0,45.0,0.0,5.0,15.0,88.0,42.0,0.0,4.0,12.0,91.0,42.0,0.25,0.0,9.0,94.0,40.0,0.25,5.0,6.0,96.0,39.0,0.25,3.0,4.0,98.0,39.0,0.25,7.0,2.0,99.0,39.0,0.25,8.0,1.0,98.0,39.0,0.25,0.0,2.0,100.0,39.0,0.25,4.0,0.0,100.0,36.0,0.25,7.0,0.0,2022-06-06 16:56:00-07:00,16.933333333333334,0.2,0.0,0.0,0.16791044776119404,0.0,0.0,536.0,0.25,0.0,0.0,0.0,0.16791044776119404,0.0,,,,,0.0,0.0,0.0,False,False,,,False,False,False,False,1.0,2022-06-06T15:56:00-07:00,170.0,0.0,False,,0.0,0.0,0.0,,45.0,False,6.0,6.0,4.0,0.0,False,2,101.0,4:30 PM,,YESTERDAY,2022-06-07T01:58:00-07:00,CLILAS_202206070858.txt,True,19.0,16.0,13.0,10.0,7.0,5.0,3.0,2.0,3.0,1.0,1.0,-1.0,True,101,2022-06-06T02:10:00-07:00,2022-06-06T06:00:00-07:00,3.8333333333333335,PFMVEF_202206060910.txt,0.0,0.0
2022-06-07,102.0,2022-06-07 15:56:00-07:00,24,0.875,0.0,False,21.0,88.0,35.0,0.25,3.0,14.0,90.0,28.9,0.25,6.0,12.0,92.0,27.0,0.25,4.0,10.0,94.0,34.0,0.0,5.0,8.0,96.0,35.0,0.0,4.0,6.0,98.0,34.0,0.25,3.0,4.0,100.0,36.0,0.25,4.0,2.0,101.0,36.0,0.25,4.0,1.0,102.0,39.0,0.25,4.0,0.0,102.0,41.0,0.25,7.0,0.0,102.0,40.0,0.25,10.0,0.0,2022-06-07 15:56:00-07:00,15.933333333333334,0.1875,0.0,0.0,0.1869747899159664,0.0,0.0,476.0,0.25,0.0,0.0,0.0,0.09453781512605042,0.0,,,,,0.0,0.0,0.0,False,False,,,False,False,False,False,0.0,,90.0,0.0,False,,0.0,0.0,0.0,,39.0,False,4.0,4.0,4.0,2.0,False,3,104.0,5:04 PM,,YESTERDAY,2022-06-08T01:55:00-07:00,CLILAS_202206080855.txt,True,16.0,14.0,12.0,10.0,8.0,6.0,4.0,3.0,2.0,2.0,2.0,-2.0,True,103,2022-06-07T02:00:00-07:00,2022-06-07T06:00:00-07:00,4.0,PFMVEF_202206070900.txt,-1.0,1.0
2022-06-08,105.0,2022-06-08 15:56:00-07:00,24,0.875,0.0,False,22.0,88.0,43.0,0.25,0.0,17.0,91.0,41.0,0.25,4.0,14.0,93.0,41.0,0.25,3.0,12.0,97.0,40.0,0.25,4.0,8.0,100.0,41.0,0.25,7.0,5.0,101.0,41.0,0.25,0.0,4.0,103.0,42.0,0.25,8.0,2.0,104.0,37.0,0.25,7.0,1.0,105.0,35.0,0.25,6.0,0.0,105.0,35.0,0.5,9.0,0.0,103.0,33.0,0.875,8.0,2.0,2022-06-08 15:56:00-07:00,15.933333333333334,0.25,0.0,0.0,0.25,0.0,0.0,476.0,0.25,0.0,0.0,0.0,0.0,0.0,,,,,0.0,0.0,0.0,False,False,,,False,False,False,False,0.0,,170.0,0.0,False,,0.0,0.0,0.0,,42.0,False,5.0,7.0,3.0,2.0,False,3,106.0,3:51 PM,,YESTERDAY,2022-06-09T01:26:00-07:00,CLILAS_202206090826.txt,True,18.0,15.0,13.0,9.0,6.0,5.0,3.0,2.0,1.0,1.0,3.0,-1.0,True,106,2022-06-07T23:25:00-07:00,2022-06-08T06:00:00-07:00,6.583333333333333,PFMVEF_202206080625.txt,0.0,0.0
2022-06-09,106.0,2022-06-09 15:56:00-07:00,27,0.875,0.0,False,19.0,90.0,37.0,0.0,3.0,16.0,93.0,37.0,0.25,4.0,13.0,96.0,41.0,0.25,5.0,10.0,99.0,39.0,0.25,3.0,7.0,101.0,40.0,0.25,9.0,5.0,104.0,38.0,0.5,10.0,2.0,104.0,37.0,0.5,7.0,2.0,105.0,36.0,0.875,7.0,1.0,106.0,35.0,0.875,10.0,0.0,106.0,37.0,0.875,14.0,0.0,103.0,38.0,0.875,9.0,3.0,2022-06-09 15:56:00-07:00,15.933333333333334,0.425,0.4,0.2,0.36239495798319327,180.0,60.0,476.0,0.625,180.0,0.0,0.0,0.0,0.0,25000.0,2022-06-09T12:56:00-07:00,2022-06-09T14:56:00-07:00,180.0,0.0,0.0,0.0,False,False,,,False,False,False,False,0.0,,60.0,18.0,False,,0.0,0.0,0.0,,41.0,False,6.0,5.0,3.0,2.0,False,4,108.0,2:33 PM,,YESTERDAY,2022-06-10T01:41:00-07:00,CLILAS_202206100841.txt,True,18.0,15.0,12.0,9.0,7.0,4.0,4.0,3.0,2.0,2.0,5.0,-2.0,True,107,2022-06-09T00:40:00-07:00,2022-06-09T06:00:00-07:00,5.333333333333333,PFMVEF_202206090740.txt,-1.0,1.0
2022-06-10,108.0,2022-06-10 14:11:00-07:00,25,0.5,0.0,False,22.0,91.0,40.0,0.25,3.0,17.0,93.0,40.0,0.25,4.0,15.0,97.0,42.0,0.25,0.0,11.0,102.0,42.0,0.25,4.0,6.0,106.0,38.0,0.25,10.0,2.0,107.0,36.0,0.25,6.0,1.0,106.0,36.0,0.25,6.0,2.0,107.0,33.0,0.25,12.0,1.0,107.0,30.9,0.25,16.0,1.0,106.0,30.9,0.25,8.0,2.0,107.0,30.9,0.25,9.0,1.0,2022-06-10 14:11:00-07:00,14.183333333333334,0.25,0.0,0.0,0.25,0.0,0.0,371.0,0.25,0.0,0.0,0.0,0.09097035040431267,0.0,,,,,0.0,0.0,0.0,False,False,,,False,False,False,False,1.0,2022-06-10T13:56:00-07:00,180.0,20.0,False,,0.0,0.0,0.0,,42.0,False,6.0,9.0,0.0,1.0,True,5,109.0,2:46 PM,R,YESTERDAY,2022-06-11T01:24:00-07:00,CLILAS_202206110824.txt,True,18.0,16.0,12.0,7.0,3.0,2.0,3.0,2.0,2.0,3.0,2.0,-1.0,True,109,2022-06-10T00:55:00-07:00,2022-06-10T06:00:00-07:00,5.083333333333333,PFMVEF_202206100755.txt,0.0,0.0
2022-06-11,108.0,2022-06-11 15:56:00-07:00,24,0.5,0.0,False,28.0,95.0,41.0,0.25,8.0,13.0,99.0,38.0,0.25,8.0,9.0,102.0,33.0,0.25,8.0,6.0,105.0,33.0,0.25,11.0,3.0,105.0,32.0,0.25,10.0,3.0,106.0,28.9,0.25,16.0,2.0,107.0,28.9,0.25,13.0,1.0,107.0,32.0,0.25,9.0,1.0,108.0,30.9,0.5,15.0,0.0,108.0,28.0,0.5,13.0,0.0,107.0,26.1,0.5,16.0,1.0,2022-06-11 15:56:00-07:00,15.933333333333334,0.28125,0.125,0.0,0.25,0.0,0.0,476.0,0.25,0.0,0.0,0.0,0.029411764705882353,0.0,,2022-06-11T15:56:00-07:00,,0.0,0.0,0.0,0.0,False,False,,,False,False,False,False,0.0,,70.0,25.0,False,,0.0,0.0,0.0,,38.0,False,7.0,3.0,2.0,1.0,False,3,109.0,3:28 PM,R,YESTERDAY,2022-06-12T02:09:00-07:00,CLILAS_202206120909.txt,True,14.0,10.0,7.0,4.0,4.0,3.0,2.0,2.0,1.0,1.0,2.0,-1.0,True,109,2022-06-11T01:55:00-07:00,2022-06-11T06:00:00-07:00,4.083333333333333,PFMVEF_202206110855.txt,0.0,0.0
2022-06-12,104.0,2022-06-12 13:56:00-07:00,24,0.25,0.0,False,39.0,89.0,37.0,0.0,5.0,15.0,92.0,37.0,0.0,3.0,12.0,95.0,34.0,0.0,13.0,9.0,98.0,32.0,0.0,16.0,6.0,100.0,30.0,0.0,14.0,4.0,102.0,28.0,0.0,16.0,2.0,104.0,27.0,0.25,15.0,0.0,104.0,24.1,0.25,17.0,0.0,104.0,24.1,0.25,17.0,0.0,104.0,27.0,0.25,21.0,0.0,102.0,28.0,0.25,17.0,2.0,2022-06-12 13:56:00-07:00,13.933333333333334,0.041666666666666664,0.0,0.0,0.0,0.0,0.0,356.0,0.0,0.0,0.0,0.0,0.0,0.0,,,,,0.0,0.0,0.0,False,False,,,False,False,False,False,0.0,,30.0,34.0,False,,0.0,0.0,0.0,,37.0,False,6.0,5.0,4.0,0.0,False,5,106.0,2:42 PM,,YESTERDAY,2022-06-13T01:40:00-07:00,CLILAS_202206130840.txt,True,17.0,14.0,11.0,8.0,6.0,4.0,2.0,2.0,2.0,2.0,4.0,-2.0,True,106,2022-06-12T05:02:00-07:00,2022-06-12T06:00:00-07:00,0.9666666666666668,PFMVEF_202206121202.txt,0.0,0.0
2022-06-13,96.0,2022-06-13 14:56:00-07:00,24,0.25,0.0,False,37.0,80.0,52.0,0.25,15.0,16.0,83.0,51.0,0.25,13.0,13.0,86.0,48.0,0.25,12.0,10.0,88.0,46.0,0.25,10.0,8.0,90.0,46.0,0.25,10.0,6.0,92.0,45.0,0.25,7.0,4.0,94.0,42.0,0.25,12.0,2.0,96.0,39.0,0.25,12.0,0.0,95.0,36.0,0.25,14.0,1.0,96.0,33.0,0.25,12.0,0.0,95.0,30.0,0.25,14.0,1.0,2022-06-13 14:56:00-07:00,14.933333333333334,0.25,0.0,0.0,0.25,0.0,0.0,416.0,0.25,0.0,0.25,0.0,0.25,0.0,,,,,0.0,0.0,0.0,False,False,,,False,False,False,False,0.0,,40.0,26.0,False,,0.0,0.0,0.0,,51.0,True,6.0,4.0,4.0,1.0,False,4,97.0,3:22 PM,,YESTERDAY,2022-06-14T01:25:00-07:00,CLILAS_202206140825.txt,True,17.0,14.0,11.0,9.0,7.0,5.0,3.0,1.0,2.0,1.0,2.0,-1.0,True,98,2022-06-13T02:30:00-07:00,2022-06-13T06:00:00-07:00,3.5,PFMVEF_202206130930.txt,1.0,1.0
2022-06-14,92.0,2022-06-14 17:56:00-07:00,25,0.0,0.0,False,35.0,75.0,14.0,0.0,17.0,17.0,77.0,12.9,0.0,14.0,15.0,79.0,12.9,0.0,14.0,13.0,81.0,12.0,0.0,6.0,11.0,83.0,15.1,0.0,5.0,9.0,85.0,15.1,0.0,8.0,7.0,86.0,16.0,0.0,4.0,6.0,88.0,16.0,0.0,3.0,4.0,89.0,16.0,0.0,5.0,3.0,91.0,17.1,0.0,6.0,1.0,92.0,18.0,0.0,11.0,0.0,2022-06-14 17:56:00-07:00,17.933333333333334,0.0,0.0,0.0,0.0,0.0,0.0,596.0,0.0,0.0,0.0,0.0,0.0,0.0,,,,,0.0,0.0,0.0,False,False,,,False,False,False,False,0.0,,130.0,27.0,False,,0.0,0.0,0.0,,18.0,False,4.0,4.0,3.0,3.0,False,2,92.0,5:25 PM,,YESTERDAY,2022-06-15T01:21:00-07:00,CLILAS_202206150821.txt,True,17.0,15.0,13.0,11.0,9.0,7.0,6.0,4.0,3.0,1.0,0.0,0.0,True,94,2022-06-14T01:30:00-07:00,2022-06-14T06:00:00-07:00,4.5,PFMVEF_202206140830.txt,2.0,2.0
2022-06-15,99.0,2022-06-15 16:56:00-07:00,24,0.0,0.0,False,16.0,82.0,10.9,0.0,9.0,17.0,84.0,9.0,0.0,7.0,15.0,86.0,10.9,0.0,3.0,13.0,91.0,12.0,0.0,5.0,8.0,92.0,10.9,0.0,11.0,7.0,93.0,12.0,0.0,0.0,6.0,96.0,12.0,0.0,5.0,3.0,97.0,15.1,0.0,3.0,2.0,98.0,18.0,0.0,5.0,1.0,99.0,16.0,0.0,3.0,0.0,99.0,17.1,0.0,4.0,0.0,2022-06-15 16:56:00-07:00,16.933333333333334,0.0,0.0,0.0,0.0,0.0,0.0,536.0,0.0,0.0,0.0,0.0,0.0,0.0,,,,,0.0,0.0,0.0,False,False,,,False,False,False,False,0.0,,160.0,16.0,False,,0.0,0.0,0.0,,18.0,False,4.0,6.0,4.0,2.0,False,2,100.0,5:14 PM,,YESTERDAY,2022-06-16T01:23:00-07:00,CLILAS_202206160823.txt,True,18.0,16.0,14.0,9.0,8.0,7.0,4.0,3.0,2.0,1.0,1.0,-1.0,True,100,2022-06-15T01:25:00-07:00,2022-06-15T06:00:00-07:00,4.583333333333333,PFMVEF_202206150825.txt,0.0,0.0
2022-06-16,106.0,2022-06-16 16:56:00-07:00,25,0.0,0.0,False,24.0,85.0,26.1,0.0,3.0,21.0,89.0,24.1,0.0,0.0,17.0,93.0,23.0,0.0,5.0,13.0,95.0,24.1,0.0,5.0,11.0,98.0,23.0,0.0,0.0,8.0,102.0,24.1,0.0,6.0,4.0,105.0,23.0,0.0,3.0,1.0,105.0,24.1,0.0,11.0,1.0,105.0,21.0,0.0,9.0,1.0,106.0,19.0,0.0,11.0,0.0,105.0,18.0,0.0,10.0,1.0,2022-06-16 16:56:00-07:00,16.933333333333334,0.0,0.0,0.0,0.0,0.0,0.0,536.0,0.0,0.0,0.0,0.0,0.0,0.0,,,,,0.0,0.0,0.0,False,False,,,False,False,False,False,0.0,,100.0,24.0,False,,0.0,0.0,0.0,,24.1,False,8.0,5.0,7.0,0.0,False,2,106.0,4:18 PM,,YESTERDAY,2022-06-17T01:23:00-07:00,CLILAS_202206170823.txt,True,21.0,17.0,13.0,11.0,8.0,4.0,1.0,1.0,1.0,0.0,1.0,0.0,True,106,2022-06-16T02:10:00-07:00,2022-06-16T06:00:00-07:00,3.8333333333333335,PFMVEF_202206160910.txt,0.0,0.0
2022-06-17,101.0,2022-06-17 14:25:00-07:00,25,0.5,0.0,False,35.0,87.0,30.0,0.25,10.0,14.0,89.0,30.0,0.25,10.0,12.0,92.0,34.0,0.25,7.0,9.0,94.0,33.0,0.25,8.0,7.0,97.0,28.9,0.25,8.0,4.0,99.0,15.1,0.25,14.0,2.0,100.0,19.9,0.25,18.0,1.0,101.0,21.0,0.25,19.0,0.0,101.0,19.0,0.25,16.0,0.0,100.0,19.0,0.5,18.0,1.0,97.0,28.9,0.5,22.0,4.0,2022-06-17 14:25:00-07:00,14.416666666666666,0.25,0.0,0.0,0.25,0.0,0.0,385.0,0.25,0.0,0.0,0.0,0.21103896103896103,0.0,,,,,0.0,0.0,0.0,False,False,,,False,False,False,False,0.0,,40.0,33.0,False,,0.0,0.0,0.0,,34.0,False,5.0,5.0,3.0,1.0,False,5,101.0,3:13 PM,,YESTERDAY,2022-06-18T01:23:00-07:00,CLILAS_202206180823.txt,True,14.0,12.0,9.0,7.0,4.0,2.0,1.0,0.0,0.0,1.0,4.0,0.0,True,102,2022-06-17T02:05:00-07:00,2022-06-17T06:00:00-07:00,3.9166666666666665,PFMVEF_202206170905.txt,1.0,1.0
2022-06-18,90.0,2022-06-18 15:56:00-07:00,24,0.875,0.0,False,30.0,74.0,19.0,0.875,13.0,16.0,77.0,17.1,0.875,9.0,13.0,81.0,10.0,0.875,12.0,9.0,82.0,14.0,0.875,10.0,8.0,83.0,14.0,0.875,10.0,7.0,85.0,10.9,0.875,15.0,5.0,86.0,12.0,0.875,13.0,4.0,89.0,9.0,0.875,18.0,1.0,90.0,3.0,0.5,15.0,0.0,88.0,3.0,0.25,18.0,2.0,87.0,10.0,0.25,13.0,3.0,2022-06-18 15:56:00-07:00,15.933333333333334,0.828125,1.0,0.875,0.875,476.0,476.0,476.0,0.875,180.0,0.0,0.0,0.8308823529411765,476.0,20000.0,2022-06-18T08:56:00-07:00,2022-06-18T08:56:00-07:00,420.0,0.0,0.0,0.0,False,False,,,False,False,False,False,0.0,,30.0,27.0,False,,0.0,0.0,0.0,,17.1,False,7.0,2.0,3.0,4.0,False,3,91.0,2:32 PM,,YESTERDAY,2022-06-19T01:25:00-07:00,CLILAS_202206190825.txt,True,17.0,14.0,10.0,9.0,8.0,6.0,5.0,2.0,1.0,3.0,4.0,-1.0,True,90,2022-06-18T02:25:00-07:00,2022-06-18T06:00:00-07:00,3.583333333333333,PFMVEF_202206180925.txt,-1.0,1.0
2022-06-19,87.0,2022-06-19 17:56:00-07:00,28,0.0,0.0,False,24.0,72.0,21.9,0.0,5.0,15.0,75.0,25.0,0.0,3.0,12.0,77.0,26.1,0.0,6.0,10.0,78.0,25.0,0.0,6.0,9.0,80.0,21.0,0.0,5.0,7.0,81.0,21.0,0.0,3.0,6.0,85.0,21.0,0.0,5.0,2.0,86.0,19.9,0.0,7.0,1.0,86.0,19.0,0.0,3.0,1.0,86.0,18.0,0.0,,1.0,87.0,17.1,0.0,10.0,0.0,2022-06-19 17:56:00-07:00,17.933333333333334,0.0,0.0,0.0,0.0,0.0,0.0,596.0,0.0,0.0,0.0,0.0,0.0,0.0,,,,,0.0,0.0,0.0,False,False,,,False,False,False,False,0.0,,130.0,14.0,False,,0.0,0.0,0.0,,26.1,False,5.0,3.0,5.0,1.0,False,1,88.0,3:40 PM,,YESTERDAY,2022-06-20T01:23:00-07:00,CLILAS_202206200823.txt,True,16.0,13.0,11.0,10.0,8.0,7.0,3.0,2.0,2.0,2.0,1.0,-1.0,True,89,2022-06-19T01:35:00-07:00,2022-06-19T06:00:00-07:00,4.416666666666667,PFMVEF_202206190835.txt,1.0,1.0
2022-06-20,91.0,2022-06-20 18:58:00-07:00,25,0.25,0.0,False,20.0,77.0,26.1,0.0,10.0,14.0,79.0,25.0,0.0,7.0,12.0,82.0,26.1,0.0,14.0,9.0,83.0,24.1,0.0,9.0,8.0,86.0,24.1,0.0,9.0,5.0,86.0,23.0,0.0,5.0,5.0,89.0,17.1,0.0,8.0,2.0,88.0,18.0,0.25,4.0,3.0,90.0,18.0,0.25,4.0,1.0,90.0,17.1,0.25,3.0,1.0,90.0,17.1,0.25,3.0,1.0,2022-06-20 18:58:00-07:00,18.966666666666665,0.10416666666666667,0.0,0.0,0.0911854103343465,0.0,0.0,658.0,0.24722222222222223,0.0,0.0,0.0,0.0911854103343465,0.0,,,,,0.0,0.0,0.0,False,False,,,False,False,False,False,1.0,2022-06-20T14:56:00-07:00,110.0,20.0,False,,0.0,0.0,0.0,,26.1,False,5.0,4.0,3.0,1.0,False,0,92.0,4:53 PM,,YESTERDAY,2022-06-21T01:30:00-07:00,CLILAS_202206210830.txt,True,15.0,13.0,10.0,9.0,6.0,6.0,3.0,4.0,2.0,2.0,2.0,-1.0,True,93,2022-06-20T01:45:00-07:00,2022-06-20T06:00:00-07:00,4.25,PFMVEF_202206200845.txt,1.0,1.0
2022-06-21,98.0,2022-06-21 15:56:00-07:00,24,0.875,0.0,False,,79.0,21.0,0.25,3.0,19.0,83.0,19.9,0.0,3.0,15.0,86.0,21.0,0.0,5.0,12.0,88.0,19.9,0.0,0.0,10.0,89.0,18.0,0.0,0.0,9.0,92.0,18.0,0.25,0.0,6.0,94.0,16.0,0.25,5.0,4.0,95.0,17.1,0.25,4.0,3.0,98.0,18.0,0.25,7.0,0.0,98.0,18.0,0.25,4.0,0.0,98.0,18.0,0.25,7.0,0.0,2022-06-21 15:56:00-07:00,15.933333333333334,0.125,0.0,0.0,0.12394957983193278,0.0,0.0,476.0,0.25,0.0,0.09453781512605042,0.0,0.09453781512605042,0.0,,,,,0.0,0.0,0.0,False,False,,,False,False,False,False,0.0,,30.0,0.0,False,,0.0,0.0,0.0,,21.0,False,7.0,3.0,5.0,4.0,False,3,99.0,3:27 PM,,YESTERDAY,2022-06-22T01:21:00-07:00,CLILAS_202206220821.txt,True,20.0,16.0,13.0,11.0,10.0,7.0,5.0,4.0,1.0,1.0,1.0,-1.0,True,99,2022-06-21T01:50:00-07:00,2022-06-21T06:00:00-07:00,4.166666666666667,PFMVEF_202206210850.txt,0.0,0.0
2022-06-22,93.0,2022-06-22 14:56:00-07:00,24,1.0,0.0,False,35.0,89.0,44.0,1.0,5.0,4.0,90.0,44.0,0.875,7.0,3.0,90.0,44.0,1.0,9.0,3.0,90.0,45.0,1.0,5.0,3.0,89.0,44.0,0.875,0.0,4.0,90.0,45.0,0.875,8.0,3.0,91.0,44.0,0.875,8.0,2.0,93.0,44.0,0.875,9.0,0.0,93.0,44.0,0.875,8.0,0.0,93.0,43.0,0.875,9.0,0.0,78.0,57.0,0.875,20.0,15.0,2022-06-22 14:56:00-07:00,14.933333333333334,0.9107142857142857,1.0,1.0,0.9278846153846154,416.0,416.0,416.0,0.875,180.0,0.7163461538461539,416.0,0.9278846153846154,416.0,11000.0,2022-06-22T08:56:00-07:00,2022-06-22T08:56:00-07:00,360.0,0.0,0.0,0.0,False,False,,,False,False,False,True,1.0,2022-06-22T11:56:00-07:00,180.0,0.0,False,,0.0,0.0,0.0,,45.0,False,1.0,-1.0,2.0,2.0,True,4,94.0,3:51 PM,,YESTERDAY,2022-06-23T01:29:00-07:00,CLILAS_202206230829.txt,True,5.0,4.0,4.0,4.0,5.0,4.0,3.0,1.0,1.0,1.0,16.0,-1.0,True,95,2022-06-22T01:50:00-07:00,2022-06-22T06:00:00-07:00,4.166666666666667,PFMVEF_202206220850.txt,1.0,1.0
2022-06-23,99.0,2022-06-23 14:56:00-07:00,24,0.5,0.0,False,28.0,79.0,51.0,0.25,3.0,20.0,83.0,50.0,0.25,0.0,16.0,87.0,48.0,0.25,5.0,12.0,89.0,47.0,0.25,3.0,10.0,93.0,47.0,0.25,6.0,6.0,95.0,46.0,0.25,4.0,4.0,98.0,46.0,0.5,8.0,1.0,99.0,45.0,0.5,9.0,0.0,99.0,45.0,0.5,5.0,0.0,99.0,43.0,0.5,16.0,0.0,98.0,42.0,0.25,12.0,1.0,2022-06-23 14:56:00-07:00,14.933333333333334,0.32142857142857145,0.2857142857142857,0.0,0.2860576923076923,60.0,0.0,416.0,0.3333333333333333,60.0,0.2860576923076923,60.0,0.2860576923076923,60.0,,2022-06-23T13:56:00-07:00,,60.0,0.0,0.0,0.0,False,False,,,False,False,True,True,0.0,,170.0,24.0,False,,0.0,0.0,0.0,,50.0,True,8.0,6.0,5.0,1.0,False,4,101.0,4:05 PM,,YESTERDAY,2022-06-24T01:22:00-07:00,CLILAS_202206240822.txt,True,22.0,18.0,14.0,12.0,8.0,6.0,3.0,2.0,2.0,2.0,3.0,-2.0,True,100,2022-06-23T00:50:00-07:00,2022-06-23T06:00:00-07:00,5.166666666666667,PFMVEF_202206230750.txt,-1.0,1.0
2022-06-24,102.0,2022-06-24 16:56:00-07:00,24,0.25,0.0,False,21.0,86.0,44.0,0.0,4.0,16.0,89.0,43.0,0.25,4.0,13.0,93.0,43.0,0.25,5.0,9.0,93.0,43.0,0.25,0.0,9.0,98.0,42.0,0.25,10.0,4.0,98.0,40.0,0.25,10.0,4.0,100.0,39.0,0.25,6.0,2.0,101.0,36.0,0.25,11.0,1.0,100.0,36.0,0.25,4.0,2.0,102.0,28.9,0.25,11.0,0.0,101.0,28.0,0.25,7.0,1.0,2022-06-24 16:56:00-07:00,16.933333333333334,0.25,0.0,0.0,0.22388059701492538,0.0,0.0,536.0,0.25,0.0,0.22388059701492538,0.0,0.22388059701492538,0.0,,,,,0.0,0.0,0.0,False,False,,,False,False,True,False,1.0,2022-06-24T15:56:00-07:00,80.0,21.0,False,,0.0,0.0,0.0,,43.0,False,7.0,5.0,2.0,0.0,False,2,103.0,1:46 PM,,YESTERDAY,2022-06-25T01:20:00-07:00,CLILAS_202206250820.txt,True,17.0,14.0,10.0,10.0,5.0,5.0,3.0,2.0,3.0,1.0,2.0,-1.0,True,103,2022-06-24T01:15:00-07:00,2022-06-24T06:00:00-07:00,4.75,PFMVEF_202206240815.txt,0.0,0.0
2022-06-25,104.0,2022-06-25 15:56:00-07:00,24,0.5,0.0,False,17.0,86.0,32.0,0.25,3.0,18.0,90.0,30.0,0.25,4.0,14.0,94.0,30.0,0.25,5.0,10.0,96.0,32.0,0.25,4.0,8.0,98.0,38.0,0.25,3.0,6.0,102.0,37.0,0.25,6.0,2.0,102.0,38.0,0.25,8.0,2.0,101.0,39.0,0.5,3.0,3.0,104.0,39.0,0.5,9.0,0.0,104.0,39.0,0.25,5.0,0.0,104.0,37.0,0.25,4.0,0.0,2022-06-25 15:56:00-07:00,15.933333333333334,0.3125,0.25,0.0,0.2815126050420168,60.0,0.0,476.0,0.3333333333333333,60.0,0.15756302521008403,0.0,0.2815126050420168,60.0,,2022-06-25T14:56:00-07:00,,60.0,0.0,0.0,0.0,False,False,,,False,False,True,True,1.0,2022-06-25T14:56:00-07:00,50.0,0.0,False,,0.0,0.0,0.0,,39.0,False,8.0,4.0,4.0,2.0,False,3,105.0,2:58 PM,,YESTERDAY,2022-06-26T01:50:00-07:00,CLILAS_202206260850.txt,True,19.0,15.0,11.0,9.0,7.0,3.0,3.0,4.0,1.0,1.0,1.0,-1.0,True,104,2022-06-25T00:10:00-07:00,2022-06-25T06:00:00-07:00,5.833333333333333,PFMVEF_202206250710.txt,-1.0,1.0
2022-06-26,105.0,2022-06-26 15:56:00-07:00,24,0.875,0.0,False,28.0,88.0,39.0,0.25,3.0,17.0,91.0,44.0,0.25,5.0,14.0,94.0,45.0,0.25,4.0,11.0,97.0,45.0,0.25,7.0,8.0,99.0,44.0,0.25,6.0,6.0,100.0,42.0,0.25,3.0,5.0,103.0,40.0,0.25,0.0,2.0,103.0,39.0,0.5,6.0,2.0,105.0,37.0,0.5,10.0,0.0,104.0,36.0,0.5,6.0,1.0,103.0,35.0,0.5,0.0,2.0,2022-06-26 15:56:00-07:00,15.933333333333334,0.3125,0.25,0.0,0.2815126050420168,60.0,0.0,476.0,0.3333333333333333,60.0,0.06302521008403361,0.0,0.2815126050420168,60.0,,2022-06-26T14:56:00-07:00,,60.0,0.0,0.0,0.0,False,False,,,False,False,True,False,0.0,,30.0,16.0,False,,0.0,0.0,0.0,,45.0,False,6.0,5.0,4.0,2.0,False,3,106.0,3:44 PM,,YESTERDAY,2022-06-27T01:27:00-07:00,CLILAS_202206270827.txt,True,18.0,15.0,12.0,9.0,7.0,6.0,3.0,3.0,1.0,2.0,3.0,-1.0,True,106,2022-06-26T00:40:00-07:00,2022-06-26T06:00:00-07:00,5.333333333333333,PFMVEF_202206260740.txt,0.0,0.0
2022-06-27,105.0,2022-06-27 17:56:00-07:00,25,0.5,0.0,False,22.0,88.0,55.0,0.0,5.0,17.0,90.0,55.0,0.25,0.0,15.0,91.0,55.0,0.25,3.0,14.0,94.0,55.0,0.25,4.0,11.0,96.0,55.0,0.25,4.0,9.0,98.0,54.0,0.25,4.0,7.0,100.0,53.0,0.25,4.0,5.0,103.0,45.0,0.25,7.0,2.0,104.0,45.0,0.25,3.0,1.0,104.0,38.0,0.25,3.0,1.0,105.0,40.0,0.25,6.0,0.0,2022-06-27 17:56:00-07:00,17.933333333333334,0.25,0.0,0.0,0.22651006711409397,0.0,0.0,596.0,0.25,0.0,0.22651006711409397,0.0,0.22651006711409397,0.0,,,,,0.0,0.0,0.0,False,False,,,False,False,True,False,0.0,,0.0,0.0,False,,0.0,0.0,0.0,,55.0,True,3.0,5.0,4.0,4.0,False,1,105.0,5:00 PM,,YESTERDAY,2022-06-28T01:42:00-07:00,CLILAS_202206280842.txt,True,17.0,15.0,14.0,11.0,9.0,7.0,5.0,2.0,1.0,1.0,0.0,0.0,True,105,2022-06-27T00:20:00-07:00,2022-06-27T06:00:00-07:00,5.666666666666667,PFMVEF_202206270720.txt,0.0,0.0
2022-06-28,108.0,2022-06-28 13:56:00-07:00,28,0.875,0.0,True,40.0,91.0,50.0,0.25,4.0,17.0,94.0,50.0,0.25,0.0,14.0,97.0,47.0,0.25,0.0,11.0,101.0,46.0,0.25,8.0,7.0,103.0,46.0,0.25,8.0,5.0,105.0,45.0,0.25,7.0,3.0,108.0,46.0,0.5,7.0,0.0,105.0,47.0,0.5,12.0,3.0,104.0,45.0,0.5,5.0,4.0,104.0,46.0,0.5,13.0,4.0,105.0,44.0,0.5,5.0,3.0,2022-06-28 13:56:00-07:00,13.933333333333334,0.2916666666666667,0.16666666666666666,0.0,0.25,0.0,0.0,356.0,0.25,0.0,0.25,0.0,0.25,0.0,,2022-06-28T13:56:00-07:00,,0.0,0.0,0.0,0.0,False,False,,,False,True,True,True,0.0,,20.0,15.0,False,,0.0,0.0,0.0,,50.0,True,6.0,6.0,5.0,-4.0,False,9,108.0,12:57 PM,,YESTERDAY,2022-06-29T01:24:00-07:00,CLILAS_202206290824.txt,True,17.0,14.0,11.0,7.0,5.0,3.0,0.0,3.0,4.0,4.0,3.0,0.0,True,106,2022-06-28T03:05:00-07:00,2022-06-28T06:00:00-07:00,2.9166666666666665,PFMVEF_202206281005.txt,-2.0,2.0
2022-06-29,106.0,2022-06-29 13:56:00-07:00,24,0.875,0.0,False,29.0,93.0,38.0,0.25,11.0,13.0,97.0,37.0,0.25,10.0,9.0,100.0,40.0,0.25,10.0,6.0,103.0,47.0,0.25,12.0,3.0,104.0,45.0,0.25,15.0,2.0,104.0,48.0,0.25,9.0,2.0,106.0,43.0,0.25,9.0,0.0,106.0,40.0,0.25,11.0,0.0,106.0,40.0,0.25,20.0,0.0,105.0,36.0,0.25,15.0,1.0,104.0,38.0,0.25,14.0,2.0,2022-06-29 13:56:00-07:00,13.933333333333334,0.25,0.0,0.0,0.25,0.0,0.0,356.0,0.25,0.0,0.0,0.0,0.25,0.0,,,,,0.0,0.0,0.0,False,False,,,False,False,True,True,0.0,,50.0,29.0,False,,0.0,0.0,0.0,,48.0,False,7.0,4.0,2.0,0.0,False,5,107.0,2:11 PM,,YESTERDAY,2022-06-30T01:23:00-07:00,CLILAS_202206300823.txt,True,14.0,10.0,7.0,4.0,3.0,3.0,1.0,1.0,1.0,2.0,3.0,-1.0,True,106,2022-06-29T02:40:00-07:00,2022-06-29T06:00:00-07:00,3.333333333333333,PFMVEF_202206290940.txt,-1.0,1.0
2022-06-30,103.0,2022-06-30 14:56:00-07:00,24,0.875,0.0,False,28.0,90.0,39.0,0.5,9.0,13.0,93.0,40.0,0.25,10.0,10.0,96.0,41.0,0.25,11.0,7.0,98.0,42.0,0.25,16.0,5.0,99.0,42.0,0.0,12.0,4.0,101.0,42.0,0.5,15.0,2.0,102.0,41.0,0.5,15.0,1.0,103.0,40.0,0.5,12.0,0.0,102.0,39.0,0.5,14.0,1.0,102.0,38.0,0.5,16.0,1.0,102.0,35.0,0.5,10.0,1.0,2022-06-30 14:56:00-07:00,14.933333333333334,0.32142857142857145,0.42857142857142855,0.0,0.31971153846153844,176.0,0.0,416.0,0.3333333333333333,120.0,0.14423076923076922,0.0,0.31971153846153844,176.0,,2022-06-30T12:56:00-07:00,,120.0,0.0,0.0,0.0,False,False,,,False,False,False,False,0.0,,20.0,28.0,False,,0.0,0.0,0.0,,42.0,False,6.0,3.0,3.0,0.0,False,4,104.0,4:14 PM,,YESTERDAY,2022-07-01T01:25:00-07:00,CLILAS_202207010825.txt,True,14.0,11.0,8.0,6.0,5.0,3.0,2.0,1.0,2.0,2.0,2.0,-1.0,True,105,2022-06-30T01:35:00-07:00,2022-06-30T06:00:00-07:00,4.416666666666667,PFMVEF_202206300835.txt,1.0,1.0
2022-07-01,103.0,2022-07-01 14:56:00-07:00,24,0.25,0.0,False,27.0,89.0,28.9,0.25,10.0,14.0,92.0,28.0,0.25,12.0,11.0,94.0,24.1,0.25,14.0,9.0,97.0,19.0,0.25,11.0,6.0,99.0,19.9,0.25,12.0,4.0,101.0,21.0,0.25,13.0,2.0,102.0,23.0,0.25,14.0,1.0,103.0,27.0,0.25,14.0,0.0,103.0,26.1,0.25,13.0,0.0,103.0,26.1,0.25,11.0,0.0,102.0,28.9,0.25,15.0,1.0,2022-07-01 14:56:00-07:00,14.933333333333334,0.25,0.0,0.0,0.25,0.0,0.0,416.0,0.25,0.0,0.0,0.0,0.25,0.0,,,,,0.0,0.0,0.0,False,False,,,False,False,False,False,0.0,,30.0,27.0,False,,0.0,0.0,0.0,,28.0,False,5.0,5.0,3.0,1.0,False,4,104.0,1:52 PM,,YESTERDAY,2022-07-02T01:36:00-07:00,CLILAS_202207020836.txt,True,15.0,12.0,10.0,7.0,5.0,3.0,2.0,1.0,1.0,1.0,2.0,-1.0,True,103,2022-07-01T00:25:00-07:00,2022-07-01T06:00:00-07:00,5.583333333333333,PFMVEF_202207010725.txt,-1.0,1.0
2022-07-02,103.0,2022-07-02 14:56:00-07:00,24,0.25,0.0,False,25.0,87.0,39.0,0.0,6.0,16.0,90.0,41.0,0.0,13.0,13.0,93.0,43.0,0.0,13.0,10.0,96.0,42.0,0.0,14.0,7.0,98.0,39.0,0.0,8.0,5.0,100.0,37.0,0.0,12.0,3.0,102.0,36.0,0.25,10.0,1.0,103.0,38.0,0.25,13.0,0.0,102.0,37.0,0.25,11.0,1.0,102.0,36.0,0.0,15.0,1.0,101.0,34.0,0.0,13.0,2.0,2022-07-02 14:56:00-07:00,14.933333333333334,0.07142857142857142,0.0,0.0,0.036057692307692304,0.0,0.0,416.0,0.08333333333333333,0.0,0.0,0.0,0.036057692307692304,0.0,,,,,0.0,0.0,0.0,False,False,,,False,False,False,False,0.0,,30.0,23.0,False,,0.0,0.0,0.0,,43.0,False,6.0,5.0,4.0,0.0,False,4,104.0,2:37 PM,,YESTERDAY,2022-07-03T01:25:00-07:00,CLILAS_202207030825.txt,True,17.0,14.0,11.0,8.0,6.0,4.0,2.0,1.0,2.0,2.0,3.0,-1.0,True,104,2022-07-02T01:45:00-07:00,2022-07-02T06:00:00-07:00,4.25,PFMVEF_202207020845.txt,0.0,0.0
2022-07-03,98.0,2022-07-03 14:56:00-07:00,24,0.25,0.0,False,25.0,84.0,32.0,0.0,12.0,14.0,87.0,32.0,0.0,12.0,11.0,90.0,32.0,0.0,11.0,8.0,91.0,32.0,0.0,14.0,7.0,95.0,30.0,0.0,9.0,3.0,95.0,28.0,0.0,8.0,3.0,97.0,28.0,0.0,11.0,1.0,98.0,26.1,0.0,15.0,0.0,98.0,24.1,0.0,14.0,0.0,98.0,19.9,0.0,11.0,0.0,98.0,19.0,0.0,10.0,0.0,2022-07-03 14:56:00-07:00,14.933333333333334,0.0,0.0,0.0,0.0,0.0,0.0,416.0,0.0,0.0,0.0,0.0,0.0,0.0,,,,,0.0,0.0,0.0,False,False,,,False,False,False,False,0.0,,40.0,25.0,False,,0.0,0.0,0.0,,32.0,False,6.0,5.0,2.0,1.0,False,4,100.0,3:22 PM,,YESTERDAY,2022-07-04T01:31:00-07:00,CLILAS_202207040831.txt,True,16.0,13.0,10.0,9.0,5.0,5.0,3.0,2.0,2.0,2.0,2.0,-2.0,True,99,2022-07-03T02:15:00-07:00,2022-07-03T06:00:00-07:00,3.75,PFMVEF_202207030915.txt,-1.0,1.0
2022-07-04,99.0,2022-07-04 14:56:00-07:00,24,0.0,0.0,False,24.0,80.0,37.0,0.0,11.0,19.0,85.0,35.0,0.0,8.0,14.0,88.0,35.0,0.0,9.0,11.0,90.0,34.0,0.0,4.0,9.0,93.0,32.0,0.0,3.0,6.0,96.0,27.0,0.0,3.0,3.0,97.0,23.0,0.0,11.0,2.0,99.0,21.0,0.0,10.0,0.0,99.0,21.0,0.0,10.0,0.0,98.0,21.9,0.0,14.0,1.0,98.0,23.0,0.0,8.0,1.0,2022-07-04 14:56:00-07:00,14.933333333333334,0.0,0.0,0.0,0.0,0.0,0.0,416.0,0.0,0.0,0.0,0.0,0.0,0.0,,,,,0.0,0.0,0.0,False,False,,,False,False,False,False,0.0,,30.0,24.0,False,,0.0,0.0,0.0,,35.0,False,8.0,5.0,4.0,2.0,False,4,99.0,3:43 PM,,YESTERDAY,2022-07-05T01:29:00-07:00,CLILAS_202207050829.txt,True,19.0,14.0,11.0,9.0,6.0,3.0,2.0,0.0,0.0,1.0,1.0,0.0,True,100,2022-07-04T01:20:00-07:00,2022-07-04T06:00:00-07:00,4.666666666666667,PFMVEF_202207040820.txt,1.0,1.0
2022-07-05,100.0,2022-07-05 14:56:00-07:00,24,0.25,0.0,False,23.0,83.0,39.0,0.25,5.0,17.0,87.0,38.0,0.25,5.0,13.0,89.0,35.0,0.25,7.0,11.0,94.0,36.0,0.25,8.0,6.0,95.0,36.0,0.25,10.0,5.0,96.0,36.0,0.25,8.0,4.0,97.0,36.0,0.25,5.0,3.0,100.0,33.0,0.25,10.0,0.0,100.0,36.0,0.25,10.0,0.0,100.0,36.0,0.25,14.0,0.0,98.0,38.0,0.0,13.0,2.0,2022-07-05 14:56:00-07:00,14.933333333333334,0.25,0.0,0.0,0.25,0.0,0.0,416.0,0.25,0.0,0.0,0.0,0.25,0.0,,,,,0.0,0.0,0.0,False,False,,,False,False,False,False,0.0,,60.0,19.0,False,,0.0,0.0,0.0,,38.0,False,6.0,6.0,2.0,3.0,False,4,101.0,3:24 PM,,YESTERDAY,2022-07-06T01:28:00-07:00,CLILAS_202207060828.txt,True,18.0,14.0,12.0,7.0,6.0,5.0,4.0,1.0,1.0,1.0,3.0,-1.0,True,100,2022-07-05T02:10:00-07:00,2022-07-05T06:00:00-07:00,3.8333333333333335,PFMVEF_202207050910.txt,-1.0,1.0
2022-07-06,100.0,2022-07-06 16:56:00-07:00,25,0.25,0.0,False,28.0,86.0,46.0,0.0,6.0,14.0,88.0,46.0,0.0,5.0,12.0,89.0,45.0,0.25,4.0,11.0,93.0,40.0,0.25,6.0,7.0,95.0,35.0,0.25,4.0,5.0,97.0,30.0,0.25,11.0,3.0,99.0,26.1,0.25,15.0,1.0,99.0,21.0,0.25,10.0,1.0,99.0,19.9,0.25,11.0,1.0,100.0,18.0,0.25,10.0,0.0,99.0,19.0,0.25,9.0,1.0,2022-07-06 16:56:00-07:00,16.933333333333334,0.225,0.0,0.0,0.1958955223880597,0.0,0.0,536.0,0.25,0.0,0.1958955223880597,0.0,0.1958955223880597,0.0,,,,,0.0,0.0,0.0,False,False,,,False,False,False,False,0.0,,50.0,28.0,False,,0.0,0.0,0.0,,46.0,False,3.0,6.0,4.0,0.0,False,2,100.0,4:30 PM,,YESTERDAY,2022-07-07T01:25:00-07:00,CLILAS_202207070825.txt,True,14.0,12.0,11.0,7.0,5.0,3.0,1.0,1.0,1.0,0.0,1.0,0.0,True,100,2022-07-06T02:00:00-07:00,2022-07-06T06:00:00-07:00,4.0,PFMVEF_202207060900.txt,0.0,0.0
2022-07-07,103.0,2022-07-07 16:56:00-07:00,25,0.25,0.0,False,21.0,87.0,41.0,0.0,0.0,16.0,89.0,44.0,0.0,3.0,14.0,93.0,45.0,0.0,0.0,10.0,94.0,41.0,0.0,7.0,9.0,96.0,39.0,0.25,5.0,7.0,98.0,39.0,0.25,7.0,5.0,100.0,36.0,0.25,8.0,3.0,101.0,33.0,0.25,9.0,2.0,102.0,34.0,0.25,10.0,1.0,103.0,36.0,0.0,9.0,0.0,102.0,35.0,0.0,8.0,1.0,2022-07-07 16:56:00-07:00,16.933333333333334,0.15,0.0,0.0,0.13992537313432835,0.0,0.0,536.0,0.25,0.0,0.13992537313432835,0.0,0.13992537313432835,0.0,,,,,0.0,0.0,0.0,False,False,,,False,False,False,False,1.0,2022-07-07T14:56:00-07:00,110.0,21.0,False,,0.0,0.0,0.0,,45.0,False,6.0,3.0,4.0,2.0,False,2,104.0,3:45 PM,,YESTERDAY,2022-07-08T01:34:00-07:00,CLILAS_202207080834.txt,True,17.0,15.0,11.0,10.0,8.0,6.0,4.0,3.0,2.0,1.0,2.0,-1.0,True,103,2022-07-07T00:40:00-07:00,2022-07-07T06:00:00-07:00,5.333333333333333,PFMVEF_202207070740.txt,-1.0,1.0
2022-07-08,105.0,2022-07-08 14:56:00-07:00,25,0.5,0.0,False,25.0,88.0,35.0,0.5,6.0,17.0,91.0,35.0,0.5,4.0,14.0,95.0,34.0,0.5,8.0,10.0,97.0,35.0,0.5,8.0,8.0,100.0,35.0,0.5,6.0,5.0,101.0,30.9,0.5,6.0,4.0,103.0,25.0,0.5,9.0,2.0,105.0,18.0,0.5,10.0,0.0,105.0,14.0,0.5,9.0,0.0,105.0,12.0,0.5,11.0,0.0,104.0,15.1,0.25,10.0,1.0,2022-07-08 14:56:00-07:00,14.933333333333334,0.5,1.0,0.0,0.5,416.0,0.0,416.0,0.5,180.0,0.0,0.0,0.0,0.0,,2022-07-08T08:56:00-07:00,,360.0,0.0,0.0,0.0,False,False,,,False,False,False,False,0.0,,70.0,25.0,False,,0.0,0.0,0.0,,35.0,False,7.0,5.0,3.0,2.0,False,4,106.0,3:35 PM,,YESTERDAY,2022-07-09T01:21:00-07:00,CLILAS_202207090821.txt,True,18.0,15.0,11.0,9.0,6.0,5.0,3.0,1.0,1.0,1.0,2.0,-1.0,True,106,2022-07-08T01:25:00-07:00,2022-07-08T06:00:00-07:00,4.583333333333333,PFMVEF_202207080825.txt,0.0,0.0
2022-07-09,108.0,2022-07-09 14:56:00-07:00,25,0.5,0.0,False,22.0,88.0,36.0,0.25,5.0,20.0,91.0,36.0,0.25,4.0,17.0,96.0,35.0,0.25,7.0,12.0,98.0,35.0,0.25,5.0,10.0,102.0,34.0,0.25,10.0,6.0,106.0,16.0,0.25,11.0,2.0,106.0,25.0,0.25,8.0,2.0,108.0,27.0,0.25,14.0,0.0,108.0,24.1,0.25,11.0,0.0,107.0,24.1,0.25,14.0,1.0,106.0,27.0,0.25,13.0,2.0,2022-07-09 14:56:00-07:00,14.933333333333334,0.25,0.0,0.0,0.25,0.0,0.0,416.0,0.25,0.0,0.0,0.0,0.25,0.0,,,,,0.0,0.0,0.0,False,False,,,False,False,False,False,0.0,,110.0,21.0,False,,0.0,0.0,0.0,,36.0,False,8.0,6.0,4.0,2.0,False,4,109.0,2:49 PM,,YESTERDAY,2022-07-10T01:24:00-07:00,CLILAS_202207100824.txt,True,21.0,18.0,13.0,11.0,7.0,3.0,3.0,1.0,1.0,2.0,3.0,-1.0,True,108,2022-07-09T02:40:00-07:00,2022-07-09T06:00:00-07:00,3.333333333333333,PFMVEF_202207090940.txt,-1.0,1.0
2022-07-10,108.0,2022-07-10 15:56:00-07:00,25,0.5,0.0,False,18.0,93.0,25.0,0.5,0.0,15.0,96.0,25.0,0.5,0.0,12.0,98.0,28.9,0.5,0.0,10.0,100.0,30.9,0.25,4.0,8.0,104.0,30.9,0.25,7.0,4.0,106.0,37.0,0.25,10.0,2.0,104.0,36.0,0.25,3.0,4.0,107.0,36.0,0.25,0.0,1.0,108.0,38.0,0.25,10.0,0.0,107.0,38.0,0.25,0.0,1.0,107.0,38.0,0.25,8.0,1.0,2022-07-10 15:56:00-07:00,15.933333333333334,0.3055555555555556,0.2222222222222222,0.0,0.34243697478991597,176.0,0.0,476.0,0.25,0.0,0.029411764705882353,0.0,0.27941176470588236,56.0,,2022-07-10T08:56:00-07:00,,420.0,0.0,0.0,0.0,False,False,,,False,False,False,False,2.0,2022-07-10T13:56:00-07:00,140.0,15.0,False,,0.0,0.0,0.0,,38.0,False,5.0,6.0,0.0,4.0,True,3,109.0,2:39 PM,,YESTERDAY,2022-07-11T01:24:00-07:00,CLILAS_202207110824.txt,True,16.0,13.0,11.0,9.0,5.0,3.0,5.0,2.0,1.0,2.0,2.0,-1.0,True,109,2022-07-10T01:40:00-07:00,2022-07-10T06:00:00-07:00,4.333333333333333,PFMVEF_202207100840.txt,0.0,0.0
2022-07-11,110.0,2022-07-11 15:56:00-07:00,24,0.25,0.0,False,15.0,95.0,42.0,0.25,0.0,15.0,97.0,42.0,0.25,0.0,13.0,99.0,39.0,0.25,3.0,11.0,102.0,39.0,0.25,0.0,8.0,106.0,41.0,0.25,6.0,4.0,108.0,42.0,0.25,9.0,2.0,109.0,42.0,0.25,11.0,1.0,109.0,42.0,0.25,8.0,1.0,110.0,43.0,0.25,3.0,0.0,109.0,42.0,0.25,3.0,1.0,110.0,42.0,0.25,8.0,0.0,2022-07-11 15:56:00-07:00,15.933333333333334,0.25,0.0,0.0,0.25,0.0,0.0,476.0,0.25,0.0,0.0,0.0,0.25,0.0,,,,,0.0,0.0,0.0,False,False,,,False,False,False,True,0.0,,100.0,15.0,False,,0.0,0.0,0.0,,43.0,False,4.0,7.0,3.0,1.0,False,3,111.0,4:29 PM,,YESTERDAY,2022-07-12T01:22:00-07:00,CLILAS_202207120822.txt,True,16.0,14.0,12.0,9.0,5.0,3.0,2.0,2.0,1.0,2.0,1.0,-1.0,True,111,2022-07-11T01:40:00-07:00,2022-07-11T06:00:00-07:00,4.333333333333333,PFMVEF_202207110840.txt,0.0,0.0
2022-07-12,111.0,2022-07-12 14:56:00-07:00,25,0.5,0.0,False,20.0,94.0,39.0,0.25,3.0,17.0,99.0,38.0,0.25,4.0,12.0,100.0,40.0,0.25,5.0,11.0,104.0,39.0,0.25,6.0,7.0,106.0,41.0,0.25,7.0,5.0,108.0,42.0,0.25,3.0,3.0,109.0,41.0,0.25,3.0,2.0,111.0,43.0,0.25,7.0,0.0,111.0,42.0,0.25,8.0,0.0,110.0,41.0,0.25,8.0,1.0,110.0,40.0,0.25,11.0,1.0,2022-07-12 14:56:00-07:00,14.933333333333334,0.25,0.0,0.0,0.25,0.0,0.0,416.0,0.25,0.0,0.0,0.0,0.25,0.0,,,,,0.0,0.0,0.0,False,False,,,False,False,True,False,0.0,,70.0,0.0,False,,0.0,0.0,0.0,,43.0,False,6.0,6.0,3.0,2.0,False,5,112.0,3:13 PM,,YESTERDAY,2022-07-13T01:34:00-07:00,CLILAS_202207130834.txt,True,18.0,13.0,12.0,8.0,6.0,4.0,3.0,1.0,1.0,2.0,2.0,-1.0,True,111,2022-07-12T01:20:00-07:00,2022-07-12T06:00:00-07:00,4.666666666666667,PFMVEF_202207120820.txt,-1.0,1.0
2022-07-13,108.0,2022-07-13 16:56:00-07:00,26,0.875,0.0,False,24.0,95.0,46.0,0.5,3.0,13.0,96.0,45.0,0.5,0.0,12.0,98.0,43.0,0.5,0.0,10.0,102.0,42.0,0.5,3.0,6.0,105.0,43.0,0.5,5.0,3.0,105.0,46.0,0.5,4.0,3.0,107.0,47.0,0.5,10.0,1.0,107.0,47.0,0.5,6.0,1.0,107.0,47.0,0.5,7.0,1.0,108.0,47.0,0.5,11.0,0.0,107.0,49.0,0.5,10.0,1.0,2022-07-13 16:56:00-07:00,16.933333333333334,0.5,1.0,0.0,0.5,536.0,0.0,536.0,0.5,180.0,0.08395522388059702,0.0,0.47201492537313433,476.0,,2022-07-13T08:56:00-07:00,,480.0,0.0,0.0,0.0,False,False,,,False,False,True,True,0.0,,100.0,18.0,False,,0.0,0.0,0.0,,47.0,False,3.0,7.0,2.0,0.0,False,3,109.0,3:42 PM,,YESTERDAY,2022-07-14T01:23:00-07:00,CLILAS_202207140823.txt,True,14.0,13.0,11.0,7.0,4.0,4.0,2.0,2.0,2.0,1.0,2.0,-1.0,True,109,2022-07-13T01:45:00-07:00,2022-07-13T06:00:00-07:00,4.25,PFMVEF_202207130845.txt,0.0,0.0
2022-07-14,106.0,2022-07-14 11:56:00-07:00,29,1.0,0.01,True,31.0,96.0,44.0,0.875,9.0,10.0,100.0,46.0,0.875,7.0,6.0,102.0,51.0,0.875,10.0,4.0,103.0,51.0,0.875,9.0,3.0,106.0,53.0,0.875,7.0,0.0,104.0,52.0,0.875,6.0,2.0,104.0,53.0,0.875,10.0,2.0,103.0,54.0,0.875,9.0,3.0,100.0,55.0,0.875,0.0,6.0,90.0,63.0,1.0,7.0,16.0,89.0,61.0,1.0,13.0,17.0,2022-07-14 11:56:00-07:00,11.933333333333334,0.875,1.0,1.0,0.875,236.0,236.0,236.0,0.875,180.0,0.0,0.0,0.5,236.0,22000.0,2022-07-14T08:56:00-07:00,2022-07-14T08:56:00-07:00,180.0,0.01,0.0,0.01,False,True,2022-07-14T16:56:00-07:00,,False,True,True,True,0.0,,50.0,18.0,False,,0.0,0.0,0.0,,53.0,True,6.0,4.0,-2.0,-4.0,True,11,107.0,11:28 AM,,YESTERDAY,2022-07-15T01:44:00-07:00,CLILAS_202207150844.txt,True,11.0,7.0,5.0,4.0,1.0,3.0,3.0,4.0,7.0,17.0,18.0,-1.0,True,107,2022-07-14T02:10:00-07:00,2022-07-14T06:00:00-07:00,3.8333333333333335,PFMVEF_202207140910.txt,0.0,0.0
2022-07-15,103.0,2022-07-15 15:56:00-07:00,26,0.875,0.0,True,16.0,85.0,61.0,0.875,5.0,18.0,87.0,61.0,0.875,0.0,16.0,91.0,59.0,0.875,6.0,12.0,92.0,59.0,0.875,3.0,11.0,95.0,57.0,0.875,3.0,8.0,98.0,57.0,0.5,0.0,5.0,100.0,56.0,0.5,4.0,3.0,102.0,55.0,0.5,0.0,1.0,103.0,54.0,0.5,6.0,0.0,103.0,52.0,0.875,5.0,0.0,103.0,52.0,0.875,8.0,0.0,2022-07-15 15:56:00-07:00,15.933333333333334,0.6875,1.0,0.5,0.7331932773109243,476.0,296.0,476.0,0.5,180.0,0.3130252100840336,120.0,0.5913865546218487,476.0,16000.0,2022-07-15T08:56:00-07:00,2022-07-15T08:56:00-07:00,420.0,0.0,0.0,0.0,False,False,,,False,True,True,True,0.0,,110.0,0.0,False,,0.0,0.0,0.0,,61.0,True,6.0,4.0,5.0,3.0,False,5,105.0,2:43 PM,,YESTERDAY,2022-07-16T01:49:00-07:00,CLILAS_202207160849.txt,True,20.0,18.0,14.0,13.0,10.0,7.0,5.0,3.0,2.0,2.0,2.0,-2.0,True,106,2022-07-15T02:06:00-07:00,2022-07-15T06:00:00-07:00,3.9,PFMVEF_202207150906.txt,1.0,1.0
2022-07-16,109.0,2022-07-16 14:56:00-07:00,29,0.875,0.0,True,39.0,93.0,52.0,0.25,4.0,16.0,96.0,52.0,0.25,3.0,13.0,99.0,52.0,0.25,3.0,10.0,101.0,53.0,0.5,4.0,8.0,103.0,53.0,0.5,3.0,6.0,105.0,53.0,0.5,4.0,4.0,108.0,52.0,0.5,7.0,1.0,109.0,52.0,0.5,7.0,0.0,109.0,52.0,0.875,6.0,0.0,94.0,57.0,0.875,16.0,15.0,98.0,56.0,0.875,12.0,11.0,2022-07-16 14:56:00-07:00,14.933333333333334,0.42857142857142855,0.7142857142857143,0.0,0.3942307692307692,240.0,0.0,416.0,0.5,180.0,0.036057692307692304,0.0,0.3942307692307692,240.0,,2022-07-16T10:56:00-07:00,,240.0,0.0,0.0,0.0,False,False,,,False,True,True,True,0.0,,110.0,18.0,False,,0.0,0.0,0.0,,53.0,True,6.0,4.0,5.0,1.0,False,9,110.0,2:59 PM,,YESTERDAY,2022-07-17T01:39:00-07:00,CLILAS_202207170839.txt,True,17.0,14.0,11.0,9.0,7.0,5.0,2.0,1.0,1.0,16.0,12.0,-1.0,True,109,2022-07-16T02:35:00-07:00,2022-07-16T06:00:00-07:00,3.4166666666666665,PFMVEF_202207160935.txt,-1.0,1.0
2022-07-17,108.0,2022-07-17 16:56:00-07:00,28,1.0,0.0,True,20.0,91.0,55.0,0.875,5.0,17.0,93.0,56.0,0.875,5.0,15.0,96.0,57.0,0.875,8.0,12.0,98.0,56.0,0.875,0.0,10.0,100.0,54.0,0.875,9.0,8.0,102.0,53.0,0.875,5.0,6.0,102.0,52.0,0.875,0.0,6.0,105.0,51.0,0.5,3.0,3.0,107.0,50.0,0.5,4.0,1.0,108.0,49.0,0.25,6.0,0.0,106.0,48.0,0.5,3.0,2.0,2022-07-17 16:56:00-07:00,16.933333333333334,0.7727272727272727,0.9090909090909091,0.7272727272727273,0.8010727611940298,536.0,416.0,536.0,0.625,180.0,0.31529850746268656,116.0,0.5811567164179104,356.0,11000.0,2022-07-17T08:13:00-07:00,2022-07-17T08:13:00-07:00,523.0,0.0,0.0,0.0,False,False,,,True,False,True,True,0.0,,160.0,0.0,False,,0.0,0.0,0.0,,57.0,True,5.0,4.0,2.0,5.0,False,2,108.0,5:47 PM,,YESTERDAY,2022-07-18T01:39:00-07:00,CLILAS_202207180839.txt,True,17.0,15.0,12.0,10.0,8.0,6.0,6.0,3.0,1.0,0.0,2.0,0.0,True,111,2022-07-17T02:55:00-07:00,2022-07-17T06:00:00-07:00,3.083333333333333,PFMVEF_202207170955.txt,3.0,3.0
2022-07-18,103.0,2022-07-18 13:56:00-07:00,26,0.875,0.17,True,35.0,89.0,56.0,0.875,8.0,14.0,89.0,56.0,0.875,3.0,14.0,90.0,57.0,0.875,9.0,13.0,91.0,58.0,0.875,8.0,12.0,95.0,57.0,0.875,7.0,8.0,99.0,56.0,0.5,10.0,4.0,103.0,55.0,0.5,9.0,0.0,89.0,66.0,0.5,5.0,14.0,99.0,63.0,0.875,5.0,4.0,99.0,59.0,0.875,12.0,4.0,96.0,56.0,0.875,10.0,7.0,2022-07-18 13:56:00-07:00,13.933333333333334,0.75,1.0,0.6666666666666666,0.8117977528089888,356.0,296.0,356.0,0.75,180.0,0.25,0.0,0.37359550561797755,176.0,22000.0,2022-07-18T08:56:00-07:00,2022-07-18T08:56:00-07:00,300.0,0.17,0.0,0.17,False,True,2022-07-18T15:56:00-07:00,,False,True,True,True,0.0,,20.0,17.0,False,,0.0,0.0,0.0,,58.0,True,1.0,5.0,8.0,-4.0,False,6,104.0,1:08 PM,,YESTERDAY,2022-07-19T01:32:00-07:00,CLILAS_202207190832.txt,True,15.0,15.0,14.0,13.0,9.0,5.0,1.0,15.0,5.0,5.0,8.0,-1.0,True,104,2022-07-18T00:35:00-07:00,2022-07-18T06:00:00-07:00,5.416666666666667,PFMVEF_202207180735.txt,0.0,0.0
2022-07-19,109.0,2022-07-19 15:56:00-07:00,24,0.875,0.0,False,19.0,89.0,57.0,0.25,0.0,20.0,93.0,56.0,0.25,0.0,16.0,95.0,55.0,0.25,0.0,14.0,98.0,55.0,0.25,3.0,11.0,101.0,56.0,0.25,5.0,8.0,102.0,55.0,0.25,0.0,7.0,106.0,51.0,0.25,7.0,3.0,106.0,51.0,0.25,0.0,3.0,109.0,55.0,0.25,9.0,0.0,106.0,54.0,0.5,7.0,3.0,107.0,48.0,0.5,6.0,2.0,2022-07-19 15:56:00-07:00,15.933333333333334,0.25,0.0,0.0,0.25,0.0,0.0,476.0,0.25,0.0,0.0,0.0,0.22058823529411764,0.0,,,,,0.0,0.0,0.0,False,False,,,False,False,True,True,0.0,,110.0,0.0,False,,0.0,0.0,0.0,,56.0,True,6.0,6.0,5.0,3.0,False,3,109.0,2:56 PM,,YESTERDAY,2022-07-20T01:46:00-07:00,CLILAS_202207200846.txt,True,20.0,16.0,14.0,11.0,8.0,7.0,3.0,3.0,0.0,3.0,2.0,0.0,True,108,2022-07-19T01:20:00-07:00,2022-07-19T06:00:00-07:00,4.666666666666667,PFMVEF_202207190820.txt,-1.0,1.0
2022-07-20,109.0,2022-07-20 14:56:00-07:00,24,0.875,0.0,False,20.0,93.0,49.0,0.5,5.0,16.0,97.0,48.0,0.5,3.0,12.0,99.0,48.0,0.875,3.0,10.0,101.0,49.0,0.875,4.0,8.0,105.0,49.0,0.875,6.0,4.0,107.0,48.0,0.875,7.0,2.0,107.0,49.0,0.875,9.0,2.0,109.0,47.0,0.875,7.0,0.0,109.0,45.0,0.875,4.0,0.0,108.0,45.0,0.875,9.0,1.0,107.0,46.0,0.875,10.0,2.0,2022-07-20 14:56:00-07:00,14.933333333333334,0.8214285714285714,1.0,0.8571428571428571,0.7704326923076923,416.0,300.0,416.0,0.875,180.0,0.0,0.0,0.21634615384615385,0.0,25000.0,2022-07-20T08:56:00-07:00,2022-07-20T09:56:00-07:00,360.0,0.0,0.0,0.0,False,False,,,False,False,False,True,0.0,,80.0,0.0,False,,0.0,0.0,0.0,,49.0,False,6.0,6.0,2.0,2.0,False,4,110.0,2:50 PM,,YESTERDAY,2022-07-21T01:44:00-07:00,CLILAS_202207210844.txt,True,17.0,13.0,11.0,9.0,5.0,3.0,3.0,1.0,1.0,2.0,3.0,-1.0,True,110,2022-07-20T02:45:00-07:00,2022-07-20T06:00:00-07:00,3.25,PFMVEF_202207200945.txt,0.0,0.0
2022-07-21,110.0,2022-07-21 13:56:00-07:00,24,0.875,0.0,False,19.0,94.0,44.0,0.25,0.0,16.0,97.0,44.0,0.5,0.0,13.0,102.0,44.0,0.5,3.0,8.0,105.0,43.0,0.5,5.0,5.0,106.0,43.0,0.875,0.0,4.0,108.0,40.0,0.875,4.0,2.0,110.0,40.0,0.875,9.0,0.0,109.0,38.0,0.875,5.0,1.0,110.0,39.0,0.875,6.0,0.0,109.0,39.0,0.875,11.0,1.0,109.0,39.0,0.875,9.0,1.0,2022-07-21 13:56:00-07:00,13.933333333333334,0.6875,1.0,0.5,0.5870786516853933,300.0,120.0,356.0,0.75,180.0,0.16853932584269662,0.0,0.20786516853932585,0.0,25000.0,2022-07-21T08:56:00-07:00,2022-07-21T11:56:00-07:00,300.0,0.0,0.0,0.0,False,False,,,False,False,False,False,0.0,,10.0,17.0,False,,0.0,0.0,0.0,,44.0,False,8.0,4.0,4.0,0.0,False,5,111.0,2:55 PM,,YESTERDAY,2022-07-22T01:30:00-07:00,CLILAS_202207220830.txt,True,17.0,14.0,9.0,6.0,5.0,3.0,1.0,2.0,1.0,2.0,2.0,-1.0,True,112,2022-07-21T02:40:00-07:00,2022-07-21T06:00:00-07:00,3.333333333333333,PFMVEF_202207210940.txt,1.0,1.0
2022-07-22,111.0,2022-07-22 14:14:00-07:00,25,0.875,0.0,False,20.0,90.0,41.0,0.875,0.0,21.0,92.0,42.0,0.875,0.0,19.0,99.0,40.0,0.875,3.0,12.0,102.0,40.0,0.875,4.0,9.0,105.0,41.0,0.875,5.0,6.0,109.0,41.0,0.875,7.0,2.0,109.0,41.0,0.875,6.0,2.0,109.0,42.0,0.875,7.0,2.0,110.0,43.0,0.875,7.0,1.0,109.0,43.0,0.875,8.0,2.0,109.0,42.0,0.875,12.0,2.0,2022-07-22 14:14:00-07:00,14.233333333333333,0.875,1.0,1.0,0.875,374.0,374.0,374.0,0.875,180.0,0.0,0.0,0.37967914438502676,194.0,25000.0,2022-07-22T08:56:00-07:00,2022-07-22T08:56:00-07:00,318.0,0.0,0.0,0.0,False,False,,,False,False,False,False,0.0,,160.0,18.0,False,,0.0,0.0,0.0,,42.0,False,9.0,6.0,4.0,1.0,False,5,112.0,1:19 PM,,YESTERDAY,2022-07-23T01:44:00-07:00,CLILAS_202207230844.txt,True,22.0,20.0,13.0,10.0,7.0,3.0,3.0,3.0,2.0,3.0,3.0,-1.0,True,112,2022-07-22T01:00:00-07:00,2022-07-22T06:00:00-07:00,5.0,PFMVEF_202207220800.txt,0.0,0.0
2022-07-23,101.0,2022-07-23 11:56:00-07:00,24,1.0,0.0,False,28.0,95.0,30.0,0.875,4.0,6.0,98.0,30.0,0.875,5.0,3.0,99.0,32.0,0.875,8.0,2.0,94.0,43.0,0.875,13.0,7.0,101.0,35.0,0.875,13.0,0.0,101.0,41.0,0.875,15.0,0.0,100.0,46.0,1.0,11.0,1.0,98.0,45.0,0.875,15.0,3.0,99.0,47.0,0.875,6.0,2.0,99.0,49.0,0.875,5.0,2.0,98.0,49.0,0.875,6.0,3.0,2022-07-23 11:56:00-07:00,11.933333333333334,0.875,1.0,1.0,0.875,236.0,236.0,236.0,0.875,180.0,0.1906779661016949,60.0,0.4724576271186441,120.0,15000.0,2022-07-23T08:56:00-07:00,2022-07-23T08:56:00-07:00,180.0,0.0,0.0,0.0,False,False,,,False,False,False,False,5.0,2022-07-23T10:56:00-07:00,20.0,28.0,True,2022-07-23T10:56:00-07:00,5.0,28.0,10.0,60.0,43.0,False,4.0,2.0,-1.0,-1.0,True,7,102.0,12:23 PM,,YESTERDAY,2022-07-24T01:43:00-07:00,CLILAS_202207240843.txt,True,7.0,4.0,3.0,8.0,1.0,1.0,2.0,4.0,3.0,3.0,4.0,-1.0,True,109,2022-07-23T02:35:00-07:00,2022-07-23T06:00:00-07:00,3.4166666666666665,PFMVEF_202207230935.txt,7.0,7.0
2022-07-24,104.0,2022-07-24 15:56:00-07:00,24,0.875,0.0,False,25.0,90.0,56.0,0.5,5.0,14.0,94.0,56.0,0.5,8.0,10.0,96.0,57.0,0.5,5.0,8.0,98.0,58.0,0.5,7.0,6.0,101.0,53.0,0.5,12.0,3.0,102.0,52.0,0.5,12.0,2.0,102.0,49.0,0.5,12.0,2.0,103.0,49.0,0.5,14.0,1.0,104.0,51.0,0.5,6.0,0.0,103.0,50.0,0.5,10.0,1.0,103.0,51.0,0.5,7.0,1.0,2022-07-24 15:56:00-07:00,15.933333333333334,0.5,1.0,0.0,0.5,476.0,0.0,476.0,0.5,180.0,0.15756302521008403,0.0,0.27941176470588236,56.0,,2022-07-24T08:56:00-07:00,,420.0,0.0,0.0,0.0,False,False,,,False,False,True,True,0.0,,40.0,24.0,False,,0.0,0.0,0.0,,58.0,True,6.0,5.0,1.0,2.0,False,3,105.0,3:00 PM,,YESTERDAY,2022-07-25T02:00:00-07:00,CLILAS_202207250900.txt,True,15.0,11.0,9.0,7.0,4.0,3.0,3.0,2.0,1.0,2.0,2.0,-1.0,True,103,2022-07-24T02:20:00-07:00,2022-07-24T06:00:00-07:00,3.6666666666666665,PFMVEF_202207240920.txt,-2.0,2.0
2022-07-25,94.0,2022-07-25 11:56:00-07:00,29,1.0,0.03,True,41.0,88.0,61.0,0.875,7.0,6.0,90.0,62.0,0.875,9.0,4.0,91.0,62.0,0.875,4.0,3.0,91.0,62.0,0.875,8.0,3.0,94.0,62.0,0.875,0.0,0.0,92.0,61.0,0.875,4.0,2.0,81.0,68.0,1.0,14.0,13.0,84.0,66.0,1.0,5.0,10.0,82.0,66.0,0.875,10.0,12.0,82.0,67.0,0.875,3.0,12.0,82.0,65.0,0.875,5.0,12.0,2022-07-25 11:56:00-07:00,11.933333333333334,0.875,1.0,1.0,0.875,236.0,236.0,236.0,0.875,180.0,0.25,0.0,0.5,236.0,22000.0,2022-07-25T08:56:00-07:00,2022-07-25T08:56:00-07:00,180.0,0.03,0.0,0.03,False,True,2022-07-25T14:56:00-07:00,,False,True,True,True,0.0,,80.0,17.0,False,,0.0,0.0,0.0,,62.0,True,3.0,3.0,-13.0,1.0,True,10,95.0,11:02 AM,,YESTERDAY,2022-07-26T01:36:00-07:00,CLILAS_202207260836.txt,True,7.0,5.0,4.0,4.0,1.0,3.0,14.0,11.0,13.0,13.0,13.0,-1.0,True,100,2022-07-25T02:20:00-07:00,2022-07-25T06:00:00-07:00,3.6666666666666665,PFMVEF_202207250920.txt,5.0,5.0
2022-07-26,92.0,2022-07-26 12:56:00-07:00,24,1.0,0.0,False,17.0,82.0,65.0,0.875,4.0,10.0,84.0,65.0,0.5,4.0,8.0,85.0,64.0,0.5,3.0,7.0,89.0,64.0,0.5,4.0,3.0,89.0,65.0,0.5,5.0,3.0,92.0,64.0,0.875,0.0,0.0,92.0,64.0,0.875,3.0,0.0,92.0,64.0,0.875,4.0,0.0,91.0,62.0,0.875,9.0,1.0,92.0,62.0,0.875,7.0,0.0,91.0,63.0,0.875,9.0,1.0,2022-07-26 12:56:00-07:00,12.933333333333334,0.575,1.0,0.2,0.5709459459459459,296.0,56.0,296.0,0.5,180.0,0.20270270270270271,0.0,0.5709459459459459,296.0,20000.0,2022-07-26T08:56:00-07:00,2022-07-26T12:56:00-07:00,240.0,0.0,0.0,0.0,False,False,,,False,False,True,True,0.0,,0.0,0.0,False,,0.0,0.0,0.0,,65.0,True,3.0,4.0,3.0,-1.0,False,6,94.0,12:25 PM,,YESTERDAY,2022-07-27T01:38:00-07:00,CLILAS_202207270838.txt,True,12.0,10.0,9.0,5.0,5.0,2.0,2.0,2.0,3.0,2.0,3.0,-2.0,True,96,2022-07-26T02:55:00-07:00,2022-07-26T06:00:00-07:00,3.083333333333333,PFMVEF_202207260955.txt,2.0,2.0
2022-07-27,99.0,2022-07-27 13:56:00-07:00,31,1.0,0.0,True,49.0,85.0,63.0,0.5,0.0,14.0,86.0,64.0,0.875,0.0,13.0,89.0,63.0,0.5,3.0,10.0,91.0,62.0,0.5,0.0,8.0,96.0,61.0,0.5,8.0,3.0,97.0,60.0,0.5,3.0,2.0,99.0,60.0,0.875,5.0,0.0,99.0,60.0,0.875,7.0,0.0,93.2,62.6,0.875,17.0,5.799999999999997,93.0,62.0,0.875,8.0,6.0,91.0,63.0,0.875,6.0,8.0,2022-07-27 13:56:00-07:00,13.933333333333334,0.625,1.0,0.3333333333333333,0.5632022471910112,356.0,60.0,356.0,0.5,180.0,0.25,0.0,0.5,356.0,22000.0,2022-07-27T08:56:00-07:00,2022-07-27T08:56:00-07:00,300.0,0.0,0.0,0.0,False,False,,,False,True,True,True,0.0,,50.0,0.0,False,,0.0,0.0,0.0,,64.0,True,4.0,7.0,3.0,-5.799999999999997,False,8,101.0,1:09 PM,,YESTERDAY,2022-07-28T01:35:00-07:00,CLILAS_202207280835.txt,True,16.0,15.0,12.0,10.0,5.0,4.0,2.0,2.0,7.799999999999997,8.0,10.0,-2.0,True,98,2022-07-27T03:35:00-07:00,2022-07-27T06:00:00-07:00,2.4166666666666665,PFMVEF_202207271035.txt,-3.0,3.0
2022-07-28,100.0,2022-07-28 17:56:00-07:00,26,1.0,0.41,True,46.0,80.0,65.0,0.875,3.0,20.0,82.0,65.0,0.5,3.0,18.0,86.0,62.0,0.5,0.0,14.0,88.0,61.0,0.5,3.0,12.0,92.0,61.0,0.5,5.0,8.0,94.0,61.0,0.5,5.0,6.0,95.0,61.0,0.5,0.0,5.0,96.0,61.0,0.5,3.0,4.0,99.0,61.0,0.5,7.0,1.0,99.0,60.0,0.5,5.0,1.0,100.0,59.0,0.5,8.0,0.0,2022-07-28 17:56:00-07:00,17.933333333333334,0.5,1.0,0.0,0.535234899328859,596.0,56.0,596.0,0.5,180.0,0.07550335570469799,0.0,0.535234899328859,596.0,,2022-07-28T08:56:00-07:00,,540.0,0.3,0.0,0.3,False,True,2022-07-28T20:56:00-07:00,,False,True,True,True,0.0,,40.0,0.0,False,,0.0,0.0,0.0,,65.0,True,6.0,6.0,3.0,4.0,False,1,100.0,4:59 PM,,YESTERDAY,2022-07-29T01:37:00-07:00,CLILAS_202207290837.txt,True,20.0,18.0,14.0,12.0,8.0,6.0,5.0,4.0,1.0,1.0,0.0,0.0,True,100,2022-07-28T02:11:00-07:00,2022-07-28T06:00:00-07:00,3.816666666666667,PFMVEF_202207280911.txt,0.0,0.0
2022-07-29,98.0,2022-07-29 17:56:00-07:00,28,1.0,0.03,True,38.0,78.0,66.0,0.875,3.0,20.0,80.0,65.0,0.875,0.0,18.0,82.0,66.0,0.875,3.0,16.0,86.0,64.0,0.875,0.0,12.0,87.0,65.0,0.5,4.0,11.0,90.0,64.0,0.5,0.0,8.0,92.0,64.0,0.5,3.0,6.0,96.0,64.0,0.5,6.0,2.0,96.0,63.0,0.5,5.0,2.0,96.0,62.0,0.5,0.0,2.0,98.0,61.0,0.5,7.0,0.0,2022-07-29 17:56:00-07:00,17.933333333333334,0.6125,1.0,0.3,0.6484899328859061,596.0,236.0,596.0,0.5,180.0,0.20134228187919462,0.0,0.2483221476510067,56.0,22000.0,2022-07-29T08:56:00-07:00,2022-07-29T08:56:00-07:00,540.0,0.03,0.0,0.03,False,True,2022-07-29T20:56:00-07:00,,False,True,True,True,0.0,,60.0,0.0,False,,0.0,0.0,0.0,,66.0,True,4.0,5.0,5.0,4.0,False,1,99.0,5:00 PM,,YESTERDAY,2022-07-30T01:44:00-07:00,CLILAS_202207300844.txt,True,21.0,19.0,17.0,13.0,12.0,9.0,7.0,3.0,3.0,3.0,1.0,-1.0,True,100,2022-07-29T02:00:00-07:00,2022-07-29T06:00:00-07:00,4.0,PFMVEF_202207290900.txt,1.0,1.0
2022-07-30,95.0,2022-07-30 16:56:00-07:00,25,0.875,0.0,False,,80.0,66.0,0.875,0.0,15.0,82.0,64.0,0.875,6.0,13.0,86.0,63.0,0.875,5.0,9.0,85.0,62.0,0.875,3.0,10.0,89.0,61.0,0.875,5.0,6.0,88.0,60.0,0.875,7.0,7.0,90.0,60.0,0.875,7.0,5.0,93.0,60.0,0.875,7.0,2.0,94.0,58.0,0.875,7.0,1.0,95.0,58.0,0.875,7.0,0.0,95.0,59.0,0.875,7.0,0.0,2022-07-30 16:56:00-07:00,16.933333333333334,0.875,1.0,1.0,0.875,536.0,536.0,536.0,0.875,180.0,0.1958955223880597,0.0,0.8330223880597015,536.0,14000.0,2022-07-30T08:56:00-07:00,2022-07-30T08:56:00-07:00,480.0,0.0,0.0,0.0,False,False,,,False,False,True,True,1.0,2022-07-30T10:56:00-07:00,20.0,0.0,False,,0.0,0.0,0.0,,64.0,True,6.0,3.0,1.0,4.0,False,2,96.0,4:48 PM,,YESTERDAY,2022-07-31T01:26:00-07:00,CLILAS_202207310826.txt,True,16.0,14.0,10.0,11.0,7.0,8.0,6.0,3.0,2.0,1.0,1.0,-1.0,True,97,2022-07-30T01:45:00-07:00,2022-07-30T06:00:00-07:00,4.25,PFMVEF_202207300845.txt,1.0,1.0
2022-07-31,90.0,2022-07-31 09:56:00-07:00,26,1.0,0.22000000000000003,True,23.0,85.0,67.0,0.875,3.0,5.0,87.0,66.0,0.875,4.0,3.0,90.0,66.0,0.875,4.0,0.0,88.0,66.0,0.875,4.0,2.0,78.0,68.0,0.875,10.0,12.0,83.0,70.0,0.875,11.0,7.0,80.0,65.0,0.875,12.0,10.0,79.0,67.0,1.0,9.0,11.0,81.0,66.0,1.0,7.0,9.0,83.0,67.0,1.0,7.0,7.0,83.0,63.0,1.0,10.0,7.0,2022-07-31 09:56:00-07:00,9.933333333333334,0.875,1.0,1.0,0.875,116.0,116.0,116.0,0.875,116.0,0.25,0.0,0.6939655172413793,116.0,14000.0,2022-07-31T08:56:00-07:00,2022-07-31T08:56:00-07:00,60.0,0.12000000000000001,0.0,0.12000000000000001,False,True,2022-07-31T11:56:00-07:00,,False,True,True,True,0.0,,0.0,0.0,False,,0.0,0.0,0.0,,66.0,True,5.0,-12.0,2.0,1.0,True,11,91.0,9:22 AM,,YESTERDAY,2022-08-01T01:27:00-07:00,CLILAS_202208010827.txt,True,6.0,4.0,1.0,3.0,13.0,8.0,11.0,12.0,10.0,8.0,8.0,-1.0,True,96,2022-07-31T00:50:00-07:00,2022-07-31T06:00:00-07:00,5.166666666666667,PFMVEF_202207310750.txt,5.0,5.0
2022-08-01,97.0,2022-08-01 13:56:00-07:00,28,0.875,0.0,True,28.0,81.0,65.0,0.5,0.0,16.0,84.0,65.0,0.5,0.0,13.0,86.0,65.0,0.5,4.0,11.0,90.0,65.0,0.5,6.0,7.0,91.0,63.0,0.5,4.0,6.0,94.0,63.0,0.5,7.0,3.0,97.0,59.0,0.5,8.0,0.0,93.0,65.0,0.5,11.0,4.0,92.0,62.0,0.875,10.0,5.0,89.0,64.0,0.875,11.0,8.0,88.0,60.0,0.875,8.0,9.0,2022-08-01 13:56:00-07:00,13.933333333333334,0.5,1.0,0.0,0.5,356.0,0.0,356.0,0.5,180.0,0.25,0.0,0.25,0.0,,2022-08-01T08:56:00-07:00,,300.0,0.0,0.0,0.0,False,False,,,False,True,True,True,0.0,,80.0,16.0,False,,0.0,0.0,0.0,,65.0,True,5.0,5.0,6.0,-5.0,False,9,98.0,1:13 PM,,YESTERDAY,2022-08-02T01:22:00-07:00,CLILAS_202208020822.txt,True,17.0,14.0,12.0,8.0,7.0,4.0,1.0,5.0,6.0,9.0,10.0,-1.0,True,96,2022-08-01T01:10:00-07:00,2022-08-01T06:00:00-07:00,4.833333333333333,PFMVEF_202208010810.txt,-2.0,2.0
2022-08-02,101.0,2022-08-02 16:56:00-07:00,24,0.875,0.0,False,15.0,87.0,63.0,0.875,0.0,14.0,89.0,62.0,0.5,0.0,12.0,91.0,62.0,0.5,0.0,10.0,93.0,61.0,0.5,5.0,8.0,97.0,58.0,0.5,5.0,4.0,97.0,57.0,0.5,3.0,4.0,100.0,55.0,0.5,7.0,1.0,100.0,56.0,0.5,6.0,1.0,99.0,56.0,0.5,5.0,2.0,101.0,55.0,0.5,3.0,0.0,99.0,55.0,0.5,3.0,2.0,2022-08-02 16:56:00-07:00,16.933333333333334,0.5,1.0,0.0,0.539179104477612,536.0,56.0,536.0,0.5,180.0,0.333955223880597,180.0,0.333955223880597,180.0,,2022-08-02T08:56:00-07:00,,480.0,0.0,0.0,0.0,False,False,,,False,False,True,False,1.0,2022-08-02T15:56:00-07:00,90.0,15.0,False,,0.0,0.0,0.0,,62.0,True,4.0,6.0,3.0,-1.0,False,2,102.0,3:46 PM,,YESTERDAY,2022-08-03T01:23:00-07:00,CLILAS_202208030823.txt,True,15.0,13.0,11.0,9.0,5.0,5.0,2.0,2.0,3.0,1.0,3.0,-1.0,True,99,2022-08-02T01:30:00-07:00,2022-08-02T06:00:00-07:00,4.5,PFMVEF_202208020830.txt,-3.0,3.0
2022-08-03,104.0,2022-08-03 14:56:00-07:00,24,0.875,0.0,False,16.0,87.0,58.0,0.875,3.0,17.0,88.0,60.0,0.875,0.0,16.0,93.0,58.0,0.875,3.0,11.0,97.0,59.0,0.875,5.0,7.0,99.0,58.0,0.875,5.0,5.0,101.0,57.0,0.875,4.0,3.0,102.0,55.0,0.5,0.0,2.0,104.0,54.0,0.5,8.0,0.0,104.0,55.0,0.5,7.0,0.0,104.0,54.0,0.5,6.0,0.0,103.0,55.0,0.5,4.0,1.0,2022-08-03 14:56:00-07:00,14.933333333333334,0.7678571428571429,1.0,0.7142857142857143,0.8209134615384616,416.0,356.0,416.0,0.75,180.0,0.25240384615384615,60.0,0.32211538461538464,120.0,25000.0,2022-08-03T08:56:00-07:00,2022-08-03T08:56:00-07:00,360.0,0.0,0.0,0.0,False,False,,,False,False,True,True,0.0,,170.0,0.0,False,,0.0,0.0,0.0,,60.0,True,6.0,6.0,3.0,2.0,False,4,106.0,2:09 PM,,YESTERDAY,2022-08-04T01:26:00-07:00,CLILAS_202208040826.txt,True,19.0,18.0,13.0,9.0,7.0,5.0,4.0,2.0,2.0,2.0,3.0,-2.0,True,102,2022-08-03T01:10:00-07:00,2022-08-03T06:00:00-07:00,4.833333333333333,PFMVEF_202208030810.txt,-4.0,4.0
2022-08-04,93.0,2022-08-04 00:56:00-07:00,26,1.0,0.04,True,28.0,90.0,59.0,1.0,3.0,3.0,89.0,58.0,1.0,12.0,4.0,89.0,57.0,1.0,8.0,4.0,87.0,61.0,0.875,8.0,6.0,87.0,57.0,0.875,12.0,6.0,87.0,58.0,0.875,16.0,6.0,88.0,60.0,0.875,13.0,5.0,89.0,59.0,1.0,12.0,4.0,90.0,59.0,1.0,10.0,3.0,89.0,60.0,1.0,12.0,4.0,88.0,59.0,1.0,11.0,5.0,2022-08-04 00:56:00-07:00,0.9333333333333333,,,,,0.0,0.0,0.0,,0.0,,0.0,,0.0,,,,,0.02,0.0,0.02,False,True,2022-08-04T10:54:00-07:00,,False,True,False,True,0.0,,0.0,0.0,False,,0.0,0.0,0.0,,,False,-1.0,-2.0,1.0,2.0,True,13,93.0,1:51 AM,,YESTERDAY,2022-08-05T01:28:00-07:00,CLILAS_202208050828.txt,True,3.0,4.0,4.0,6.0,6.0,6.0,5.0,4.0,3.0,4.0,5.0,0.0,True,100,2022-08-04T02:32:00-07:00,2022-08-04T06:00:00-07:00,3.466666666666667,PFMVEF_202208040932.txt,7.0,7.0
2022-08-05,94.0,2022-08-05 16:56:00-07:00,25,1.0,0.0,False,23.0,79.0,68.0,0.875,0.0,15.0,80.0,66.0,0.875,8.0,14.0,83.0,65.0,0.875,5.0,11.0,86.0,64.0,0.5,9.0,8.0,88.0,62.0,0.5,13.0,6.0,91.0,60.0,0.875,12.0,3.0,92.0,60.0,0.5,12.0,2.0,93.0,59.0,0.5,11.0,1.0,93.0,58.0,0.5,7.0,1.0,94.0,58.0,0.5,12.0,0.0,94.0,58.0,0.25,16.0,0.0,2022-08-05 16:56:00-07:00,16.933333333333334,0.625,1.0,0.3333333333333333,0.6651119402985075,536.0,236.0,536.0,0.5,180.0,0.46921641791044777,296.0,0.6231343283582089,536.0,7000.0,2022-08-05T08:56:00-07:00,2022-08-05T08:56:00-07:00,480.0,0.0,0.0,0.0,False,False,,,False,False,True,False,0.0,,50.0,21.0,False,,0.0,0.0,0.0,,66.0,True,4.0,5.0,4.0,1.0,False,3,95.0,4:48 PM,,YESTERDAY,2022-08-06T01:31:00-07:00,CLILAS_202208060831.txt,True,16.0,15.0,12.0,9.0,7.0,4.0,3.0,2.0,2.0,1.0,1.0,-1.0,True,94,2022-08-05T02:20:00-07:00,2022-08-05T06:00:00-07:00,3.6666666666666665,PFMVEF_202208050920.txt,-1.0,1.0
2022-08-06,101.0,2022-08-06 15:56:00-07:00,25,0.25,0.0,False,17.0,86.0,61.0,0.25,5.0,15.0,89.0,59.0,0.25,9.0,12.0,92.0,57.0,0.25,9.0,9.0,93.0,57.0,0.25,5.0,8.0,95.0,56.0,0.25,9.0,6.0,95.0,56.0,0.25,7.0,6.0,98.0,56.0,0.25,4.0,3.0,99.0,55.0,0.25,4.0,2.0,101.0,54.0,0.25,3.0,0.0,101.0,54.0,0.25,9.0,0.0,101.0,53.0,0.25,10.0,0.0,2022-08-06 15:56:00-07:00,15.933333333333334,0.25,0.0,0.0,0.25,0.0,0.0,476.0,0.25,0.0,0.18907563025210083,0.0,0.18907563025210083,0.0,,,,,0.0,0.0,0.0,False,False,,,False,False,False,True,0.0,,70.0,0.0,False,,0.0,0.0,0.0,,59.0,True,6.0,3.0,3.0,3.0,False,4,102.0,3:51 PM,,YESTERDAY,2022-08-07T01:24:00-07:00,CLILAS_202208070824.txt,True,16.0,13.0,10.0,9.0,7.0,7.0,4.0,3.0,1.0,1.0,1.0,-1.0,True,99,2022-08-06T02:25:00-07:00,2022-08-06T06:00:00-07:00,3.583333333333333,PFMVEF_202208060925.txt,-3.0,3.0
2022-08-07,102.0,2022-08-07 14:56:00-07:00,24,0.5,0.0,False,,88.0,54.0,0.5,5.0,14.0,90.0,53.0,0.5,5.0,12.0,92.0,53.0,0.5,3.0,10.0,95.0,52.0,0.5,8.0,7.0,97.0,50.0,0.25,5.0,5.0,99.0,50.0,0.25,3.0,3.0,100.0,50.0,0.25,0.0,2.0,102.0,48.0,0.25,6.0,0.0,102.0,48.0,0.25,5.0,0.0,102.0,48.0,0.25,4.0,0.0,102.0,48.0,0.25,3.0,0.0,2022-08-07 14:56:00-07:00,14.933333333333334,0.35714285714285715,0.42857142857142855,0.0,0.3918269230769231,236.0,0.0,416.0,0.25,0.0,0.10576923076923077,0.0,0.25,0.0,,2022-08-07T08:56:00-07:00,,360.0,0.0,0.0,0.0,False,False,,,False,False,True,True,0.0,,60.0,0.0,False,,0.0,0.0,0.0,,53.0,True,4.0,5.0,3.0,2.0,False,4,104.0,4:28 PM,,YESTERDAY,2022-08-08T01:23:00-07:00,CLILAS_202208080823.txt,True,16.0,14.0,12.0,9.0,7.0,5.0,4.0,2.0,2.0,2.0,2.0,-2.0,True,103,2022-08-07T01:10:00-07:00,2022-08-07T06:00:00-07:00,4.833333333333333,PFMVEF_202208070810.txt,-1.0,1.0
2022-08-08,101.0,2022-08-08 14:56:00-07:00,24,0.875,0.0,False,,90.0,58.0,0.875,4.0,11.0,91.0,59.0,0.875,0.0,10.0,94.0,59.0,0.875,3.0,7.0,97.0,58.0,0.5,3.0,4.0,99.0,57.0,0.5,3.0,2.0,99.0,56.0,0.875,3.0,2.0,99.0,54.0,0.875,3.0,2.0,101.0,57.0,0.875,4.0,0.0,100.0,55.0,0.875,3.0,1.0,98.0,57.0,0.875,10.0,3.0,99.0,56.0,0.875,9.0,2.0,2022-08-08 14:56:00-07:00,14.933333333333334,0.7678571428571429,1.0,0.7142857142857143,0.7668269230769231,416.0,296.0,416.0,0.75,180.0,0.18028846153846154,0.0,0.6586538461538461,416.0,16000.0,2022-08-08T08:56:00-07:00,2022-08-08T08:56:00-07:00,360.0,0.0,0.0,0.0,False,False,,,False,False,True,True,0.0,,0.0,0.0,False,,0.0,0.0,0.0,,59.0,True,4.0,5.0,0.0,1.0,True,4,102.0,2:44 PM,,YESTERDAY,2022-08-09T01:23:00-07:00,CLILAS_202208090823.txt,True,12.0,11.0,8.0,5.0,3.0,3.0,3.0,1.0,2.0,4.0,3.0,-1.0,True,100,2022-08-08T01:00:00-07:00,2022-08-08T06:00:00-07:00,5.0,PFMVEF_202208080800.txt,-2.0,2.0
2022-08-09,97.0,2022-08-09 12:56:00-07:00,25,1.0,0.0,False,29.0,89.0,58.0,0.875,5.0,8.0,89.0,58.0,0.5,0.0,8.0,91.0,58.0,0.5,4.0,6.0,96.0,58.0,0.875,9.0,1.0,96.0,59.0,0.875,12.0,1.0,97.0,60.0,0.875,15.0,0.0,96.0,59.0,0.875,8.0,1.0,93.0,61.0,0.875,11.0,4.0,91.0,60.0,0.875,11.0,6.0,86.0,63.0,0.875,11.0,11.0,88.0,59.0,1.0,9.0,9.0,2022-08-09 12:56:00-07:00,12.933333333333334,0.725,1.0,0.6,0.722972972972973,296.0,176.0,296.0,0.75,180.0,0.30067567567567566,60.0,0.5760135135135135,296.0,15000.0,2022-08-09T08:56:00-07:00,2022-08-09T10:56:00-07:00,240.0,0.0,0.0,0.0,False,False,,,False,False,True,True,0.0,,110.0,23.0,False,,0.0,0.0,0.0,,60.0,True,2.0,5.0,0.0,-5.0,True,7,97.0,12:57 PM,,YESTERDAY,2022-08-10T01:29:00-07:00,CLILAS_202208100829.txt,True,8.0,8.0,6.0,1.0,1.0,0.0,1.0,4.0,6.0,11.0,9.0,0.0,True,98,2022-08-09T02:10:00-07:00,2022-08-09T06:00:00-07:00,3.8333333333333335,PFMVEF_202208090910.txt,1.0,1.0
2022-08-10,94.0,2022-08-10 17:56:00-07:00,28,1.0,0.0,True,15.0,84.0,65.0,0.5,5.0,10.0,86.0,65.0,0.5,3.0,8.0,89.0,64.0,0.875,5.0,5.0,91.0,64.0,0.5,0.0,3.0,92.0,63.0,0.5,3.0,2.0,93.0,63.0,0.875,3.0,1.0,92.0,62.0,0.875,10.0,2.0,90.0,63.0,0.875,5.0,4.0,89.0,62.0,0.875,9.0,5.0,92.0,61.0,0.875,3.0,2.0,94.0,60.0,0.875,5.0,0.0,2022-08-10 17:56:00-07:00,17.933333333333334,0.7946428571428571,1.0,0.7857142857142857,0.7265100671140939,596.0,360.0,596.0,0.875,180.0,0.32550335570469796,180.0,0.4513422818791946,300.0,18000.0,2022-08-10T08:56:00-07:00,2022-08-10T09:56:00-07:00,540.0,0.0,0.0,0.0,False,False,,,True,False,True,True,3.0,2022-08-10T14:56:00-07:00,90.0,15.0,False,,0.0,0.0,0.0,,65.0,True,5.0,3.0,0.0,-3.0,True,1,95.0,11:05 AM,,YESTERDAY,2022-08-11T01:29:00-07:00,CLILAS_202208110829.txt,True,11.0,9.0,6.0,4.0,3.0,2.0,3.0,5.0,6.0,3.0,1.0,-1.0,True,96,2022-08-10T00:55:00-07:00,2022-08-10T06:00:00-07:00,5.083333333333333,PFMVEF_202208100755.txt,1.0,1.0
2022-08-11,98.0,2022-08-11 15:56:00-07:00,28,1.0,1.11,True,48.0,84.0,63.0,0.875,0.0,14.0,87.0,62.0,0.875,0.0,11.0,89.0,62.0,0.875,4.0,9.0,92.0,62.0,0.875,5.0,6.0,94.0,63.0,0.875,0.0,4.0,97.0,61.0,0.875,3.0,1.0,96.0,61.0,0.875,5.0,2.0,96.0,60.0,0.875,0.0,2.0,98.0,60.0,0.875,5.0,0.0,97.0,58.0,0.875,5.0,1.0,98.0,57.0,0.875,7.0,0.0,2022-08-11 15:56:00-07:00,15.933333333333334,0.875,1.0,1.0,0.875,476.0,476.0,476.0,0.875,180.0,0.28361344537815125,120.0,0.3130252100840336,120.0,22000.0,2022-08-11T08:56:00-07:00,2022-08-11T08:56:00-07:00,420.0,0.5800000000000001,0.0,0.5800000000000001,False,True,2022-08-11T21:56:00-07:00,,False,True,True,True,1.0,2022-08-11T13:56:00-07:00,0.0,0.0,False,,0.0,0.0,0.0,,63.0,True,5.0,5.0,2.0,2.0,False,3,99.0,3:22 PM,,YESTERDAY,2022-08-12T01:29:00-07:00,CLILAS_202208120829.txt,True,15.0,12.0,10.0,7.0,5.0,2.0,3.0,3.0,1.0,2.0,1.0,-1.0,True,98,2022-08-11T00:20:00-07:00,2022-08-11T06:00:00-07:00,5.666666666666667,PFMVEF_202208110720.txt,-1.0,1.0
2022-08-12,95.0,2022-08-12 12:46:00-07:00,28,1.0,0.01,True,41.0,85.0,64.0,0.25,0.0,10.0,87.0,62.0,0.5,3.0,8.0,90.0,62.0,0.875,0.0,5.0,91.0,62.0,0.875,3.0,4.0,93.0,61.0,0.875,0.0,2.0,95.0,62.0,0.875,3.0,0.0,94.0,60.0,0.875,0.0,1.0,85.0,67.0,0.875,25.0,10.0,83.0,66.0,1.0,6.0,12.0,84.0,65.0,1.0,8.0,11.0,81.0,68.0,1.0,6.0,14.0,2022-08-12 12:46:00-07:00,12.766666666666667,0.8,1.0,0.8,0.673951048951049,230.0,170.0,286.0,0.8541666666666666,180.0,0.20104895104895104,0.0,0.45104895104895104,230.0,22000.0,2022-08-12T08:56:00-07:00,2022-08-12T09:56:00-07:00,230.0,0.01,0.0,0.01,False,True,2022-08-12T18:56:00-07:00,,True,True,True,True,0.0,,0.0,0.0,False,,0.0,0.0,0.0,,62.0,True,5.0,3.0,1.0,-11.0,False,10,97.0,1:33 PM,,YESTERDAY,2022-08-13T01:38:00-07:00,CLILAS_202208130838.txt,True,12.0,10.0,7.0,6.0,4.0,2.0,3.0,12.0,14.0,13.0,16.0,-2.0,True,96,2022-08-12T01:05:00-07:00,2022-08-12T06:00:00-07:00,4.916666666666667,PFMVEF_202208120805.txt,-1.0,1.0
2022-08-13,88.0,2022-08-13 12:56:00-07:00,24,1.0,0.0,False,,79.0,68.0,0.875,3.0,9.0,80.0,67.0,1.0,3.0,8.0,82.0,67.0,1.0,4.0,6.0,83.0,67.0,0.875,0.0,5.0,84.0,66.0,0.875,0.0,4.0,88.0,66.0,0.875,3.0,0.0,88.0,65.0,0.875,0.0,0.0,87.0,66.0,0.875,6.0,1.0,87.0,64.0,0.875,3.0,1.0,87.0,65.0,0.875,8.0,1.0,86.0,65.0,0.875,4.0,2.0,2022-08-13 12:56:00-07:00,12.933333333333334,0.925,1.0,1.0,0.9256756756756757,296.0,296.0,296.0,0.9166666666666666,180.0,0.4560810810810811,180.0,0.9256756756756757,296.0,12000.0,2022-08-13T08:56:00-07:00,2022-08-13T08:56:00-07:00,240.0,0.0,0.0,0.0,False,False,,,False,False,False,False,0.0,,0.0,0.0,False,,0.0,0.0,0.0,,67.0,True,3.0,2.0,4.0,-1.0,False,6,90.0,12:44 PM,,YESTERDAY,2022-08-14T01:35:00-07:00,CLILAS_202208140835.txt,True,11.0,10.0,8.0,7.0,6.0,2.0,2.0,3.0,3.0,3.0,4.0,-2.0,True,96,2022-08-13T03:05:00-07:00,2022-08-13T06:00:00-07:00,2.9166666666666665,PFMVEF_202208131005.txt,6.0,6.0
2022-08-14,95.0,2022-08-14 15:56:00-07:00,24,0.875,0.0,False,,83.0,66.0,0.875,0.0,12.0,87.0,65.0,0.875,5.0,8.0,89.0,64.0,0.875,5.0,6.0,91.0,64.0,0.875,4.0,4.0,93.0,62.0,0.875,4.0,2.0,93.0,59.0,0.875,0.0,2.0,94.0,58.0,0.875,4.0,1.0,94.0,59.0,0.875,7.0,1.0,95.0,60.0,0.875,6.0,0.0,94.0,59.0,0.875,3.0,1.0,93.0,61.0,0.875,8.0,2.0,2022-08-14 15:56:00-07:00,15.933333333333334,0.875,1.0,1.0,0.875,476.0,476.0,476.0,0.875,180.0,0.0,0.0,0.6386554621848739,476.0,17000.0,2022-08-14T08:56:00-07:00,2022-08-14T08:56:00-07:00,420.0,0.0,0.0,0.0,False,False,,,False,False,True,True,0.0,,110.0,0.0,False,,0.0,0.0,0.0,,65.0,True,6.0,4.0,1.0,1.0,False,3,95.0,3:07 PM,,YESTERDAY,2022-08-15T01:45:00-07:00,CLILAS_202208150845.txt,True,12.0,8.0,6.0,4.0,2.0,2.0,1.0,1.0,0.0,1.0,2.0,0.0,True,98,2022-08-14T05:00:00-07:00,2022-08-14T06:00:00-07:00,1.0,PFMVEF_202208141200.txt,3.0,3.0
2022-08-15,96.0,2022-08-15 17:56:00-07:00,27,1.0,0.0,True,35.0,81.0,61.0,0.5,3.0,15.0,83.0,62.0,0.5,5.0,13.0,85.0,62.0,0.875,0.0,11.0,86.0,62.0,0.875,8.0,10.0,89.0,60.0,0.875,6.0,7.0,92.0,59.0,0.875,9.0,4.0,93.0,60.0,0.875,9.0,3.0,95.0,57.0,0.875,8.0,1.0,94.0,55.0,0.875,3.0,2.0,95.0,56.0,0.875,3.0,1.0,96.0,56.0,0.875,6.0,0.0,2022-08-15 17:56:00-07:00,17.933333333333334,0.8375,1.0,0.9,0.802013422818792,596.0,480.0,596.0,0.875,180.0,0.31291946308724833,60.0,0.802013422818792,596.0,12000.0,2022-08-15T08:56:00-07:00,2022-08-15T09:56:00-07:00,540.0,0.0,0.0,0.0,False,False,,,False,True,True,True,1.0,2022-08-15T15:56:00-07:00,30.0,0.0,False,,0.0,0.0,0.0,,62.0,True,4.0,4.0,4.0,1.0,False,1,97.0,4:34 PM,,YESTERDAY,2022-08-16T01:56:00-07:00,CLILAS_202208160856.txt,True,16.0,14.0,12.0,11.0,8.0,5.0,4.0,2.0,3.0,2.0,1.0,-1.0,True,99,2022-08-15T01:55:00-07:00,2022-08-15T06:00:00-07:00,4.083333333333333,PFMVEF_202208150855.txt,2.0,2.0
2022-08-16,100.0,2022-08-16 16:56:00-07:00,24,1.0,0.0,False,,84.0,59.0,0.25,0.0,16.0,88.0,57.0,0.875,4.0,12.0,88.0,58.0,0.875,5.0,12.0,91.0,58.0,0.5,0.0,9.0,93.0,58.0,0.5,3.0,7.0,95.0,56.0,0.5,5.0,5.0,96.0,56.0,0.5,4.0,4.0,98.0,54.0,0.5,6.0,2.0,98.0,54.0,0.5,3.0,2.0,100.0,54.0,0.5,5.0,0.0,99.0,53.0,0.5,0.0,1.0,2022-08-16 16:56:00-07:00,16.933333333333334,0.5833333333333334,1.0,0.2222222222222222,0.5578358208955224,480.0,120.0,536.0,0.5,180.0,0.16791044776119404,0.0,0.5578358208955224,480.0,16000.0,2022-08-16T08:56:00-07:00,2022-08-16T08:56:00-07:00,480.0,0.0,0.0,0.0,False,False,,,False,False,True,True,0.0,,110.0,0.0,False,,0.0,0.0,0.0,,58.0,True,4.0,5.0,3.0,2.0,False,2,101.0,3:55 PM,,YESTERDAY,2022-08-17T02:04:00-07:00,CLILAS_202208170904.txt,True,17.0,13.0,13.0,10.0,8.0,6.0,5.0,3.0,3.0,1.0,2.0,-1.0,True,99,2022-08-16T01:00:00-07:00,2022-08-16T06:00:00-07:00,5.0,PFMVEF_202208160800.txt,-2.0,2.0
2022-08-17,103.0,2022-08-17 15:56:00-07:00,27,0.875,0.0,True,27.0,88.0,59.0,0.25,0.0,15.0,90.0,60.0,0.25,5.0,13.0,92.0,60.0,0.25,5.0,11.0,93.0,59.0,0.25,0.0,10.0,96.0,60.0,0.25,5.0,7.0,99.0,59.0,0.25,3.0,4.0,98.0,58.0,0.5,0.0,5.0,101.0,56.0,0.5,4.0,2.0,103.0,54.0,0.5,6.0,0.0,101.0,56.0,0.5,0.0,2.0,98.0,59.0,0.5,8.0,5.0,2022-08-17 15:56:00-07:00,15.933333333333334,0.34375,0.375,0.0,0.3130252100840336,120.0,0.0,476.0,0.4166666666666667,120.0,0.22058823529411764,0.0,0.25,0.0,,2022-08-17T13:56:00-07:00,,120.0,0.0,0.0,0.0,False,False,,,True,True,True,True,1.0,2022-08-17T13:56:00-07:00,0.0,0.0,False,,0.0,0.0,0.0,,60.0,True,4.0,4.0,2.0,5.0,False,6,104.0,2:50 PM,,YESTERDAY,2022-08-18T01:32:00-07:00,CLILAS_202208180832.txt,True,16.0,14.0,12.0,11.0,8.0,5.0,6.0,3.0,1.0,3.0,6.0,-1.0,True,100,2022-08-17T02:30:00-07:00,2022-08-17T06:00:00-07:00,3.5,PFMVEF_202208170930.txt,-4.0,4.0
2022-08-18,99.0,2022-08-18 13:04:00-07:00,30,1.0,0.0,True,25.0,89.0,59.0,0.5,6.0,10.0,91.0,60.0,0.25,7.0,8.0,92.0,61.0,0.5,4.0,7.0,94.0,61.0,0.5,3.0,5.0,96.0,61.0,0.5,6.0,3.0,98.0,62.0,0.5,9.0,1.0,98.0,62.0,0.5,6.0,1.0,99.0,61.0,0.875,14.0,0.0,91.0,63.0,0.875,8.0,8.0,95.0,62.0,0.5,4.0,4.0,96.0,61.0,0.5,0.0,3.0,2022-08-18 13:04:00-07:00,13.066666666666666,0.4583333333333333,0.8333333333333334,0.0,0.4506578947368421,244.0,0.0,304.0,0.5,180.0,0.15460526315789475,0.0,0.4506578947368421,244.0,,2022-08-18T09:56:00-07:00,,188.0,0.0,0.0,0.0,False,False,,,False,True,True,True,0.0,,10.0,14.0,False,,0.0,0.0,0.0,,62.0,True,3.0,4.0,2.0,-7.0,False,8,101.0,1:37 PM,,YESTERDAY,2022-08-19T01:27:00-07:00,CLILAS_202208190827.txt,True,12.0,10.0,9.0,7.0,5.0,3.0,3.0,2.0,10.0,6.0,5.0,-2.0,True,98,2022-08-18T02:05:00-07:00,2022-08-18T06:00:00-07:00,3.9166666666666665,PFMVEF_202208180905.txt,-3.0,3.0
2022-08-19,100.0,2022-08-19 17:56:00-07:00,26,1.0,0.0,True,,84.0,60.0,0.875,5.0,16.0,87.0,58.0,0.5,7.0,13.0,88.0,58.0,0.5,4.0,12.0,90.0,58.0,0.5,3.0,10.0,93.0,57.0,0.5,3.0,7.0,96.0,57.0,0.5,4.0,4.0,97.0,56.0,0.5,6.0,3.0,99.0,55.0,0.5,4.0,1.0,98.0,53.0,0.5,5.0,2.0,99.0,52.0,0.5,0.0,1.0,100.0,51.0,0.5,4.0,0.0,2022-08-19 17:56:00-07:00,17.933333333333334,0.5,1.0,0.0,0.535234899328859,596.0,56.0,596.0,0.5,180.0,0.1761744966442953,0.0,0.3238255033557047,176.0,,2022-08-19T08:56:00-07:00,,540.0,0.0,0.0,0.0,False,False,,,True,False,True,False,1.0,2022-08-19T15:56:00-07:00,180.0,0.0,False,,0.0,0.0,0.0,,58.0,True,4.0,5.0,4.0,1.0,False,1,100.0,5:05 PM,,YESTERDAY,2022-08-20T01:22:00-07:00,CLILAS_202208200822.txt,True,16.0,13.0,12.0,10.0,7.0,4.0,3.0,1.0,2.0,1.0,0.0,0.0,True,99,2022-08-19T01:50:00-07:00,2022-08-19T06:00:00-07:00,4.166666666666667,PFMVEF_202208190850.txt,-1.0,1.0
2022-08-20,99.0,2022-08-20 14:56:00-07:00,30,0.875,0.0,True,23.0,84.0,62.0,0.5,5.0,15.0,86.0,63.0,0.25,6.0,13.0,88.0,63.0,0.25,3.0,11.0,90.0,63.0,0.25,3.0,9.0,93.0,63.0,0.25,4.0,6.0,94.0,63.0,0.5,3.0,5.0,98.0,63.0,0.5,6.0,1.0,99.0,62.0,0.5,8.0,0.0,97.0,61.0,0.5,0.0,2.0,98.0,51.0,0.875,6.0,1.0,92.0,58.0,0.875,10.0,7.0,2022-08-20 14:56:00-07:00,14.933333333333334,0.375,0.5,0.0,0.3557692307692308,176.0,0.0,416.0,0.4166666666666667,120.0,0.0,0.0,0.32211538461538464,120.0,,2022-08-20T12:56:00-07:00,,120.0,0.0,0.0,0.0,False,False,,,False,True,True,True,0.0,,20.0,0.0,False,,0.0,0.0,0.0,,63.0,True,4.0,5.0,5.0,-1.0,False,9,100.0,2:11 PM,,YESTERDAY,2022-08-21T01:23:00-07:00,CLILAS_202208210823.txt,True,16.0,14.0,12.0,10.0,7.0,6.0,2.0,1.0,3.0,2.0,8.0,-1.0,True,99,2022-08-20T01:45:00-07:00,2022-08-20T06:00:00-07:00,4.25,PFMVEF_202208200845.txt,-1.0,1.0
2022-08-21,102.0,2022-08-21 15:56:00-07:00,25,0.875,0.0,False,24.0,85.0,63.0,0.25,3.0,17.0,87.0,64.0,0.25,3.0,15.0,92.0,63.0,0.25,4.0,10.0,93.0,63.0,0.25,4.0,9.0,95.0,62.0,0.25,0.0,7.0,98.0,62.0,0.25,7.0,4.0,100.0,62.0,0.25,3.0,2.0,101.0,60.0,0.25,3.0,1.0,102.0,57.0,0.25,0.0,0.0,102.0,55.0,0.5,4.0,0.0,102.0,56.0,0.5,5.0,0.0,2022-08-21 15:56:00-07:00,15.933333333333334,0.25,0.0,0.0,0.25,0.0,0.0,476.0,0.25,0.0,0.0,0.0,0.25,0.0,,,,,0.0,0.0,0.0,False,False,,,False,False,True,True,0.0,,0.0,0.0,False,,0.0,0.0,0.0,,64.0,True,7.0,3.0,5.0,2.0,False,3,104.0,3:28 PM,,YESTERDAY,2022-08-22T01:44:00-07:00,CLILAS_202208220844.txt,True,19.0,17.0,12.0,11.0,9.0,6.0,4.0,3.0,2.0,2.0,2.0,-2.0,True,100,2022-08-21T02:05:00-07:00,2022-08-21T06:00:00-07:00,3.9166666666666665,PFMVEF_202208210905.txt,-4.0,4.0
2022-08-22,103.0,2022-08-22 16:56:00-07:00,24,0.5,0.0,False,,85.0,60.0,0.25,6.0,18.0,86.0,61.0,0.25,4.0,17.0,89.0,61.0,0.25,0.0,14.0,90.0,62.0,0.25,5.0,13.0,94.0,60.0,0.25,5.0,9.0,98.0,57.0,0.25,3.0,5.0,100.0,57.0,0.25,5.0,3.0,100.0,55.0,0.25,5.0,3.0,101.0,52.0,0.5,0.0,2.0,103.0,53.0,0.5,4.0,0.0,103.0,52.0,0.5,0.0,0.0,2022-08-22 16:56:00-07:00,16.933333333333334,0.3055555555555556,0.2222222222222222,0.0,0.27798507462686567,60.0,0.0,536.0,0.3333333333333333,60.0,0.16791044776119404,0.0,0.25,0.0,,2022-08-22T15:56:00-07:00,,60.0,0.0,0.0,0.0,False,False,,,False,False,True,True,0.0,,50.0,0.0,False,,0.0,0.0,0.0,,62.0,True,4.0,5.0,6.0,1.0,False,2,104.0,5:12 PM,,YESTERDAY,2022-08-23T01:22:00-07:00,CLILAS_202208230822.txt,True,19.0,18.0,15.0,14.0,10.0,6.0,4.0,4.0,3.0,1.0,1.0,-1.0,True,105,2022-08-22T02:10:00-07:00,2022-08-22T06:00:00-07:00,3.8333333333333335,PFMVEF_202208220910.txt,1.0,1.0
2022-08-23,107.0,2022-08-23 16:56:00-07:00,24,0.5,0.0,False,,88.0,59.0,0.0,0.0,19.0,90.0,57.0,0.25,5.0,17.0,93.0,57.0,0.25,6.0,14.0,94.0,59.0,0.25,7.0,13.0,97.0,59.0,0.25,0.0,10.0,99.0,59.0,0.25,4.0,8.0,102.0,55.0,0.25,0.0,5.0,104.0,53.0,0.25,3.0,3.0,106.0,51.0,0.25,6.0,1.0,107.0,47.0,0.25,5.0,0.0,105.0,45.0,0.25,4.0,2.0,2022-08-23 16:56:00-07:00,16.933333333333334,0.25,0.0,0.0,0.22388059701492538,0.0,0.0,536.0,0.25,0.0,0.22388059701492538,0.0,0.22388059701492538,0.0,,,,,0.0,0.0,0.0,False,False,,,False,False,True,True,0.0,,50.0,0.0,False,,0.0,0.0,0.0,,59.0,True,5.0,4.0,5.0,4.0,False,2,107.0,4:44 PM,,YESTERDAY,2022-08-24T01:23:00-07:00,CLILAS_202208240823.txt,True,19.0,17.0,14.0,13.0,10.0,8.0,5.0,3.0,1.0,0.0,2.0,0.0,True,105,2022-08-23T01:55:00-07:00,2022-08-23T06:00:00-07:00,4.083333333333333,PFMVEF_202208230855.txt,-2.0,2.0
2022-08-24,102.0,2022-08-24 13:56:00-07:00,28,0.875,0.0,True,29.0,89.0,58.0,0.875,4.0,13.0,91.0,56.0,0.875,5.0,11.0,94.0,57.0,0.875,4.0,8.0,96.0,57.0,0.875,5.0,6.0,98.0,57.0,0.5,5.0,4.0,99.0,56.0,0.5,4.0,3.0,102.0,56.0,0.5,6.0,0.0,100.0,56.0,0.875,10.0,2.0,98.0,55.0,0.875,13.0,4.0,97.0,46.0,0.875,19.0,5.0,95.0,47.0,0.875,7.0,7.0,2022-08-24 13:56:00-07:00,13.933333333333334,0.6875,1.0,0.5,0.7485955056179775,356.0,236.0,356.0,0.625,180.0,0.12640449438202248,0.0,0.7064606741573034,296.0,20000.0,2022-08-24T08:56:00-07:00,2022-08-24T08:56:00-07:00,300.0,0.0,0.0,0.0,False,False,,,True,False,True,True,0.0,,130.0,0.0,False,,0.0,0.0,0.0,,57.0,True,5.0,4.0,4.0,-4.0,False,7,102.0,1:17 PM,,YESTERDAY,2022-08-25T01:30:00-07:00,CLILAS_202208250830.txt,True,13.0,11.0,8.0,6.0,4.0,3.0,0.0,2.0,4.0,5.0,7.0,0.0,True,101,2022-08-24T04:00:00-07:00,2022-08-24T06:00:00-07:00,2.0,PFMVEF_202208241100.txt,-1.0,1.0
2022-08-25,96.0,2022-08-25 13:56:00-07:00,24,1.0,0.0,False,19.0,81.0,64.0,0.875,5.0,15.0,84.0,63.0,0.875,6.0,12.0,86.0,60.0,0.875,4.0,10.0,88.0,59.0,0.875,6.0,8.0,92.0,59.0,0.5,7.0,4.0,94.0,57.0,0.5,9.0,2.0,96.0,55.0,0.5,10.0,0.0,96.0,55.0,0.5,7.0,0.0,96.0,53.0,0.5,9.0,0.0,95.0,54.0,0.875,0.0,1.0,93.0,56.0,0.875,7.0,3.0,2022-08-25 13:56:00-07:00,13.933333333333334,0.6875,1.0,0.5,0.7485955056179775,356.0,236.0,356.0,0.625,180.0,0.12640449438202248,0.0,0.7485955056179775,356.0,15000.0,2022-08-25T08:56:00-07:00,2022-08-25T08:56:00-07:00,300.0,0.0,0.0,0.0,False,False,,,False,False,True,True,0.0,,30.0,0.0,False,,0.0,0.0,0.0,,63.0,True,5.0,6.0,4.0,0.0,False,5,97.0,2:20 PM,,YESTERDAY,2022-08-26T01:33:00-07:00,CLILAS_202208260833.txt,True,16.0,13.0,11.0,9.0,5.0,3.0,1.0,1.0,1.0,2.0,4.0,-1.0,True,98,2022-08-25T02:35:00-07:00,2022-08-25T06:00:00-07:00,3.4166666666666665,PFMVEF_202208250935.txt,1.0,1.0
2022-08-26,103.0,2022-08-26 16:56:00-07:00,24,1.0,0.0,False,,87.0,54.0,0.25,0.0,16.0,88.0,54.0,0.25,4.0,15.0,89.0,54.0,0.25,0.0,14.0,93.0,54.0,0.25,3.0,10.0,94.0,55.0,0.25,4.0,9.0,98.0,54.0,0.25,4.0,5.0,100.0,51.0,0.25,4.0,3.0,100.0,51.0,0.25,0.0,3.0,99.0,51.0,0.25,0.0,4.0,103.0,51.0,0.25,5.0,0.0,101.0,50.0,0.25,3.0,2.0,2022-08-26 16:56:00-07:00,16.933333333333334,0.25,0.0,0.0,0.25,0.0,0.0,536.0,0.25,0.0,0.25,0.0,0.25,0.0,,,,,0.0,0.0,0.0,False,False,,,False,False,True,False,1.0,2022-08-26T15:56:00-07:00,170.0,0.0,False,,0.0,0.0,0.0,,55.0,True,2.0,5.0,6.0,-1.0,False,2,103.0,4:00 PM,,YESTERDAY,2022-08-27T01:26:00-07:00,CLILAS_202208270826.txt,True,16.0,15.0,14.0,10.0,9.0,5.0,3.0,3.0,4.0,0.0,2.0,0.0,True,100,2022-08-26T01:50:00-07:00,2022-08-26T06:00:00-07:00,4.166666666666667,PFMVEF_202208260850.txt,-3.0,3.0
2022-08-27,103.0,2022-08-27 13:56:00-07:00,25,0.5,0.0,False,23.0,85.0,54.0,0.0,0.0,18.0,88.0,54.0,0.0,0.0,15.0,92.0,48.0,0.0,5.0,11.0,96.0,47.0,0.25,7.0,7.0,99.0,43.0,0.25,8.0,4.0,102.0,36.0,0.25,7.0,1.0,103.0,35.0,0.5,11.0,0.0,103.0,35.0,0.25,12.0,0.0,103.0,37.0,0.25,11.0,0.0,103.0,37.0,0.25,9.0,0.0,101.0,33.0,0.25,9.0,2.0,2022-08-27 13:56:00-07:00,13.933333333333334,0.20833333333333334,0.16666666666666666,0.0,0.12640449438202248,0.0,0.0,356.0,0.25,0.0,0.12640449438202248,0.0,0.12640449438202248,0.0,,2022-08-27T13:56:00-07:00,,0.0,0.0,0.0,0.0,False,False,,,False,False,False,False,0.0,,130.0,20.0,False,,0.0,0.0,0.0,,54.0,True,7.0,7.0,4.0,0.0,False,6,104.0,2:07 PM,,YESTERDAY,2022-08-28T01:41:00-07:00,CLILAS_202208280841.txt,True,19.0,16.0,12.0,8.0,5.0,2.0,1.0,1.0,1.0,1.0,3.0,-1.0,True,104,2022-08-27T00:25:00-07:00,2022-08-27T06:00:00-07:00,5.583333333333333,PFMVEF_202208270725.txt,0.0,0.0
2022-08-28,102.0,2022-08-28 14:56:00-07:00,24,0.5,0.0,False,20.0,86.0,50.0,0.0,9.0,16.0,90.0,49.0,0.0,7.0,12.0,94.0,47.0,0.25,10.0,8.0,96.0,47.0,0.25,12.0,6.0,98.0,49.0,0.25,12.0,4.0,99.0,48.0,0.25,8.0,3.0,99.0,47.0,0.25,6.0,3.0,102.0,47.0,0.5,9.0,0.0,100.0,48.0,0.5,0.0,2.0,100.0,50.0,0.5,6.0,2.0,98.0,53.0,0.25,9.0,4.0,2022-08-28 14:56:00-07:00,14.933333333333334,0.25,0.14285714285714285,0.0,0.18028846153846154,0.0,0.0,416.0,0.25,0.0,0.18028846153846154,0.0,0.18028846153846154,0.0,,2022-08-28T14:56:00-07:00,,0.0,0.0,0.0,0.0,False,False,,,False,False,True,True,0.0,,20.0,20.0,False,,0.0,0.0,0.0,,49.0,False,8.0,4.0,1.0,1.0,False,4,103.0,3:12 PM,,YESTERDAY,2022-08-29T01:25:00-07:00,CLILAS_202208290825.txt,True,17.0,13.0,9.0,7.0,5.0,4.0,4.0,1.0,3.0,3.0,5.0,-1.0,True,101,2022-08-28T01:50:00-07:00,2022-08-28T06:00:00-07:00,4.166666666666667,PFMVEF_202208280850.txt,-2.0,2.0
2022-08-29,102.0,2022-08-29 13:56:00-07:00,24,0.25,0.0,False,15.0,87.0,57.0,0.0,4.0,15.0,91.0,59.0,0.0,0.0,11.0,92.0,61.0,0.25,0.0,10.0,95.0,58.0,0.25,7.0,7.0,98.0,58.0,0.25,4.0,4.0,99.0,56.0,0.25,0.0,3.0,102.0,56.0,0.25,11.0,0.0,101.0,55.0,0.25,4.0,1.0,102.0,52.0,0.25,7.0,0.0,101.0,52.0,0.25,5.0,1.0,102.0,51.0,0.25,4.0,0.0,2022-08-29 13:56:00-07:00,13.933333333333334,0.20833333333333334,0.0,0.0,0.16853932584269662,0.0,0.0,356.0,0.25,0.0,0.16853932584269662,0.0,0.16853932584269662,0.0,,,,,0.0,0.0,0.0,False,False,,,False,False,False,True,0.0,,50.0,0.0,False,,0.0,0.0,0.0,,61.0,True,5.0,6.0,4.0,0.0,False,5,103.0,3:12 PM,,YESTERDAY,2022-08-30T02:43:00-07:00,CLILAS_202208300943.txt,True,16.0,12.0,11.0,8.0,5.0,4.0,1.0,2.0,1.0,2.0,1.0,-1.0,True,102,2022-08-29T01:15:00-07:00,2022-08-29T06:00:00-07:00,4.75,PFMVEF_202208290815.txt,-1.0,1.0
2022-08-30,107.0,2022-08-30 17:56:00-07:00,24,0.5,0.0,False,,90.0,52.0,0.25,3.0,17.0,94.0,52.0,0.25,3.0,13.0,97.0,51.0,0.25,0.0,10.0,100.0,47.0,0.25,5.0,7.0,101.0,46.0,0.25,4.0,6.0,104.0,47.0,0.25,5.0,3.0,106.0,46.0,0.25,3.0,1.0,106.0,44.0,0.25,5.0,1.0,106.0,42.0,0.25,3.0,1.0,106.0,42.0,0.25,5.0,1.0,107.0,39.0,0.25,3.0,0.0,2022-08-30 17:56:00-07:00,17.933333333333334,0.25,0.0,0.0,0.25,0.0,0.0,596.0,0.25,0.0,0.1761744966442953,0.0,0.25,0.0,,,,,0.0,0.0,0.0,False,False,,,False,False,False,False,0.0,,130.0,0.0,False,,0.0,0.0,0.0,,52.0,True,7.0,4.0,5.0,0.0,False,1,108.0,2:31 PM,,YESTERDAY,2022-08-31T02:05:00-07:00,CLILAS_202208310905.txt,True,18.0,14.0,11.0,8.0,7.0,4.0,2.0,2.0,2.0,2.0,1.0,-1.0,True,107,2022-08-30T00:40:00-07:00,2022-08-30T06:00:00-07:00,5.333333333333333,PFMVEF_202208300740.txt,-1.0,1.0
2022-08-31,109.0,2022-08-31 15:56:00-07:00,25,0.875,0.0,False,,92.0,44.0,0.25,6.0,17.0,95.0,44.0,0.25,0.0,14.0,97.0,46.0,0.25,5.0,12.0,101.0,41.0,0.25,3.0,8.0,102.0,42.0,0.25,4.0,7.0,105.0,41.0,0.25,6.0,4.0,106.0,42.0,0.25,4.0,3.0,108.0,40.0,0.25,0.0,1.0,109.0,32.0,0.25,4.0,0.0,108.0,32.0,0.25,4.0,1.0,108.0,32.0,0.25,7.0,1.0,2022-08-31 15:56:00-07:00,15.933333333333334,0.25,0.0,0.0,0.25,0.0,0.0,476.0,0.25,0.0,0.22058823529411764,0.0,0.25,0.0,,,,,0.0,0.0,0.0,False,False,,,False,False,False,False,0.0,,70.0,0.0,False,,0.0,0.0,0.0,,46.0,False,5.0,5.0,4.0,3.0,False,3,109.0,4:42 PM,,YESTERDAY,2022-09-01T01:31:00-07:00,CLILAS_202209010831.txt,True,17.0,14.0,12.0,8.0,7.0,4.0,3.0,1.0,0.0,1.0,1.0,0.0,True,109,2022-08-31T01:40:00-07:00,2022-08-31T06:00:00-07:00,4.333333333333333,PFMVEF_202208310840.txt,0.0,0.0
2022-09-01,109.0,2022-09-01 15:56:00-07:00,25,0.875,0.0,False,,90.0,43.0,0.875,0.0,19.0,93.0,42.0,0.875,3.0,16.0,97.0,44.0,0.875,4.0,12.0,99.0,40.0,0.5,3.0,10.0,103.0,39.0,0.5,6.0,6.0,104.0,42.0,0.5,0.0,5.0,107.0,41.0,0.5,3.0,2.0,108.0,42.0,0.25,0.0,1.0,109.0,40.0,0.25,5.0,0.0,109.0,37.0,0.25,3.0,0.0,108.0,40.0,0.25,4.0,1.0,2022-09-01 15:56:00-07:00,15.933333333333334,0.5,0.6666666666666666,0.2222222222222222,0.6071428571428571,416.0,176.0,476.0,0.4166666666666667,120.0,0.18907563025210083,0.0,0.6071428571428571,416.0,17000.0,2022-09-01T08:56:00-07:00,2022-09-01T08:56:00-07:00,420.0,0.0,0.0,0.0,False,False,,,False,False,False,False,0.0,,60.0,0.0,False,,0.0,0.0,0.0,,44.0,False,7.0,6.0,4.0,2.0,False,3,110.0,4:07 PM,,YESTERDAY,2022-09-02T01:30:00-07:00,CLILAS_202209020830.txt,True,20.0,17.0,13.0,11.0,7.0,6.0,3.0,2.0,1.0,1.0,2.0,-1.0,True,109,2022-09-01T02:05:00-07:00,2022-09-01T06:00:00-07:00,3.9166666666666665,PFMVEF_202209010905.txt,-1.0,1.0
2022-09-02,108.0,2022-09-02 16:56:00-07:00,24,0.875,0.0,False,22.0,90.0,48.0,0.5,0.0,18.0,91.0,48.0,0.5,3.0,17.0,96.0,48.0,0.5,3.0,12.0,98.0,50.0,0.5,6.0,10.0,99.0,52.0,0.25,6.0,9.0,100.0,56.0,0.25,4.0,8.0,104.0,55.0,0.25,6.0,4.0,104.0,54.0,0.25,4.0,4.0,106.0,51.0,0.25,0.0,2.0,108.0,49.0,0.5,5.0,0.0,106.0,47.0,0.5,5.0,2.0,2022-09-02 16:56:00-07:00,16.933333333333334,0.3611111111111111,0.4444444444444444,0.0,0.36007462686567165,236.0,0.0,536.0,0.25,0.0,0.11194029850746269,0.0,0.36007462686567165,236.0,,2022-09-02T08:56:00-07:00,,480.0,0.0,0.0,0.0,False,False,,,False,False,True,True,0.0,,110.0,0.0,False,,0.0,0.0,0.0,,56.0,True,6.0,3.0,5.0,2.0,False,2,108.0,4:18 PM,,YESTERDAY,2022-09-03T01:50:00-07:00,CLILAS_202209030850.txt,True,18.0,17.0,12.0,10.0,9.0,8.0,4.0,4.0,2.0,0.0,2.0,0.0,True,110,2022-09-02T01:10:00-07:00,2022-09-02T06:00:00-07:00,4.833333333333333,PFMVEF_202209020810.txt,2.0,2.0
2022-09-03,106.0,2022-09-03 14:56:00-07:00,25,0.25,0.0,False,,90.0,53.0,0.25,3.0,16.0,92.0,54.0,0.25,3.0,14.0,93.0,54.0,0.25,0.0,13.0,96.0,54.0,0.25,5.0,10.0,97.0,55.0,0.25,0.0,9.0,103.0,55.0,0.25,3.0,3.0,104.0,54.0,0.25,6.0,2.0,106.0,53.0,0.25,5.0,0.0,106.0,52.0,0.25,6.0,0.0,105.0,52.0,0.25,0.0,1.0,106.0,51.0,0.25,5.0,0.0,2022-09-03 14:56:00-07:00,14.933333333333334,0.25,0.0,0.0,0.25,0.0,0.0,416.0,0.25,0.0,0.0,0.0,0.25,0.0,,,,,0.0,0.0,0.0,False,False,,,False,False,True,True,0.0,,0.0,0.0,False,,0.0,0.0,0.0,,55.0,True,3.0,4.0,7.0,2.0,False,4,107.0,4:13 PM,,YESTERDAY,2022-09-04T01:28:00-07:00,CLILAS_202209040828.txt,True,17.0,15.0,14.0,11.0,10.0,4.0,3.0,1.0,1.0,2.0,1.0,-1.0,True,107,2022-09-03T00:50:00-07:00,2022-09-03T06:00:00-07:00,5.166666666666667,PFMVEF_202209030750.txt,0.0,0.0
2022-09-04,107.0,2022-09-04 15:56:00-07:00,24,0.5,0.0,False,19.0,90.0,54.0,0.25,3.0,17.0,92.0,54.0,0.25,0.0,15.0,96.0,55.0,0.25,0.0,11.0,100.0,52.0,0.25,5.0,7.0,101.0,52.0,0.25,0.0,6.0,103.0,54.0,0.25,3.0,4.0,106.0,53.0,0.25,5.0,1.0,106.0,51.0,0.25,0.0,1.0,107.0,51.0,0.25,5.0,0.0,107.0,50.0,0.25,0.0,0.0,106.0,48.0,0.25,0.0,1.0,2022-09-04 15:56:00-07:00,15.933333333333334,0.25,0.0,0.0,0.25,0.0,0.0,476.0,0.25,0.0,0.12605042016806722,0.0,0.25,0.0,,,,,0.0,0.0,0.0,False,False,,,False,False,True,True,0.0,,70.0,0.0,False,,0.0,0.0,0.0,,55.0,True,6.0,5.0,5.0,1.0,False,3,108.0,4:30 PM,,YESTERDAY,2022-09-05T01:28:00-07:00,CLILAS_202209050828.txt,True,18.0,16.0,12.0,8.0,7.0,5.0,2.0,2.0,1.0,1.0,2.0,-1.0,True,107,2022-09-04T01:30:00-07:00,2022-09-04T06:00:00-07:00,4.5,PFMVEF_202209040830.txt,-1.0,1.0
2022-09-05,108.0,2022-09-05 15:56:00-07:00,24,0.875,0.0,False,,90.0,54.0,0.0,0.0,18.0,92.0,53.0,0.0,3.0,16.0,95.0,52.0,0.0,5.0,13.0,98.0,52.0,0.25,5.0,10.0,100.0,51.0,0.25,0.0,8.0,102.0,52.0,0.25,0.0,6.0,103.0,50.0,0.25,3.0,5.0,107.0,48.0,0.25,3.0,1.0,108.0,44.0,0.25,4.0,0.0,107.0,46.0,0.25,5.0,1.0,106.0,45.0,0.25,4.0,2.0,2022-09-05 15:56:00-07:00,15.933333333333334,0.1875,0.0,0.0,0.15756302521008403,0.0,0.0,476.0,0.25,0.0,0.15756302521008403,0.0,0.15756302521008403,0.0,,,,,0.0,0.0,0.0,False,False,,,False,False,False,False,0.0,,20.0,0.0,False,,0.0,0.0,0.0,,53.0,True,5.0,5.0,3.0,5.0,False,3,109.0,3:06 PM,,YESTERDAY,2022-09-06T01:24:00-07:00,CLILAS_202209060824.txt,True,19.0,17.0,14.0,11.0,9.0,7.0,6.0,2.0,1.0,2.0,3.0,-1.0,True,109,2022-09-05T00:45:00-07:00,2022-09-05T06:00:00-07:00,5.25,PFMVEF_202209050745.txt,0.0,0.0
2022-09-06,110.0,2022-09-06 15:56:00-07:00,24,0.875,0.0,False,,90.0,42.0,0.0,6.0,20.0,96.0,42.0,0.0,3.0,14.0,99.0,40.0,0.0,0.0,11.0,101.0,41.0,0.0,4.0,9.0,105.0,40.0,0.25,5.0,5.0,105.0,40.0,0.25,4.0,5.0,107.0,40.0,0.25,3.0,3.0,109.0,39.0,0.25,3.0,1.0,110.0,40.0,0.25,7.0,0.0,110.0,40.0,0.25,5.0,0.0,109.0,40.0,0.25,0.0,1.0,2022-09-06 15:56:00-07:00,15.933333333333334,0.15625,0.0,0.0,0.12605042016806722,0.0,0.0,476.0,0.25,0.0,0.12605042016806722,0.0,0.12605042016806722,0.0,,,,,0.0,0.0,0.0,False,False,,,False,False,False,True,0.0,,60.0,0.0,False,,0.0,0.0,0.0,,42.0,False,9.0,6.0,2.0,3.0,False,3,110.0,4:43 PM,,YESTERDAY,2022-09-07T01:22:00-07:00,CLILAS_202209070822.txt,True,20.0,14.0,11.0,9.0,5.0,5.0,3.0,1.0,0.0,0.0,1.0,0.0,True,110,2022-09-06T00:25:00-07:00,2022-09-06T06:00:00-07:00,5.583333333333333,PFMVEF_202209060725.txt,0.0,0.0
2022-09-07,107.0,2022-09-07 14:56:00-07:00,24,0.875,0.0,False,17.0,90.0,49.0,0.25,0.0,17.0,94.0,50.0,0.25,0.0,13.0,97.0,50.0,0.25,0.0,10.0,100.0,50.0,0.25,3.0,7.0,102.0,52.0,0.25,3.0,5.0,105.0,53.0,0.5,9.0,2.0,105.0,52.0,0.5,4.0,2.0,107.0,53.0,0.5,4.0,0.0,106.0,53.0,0.5,5.0,1.0,106.0,52.0,0.5,3.0,1.0,105.0,53.0,0.5,6.0,2.0,2022-09-07 14:56:00-07:00,14.933333333333334,0.35714285714285715,0.42857142857142855,0.0,0.32211538461538464,120.0,0.0,416.0,0.4166666666666667,120.0,0.036057692307692304,0.0,0.32211538461538464,120.0,,2022-09-07T12:56:00-07:00,,120.0,0.0,0.0,0.0,False,False,,,False,False,False,False,0.0,,120.0,0.0,False,,0.0,0.0,0.0,,53.0,True,7.0,5.0,3.0,1.0,False,4,107.0,4:17 PM,,YESTERDAY,2022-09-08T01:48:00-07:00,CLILAS_202209080848.txt,True,17.0,13.0,10.0,7.0,5.0,2.0,2.0,0.0,1.0,1.0,2.0,0.0,True,106,2022-09-07T01:45:00-07:00,2022-09-07T06:00:00-07:00,4.25,PFMVEF_202209070845.txt,-1.0,1.0
2022-09-08,105.0,2022-09-08 14:56:00-07:00,34,1.0,0.14,True,28.0,88.0,64.0,0.25,3.0,17.0,91.0,59.0,0.25,4.0,14.0,94.0,57.0,0.25,3.0,11.0,96.0,56.0,0.25,0.0,9.0,98.0,56.0,0.5,0.0,7.0,100.0,53.0,0.5,3.0,5.0,103.0,52.0,0.5,3.0,2.0,105.0,49.0,0.5,4.0,0.0,102.0,50.0,0.5,13.0,3.0,103.0,51.0,0.5,10.0,2.0,102.0,50.0,0.5,12.0,3.0,2022-09-08 14:56:00-07:00,14.933333333333334,0.39285714285714285,0.5714285714285714,0.0,0.3581730769230769,180.0,0.0,416.0,0.5,180.0,0.0,0.0,0.32211538461538464,120.0,,2022-09-08T11:56:00-07:00,,180.0,0.07,0.07,0.0,True,False,2022-09-08T05:49:00-07:00,547.0,True,False,True,True,0.0,,10.0,0.0,False,,0.0,0.0,0.0,,59.0,True,6.0,4.0,5.0,-1.0,False,5,105.0,1:59 PM,,YESTERDAY,2022-09-09T01:42:00-07:00,CLILAS_202209090842.txt,True,17.0,14.0,11.0,9.0,7.0,5.0,2.0,0.0,3.0,2.0,3.0,0.0,True,105,2022-09-08T04:30:00-07:00,2022-09-08T06:00:00-07:00,1.5,PFMVEF_202209081130.txt,0.0,0.0
2022-09-09,96.0,2022-09-09 12:56:00-07:00,27,1.0,0.0,False,24.0,88.0,52.0,0.875,3.0,8.0,90.0,52.0,0.875,3.0,6.0,91.0,54.0,0.875,7.0,5.0,94.0,57.0,0.875,7.0,2.0,94.0,56.0,0.875,10.0,2.0,96.0,56.0,0.875,10.0,0.0,95.0,57.0,0.875,9.0,1.0,95.0,57.0,0.875,12.0,1.0,95.0,57.0,1.0,9.0,1.0,93.0,57.0,1.0,12.0,3.0,92.0,57.0,1.0,12.0,4.0,2022-09-09 12:56:00-07:00,12.933333333333334,0.875,1.0,1.0,0.875,296.0,296.0,296.0,0.875,180.0,0.24662162162162163,116.0,0.875,296.0,17000.0,2022-09-09T08:56:00-07:00,2022-09-09T08:56:00-07:00,240.0,0.0,0.0,0.0,False,False,,,False,False,False,False,1.0,2022-09-09T11:26:00-07:00,40.0,18.0,False,,0.0,0.0,0.0,,57.0,True,3.0,3.0,1.0,0.0,False,6,96.0,2:22 PM,,YESTERDAY,2022-09-10T01:23:00-07:00,CLILAS_202209100823.txt,True,8.0,6.0,5.0,2.0,2.0,0.0,1.0,1.0,1.0,3.0,4.0,0.0,True,97,2022-09-09T03:45:00-07:00,2022-09-09T06:00:00-07:00,2.25,PFMVEF_202209091045.txt,1.0,1.0
2022-09-10,86.0,2022-09-10 14:56:00-07:00,24,1.0,0.0,False,17.0,78.0,61.0,1.0,9.0,8.0,76.0,64.0,0.875,5.0,10.0,77.0,64.0,0.875,10.0,9.0,79.0,64.0,0.875,8.0,7.0,81.0,63.0,0.875,3.0,5.0,84.0,62.0,0.875,6.0,2.0,85.0,64.0,0.875,10.0,1.0,86.0,63.0,0.875,14.0,0.0,83.0,63.0,0.875,19.0,3.0,83.0,56.0,0.875,8.0,3.0,85.0,56.0,0.875,4.0,1.0,2022-09-10 14:56:00-07:00,14.933333333333334,0.875,1.0,1.0,0.8918269230769231,416.0,416.0,416.0,0.875,180.0,0.6045673076923077,236.0,0.8918269230769231,416.0,7000.0,2022-09-10T08:56:00-07:00,2022-09-10T08:56:00-07:00,360.0,0.0,0.0,0.0,False,False,,,False,False,False,False,0.0,,120.0,0.0,False,,0.0,0.0,0.0,,64.0,True,-1.0,4.0,4.0,-2.0,False,4,87.0,2:27 PM,,YESTERDAY,2022-09-11T01:50:00-07:00,CLILAS_202209110850.txt,True,9.0,11.0,10.0,8.0,6.0,3.0,2.0,1.0,4.0,4.0,2.0,-1.0,True,89,2022-09-10T04:20:00-07:00,2022-09-10T06:00:00-07:00,1.6666666666666667,PFMVEF_202209101120.txt,2.0,2.0
2022-09-11,94.0,2022-09-11 14:56:00-07:00,28,1.0,0.0,True,20.0,78.0,57.0,0.25,0.0,16.0,80.0,58.0,0.5,0.0,14.0,83.0,57.0,0.5,3.0,11.0,85.0,55.0,0.5,0.0,9.0,88.0,55.0,0.875,3.0,6.0,88.0,55.0,0.875,3.0,6.0,90.0,54.0,0.875,0.0,4.0,94.0,52.0,0.5,5.0,0.0,93.0,49.0,0.5,4.0,1.0,94.0,49.0,0.5,0.0,0.0,94.0,49.0,0.25,4.0,0.0,2022-09-11 14:56:00-07:00,14.933333333333334,0.6607142857142857,1.0,0.42857142857142855,0.6286057692307693,360.0,180.0,416.0,0.875,180.0,0.21634615384615385,0.0,0.3581730769230769,180.0,22000.0,2022-09-11T08:56:00-07:00,2022-09-11T11:56:00-07:00,360.0,0.0,0.0,0.0,False,False,,,False,True,False,True,0.0,,0.0,0.0,False,,0.0,0.0,0.0,,58.0,True,5.0,5.0,2.0,3.0,False,4,95.0,4:31 PM,,YESTERDAY,2022-09-12T01:23:00-07:00,CLILAS_202209120823.txt,True,17.0,15.0,12.0,10.0,7.0,7.0,5.0,1.0,2.0,1.0,1.0,-1.0,True,95,2022-09-11T00:40:00-07:00,2022-09-11T06:00:00-07:00,5.333333333333333,PFMVEF_202209110740.txt,0.0,0.0
2022-09-12,85.0,2022-09-12 15:56:00-07:00,25,1.0,0.18000000000000002,False,26.0,70.0,66.0,0.875,0.0,15.0,72.0,66.0,0.875,0.0,13.0,74.0,65.0,0.875,4.0,11.0,76.0,65.0,0.875,6.0,9.0,79.0,64.0,0.5,3.0,6.0,83.0,59.0,0.5,6.0,2.0,83.0,58.0,0.875,3.0,2.0,84.0,59.0,0.875,4.0,1.0,85.0,58.0,0.875,5.0,0.0,85.0,57.0,0.5,4.0,0.0,84.0,57.0,0.5,4.0,1.0,2022-09-12 15:56:00-07:00,15.933333333333334,0.78125,1.0,0.75,0.7804621848739496,476.0,356.0,476.0,0.75,180.0,0.4180672268907563,236.0,0.7804621848739496,476.0,20000.0,2022-09-12T08:56:00-07:00,2022-09-12T08:56:00-07:00,420.0,0.16999999999999998,0.16999999999999998,0.0,True,False,2022-09-12T05:26:00-07:00,630.0,False,False,True,True,0.0,,90.0,0.0,False,,0.0,0.0,0.0,,66.0,True,4.0,5.0,4.0,2.0,False,3,86.0,2:49 PM,,YESTERDAY,2022-09-13T01:22:00-07:00,CLILAS_202209130822.txt,True,16.0,14.0,12.0,10.0,7.0,3.0,3.0,2.0,1.0,1.0,2.0,-1.0,True,88,2022-09-12T01:45:00-07:00,2022-09-12T06:00:00-07:00,4.25,PFMVEF_202209120845.txt,2.0,2.0
2022-09-13,91.0,2022-09-13 16:30:00-07:00,33,1.0,0.0,True,31.0,79.0,60.0,0.875,7.0,12.0,82.0,59.0,0.875,8.0,9.0,83.0,58.0,0.875,9.0,8.0,84.0,56.0,0.875,12.0,7.0,86.0,55.0,0.875,6.0,5.0,88.0,53.0,0.875,9.0,3.0,89.0,53.0,0.875,8.0,2.0,88.0,55.0,0.875,7.0,3.0,89.0,52.0,0.875,4.0,2.0,89.0,52.0,0.875,8.0,2.0,88.0,53.0,0.875,9.0,3.0,2022-09-13 16:30:00-07:00,16.5,0.875,1.0,1.0,0.875,510.0,510.0,510.0,0.875,180.0,0.257843137254902,116.0,0.875,510.0,11000.0,2022-09-13T08:56:00-07:00,2022-09-13T08:56:00-07:00,454.0,0.0,0.0,0.0,False,False,,,False,True,True,True,1.0,2022-09-13T14:56:00-07:00,40.0,21.0,False,,0.0,0.0,0.0,,59.0,True,4.0,3.0,3.0,0.0,False,5,91.0,3:37 PM,,YESTERDAY,2022-09-14T01:23:00-07:00,CLILAS_202209140823.txt,True,12.0,9.0,8.0,7.0,5.0,3.0,2.0,3.0,2.0,2.0,3.0,0.0,True,86,2022-09-13T04:50:00-07:00,2022-09-13T06:00:00-07:00,1.1666666666666667,PFMVEF_202209131150.txt,-5.0,5.0
2022-09-14,88.0,2022-09-14 17:56:00-07:00,26,1.0,0.0,False,22.0,69.0,58.0,0.5,3.0,19.0,73.0,58.0,0.25,5.0,15.0,75.0,57.0,0.25,5.0,13.0,78.0,58.0,0.25,7.0,10.0,78.0,57.0,0.25,9.0,10.0,80.0,58.0,0.25,8.0,8.0,82.0,58.0,0.25,9.0,6.0,86.0,58.0,0.25,11.0,2.0,87.0,56.0,0.5,10.0,1.0,87.0,57.0,0.5,3.0,1.0,88.0,44.0,0.25,11.0,0.0,2022-09-14 17:56:00-07:00,17.933333333333334,0.3125,0.25,0.0,0.3238255033557047,176.0,0.0,596.0,0.4166666666666667,120.0,0.27348993288590606,56.0,0.3238255033557047,176.0,,2022-09-14T15:56:00-07:00,,120.0,0.0,0.0,0.0,False,False,,,False,False,True,False,0.0,,170.0,17.0,False,,0.0,0.0,0.0,,58.0,True,6.0,3.0,4.0,5.0,False,1,90.0,4:19 PM,,YESTERDAY,2022-09-15T01:24:00-07:00,CLILAS_202209150824.txt,True,21.0,17.0,15.0,12.0,12.0,10.0,8.0,4.0,3.0,3.0,2.0,-2.0,True,88,2022-09-14T05:00:00-07:00,2022-09-14T06:00:00-07:00,1.0,PFMVEF_202209141200.txt,-2.0,2.0
2022-09-15,92.0,2022-09-15 16:33:00-07:00,27,0.875,0.0,False,19.0,76.0,58.0,0.25,0.0,16.0,78.0,58.0,0.25,0.0,14.0,81.0,58.0,0.25,4.0,11.0,82.0,58.0,0.25,4.0,10.0,85.0,56.0,0.5,0.0,7.0,88.0,54.0,0.5,5.0,4.0,89.0,52.0,0.5,3.0,3.0,90.0,49.0,0.5,9.0,2.0,91.0,49.0,0.25,8.0,1.0,92.0,45.0,0.25,8.0,0.0,91.0,43.0,0.25,10.0,1.0,2022-09-15 16:33:00-07:00,16.55,0.35,0.4,0.0,0.3669590643274854,240.0,0.0,513.0,0.4486111111111111,143.0,0.3669590643274854,240.0,0.3669590643274854,240.0,,2022-09-15T11:56:00-07:00,,277.0,0.0,0.0,0.0,False,False,,,False,False,False,False,0.0,,120.0,19.0,False,,0.0,0.0,0.0,,58.0,True,5.0,4.0,4.0,2.0,False,4,92.0,4:17 PM,,YESTERDAY,2022-09-16T01:21:00-07:00,CLILAS_202209160821.txt,True,16.0,14.0,11.0,10.0,7.0,4.0,3.0,2.0,1.0,0.0,1.0,0.0,True,90,2022-09-15T01:55:00-07:00,2022-09-15T06:00:00-07:00,4.083333333333333,PFMVEF_202209150855.txt,-2.0,2.0
2022-09-16,91.0,2022-09-16 16:04:00-07:00,27,0.25,0.0,False,18.0,75.0,38.0,0.25,3.0,16.0,78.0,42.0,0.25,4.0,13.0,83.0,39.0,0.25,4.0,8.0,83.0,39.0,0.25,0.0,8.0,87.0,41.0,0.25,0.0,4.0,89.0,41.0,0.25,3.0,2.0,90.0,42.0,0.25,6.0,1.0,90.0,42.0,0.25,0.0,1.0,90.0,42.0,0.25,3.0,1.0,91.0,41.0,0.25,8.0,0.0,90.0,39.0,0.25,10.0,1.0,2022-09-16 16:04:00-07:00,16.066666666666666,0.25,0.0,0.0,0.25,0.0,0.0,484.0,0.25,0.0,0.1590909090909091,0.0,0.1590909090909091,0.0,,,,,0.0,0.0,0.0,False,False,,,False,False,False,False,0.0,,20.0,18.0,False,,0.0,0.0,0.0,,42.0,False,8.0,4.0,3.0,0.0,False,4,92.0,3:02 PM,,YESTERDAY,2022-09-17T01:23:00-07:00,CLILAS_202209170823.txt,True,17.0,14.0,9.0,9.0,5.0,3.0,2.0,2.0,2.0,1.0,2.0,-1.0,True,91,2022-09-16T01:30:00-07:00,2022-09-16T06:00:00-07:00,4.5,PFMVEF_202209160830.txt,-1.0,1.0
2022-09-17,92.0,2022-09-17 13:56:00-07:00,26,0.25,0.0,False,20.0,75.0,38.0,0.0,0.0,17.0,78.0,38.0,0.0,0.0,14.0,83.0,39.0,0.0,4.0,9.0,85.0,38.0,0.25,7.0,7.0,88.0,38.0,0.25,4.0,4.0,89.0,36.0,0.25,6.0,3.0,92.0,30.0,0.25,5.0,0.0,92.0,30.9,0.25,5.0,0.0,92.0,32.0,0.25,5.0,0.0,91.0,32.0,0.25,9.0,1.0,90.0,25.0,0.25,10.0,2.0,2022-09-17 13:56:00-07:00,13.933333333333334,0.17857142857142858,0.0,0.0,0.12640449438202248,0.0,0.0,356.0,0.25,0.0,0.12640449438202248,0.0,0.12640449438202248,0.0,,,,,0.0,0.0,0.0,False,False,,,False,False,False,False,0.0,,80.0,19.0,False,,0.0,0.0,0.0,,39.0,False,8.0,5.0,4.0,0.0,False,6,93.0,3:46 PM,,YESTERDAY,2022-09-18T01:23:00-07:00,CLILAS_202209180823.txt,True,18.0,15.0,10.0,8.0,5.0,4.0,1.0,1.0,1.0,2.0,3.0,-1.0,True,92,2022-09-17T01:10:00-07:00,2022-09-17T06:00:00-07:00,4.833333333333333,PFMVEF_202209170810.txt,-1.0,1.0
2022-09-18,93.0,2022-09-18 14:56:00-07:00,24,0.0,0.0,False,23.0,74.0,39.0,0.0,3.0,19.0,78.0,37.0,0.0,7.0,15.0,80.0,38.0,0.0,3.0,13.0,85.0,42.0,0.0,7.0,8.0,87.0,37.0,0.0,6.0,6.0,90.0,30.9,0.0,8.0,3.0,92.0,27.0,0.0,8.0,1.0,93.0,25.0,0.0,10.0,0.0,93.0,26.1,0.0,9.0,0.0,92.0,24.1,0.0,10.0,1.0,91.0,23.0,0.0,14.0,2.0,2022-09-18 14:56:00-07:00,14.933333333333334,0.0,0.0,0.0,0.0,0.0,0.0,416.0,0.0,0.0,0.0,0.0,0.0,0.0,,,,,0.0,0.0,0.0,False,False,,,False,False,False,False,0.0,,50.0,22.0,False,,0.0,0.0,0.0,,42.0,False,6.0,7.0,5.0,1.0,False,4,94.0,2:42 PM,,YESTERDAY,2022-09-19T01:22:00-07:00,CLILAS_202209190822.txt,True,20.0,16.0,14.0,9.0,7.0,4.0,2.0,1.0,1.0,2.0,3.0,-1.0,True,93,2022-09-18T01:30:00-07:00,2022-09-18T06:00:00-07:00,4.5,PFMVEF_202209180830.txt,-1.0,1.0
2022-09-19,94.0,2022-09-19 15:56:00-07:00,24,0.5,0.0,False,19.0,75.0,30.9,0.0,5.0,19.0,79.0,33.0,0.0,7.0,15.0,82.0,37.0,0.0,9.0,12.0,85.0,39.0,0.0,6.0,9.0,87.0,39.0,0.0,5.0,7.0,89.0,39.0,0.0,4.0,5.0,91.0,38.0,0.0,3.0,3.0,93.0,33.0,0.0,7.0,1.0,94.0,26.1,0.25,14.0,0.0,94.0,27.0,0.25,7.0,0.0,92.0,26.1,0.25,8.0,2.0,2022-09-19 15:56:00-07:00,15.933333333333334,0.03125,0.0,0.0,0.0,0.0,0.0,476.0,0.0,0.0,0.0,0.0,0.0,0.0,,,,,0.0,0.0,0.0,False,False,,,False,False,False,False,0.0,,70.0,19.0,False,,0.0,0.0,0.0,,39.0,False,7.0,5.0,4.0,3.0,False,3,95.0,3:46 PM,,YESTERDAY,2022-09-20T01:27:00-07:00,CLILAS_202209200827.txt,True,20.0,16.0,13.0,10.0,8.0,6.0,4.0,2.0,1.0,1.0,3.0,-1.0,True,93,2022-09-19T01:25:00-07:00,2022-09-19T06:00:00-07:00,4.583333333333333,PFMVEF_202209190825.txt,-2.0,2.0
2022-09-20,94.0,2022-09-20 15:56:00-07:00,24,0.875,0.0,False,26.0,76.0,35.0,0.25,8.0,18.0,79.0,35.0,0.25,8.0,15.0,84.0,34.0,0.25,3.0,10.0,88.0,32.0,0.25,8.0,6.0,91.0,34.0,0.25,8.0,3.0,92.0,35.0,0.25,10.0,2.0,93.0,36.0,0.25,16.0,1.0,93.0,36.0,0.25,11.0,1.0,94.0,36.0,0.25,9.0,0.0,93.0,36.0,0.25,14.0,1.0,92.0,35.0,0.25,11.0,2.0,2022-09-20 15:56:00-07:00,15.933333333333334,0.25,0.0,0.0,0.25,0.0,0.0,476.0,0.25,0.0,0.06302521008403361,0.0,0.25,0.0,,,,,0.0,0.0,0.0,False,False,,,False,False,False,False,0.0,,20.0,26.0,False,,0.0,0.0,0.0,,36.0,False,8.0,7.0,2.0,1.0,False,3,95.0,1:29 PM,,YESTERDAY,2022-09-21T01:47:00-07:00,CLILAS_202209210847.txt,True,19.0,16.0,11.0,7.0,4.0,3.0,2.0,2.0,1.0,2.0,3.0,-1.0,True,94,2022-09-20T01:05:00-07:00,2022-09-20T06:00:00-07:00,4.916666666666667,PFMVEF_202209200805.txt,-1.0,1.0
2022-09-21,92.0,2022-09-21 12:56:00-07:00,24,0.5,0.0,False,28.0,78.0,42.0,0.25,0.0,14.0,82.0,45.0,0.25,8.0,10.0,85.0,47.0,0.25,9.0,7.0,89.0,44.0,0.0,12.0,3.0,91.0,42.0,0.25,11.0,1.0,92.0,38.0,0.25,13.0,0.0,91.0,39.0,0.25,13.0,1.0,91.0,39.0,0.25,14.0,1.0,90.0,33.0,0.25,15.0,2.0,89.0,33.0,0.25,14.0,3.0,88.0,34.0,0.25,10.0,4.0,2022-09-21 12:56:00-07:00,12.933333333333334,0.2,0.0,0.0,0.19932432432432431,0.0,0.0,296.0,0.16666666666666666,0.0,0.0,0.0,0.19932432432432431,0.0,,,,,0.0,0.0,0.0,False,False,,,False,False,False,False,0.0,,10.0,27.0,False,,0.0,0.0,0.0,,47.0,False,7.0,6.0,0.0,-1.0,True,6,93.0,1:32 PM,,YESTERDAY,2022-09-22T01:26:00-07:00,CLILAS_202209220826.txt,True,15.0,11.0,8.0,4.0,2.0,1.0,2.0,2.0,3.0,4.0,5.0,-1.0,True,91,2022-09-21T02:50:00-07:00,2022-09-21T06:00:00-07:00,3.1666666666666665,PFMVEF_202209210950.txt,-2.0,2.0
2022-09-22,92.0,2022-09-22 14:56:00-07:00,24,0.25,0.0,False,15.0,73.0,36.0,0.25,5.0,19.0,77.0,34.0,0.25,3.0,15.0,80.0,34.0,0.25,0.0,12.0,83.0,35.0,0.25,5.0,9.0,86.0,33.0,0.25,7.0,6.0,89.0,18.0,0.25,8.0,3.0,90.0,23.0,0.25,8.0,2.0,92.0,25.0,0.25,10.0,0.0,92.0,24.1,0.25,8.0,0.0,91.0,16.0,0.25,6.0,1.0,90.0,12.0,0.25,7.0,2.0,2022-09-22 14:56:00-07:00,14.933333333333334,0.25,0.0,0.0,0.25,0.0,0.0,416.0,0.25,0.0,0.25,0.0,0.25,0.0,,,,,0.0,0.0,0.0,False,False,,,False,False,False,False,0.0,,180.0,15.0,False,,0.0,0.0,0.0,,35.0,False,7.0,6.0,4.0,2.0,False,4,93.0,1:49 PM,,YESTERDAY,2022-09-23T01:28:00-07:00,CLILAS_202209230828.txt,True,20.0,16.0,13.0,10.0,7.0,4.0,3.0,1.0,1.0,2.0,3.0,-1.0,True,90,2022-09-22T01:15:00-07:00,2022-09-22T06:00:00-07:00,4.75,PFMVEF_202209220815.txt,-3.0,3.0
2022-09-23,92.0,2022-09-23 15:56:00-07:00,24,0.25,0.0,False,,71.0,19.0,0.25,5.0,21.0,76.0,19.0,0.25,0.0,16.0,81.0,21.9,0.25,3.0,11.0,85.0,21.9,0.25,9.0,7.0,85.0,24.1,0.25,3.0,7.0,87.0,23.0,0.25,4.0,5.0,89.0,24.1,0.25,5.0,3.0,91.0,32.0,0.25,3.0,1.0,92.0,38.0,0.25,3.0,0.0,92.0,38.0,0.25,5.0,0.0,91.0,38.0,0.25,3.0,1.0,2022-09-23 15:56:00-07:00,15.933333333333334,0.25,0.0,0.0,0.25,0.0,0.0,476.0,0.25,0.0,0.12605042016806722,0.0,0.12605042016806722,0.0,,,,,0.0,0.0,0.0,False,False,,,False,False,False,False,0.0,,100.0,0.0,False,,0.0,0.0,0.0,,38.0,False,10.0,4.0,4.0,3.0,False,3,93.0,3:55 PM,,YESTERDAY,2022-09-24T01:30:00-07:00,CLILAS_202209240830.txt,True,22.0,17.0,12.0,8.0,8.0,6.0,4.0,2.0,1.0,1.0,2.0,-1.0,True,93,2022-09-23T00:50:00-07:00,2022-09-23T06:00:00-07:00,5.166666666666667,PFMVEF_202209230750.txt,0.0,0.0
2022-09-24,95.0,2022-09-24 14:56:00-07:00,25,0.25,0.0,False,,76.0,34.0,0.25,0.0,19.0,80.0,30.9,0.25,0.0,15.0,83.0,30.9,0.25,3.0,12.0,85.0,30.9,0.25,3.0,10.0,89.0,28.0,0.25,5.0,6.0,90.0,27.0,0.25,4.0,5.0,94.0,27.0,0.25,5.0,1.0,95.0,28.0,0.25,7.0,0.0,95.0,30.0,0.25,3.0,0.0,94.0,38.0,0.25,4.0,1.0,93.0,37.0,0.25,3.0,2.0,2022-09-24 14:56:00-07:00,14.933333333333334,0.25,0.0,0.0,0.25,0.0,0.0,416.0,0.25,0.0,0.14182692307692307,0.0,0.25,0.0,,,,,0.0,0.0,0.0,False,False,,,False,False,False,False,1.0,2022-09-24T10:59:00-07:00,60.0,0.0,False,,0.0,0.0,0.0,,30.9,False,7.0,6.0,5.0,1.0,False,4,96.0,3:09 PM,,YESTERDAY,2022-09-25T01:24:00-07:00,CLILAS_202209250824.txt,True,20.0,16.0,13.0,11.0,7.0,6.0,2.0,1.0,1.0,2.0,3.0,-1.0,True,96,2022-09-24T00:30:00-07:00,2022-09-24T06:00:00-07:00,5.5,PFMVEF_202209240730.txt,0.0,0.0
2022-09-25,96.0,2022-09-25 14:56:00-07:00,24,0.25,0.0,False,,77.0,36.0,0.25,3.0,19.0,81.0,36.0,0.25,0.0,15.0,85.0,32.0,0.25,4.0,11.0,89.0,30.9,0.25,5.0,7.0,91.0,28.0,0.25,6.0,5.0,93.0,27.0,0.0,4.0,3.0,95.0,24.1,0.0,7.0,1.0,96.0,23.0,0.25,10.0,0.0,95.0,23.0,0.0,5.0,1.0,95.0,23.0,0.0,5.0,1.0,94.0,21.9,0.0,6.0,2.0,2022-09-25 14:56:00-07:00,14.933333333333334,0.17857142857142858,0.0,0.0,0.1778846153846154,0.0,0.0,416.0,0.08333333333333333,0.0,0.0,0.0,0.1778846153846154,0.0,,,,,0.0,0.0,0.0,False,False,,,False,False,False,False,0.0,,50.0,0.0,False,,0.0,0.0,0.0,,36.0,False,8.0,6.0,4.0,0.0,False,4,97.0,2:42 PM,,YESTERDAY,2022-09-26T01:27:00-07:00,CLILAS_202209260827.txt,True,20.0,16.0,12.0,8.0,6.0,4.0,2.0,1.0,2.0,2.0,3.0,-1.0,True,96,2022-09-25T01:05:00-07:00,2022-09-25T06:00:00-07:00,4.916666666666667,PFMVEF_202209250805.txt,-1.0,1.0
2022-09-26,96.0,2022-09-26 14:56:00-07:00,24,0.25,0.0,False,,75.0,26.1,0.0,0.0,21.0,81.0,26.1,0.0,0.0,15.0,84.0,26.1,0.0,3.0,12.0,88.0,27.0,0.0,3.0,8.0,91.0,26.1,0.0,3.0,5.0,94.0,26.1,0.0,7.0,2.0,94.0,26.1,0.0,0.0,2.0,96.0,26.1,0.0,4.0,0.0,96.0,28.0,0.25,6.0,0.0,96.0,28.0,0.25,3.0,0.0,95.0,27.0,0.25,3.0,1.0,2022-09-26 14:56:00-07:00,14.933333333333334,0.0,0.0,0.0,0.0,0.0,0.0,416.0,0.0,0.0,0.0,0.0,0.0,0.0,,,,,0.0,0.0,0.0,False,False,,,False,False,False,False,0.0,,30.0,0.0,False,,0.0,0.0,0.0,,27.0,False,9.0,7.0,3.0,2.0,False,4,97.0,4:12 PM,,YESTERDAY,2022-09-27T01:23:00-07:00,CLILAS_202209270823.txt,True,22.0,16.0,13.0,9.0,6.0,3.0,3.0,1.0,1.0,1.0,2.0,-1.0,True,97,2022-09-26T01:00:00-07:00,2022-09-26T06:00:00-07:00,5.0,PFMVEF_202209260800.txt,0.0,0.0
2022-09-27,96.0,2022-09-27 13:56:00-07:00,25,0.875,0.0,False,16.0,78.0,32.0,0.25,0.0,18.0,81.0,34.0,0.25,3.0,15.0,85.0,32.0,0.5,3.0,11.0,88.0,32.0,0.5,3.0,8.0,91.0,33.0,0.5,4.0,5.0,93.0,33.0,0.5,4.0,3.0,96.0,34.0,0.5,6.0,0.0,96.0,35.0,0.5,4.0,0.0,96.0,37.0,0.5,9.0,0.0,95.0,38.0,0.5,9.0,1.0,94.0,40.0,0.5,7.0,2.0,2022-09-27 13:56:00-07:00,13.933333333333334,0.4583333333333333,0.8333333333333334,0.0,0.41853932584269665,240.0,0.0,356.0,0.5,180.0,0.08426966292134831,0.0,0.25,0.0,,2022-09-27T09:56:00-07:00,,240.0,0.0,0.0,0.0,False,False,,,False,False,True,True,0.0,,40.0,0.0,False,,0.0,0.0,0.0,,34.0,False,7.0,6.0,5.0,0.0,False,6,97.0,3:31 PM,,YESTERDAY,2022-09-28T01:23:00-07:00,CLILAS_202209280823.txt,True,19.0,16.0,12.0,9.0,6.0,4.0,1.0,1.0,1.0,2.0,3.0,-1.0,True,95,2022-09-27T02:10:00-07:00,2022-09-27T06:00:00-07:00,3.8333333333333335,PFMVEF_202209270910.txt,-2.0,2.0
2022-09-28,89.0,2022-09-28 16:56:00-07:00,31,1.0,0.24,True,,74.0,65.0,0.875,6.0,15.0,74.0,63.0,0.875,10.0,15.0,79.0,60.0,0.875,6.0,10.0,81.0,58.0,0.5,3.0,8.0,85.0,58.0,0.5,10.0,4.0,87.0,57.0,0.5,9.0,2.0,86.0,55.0,0.5,13.0,3.0,87.0,53.0,0.5,12.0,2.0,87.0,54.0,0.5,9.0,2.0,89.0,53.0,0.5,3.0,0.0,88.0,53.0,0.5,4.0,1.0,2022-09-28 16:56:00-07:00,16.933333333333334,0.65625,1.0,0.4166666666666667,0.6231343283582089,536.0,176.0,536.0,0.5,180.0,0.4832089552238806,236.0,0.4832089552238806,236.0,11000.0,2022-09-28T08:56:00-07:00,2022-09-28T08:56:00-07:00,480.0,0.24,0.24,0.0,True,False,2022-09-28T06:56:00-07:00,600.0,True,False,True,True,1.0,2022-09-28T13:56:00-07:00,60.0,0.0,False,,0.0,0.0,0.0,,64.0,True,5.0,6.0,1.0,1.0,False,2,89.0,4:26 PM,,YESTERDAY,2022-09-29T01:21:00-07:00,CLILAS_202209290821.txt,True,15.0,15.0,10.0,8.0,4.0,2.0,3.0,2.0,2.0,0.0,1.0,0.0,True,96,2022-09-28T05:25:00-07:00,2022-09-28T06:00:00-07:00,0.5833333333333334,PFMVEF_202209281225.txt,7.0,7.0
2022-09-29,97.0,2022-09-29 16:02:00-07:00,26,0.875,0.0,False,19.0,77.0,55.0,0.25,3.0,20.0,79.0,55.0,0.25,0.0,18.0,83.0,54.0,0.25,5.0,14.0,85.0,53.0,0.5,3.0,12.0,88.0,55.0,0.875,6.0,9.0,92.0,55.0,0.5,7.0,5.0,95.0,53.0,0.5,10.0,2.0,95.0,52.0,0.5,6.0,2.0,97.0,41.0,0.5,5.0,0.0,97.0,38.0,0.5,8.0,0.0,94.0,39.0,0.5,11.0,3.0,2022-09-29 16:02:00-07:00,16.033333333333335,0.4875,0.8,0.1,0.4553941908713693,306.0,60.0,482.0,0.5,180.0,0.18983402489626555,0.0,0.18983402489626555,0.0,25000.0,2022-09-29T10:56:00-07:00,2022-09-29T11:56:00-07:00,306.0,0.0,0.0,0.0,False,False,,,False,False,True,False,0.0,,80.0,16.0,False,,0.0,0.0,0.0,,55.0,True,6.0,5.0,7.0,2.0,False,3,98.0,3:26 PM,,YESTERDAY,2022-09-30T01:21:00-07:00,CLILAS_202209300821.txt,True,21.0,19.0,15.0,13.0,10.0,6.0,3.0,3.0,1.0,1.0,4.0,-1.0,True,97,2022-09-29T01:05:00-07:00,2022-09-29T06:00:00-07:00,4.916666666666667,PFMVEF_202209290805.txt,-1.0,1.0
2022-09-30,95.0,2022-09-30 14:56:00-07:00,24,0.25,0.0,False,23.0,79.0,37.0,0.0,0.0,16.0,82.0,45.0,0.0,3.0,13.0,86.0,40.0,0.25,0.0,9.0,90.0,36.0,0.25,0.0,5.0,92.0,32.0,0.25,9.0,3.0,94.0,34.0,0.25,7.0,1.0,94.0,34.0,0.25,11.0,1.0,95.0,34.0,0.25,9.0,0.0,95.0,32.0,0.25,6.0,0.0,94.0,32.0,0.25,8.0,1.0,92.0,32.0,0.25,9.0,3.0,2022-09-30 14:56:00-07:00,14.933333333333334,0.21428571428571427,0.0,0.0,0.18028846153846154,0.0,0.0,416.0,0.25,0.0,0.0,0.0,0.18028846153846154,0.0,,,,,0.0,0.0,0.0,False,False,,,False,False,False,False,0.0,,30.0,23.0,False,,0.0,0.0,0.0,,45.0,False,7.0,6.0,2.0,1.0,False,4,95.0,3:14 PM,,YESTERDAY,2022-10-01T01:39:00-07:00,CLILAS_202210010839.txt,True,16.0,13.0,9.0,5.0,3.0,1.0,1.0,0.0,0.0,1.0,3.0,0.0,True,95,2022-09-30T01:10:00-07:00,2022-09-30T06:00:00-07:00,4.833333333333333,PFMVEF_202209300810.txt,0.0,0.0
2023-06-01,90.0,2023-06-01 13:56:00-07:00,24,0.5,0.0,False,19.0,73.0,38.0,0.25,3.0,17.0,75.0,38.0,0.25,0.0,15.0,79.0,40.0,0.25,6.0,11.0,83.0,39.0,0.25,4.0,7.0,85.0,37.0,0.25,5.0,5.0,88.0,36.0,0.25,7.0,2.0,90.0,35.0,0.5,7.0,0.0,89.0,36.0,0.5,13.0,1.0,90.0,35.0,0.5,10.0,0.0,89.0,34.0,0.5,5.0,1.0,89.0,34.0,0.5,4.0,1.0,2023-06-01 13:56:00-07:00,13.933333333333334,0.2916666666666667,0.16666666666666666,0.0,0.25,0.0,0.0,356.0,0.25,0.0,0.21067415730337077,0.0,0.25,0.0,,2023-06-01T13:56:00-07:00,,0.0,0.0,0.0,0.0,False,False,,,False,False,False,False,0.0,,20.0,0.0,False,,0.0,0.0,0.0,,40.0,False,6.0,6.0,5.0,0.0,False,5,91.0,1:34 PM,,YESTERDAY,2023-06-02T01:23:00-07:00,CLILAS_202306020823.txt,True,18.0,16.0,12.0,8.0,6.0,3.0,1.0,2.0,1.0,2.0,2.0,-1.0,True,92,2023-06-01T00:50:00-07:00,2023-06-01T06:00:00-07:00,5.166666666666667,PFMVEF_202306010750.txt,1.0,1.0
2023-06-02,93.0,2023-06-02 16:56:00-07:00,24,1.0,0.0,False,16.0,78.0,39.0,0.25,0.0,15.0,80.0,41.0,0.25,4.0,13.0,82.0,40.0,0.25,3.0,11.0,83.0,40.0,0.25,3.0,10.0,88.0,37.0,0.25,6.0,5.0,89.0,36.0,0.25,7.0,4.0,90.0,34.0,0.25,6.0,3.0,92.0,33.0,0.25,5.0,1.0,92.0,30.9,0.25,6.0,1.0,93.0,33.0,0.25,9.0,0.0,92.0,30.0,0.25,9.0,1.0,2023-06-02 16:56:00-07:00,16.933333333333334,0.25,0.0,0.0,0.25,0.0,0.0,536.0,0.25,0.0,0.25,0.0,0.25,0.0,,,,,0.0,0.0,0.0,False,False,,,False,False,False,False,0.0,,150.0,0.0,False,,0.0,0.0,0.0,,41.0,False,4.0,6.0,2.0,2.0,False,2,93.0,4:54 PM,,YESTERDAY,2023-06-03T01:23:00-07:00,CLILAS_202306030823.txt,True,15.0,13.0,11.0,10.0,5.0,4.0,3.0,1.0,1.0,0.0,1.0,0.0,True,94,2023-06-02T00:45:00-07:00,2023-06-02T06:00:00-07:00,5.25,PFMVEF_202306020745.txt,1.0,1.0
2023-06-03,96.0,2023-06-03 16:56:00-07:00,25,0.5,0.0,False,16.0,79.0,37.0,0.0,9.0,17.0,82.0,37.0,0.0,6.0,14.0,85.0,35.0,0.25,7.0,11.0,88.0,34.0,0.25,4.0,8.0,90.0,34.0,0.25,4.0,6.0,91.0,33.0,0.25,0.0,5.0,93.0,32.0,0.25,4.0,3.0,94.0,32.0,0.5,7.0,2.0,95.0,30.9,0.5,3.0,1.0,96.0,30.9,0.5,8.0,0.0,94.0,33.0,0.5,5.0,2.0,2023-06-03 16:56:00-07:00,16.933333333333334,0.325,0.4,0.0,0.251865671641791,120.0,0.0,536.0,0.4166666666666667,120.0,0.251865671641791,120.0,0.251865671641791,120.0,,2023-06-03T14:56:00-07:00,,120.0,0.0,0.0,0.0,False,False,,,False,False,False,False,0.0,,170.0,16.0,False,,0.0,0.0,0.0,,37.0,False,6.0,5.0,3.0,2.0,False,2,96.0,4:45 PM,,YESTERDAY,2023-06-04T01:22:00-07:00,CLILAS_202306040822.txt,True,17.0,14.0,11.0,8.0,6.0,5.0,3.0,2.0,1.0,0.0,2.0,0.0,True,97,2023-06-03T01:20:00-07:00,2023-06-03T06:00:00-07:00,4.666666666666667,PFMVEF_202306030820.txt,1.0,1.0
2023-06-04,96.0,2023-06-04 14:56:00-07:00,25,0.5,0.0,False,,81.0,36.0,0.25,4.0,15.0,84.0,37.0,0.25,4.0,12.0,86.0,37.0,0.25,6.0,10.0,88.0,37.0,0.25,0.0,8.0,90.0,37.0,0.25,4.0,6.0,93.0,37.0,0.25,3.0,3.0,95.0,35.0,0.25,4.0,1.0,96.0,34.0,0.25,7.0,0.0,95.0,34.0,0.5,6.0,1.0,96.0,34.0,0.5,4.0,0.0,96.0,30.0,0.5,3.0,0.0,2023-06-04 14:56:00-07:00,14.933333333333334,0.25,0.0,0.0,0.25,0.0,0.0,416.0,0.25,0.0,0.21634615384615385,0.0,0.25,0.0,,,,,0.0,0.0,0.0,False,False,,,False,False,True,True,0.0,,20.0,0.0,False,,0.0,0.0,0.0,,37.0,False,5.0,4.0,5.0,0.0,False,5,97.0,5:21 PM,,YESTERDAY,2023-06-05T01:28:00-07:00,CLILAS_202306050828.txt,True,16.0,13.0,11.0,9.0,7.0,4.0,2.0,1.0,2.0,1.0,1.0,-1.0,True,98,2023-06-04T00:45:00-07:00,2023-06-04T06:00:00-07:00,5.25,PFMVEF_202306040745.txt,1.0,1.0
2023-06-05,98.0,2023-06-05 15:56:00-07:00,24,0.875,0.0,False,23.0,83.0,38.0,0.25,5.0,15.0,85.0,38.0,0.25,6.0,13.0,88.0,38.0,0.25,4.0,10.0,91.0,37.0,0.25,8.0,7.0,93.0,37.0,0.5,3.0,5.0,95.0,35.0,0.25,7.0,3.0,97.0,28.9,0.25,9.0,1.0,97.0,27.0,0.25,14.0,1.0,98.0,30.9,0.25,12.0,0.0,97.0,27.0,0.25,12.0,1.0,95.0,21.9,0.25,14.0,3.0,2023-06-05 15:56:00-07:00,15.933333333333334,0.28125,0.125,0.0,0.2815126050420168,60.0,0.0,476.0,0.25,0.0,0.0,0.0,0.25,0.0,,2023-06-05T11:56:00-07:00,,240.0,0.0,0.0,0.0,False,False,,,False,False,False,False,0.0,,40.0,23.0,False,,0.0,0.0,0.0,,38.0,False,5.0,5.0,4.0,1.0,False,3,98.0,3:24 PM,,YESTERDAY,2023-06-06T01:35:00-07:00,CLILAS_202306060835.txt,True,15.0,13.0,10.0,7.0,5.0,3.0,1.0,1.0,0.0,1.0,3.0,0.0,True,99,2023-06-05T00:50:00-07:00,2023-06-05T06:00:00-07:00,5.166666666666667,PFMVEF_202306050750.txt,1.0,1.0
2023-06-06,90.0,2023-06-06 14:56:00-07:00,24,0.5,0.0,False,26.0,78.0,28.9,0.0,3.0,12.0,81.0,28.9,0.0,4.0,9.0,84.0,28.0,0.0,8.0,6.0,85.0,27.0,0.0,7.0,5.0,86.0,26.1,0.25,7.0,4.0,87.0,26.1,0.25,12.0,3.0,89.0,21.9,0.25,9.0,1.0,90.0,19.9,0.25,13.0,0.0,90.0,18.0,0.25,11.0,0.0,90.0,15.1,0.25,13.0,0.0,89.0,16.0,0.25,11.0,1.0,2023-06-06 14:56:00-07:00,14.933333333333334,0.14285714285714285,0.0,0.0,0.10817307692307693,0.0,0.0,416.0,0.25,0.0,0.0,0.0,0.10817307692307693,0.0,,,,,0.0,0.0,0.0,False,False,,,False,False,False,False,0.0,,90.0,26.0,False,,0.0,0.0,0.0,,28.9,False,6.0,2.0,3.0,1.0,False,4,91.0,3:19 PM,,YESTERDAY,2023-06-07T01:24:00-07:00,CLILAS_202306070824.txt,True,13.0,10.0,7.0,6.0,5.0,4.0,2.0,1.0,1.0,1.0,2.0,-1.0,True,91,2023-06-06T00:50:00-07:00,2023-06-06T06:00:00-07:00,5.166666666666667,PFMVEF_202306060750.txt,0.0,0.0
2023-06-07,81.0,2023-06-07 15:56:00-07:00,24,1.0,0.0,False,,72.0,38.0,0.875,5.0,9.0,72.0,40.0,0.875,7.0,9.0,74.0,39.0,1.0,5.0,7.0,76.0,37.0,1.0,4.0,5.0,77.0,38.0,1.0,8.0,4.0,75.0,41.0,1.0,8.0,6.0,78.0,38.0,0.875,6.0,3.0,79.0,37.0,0.875,0.0,2.0,81.0,36.0,0.875,6.0,0.0,81.0,36.0,0.875,9.0,0.0,79.0,38.0,0.875,6.0,2.0,2023-06-07 15:56:00-07:00,15.933333333333334,0.9375,1.0,1.0,0.9380252100840336,476.0,476.0,476.0,0.9166666666666666,180.0,0.4569327731092437,240.0,0.8644957983193278,420.0,9500.0,2023-06-07T08:56:00-07:00,2023-06-07T08:56:00-07:00,420.0,0.0,0.0,0.0,False,False,,,False,False,False,False,2.0,2023-06-07T12:56:00-07:00,170.0,0.0,False,,0.0,0.0,0.0,,41.0,False,2.0,3.0,1.0,3.0,False,3,82.0,3:42 PM,,YESTERDAY,2023-06-08T01:24:00-07:00,CLILAS_202306080824.txt,True,10.0,10.0,8.0,6.0,5.0,7.0,4.0,3.0,1.0,1.0,3.0,-1.0,True,84,2023-06-07T00:30:00-07:00,2023-06-07T06:00:00-07:00,5.5,PFMVEF_202306070730.txt,2.0,2.0
2023-06-08,86.0,2023-06-08 14:56:00-07:00,24,0.875,0.0,False,20.0,72.0,43.0,0.25,4.0,14.0,76.0,42.0,0.25,0.0,10.0,78.0,41.0,0.25,4.0,8.0,79.0,41.0,0.25,0.0,7.0,82.0,40.0,0.25,3.0,4.0,83.0,38.0,0.5,7.0,3.0,84.0,39.0,0.5,0.0,2.0,86.0,40.0,0.5,5.0,0.0,86.0,38.0,0.875,8.0,0.0,86.0,37.0,0.875,9.0,0.0,86.0,37.0,0.5,8.0,0.0,2023-06-08 14:56:00-07:00,14.933333333333334,0.35714285714285715,0.42857142857142855,0.0,0.32211538461538464,120.0,0.0,416.0,0.4166666666666667,120.0,0.32211538461538464,120.0,0.32211538461538464,120.0,,2023-06-08T12:56:00-07:00,,120.0,0.0,0.0,0.0,False,False,,,False,False,False,False,0.0,,120.0,20.0,False,,0.0,0.0,0.0,,42.0,False,6.0,4.0,2.0,2.0,False,4,87.0,5:06 PM,,YESTERDAY,2023-06-09T01:22:00-07:00,CLILAS_202306090822.txt,True,15.0,11.0,9.0,8.0,5.0,4.0,3.0,1.0,1.0,1.0,1.0,-1.0,True,89,2023-06-08T00:50:00-07:00,2023-06-08T06:00:00-07:00,5.166666666666667,PFMVEF_202306080750.txt,2.0,2.0
2023-06-09,90.0,2023-06-09 14:17:00-07:00,29,0.875,0.0,False,21.0,76.0,43.0,0.25,0.0,14.0,79.0,39.0,0.25,0.0,11.0,82.0,40.0,0.5,0.0,8.0,86.0,40.0,0.5,5.0,4.0,88.0,38.0,0.25,6.0,2.0,89.0,37.0,0.25,0.0,1.0,89.0,37.0,0.25,9.0,1.0,90.0,36.0,0.5,5.0,0.0,90.0,36.0,0.5,9.0,0.0,90.0,36.0,0.5,4.0,0.0,89.0,36.0,0.5,7.0,1.0,2023-06-09 14:17:00-07:00,14.283333333333333,0.35,0.4,0.0,0.33421750663129973,127.0,0.0,377.0,0.3138888888888889,46.0,0.20954907161803712,7.0,0.2546419098143236,7.0,,2023-06-09T09:56:00-07:00,,261.0,0.0,0.0,0.0,False,False,,,False,False,False,False,1.0,2023-06-09T12:07:00-07:00,50.0,15.0,False,,0.0,0.0,0.0,,40.0,False,6.0,6.0,1.0,1.0,False,5,91.0,3:52 PM,,YESTERDAY,2023-06-10T01:30:00-07:00,CLILAS_202306100830.txt,True,15.0,12.0,9.0,5.0,3.0,2.0,2.0,1.0,1.0,1.0,2.0,-1.0,True,92,2023-06-09T01:10:00-07:00,2023-06-09T06:00:00-07:00,4.833333333333333,PFMVEF_202306090810.txt,1.0,1.0
2023-06-10,91.0,2023-06-10 14:56:00-07:00,25,1.0,0.0,False,19.0,78.0,36.0,0.875,3.0,13.0,80.0,37.0,0.875,0.0,11.0,83.0,37.0,0.875,3.0,8.0,86.0,37.0,0.875,4.0,5.0,89.0,32.0,0.875,7.0,2.0,89.0,30.9,0.875,9.0,2.0,89.0,33.0,0.875,7.0,2.0,91.0,28.9,0.875,7.0,0.0,91.0,28.9,0.875,8.0,0.0,90.0,32.0,1.0,6.0,1.0,89.0,30.9,1.0,8.0,2.0,2023-06-10 14:56:00-07:00,14.933333333333334,0.875,1.0,1.0,0.875,416.0,416.0,416.0,0.875,180.0,0.18028846153846154,0.0,0.7307692307692307,356.0,20000.0,2023-06-10T08:56:00-07:00,2023-06-10T08:56:00-07:00,360.0,0.0,0.0,0.0,False,False,,,False,False,False,False,1.0,2023-06-10T13:58:00-07:00,50.0,19.0,False,,0.0,0.0,0.0,,37.0,False,5.0,6.0,0.0,2.0,True,4,92.0,2:46 PM,,YESTERDAY,2023-06-11T01:29:00-07:00,CLILAS_202306110829.txt,True,14.0,12.0,9.0,6.0,3.0,3.0,3.0,1.0,1.0,2.0,3.0,-1.0,True,93,2023-06-10T03:05:00-07:00,2023-06-10T06:00:00-07:00,2.9166666666666665,PFMVEF_202306101005.txt,1.0,1.0
2023-06-11,84.0,2023-06-11 12:56:00-07:00,27,0.875,0.0,True,23.0,74.0,33.0,0.875,3.0,10.0,78.0,35.0,0.875,4.0,6.0,79.0,34.0,0.875,4.0,5.0,80.0,30.0,0.875,8.0,4.0,83.0,30.9,0.875,7.0,1.0,84.0,28.9,0.875,12.0,0.0,84.0,28.0,0.875,13.0,0.0,82.0,38.0,0.875,9.0,2.0,80.0,39.0,0.875,8.0,4.0,80.0,38.0,0.875,11.0,4.0,78.0,38.0,0.875,15.0,6.0,2023-06-11 12:56:00-07:00,12.933333333333334,0.875,1.0,1.0,0.875,296.0,296.0,296.0,0.875,180.0,0.25,0.0,0.6469594594594594,296.0,16000.0,2023-06-11T08:56:00-07:00,2023-06-11T08:56:00-07:00,240.0,0.0,0.0,0.0,False,False,,,False,True,True,True,0.0,,40.0,21.0,False,,0.0,0.0,0.0,,35.0,False,5.0,4.0,1.0,-4.0,False,9,86.0,12:43 PM,,YESTERDAY,2023-06-12T01:35:00-07:00,CLILAS_202306120835.txt,True,12.0,8.0,7.0,6.0,3.0,2.0,2.0,4.0,6.0,6.0,8.0,-2.0,True,86,2023-06-11T01:05:00-07:00,2023-06-11T06:00:00-07:00,4.916666666666667,PFMVEF_202306110805.txt,0.0,0.0
2023-06-12,84.0,2023-06-12 15:56:00-07:00,28,0.875,0.0,True,18.0,73.0,43.0,0.875,6.0,11.0,75.0,43.0,0.5,10.0,9.0,75.0,45.0,0.5,3.0,9.0,77.0,45.0,0.875,3.0,7.0,76.0,44.0,0.875,3.0,8.0,79.0,45.0,0.5,3.0,5.0,80.0,42.0,0.5,4.0,4.0,83.0,41.0,0.5,3.0,1.0,84.0,41.0,0.5,3.0,0.0,83.0,43.0,0.5,10.0,1.0,83.0,41.0,0.5,4.0,1.0,2023-06-12 15:56:00-07:00,15.933333333333334,0.59375,1.0,0.25,0.6386554621848739,476.0,176.0,476.0,0.5,180.0,0.3581932773109244,116.0,0.5283613445378151,356.0,12000.0,2023-06-12T08:56:00-07:00,2023-06-12T10:56:00-07:00,420.0,0.0,0.0,0.0,False,False,,,True,True,True,True,1.0,2023-06-12T11:56:00-07:00,0.0,0.0,False,,0.0,0.0,0.0,,45.0,False,2.0,1.0,4.0,4.0,False,6,85.0,3:27 PM,,YESTERDAY,2023-06-13T01:29:00-07:00,CLILAS_202306130829.txt,True,12.0,10.0,10.0,8.0,9.0,6.0,5.0,2.0,1.0,2.0,2.0,-1.0,True,85,2023-06-12T01:15:00-07:00,2023-06-12T06:00:00-07:00,4.75,PFMVEF_202306120815.txt,0.0,0.0
2023-06-13,91.0,2023-06-13 15:56:00-07:00,24,0.5,0.0,False,,74.0,45.0,0.25,0.0,17.0,78.0,45.0,0.25,3.0,13.0,81.0,44.0,0.25,5.0,10.0,83.0,44.0,0.25,5.0,8.0,86.0,43.0,0.25,6.0,5.0,87.0,40.0,0.25,4.0,4.0,88.0,39.0,0.25,4.0,3.0,90.0,40.0,0.25,7.0,1.0,91.0,39.0,0.25,4.0,0.0,90.0,38.0,0.25,4.0,1.0,89.0,38.0,0.5,4.0,2.0,2023-06-13 15:56:00-07:00,15.933333333333334,0.25,0.0,0.0,0.25,0.0,0.0,476.0,0.25,0.0,0.22058823529411764,0.0,0.22058823529411764,0.0,,,,,0.0,0.0,0.0,False,False,,,False,False,False,False,0.0,,180.0,0.0,False,,0.0,0.0,0.0,,45.0,False,7.0,5.0,2.0,3.0,False,3,92.0,2:50 PM,,YESTERDAY,2023-06-14T01:27:00-07:00,CLILAS_202306140827.txt,True,18.0,14.0,11.0,9.0,6.0,5.0,4.0,2.0,1.0,2.0,3.0,-1.0,True,92,2023-06-13T01:05:00-07:00,2023-06-13T06:00:00-07:00,4.916666666666667,PFMVEF_202306130805.txt,0.0,0.0
2023-06-14,94.0,2023-06-14 14:56:00-07:00,25,0.875,0.0,False,27.0,80.0,41.0,0.25,4.0,14.0,84.0,42.0,0.25,4.0,10.0,85.0,41.0,0.25,0.0,9.0,89.0,39.0,0.25,6.0,5.0,91.0,40.0,0.25,0.0,3.0,92.0,39.0,0.5,7.0,2.0,90.0,39.0,0.5,7.0,4.0,94.0,38.0,0.5,7.0,0.0,91.0,45.0,0.875,19.0,3.0,89.0,44.0,0.875,15.0,5.0,90.0,44.0,0.875,13.0,4.0,2023-06-14 14:56:00-07:00,14.933333333333334,0.375,0.5,0.0,0.32211538461538464,120.0,0.0,416.0,0.4166666666666667,120.0,0.2860576923076923,60.0,0.2860576923076923,60.0,,2023-06-14T12:56:00-07:00,,120.0,0.0,0.0,0.0,False,False,,,False,False,True,True,2.0,2023-06-14T13:56:00-07:00,40.0,17.0,False,,0.0,0.0,0.0,,42.0,False,5.0,6.0,-1.0,1.0,True,4,94.0,2:06 PM,,YESTERDAY,2023-06-15T01:22:00-07:00,CLILAS_202306150822.txt,True,14.0,10.0,9.0,5.0,3.0,2.0,4.0,0.0,3.0,5.0,4.0,0.0,True,94,2023-06-14T03:20:00-07:00,2023-06-14T06:00:00-07:00,2.6666666666666665,PFMVEF_202306141020.txt,0.0,0.0
2023-06-15,95.0,2023-06-15 17:56:00-07:00,29,1.0,0.0,True,33.0,82.0,46.0,0.875,0.0,13.0,83.0,45.0,0.875,0.0,12.0,85.0,45.0,0.875,3.0,10.0,87.0,45.0,0.875,0.0,8.0,90.0,45.0,0.875,4.0,5.0,88.0,49.0,0.875,5.0,7.0,93.0,45.0,0.875,0.0,2.0,94.0,44.0,0.875,6.0,1.0,94.0,42.0,0.875,6.0,1.0,94.0,41.0,0.875,8.0,1.0,95.0,40.0,0.875,9.0,0.0,2023-06-15 17:56:00-07:00,17.933333333333334,0.875,1.0,1.0,0.875,596.0,596.0,596.0,0.875,180.0,0.800755033557047,596.0,0.875,596.0,11000.0,2023-06-15T08:56:00-07:00,2023-06-15T08:56:00-07:00,540.0,0.0,0.0,0.0,False,False,,,True,False,True,True,2.0,2023-06-15T12:56:00-07:00,110.0,22.0,False,,0.0,0.0,0.0,,51.0,True,3.0,5.0,3.0,1.0,False,1,96.0,4:09 PM,,YESTERDAY,2023-06-16T01:24:00-07:00,CLILAS_202306160824.txt,True,14.0,13.0,11.0,9.0,6.0,8.0,3.0,2.0,2.0,2.0,1.0,-1.0,True,95,2023-06-15T01:35:00-07:00,2023-06-15T06:00:00-07:00,4.416666666666667,PFMVEF_202306150835.txt,-1.0,1.0
2023-06-16,82.0,2023-06-16 16:56:00-07:00,27,1.0,0.46,False,28.0,64.0,58.0,0.875,10.0,18.0,66.0,58.0,1.0,9.0,16.0,68.0,57.0,1.0,8.0,14.0,70.0,56.0,0.875,9.0,12.0,71.0,54.0,0.875,3.0,11.0,74.0,55.0,0.875,5.0,8.0,75.0,53.0,0.875,7.0,7.0,78.0,53.0,0.5,3.0,4.0,79.0,52.0,0.5,4.0,3.0,82.0,50.0,0.5,7.0,0.0,82.0,48.0,0.25,7.0,0.0,2023-06-16 16:56:00-07:00,16.933333333333334,0.7875,1.0,0.7,0.8190298507462687,536.0,416.0,536.0,0.625,180.0,0.7630597014925373,416.0,0.7630597014925373,416.0,9500.0,2023-06-16T08:56:00-07:00,2023-06-16T08:56:00-07:00,480.0,0.2,0.2,0.0,True,False,2023-06-16T04:56:00-07:00,720.0,False,False,False,True,0.0,,100.0,0.0,False,,0.0,0.0,0.0,,58.0,True,4.0,3.0,4.0,4.0,False,2,83.0,4:50 PM,,YESTERDAY,2023-06-17T01:45:00-07:00,CLILAS_202306170845.txt,True,19.0,17.0,15.0,13.0,12.0,9.0,8.0,5.0,4.0,1.0,1.0,-1.0,True,87,2023-06-16T02:35:00-07:00,2023-06-16T06:00:00-07:00,3.4166666666666665,PFMVEF_202306160935.txt,4.0,4.0
2023-06-17,96.0,2023-06-17 15:56:00-07:00,25,0.25,0.0,False,19.0,76.0,52.0,0.0,4.0,20.0,78.0,51.0,0.0,3.0,18.0,82.0,49.0,0.25,3.0,14.0,84.0,50.0,0.25,4.0,12.0,88.0,50.0,0.25,4.0,8.0,92.0,49.0,0.25,5.0,4.0,93.0,47.0,0.25,3.0,3.0,95.0,42.0,0.25,6.0,1.0,96.0,40.0,0.25,4.0,0.0,96.0,40.0,0.25,9.0,0.0,96.0,36.0,0.25,11.0,0.0,2023-06-17 15:56:00-07:00,15.933333333333334,0.2222222222222222,0.0,0.0,0.18907563025210083,0.0,0.0,476.0,0.25,0.0,0.18907563025210083,0.0,0.18907563025210083,0.0,,,,,0.0,0.0,0.0,False,False,,,False,False,False,False,0.0,,100.0,16.0,False,,0.0,0.0,0.0,,51.0,True,6.0,6.0,5.0,3.0,False,3,98.0,2:51 PM,,YESTERDAY,2023-06-18T01:25:00-07:00,CLILAS_202306180825.txt,True,22.0,20.0,16.0,14.0,10.0,6.0,5.0,3.0,2.0,2.0,2.0,-2.0,True,97,2023-06-17T00:40:00-07:00,2023-06-17T06:00:00-07:00,5.333333333333333,PFMVEF_202306170740.txt,-1.0,1.0
2023-06-18,97.0,2023-06-18 15:56:00-07:00,24,0.25,0.0,False,33.0,85.0,45.0,0.25,9.0,12.0,87.0,44.0,0.25,12.0,10.0,88.0,44.0,0.25,13.0,9.0,92.0,42.0,0.25,11.0,5.0,93.0,42.0,0.25,12.0,4.0,95.0,35.0,0.25,12.0,2.0,95.0,36.0,0.25,12.0,2.0,96.0,39.0,0.25,13.0,1.0,97.0,38.0,0.25,14.0,0.0,97.0,37.0,0.25,13.0,0.0,96.0,36.0,0.25,18.0,1.0,2023-06-18 15:56:00-07:00,15.933333333333334,0.25,0.0,0.0,0.25,0.0,0.0,476.0,0.25,0.0,0.0,0.0,0.0,0.0,,,,,0.0,0.0,0.0,False,False,,,False,False,False,False,0.0,,30.0,33.0,False,,0.0,0.0,0.0,,44.0,False,3.0,5.0,2.0,2.0,False,3,98.0,3:36 PM,,YESTERDAY,2023-06-19T01:28:00-07:00,CLILAS_202306190828.txt,True,13.0,11.0,10.0,6.0,5.0,3.0,3.0,2.0,1.0,1.0,2.0,-1.0,True,98,2023-06-18T00:35:00-07:00,2023-06-18T06:00:00-07:00,5.416666666666667,PFMVEF_202306180735.txt,0.0,0.0
2023-06-19,93.0,2023-06-19 14:56:00-07:00,24,1.0,0.0,False,36.0,80.0,46.0,0.25,10.0,13.0,83.0,45.0,0.25,12.0,10.0,86.0,44.0,0.25,19.0,7.0,88.0,44.0,0.25,22.0,5.0,89.0,43.0,0.25,17.0,4.0,91.0,42.0,0.25,20.0,2.0,92.0,41.0,0.25,23.0,1.0,93.0,42.0,0.25,18.0,0.0,92.0,42.0,0.25,20.0,1.0,93.0,41.0,0.25,13.0,0.0,92.0,40.0,0.25,19.0,1.0,2023-06-19 14:56:00-07:00,14.933333333333334,0.25,0.0,0.0,0.25,0.0,0.0,416.0,0.25,0.0,0.036057692307692304,0.0,0.25,0.0,,,,,0.0,0.0,0.0,False,False,,,False,False,False,False,0.0,,30.0,36.0,False,,0.0,0.0,0.0,,45.0,False,6.0,3.0,3.0,0.0,False,4,93.0,4:36 PM,,YESTERDAY,2023-06-20T01:32:00-07:00,CLILAS_202306200832.txt,True,13.0,10.0,7.0,5.0,4.0,2.0,1.0,0.0,1.0,0.0,1.0,0.0,True,93,2023-06-19T00:35:00-07:00,2023-06-19T06:00:00-07:00,5.416666666666667,PFMVEF_202306190735.txt,0.0,0.0
2023-06-20,92.0,2023-06-20 14:56:00-07:00,28,1.0,0.0,False,38.0,74.0,24.1,0.0,8.0,18.0,77.0,21.0,0.0,11.0,15.0,80.0,17.1,0.25,7.0,12.0,81.0,17.1,0.25,6.0,11.0,84.0,17.1,0.25,3.0,8.0,87.0,14.0,0.25,12.0,5.0,91.0,10.9,0.5,12.0,1.0,92.0,8.1,0.5,12.0,0.0,90.0,8.1,0.25,13.0,2.0,91.0,6.0,0.25,13.0,1.0,90.0,6.0,0.5,11.0,2.0,2023-06-20 14:56:00-07:00,14.933333333333334,0.28125,0.25,0.0,0.21634615384615385,60.0,0.0,416.0,0.3333333333333333,60.0,0.0,0.0,0.07211538461538461,0.0,,2023-06-20T13:56:00-07:00,,60.0,0.0,0.0,0.0,False,False,,,False,False,False,False,0.0,,60.0,23.0,False,,0.0,0.0,0.0,,21.0,False,6.0,4.0,7.0,-1.0,False,6,92.0,3:38 PM,,YESTERDAY,2023-06-21T01:35:00-07:00,CLILAS_202306210835.txt,True,18.0,15.0,12.0,11.0,8.0,5.0,1.0,0.0,2.0,1.0,2.0,0.0,True,91,2023-06-20T00:25:00-07:00,2023-06-20T06:00:00-07:00,5.583333333333333,PFMVEF_202306200725.txt,-1.0,1.0
2023-06-21,94.0,2023-06-21 15:56:00-07:00,24,0.875,0.0,False,18.0,77.0,30.0,0.25,6.0,17.0,81.0,26.1,0.25,6.0,13.0,83.0,19.9,0.25,6.0,11.0,87.0,19.0,0.25,9.0,7.0,87.0,16.0,0.25,8.0,7.0,89.0,19.0,0.25,7.0,5.0,90.0,10.9,0.25,6.0,4.0,93.0,9.0,0.25,9.0,1.0,94.0,10.0,0.25,8.0,0.0,94.0,9.0,0.5,5.0,0.0,94.0,9.0,0.5,13.0,0.0,2023-06-21 15:56:00-07:00,15.933333333333334,0.25,0.0,0.0,0.25,0.0,0.0,476.0,0.25,0.0,0.0,0.0,0.25,0.0,,,,,0.0,0.0,0.0,False,False,,,False,False,False,False,0.0,,60.0,15.0,False,,0.0,0.0,0.0,,26.1,False,6.0,4.0,3.0,4.0,False,3,95.0,4:10 PM,,YESTERDAY,2023-06-22T01:32:00-07:00,CLILAS_202306220832.txt,True,18.0,14.0,12.0,8.0,8.0,6.0,5.0,2.0,1.0,1.0,1.0,-1.0,True,94,2023-06-21T00:35:00-07:00,2023-06-21T06:00:00-07:00,5.416666666666667,PFMVEF_202306210735.txt,-1.0,1.0
2023-06-22,93.0,2023-06-22 13:56:00-07:00,24,0.875,0.0,False,24.0,77.0,34.0,0.875,6.0,16.0,80.0,32.0,0.875,7.0,13.0,83.0,27.0,0.875,8.0,10.0,86.0,26.1,0.5,9.0,7.0,89.0,21.9,0.25,10.0,4.0,91.0,15.1,0.25,10.0,2.0,93.0,12.9,0.25,10.0,0.0,93.0,7.0,0.25,12.0,0.0,93.0,9.0,0.25,13.0,0.0,92.0,9.0,0.0,9.0,1.0,92.0,7.0,0.25,14.0,1.0,2023-06-22 13:56:00-07:00,13.933333333333334,0.5,0.5,0.3333333333333333,0.601123595505618,236.0,176.0,356.0,0.3333333333333333,60.0,0.0,0.0,0.16573033707865167,0.0,25000.0,2023-06-22T08:56:00-07:00,2023-06-22T08:56:00-07:00,300.0,0.0,0.0,0.0,False,False,,,False,False,False,False,0.0,,60.0,24.0,False,,0.0,0.0,0.0,,32.0,False,6.0,6.0,4.0,0.0,False,5,94.0,2:58 PM,,YESTERDAY,2023-06-23T01:33:00-07:00,CLILAS_202306230833.txt,True,17.0,14.0,11.0,8.0,5.0,3.0,1.0,1.0,1.0,2.0,2.0,-1.0,True,94,2023-06-22T00:45:00-07:00,2023-06-22T06:00:00-07:00,5.25,PFMVEF_202306220745.txt,0.0,0.0
2023-06-23,90.0,2023-06-23 18:56:00-07:00,25,0.5,0.0,False,32.0,71.0,27.0,0.5,11.0,19.0,74.0,25.0,0.5,8.0,16.0,76.0,25.0,0.5,8.0,14.0,77.0,26.1,0.5,5.0,13.0,79.0,24.1,0.25,5.0,11.0,82.0,21.9,0.25,3.0,8.0,85.0,21.0,0.0,0.0,5.0,86.0,18.0,0.0,4.0,4.0,89.0,17.1,0.0,7.0,1.0,89.0,17.1,0.0,7.0,1.0,89.0,17.1,0.0,5.0,1.0,2023-06-23 18:56:00-07:00,18.933333333333334,0.1875,0.25,0.0,0.22560975609756098,236.0,0.0,656.0,0.0,0.0,0.0,0.0,0.22560975609756098,236.0,,2023-06-23T08:56:00-07:00,,600.0,0.0,0.0,0.0,False,False,,,False,False,False,False,0.0,,100.0,16.0,False,,0.0,0.0,0.0,,26.1,False,5.0,3.0,6.0,4.0,False,0,91.0,3:15 PM,,YESTERDAY,2023-06-24T01:22:00-07:00,CLILAS_202306240822.txt,True,20.0,17.0,15.0,14.0,12.0,9.0,6.0,5.0,2.0,2.0,2.0,-1.0,True,89,2023-06-23T02:20:00-07:00,2023-06-23T06:00:00-07:00,3.6666666666666665,PFMVEF_202306230920.txt,-2.0,2.0
2023-06-24,95.0,2023-06-24 15:56:00-07:00,27,0.5,0.0,False,22.0,77.0,24.1,0.5,0.0,18.0,79.0,26.1,0.5,0.0,16.0,83.0,23.0,0.5,3.0,12.0,85.0,21.9,0.5,0.0,10.0,88.0,21.0,0.5,5.0,7.0,90.0,19.9,0.25,,5.0,90.0,18.0,0.5,5.0,5.0,93.0,15.1,0.5,9.0,2.0,95.0,12.0,0.5,10.0,0.0,95.0,10.9,0.5,11.0,0.0,95.0,12.9,0.25,3.0,0.0,2023-06-24 15:56:00-07:00,15.933333333333334,0.4444444444444444,0.7777777777777778,0.0,0.4684873949579832,416.0,0.0,476.0,0.4166666666666667,120.0,0.06302521008403361,0.0,0.4684873949579832,416.0,,2023-06-24T08:56:00-07:00,,420.0,0.0,0.0,0.0,False,False,,,False,False,False,False,1.0,2023-06-24T13:56:00-07:00,50.0,19.0,False,,0.0,0.0,0.0,,26.1,False,6.0,5.0,2.0,5.0,False,3,96.0,5:14 PM,,YESTERDAY,2023-06-25T01:22:00-07:00,CLILAS_202306250822.txt,True,19.0,17.0,13.0,11.0,8.0,6.0,6.0,3.0,1.0,1.0,1.0,-1.0,True,95,2023-06-24T00:50:00-07:00,2023-06-24T06:00:00-07:00,5.166666666666667,PFMVEF_202306240750.txt,-1.0,1.0
2023-06-25,97.0,2023-06-25 15:56:00-07:00,24,0.0,0.0,False,24.0,79.0,24.1,0.0,9.0,18.0,82.0,24.1,0.0,5.0,15.0,85.0,21.9,0.0,13.0,12.0,89.0,18.0,0.0,7.0,8.0,91.0,15.1,0.0,13.0,6.0,94.0,10.9,0.0,15.0,3.0,95.0,9.0,0.0,11.0,2.0,96.0,8.1,0.0,12.0,1.0,97.0,10.0,0.0,11.0,0.0,96.0,9.0,0.0,10.0,1.0,95.0,9.0,0.0,12.0,2.0,2023-06-25 15:56:00-07:00,15.933333333333334,0.0,0.0,0.0,0.0,0.0,0.0,476.0,0.0,0.0,0.0,0.0,0.0,0.0,,,,,0.0,0.0,0.0,False,False,,,False,False,False,False,0.0,,70.0,24.0,False,,0.0,0.0,0.0,,24.1,False,6.0,6.0,4.0,2.0,False,3,97.0,3:23 PM,,YESTERDAY,2023-06-26T01:22:00-07:00,CLILAS_202306260822.txt,True,18.0,15.0,12.0,8.0,6.0,3.0,2.0,1.0,0.0,1.0,2.0,0.0,True,98,2023-06-25T00:45:00-07:00,2023-06-25T06:00:00-07:00,5.25,PFMVEF_202306250745.txt,1.0,1.0
2023-06-26,95.0,2023-06-26 14:56:00-07:00,24,0.25,0.0,False,27.0,79.0,30.0,0.0,11.0,16.0,82.0,28.9,0.0,11.0,13.0,86.0,26.1,0.0,7.0,9.0,89.0,19.9,0.0,11.0,6.0,91.0,19.9,0.0,10.0,4.0,94.0,19.0,0.0,7.0,1.0,93.0,19.9,0.0,9.0,2.0,95.0,17.1,0.0,10.0,0.0,95.0,16.0,0.0,11.0,0.0,94.0,19.0,0.25,11.0,1.0,93.0,21.0,0.25,11.0,2.0,2023-06-26 14:56:00-07:00,14.933333333333334,0.0,0.0,0.0,0.0,0.0,0.0,416.0,0.0,0.0,0.0,0.0,0.0,0.0,,,,,0.0,0.0,0.0,False,False,,,False,False,False,False,1.0,2023-06-26T13:56:00-07:00,30.0,23.0,False,,0.0,0.0,0.0,,28.9,False,7.0,5.0,2.0,2.0,False,4,97.0,2:39 PM,,YESTERDAY,2023-06-27T01:23:00-07:00,CLILAS_202306270823.txt,True,18.0,15.0,11.0,8.0,6.0,3.0,4.0,2.0,2.0,3.0,4.0,-2.0,True,96,2023-06-26T00:15:00-07:00,2023-06-26T06:00:00-07:00,5.75,PFMVEF_202306260715.txt,-1.0,1.0
2023-06-27,97.0,2023-06-27 15:57:00-07:00,25,0.25,0.0,False,18.0,77.0,33.0,0.0,0.0,20.0,81.0,33.0,0.0,3.0,16.0,84.0,35.0,0.0,3.0,13.0,85.0,35.0,0.0,3.0,12.0,89.0,32.0,0.0,3.0,8.0,91.0,28.9,0.25,3.0,6.0,94.0,24.1,0.25,4.0,3.0,94.0,21.9,0.25,3.0,3.0,97.0,23.0,0.25,3.0,0.0,97.0,17.1,0.25,5.0,0.0,97.0,19.9,0.25,9.0,0.0,2023-06-27 15:57:00-07:00,15.95,0.1388888888888889,0.0,0.0,0.09486373165618449,0.0,0.0,477.0,0.25,0.0,0.0,0.0,0.06341719077568134,0.0,,,,,0.0,0.0,0.0,False,False,,,False,False,False,False,0.0,,0.0,0.0,False,,0.0,0.0,0.0,,35.0,False,7.0,5.0,5.0,3.0,False,3,98.0,4:43 PM,,YESTERDAY,2023-06-28T01:27:00-07:00,CLILAS_202306280827.txt,True,21.0,17.0,14.0,13.0,9.0,7.0,4.0,4.0,1.0,1.0,1.0,-1.0,True,98,2023-06-27T01:20:00-07:00,2023-06-27T06:00:00-07:00,4.666666666666667,PFMVEF_202306270820.txt,0.0,0.0
2023-06-28,97.0,2023-06-28 15:56:00-07:00,28,0.25,0.0,False,18.0,80.0,38.0,0.25,4.0,17.0,84.0,38.0,0.25,0.0,13.0,87.0,37.0,0.25,4.0,10.0,91.0,35.0,0.25,5.0,6.0,92.0,30.0,0.25,9.0,5.0,92.0,26.1,0.25,0.0,5.0,94.0,24.1,0.25,5.0,3.0,96.0,23.0,0.25,9.0,1.0,97.0,24.1,0.25,6.0,0.0,96.0,23.0,0.25,0.0,1.0,97.0,21.9,0.25,11.0,0.0,2023-06-28 15:56:00-07:00,15.933333333333334,0.25,0.0,0.0,0.25,0.0,0.0,476.0,0.25,0.0,0.0,0.0,0.25,0.0,,,,,0.0,0.0,0.0,False,False,,,False,False,False,False,0.0,,100.0,16.0,False,,0.0,0.0,0.0,,38.0,False,7.0,5.0,2.0,3.0,False,5,98.0,3:12 PM,,YESTERDAY,2023-06-29T01:28:00-07:00,CLILAS_202306290828.txt,True,18.0,14.0,11.0,7.0,6.0,6.0,4.0,2.0,1.0,2.0,1.0,-1.0,True,98,2023-06-28T01:55:00-07:00,2023-06-28T06:00:00-07:00,4.083333333333333,PFMVEF_202306280855.txt,0.0,0.0
2023-06-29,98.0,2023-06-29 16:56:00-07:00,25,0.25,0.0,False,15.0,83.0,35.0,0.25,0.0,15.0,87.0,37.0,0.25,9.0,11.0,89.0,36.0,0.25,7.0,9.0,90.0,35.0,0.25,5.0,8.0,91.0,36.0,0.25,0.0,7.0,94.0,30.0,0.25,5.0,4.0,95.0,28.9,0.25,3.0,3.0,97.0,30.9,0.25,6.0,1.0,97.0,32.0,0.25,0.0,1.0,98.0,32.0,0.25,0.0,0.0,97.0,30.0,0.25,5.0,1.0,2023-06-29 16:56:00-07:00,16.933333333333334,0.25,0.0,0.0,0.25,0.0,0.0,536.0,0.25,0.0,0.0,0.0,0.1958955223880597,0.0,,,,,0.0,0.0,0.0,False,False,,,False,False,False,False,1.0,2023-06-29T12:01:00-07:00,10.0,15.0,False,,0.0,0.0,0.0,,37.0,False,6.0,2.0,4.0,2.0,False,2,99.0,4:41 PM,,YESTERDAY,2023-06-30T01:33:00-07:00,CLILAS_202306300833.txt,True,16.0,12.0,10.0,9.0,8.0,5.0,4.0,2.0,2.0,1.0,2.0,-1.0,True,99,2023-06-29T02:00:00-07:00,2023-06-29T06:00:00-07:00,4.0,PFMVEF_202306290900.txt,0.0,0.0
2023-06-30,101.0,2023-06-30 15:56:00-07:00,26,0.25,0.0,False,20.0,87.0,35.0,0.0,0.0,14.0,89.0,38.0,0.0,3.0,12.0,92.0,37.0,0.25,6.0,9.0,94.0,37.0,0.25,6.0,7.0,96.0,37.0,0.25,9.0,5.0,96.0,37.0,0.25,0.0,5.0,99.0,36.0,0.25,0.0,2.0,99.0,35.0,0.25,3.0,2.0,101.0,35.0,0.25,6.0,0.0,101.0,35.0,0.0,0.0,0.0,100.0,34.0,0.0,3.0,1.0,2023-06-30 15:56:00-07:00,15.933333333333334,0.2222222222222222,0.0,0.0,0.18907563025210083,0.0,0.0,476.0,0.25,0.0,0.0,0.0,0.18907563025210083,0.0,,,,,0.0,0.0,0.0,False,False,,,False,False,False,False,1.0,2023-06-30T14:57:00-07:00,30.0,20.0,False,,0.0,0.0,0.0,,38.0,False,5.0,4.0,3.0,2.0,False,3,102.0,5:07 PM,,YESTERDAY,2023-07-01T01:31:00-07:00,CLILAS_202307010831.txt,True,15.0,13.0,10.0,8.0,6.0,6.0,3.0,3.0,1.0,1.0,2.0,-1.0,True,103,2023-06-30T01:55:00-07:00,2023-06-30T06:00:00-07:00,4.083333333333333,PFMVEF_202306300855.txt,1.0,1.0
2023-07-01,107.0,2023-07-01 14:56:00-07:00,24,0.25,0.0,False,,90.0,38.0,0.0,0.0,17.0,93.0,37.0,0.0,3.0,14.0,96.0,38.0,0.0,6.0,11.0,99.0,38.0,0.25,8.0,8.0,101.0,37.0,0.25,0.0,6.0,102.0,36.0,0.25,0.0,5.0,103.0,35.0,0.25,9.0,4.0,107.0,35.0,0.0,11.0,0.0,107.0,34.0,0.0,4.0,0.0,106.0,34.0,0.25,5.0,1.0,106.0,34.0,0.0,0.0,1.0,2023-07-01 14:56:00-07:00,14.933333333333334,0.14285714285714285,0.0,0.0,0.14423076923076922,0.0,0.0,416.0,0.25,0.0,0.0,0.0,0.14423076923076922,0.0,,,,,0.0,0.0,0.0,False,False,,,False,False,False,False,0.0,,50.0,0.0,False,,0.0,0.0,0.0,,38.0,False,6.0,5.0,2.0,4.0,False,4,107.0,4:48 PM,,YESTERDAY,2023-07-02T01:23:00-07:00,CLILAS_202307020823.txt,True,17.0,14.0,11.0,8.0,6.0,5.0,4.0,0.0,0.0,1.0,1.0,0.0,True,108,2023-07-01T00:25:00-07:00,2023-07-01T06:00:00-07:00,5.583333333333333,PFMVEF_202307010725.txt,1.0,1.0
2023-07-02,109.0,2023-07-02 14:56:00-07:00,24,0.25,0.0,False,20.0,92.0,36.0,0.0,0.0,17.0,95.0,37.0,0.0,3.0,14.0,97.0,37.0,0.25,0.0,12.0,100.0,36.0,0.25,4.0,9.0,103.0,35.0,0.25,3.0,6.0,107.0,34.0,0.25,3.0,2.0,108.0,28.9,0.25,9.0,1.0,109.0,28.9,0.25,8.0,0.0,109.0,28.9,0.25,6.0,0.0,109.0,27.0,0.25,4.0,0.0,109.0,28.0,0.25,6.0,0.0,2023-07-02 14:56:00-07:00,14.933333333333334,0.21428571428571427,0.0,0.0,0.18028846153846154,0.0,0.0,416.0,0.25,0.0,0.0,0.0,0.18028846153846154,0.0,,,,,0.0,0.0,0.0,False,False,,,False,False,False,False,0.0,,70.0,18.0,False,,0.0,0.0,0.0,,37.0,False,5.0,6.0,5.0,1.0,False,4,111.0,4:06 PM,,YESTERDAY,2023-07-03T01:25:00-07:00,CLILAS_202307030825.txt,True,19.0,16.0,14.0,11.0,8.0,4.0,3.0,2.0,2.0,2.0,2.0,-2.0,True,111,2023-07-02T00:15:00-07:00,2023-07-02T06:00:00-07:00,5.75,PFMVEF_202307020715.txt,0.0,0.0
2023-07-03,110.0,2023-07-03 12:56:00-07:00,24,0.875,0.0,False,26.0,94.0,36.0,0.5,3.0,16.0,97.0,36.0,0.5,3.0,13.0,101.0,36.0,0.25,0.0,9.0,104.0,34.0,0.25,3.0,6.0,108.0,33.0,0.25,7.0,2.0,110.0,32.0,0.25,13.0,0.0,110.0,32.0,0.25,7.0,0.0,110.0,30.9,0.5,12.0,0.0,110.0,30.0,0.875,12.0,0.0,109.0,28.9,0.875,15.0,1.0,108.0,30.0,0.875,14.0,2.0,2023-07-03 12:56:00-07:00,12.933333333333334,0.3,0.2,0.0,0.34797297297297297,116.0,0.0,296.0,0.25,0.0,0.0,0.0,0.10135135135135136,0.0,,2023-07-03T08:56:00-07:00,,240.0,0.0,0.0,0.0,False,False,,,False,False,False,False,0.0,,170.0,23.0,False,,0.0,0.0,0.0,,36.0,False,7.0,7.0,2.0,0.0,False,6,112.0,2:00 PM,,YESTERDAY,2023-07-04T01:24:00-07:00,CLILAS_202307040824.txt,True,18.0,15.0,11.0,8.0,4.0,2.0,2.0,2.0,2.0,3.0,4.0,-2.0,True,112,2023-07-03T00:20:00-07:00,2023-07-03T06:00:00-07:00,5.666666666666667,PFMVEF_202307030720.txt,0.0,0.0
2023-07-04,102.0,2023-07-04 16:56:00-07:00,24,0.5,0.0,False,24.0,90.0,28.0,0.25,10.0,12.0,93.0,23.0,0.25,15.0,9.0,96.0,14.0,0.0,15.0,6.0,98.0,10.9,0.0,13.0,4.0,99.0,10.9,0.0,16.0,3.0,101.0,7.0,0.0,13.0,1.0,101.0,7.0,0.0,13.0,1.0,101.0,12.0,0.0,12.0,1.0,101.0,12.9,0.0,10.0,1.0,102.0,18.0,0.0,14.0,0.0,101.0,23.0,0.0,11.0,1.0,2023-07-04 16:56:00-07:00,16.933333333333334,0.027777777777777776,0.0,0.0,0.054104477611940295,0.0,0.0,536.0,0.0,0.0,0.0,0.0,0.0,0.0,,,,,0.0,0.0,0.0,False,False,,,False,False,False,False,0.0,,40.0,24.0,False,,0.0,0.0,0.0,,23.0,False,6.0,3.0,2.0,0.0,False,2,103.0,3:45 PM,,YESTERDAY,2023-07-05T01:20:00-07:00,CLILAS_202307050820.txt,True,13.0,10.0,7.0,5.0,4.0,2.0,2.0,2.0,2.0,1.0,2.0,-1.0,True,105,2023-07-04T00:20:00-07:00,2023-07-04T06:00:00-07:00,5.666666666666667,PFMVEF_202307040720.txt,2.0,2.0
2023-07-05,104.0,2023-07-05 15:56:00-07:00,25,0.25,0.0,False,25.0,85.0,32.0,0.0,3.0,19.0,88.0,33.0,0.0,0.0,16.0,90.0,33.0,0.0,0.0,14.0,94.0,32.0,0.0,5.0,10.0,97.0,28.0,0.0,0.0,7.0,100.0,25.0,0.0,5.0,4.0,102.0,21.0,0.0,6.0,2.0,103.0,19.0,0.0,6.0,1.0,104.0,19.0,0.0,8.0,0.0,104.0,19.0,0.0,5.0,0.0,103.0,19.9,0.0,4.0,1.0,2023-07-05 15:56:00-07:00,15.933333333333334,0.0,0.0,0.0,0.0,0.0,0.0,476.0,0.0,0.0,0.0,0.0,0.0,0.0,,,,,0.0,0.0,0.0,False,False,,,False,False,False,False,0.0,,30.0,0.0,False,,0.0,0.0,0.0,,33.0,False,5.0,7.0,5.0,2.0,False,3,105.0,3:53 PM,,YESTERDAY,2023-07-06T01:31:00-07:00,CLILAS_202307060831.txt,True,20.0,17.0,15.0,11.0,8.0,5.0,3.0,2.0,1.0,1.0,2.0,-1.0,True,105,2023-07-05T01:45:00-07:00,2023-07-05T06:00:00-07:00,4.25,PFMVEF_202307050845.txt,0.0,0.0
2023-07-06,104.0,2023-07-06 15:20:00-07:00,28,0.25,0.0,False,20.0,84.0,28.9,0.25,0.0,20.0,89.0,30.9,0.25,4.0,15.0,92.0,24.1,0.0,7.0,12.0,95.0,23.0,0.0,3.0,9.0,98.0,21.0,0.0,9.0,6.0,101.0,19.9,0.25,8.0,3.0,102.0,21.9,0.0,9.0,2.0,103.0,21.0,0.0,6.0,1.0,102.0,17.1,0.0,5.0,2.0,103.0,19.0,0.0,10.0,1.0,102.0,18.0,0.0,11.0,2.0,2023-07-06 15:20:00-07:00,15.333333333333334,0.05,0.0,0.0,0.1,0.0,0.0,440.0,0.08333333333333333,0.0,0.0,0.0,0.1,0.0,,,,,0.0,0.0,0.0,False,False,,,False,False,False,False,1.0,2023-07-06T12:01:00-07:00,150.0,19.0,False,,0.0,0.0,0.0,,30.9,False,8.0,6.0,4.0,0.0,False,5,104.0,4:04 PM,,YESTERDAY,2023-07-07T01:35:00-07:00,CLILAS_202307070835.txt,True,20.0,15.0,12.0,9.0,6.0,3.0,2.0,1.0,2.0,1.0,2.0,0.0,True,104,2023-07-06T01:40:00-07:00,2023-07-06T06:00:00-07:00,4.333333333333333,PFMVEF_202307060840.txt,0.0,0.0
2023-07-07,103.0,2023-07-07 16:56:00-07:00,27,0.0,0.0,False,25.0,84.0,35.0,0.0,3.0,19.0,87.0,33.0,0.0,3.0,16.0,91.0,32.0,0.0,3.0,12.0,92.0,33.0,0.0,3.0,11.0,95.0,32.0,0.0,5.0,8.0,98.0,30.9,0.0,3.0,5.0,100.0,30.0,0.0,4.0,3.0,101.0,30.9,0.0,5.0,2.0,102.0,30.9,0.0,15.0,1.0,103.0,28.9,0.0,16.0,0.0,102.0,24.1,0.0,11.0,1.0,2023-07-07 16:56:00-07:00,16.933333333333334,0.0,0.0,0.0,0.0,0.0,0.0,536.0,0.0,0.0,0.0,0.0,0.0,0.0,,,,,0.0,0.0,0.0,False,False,,,False,False,False,False,0.0,,130.0,25.0,False,,0.0,0.0,0.0,,33.0,False,7.0,4.0,5.0,2.0,False,3,103.0,5:03 PM,,YESTERDAY,2023-07-08T02:05:00-07:00,CLILAS_202307080905.txt,True,19.0,16.0,12.0,11.0,8.0,5.0,3.0,2.0,1.0,0.0,1.0,0.0,True,103,2023-07-07T02:10:00-07:00,2023-07-07T06:00:00-07:00,3.8333333333333335,PFMVEF_202307070910.txt,0.0,0.0
2023-07-08,104.0,2023-07-08 16:56:00-07:00,24,0.25,0.0,False,20.0,83.0,28.0,0.0,4.0,21.0,87.0,28.0,0.0,0.0,17.0,91.0,28.9,0.0,4.0,13.0,94.0,28.9,0.0,6.0,10.0,96.0,25.0,0.0,5.0,8.0,98.0,21.9,0.0,8.0,6.0,102.0,19.9,0.0,5.0,2.0,102.0,17.1,0.25,7.0,2.0,103.0,16.0,0.0,3.0,1.0,104.0,17.1,0.0,8.0,0.0,103.0,15.1,0.0,12.0,1.0,2023-07-08 16:56:00-07:00,16.933333333333334,0.027777777777777776,0.0,0.0,0.027985074626865673,0.0,0.0,536.0,0.08333333333333333,0.0,0.027985074626865673,0.0,0.027985074626865673,0.0,,,,,0.0,0.0,0.0,False,False,,,False,False,False,False,0.0,,150.0,0.0,False,,0.0,0.0,0.0,,28.9,False,8.0,5.0,6.0,1.0,False,2,105.0,3:48 PM,,YESTERDAY,2023-07-09T01:33:00-07:00,CLILAS_202307090833.txt,True,22.0,18.0,14.0,11.0,9.0,7.0,3.0,3.0,2.0,1.0,2.0,-1.0,True,105,2023-07-08T01:40:00-07:00,2023-07-08T06:00:00-07:00,4.333333333333333,PFMVEF_202307080840.txt,0.0,0.0
2023-07-09,104.0,2023-07-09 14:56:00-07:00,25,0.25,0.0,False,29.0,86.0,25.0,0.0,0.0,18.0,91.0,21.0,0.0,4.0,13.0,93.0,25.0,0.25,5.0,11.0,98.0,28.9,0.25,8.0,6.0,99.0,32.0,0.25,7.0,5.0,102.0,34.0,0.25,8.0,2.0,103.0,34.0,0.25,18.0,1.0,104.0,34.0,0.25,16.0,0.0,102.0,30.0,0.25,15.0,2.0,102.0,28.0,0.25,11.0,2.0,101.0,24.1,0.25,13.0,3.0,2023-07-09 14:56:00-07:00,14.933333333333334,0.21875,0.0,0.0,0.18028846153846154,0.0,0.0,416.0,0.25,0.0,0.07211538461538461,0.0,0.18028846153846154,0.0,,,,,0.0,0.0,0.0,False,False,,,False,False,False,False,0.0,,130.0,29.0,False,,0.0,0.0,0.0,,34.0,False,7.0,6.0,4.0,-1.0,False,4,104.0,3:28 PM,,YESTERDAY,2023-07-10T01:29:00-07:00,CLILAS_202307100829.txt,True,18.0,13.0,11.0,6.0,5.0,2.0,1.0,0.0,2.0,2.0,3.0,0.0,True,105,2023-07-09T01:10:00-07:00,2023-07-09T06:00:00-07:00,4.833333333333333,PFMVEF_202307090810.txt,1.0,1.0
2023-07-10,104.0,2023-07-10 15:56:00-07:00,25,0.25,0.0,False,22.0,86.0,38.0,0.0,5.0,18.0,90.0,37.0,0.0,8.0,14.0,92.0,36.0,0.0,10.0,12.0,96.0,38.0,0.0,5.0,8.0,99.0,39.0,0.0,13.0,5.0,102.0,39.0,0.0,11.0,2.0,103.0,39.0,0.0,11.0,1.0,102.0,39.0,0.0,4.0,2.0,104.0,37.0,0.25,9.0,0.0,104.0,39.0,0.25,6.0,0.0,103.0,40.0,0.25,10.0,1.0,2023-07-10 15:56:00-07:00,15.933333333333334,0.027777777777777776,0.0,0.0,0.0,0.0,0.0,476.0,0.0,0.0,0.0,0.0,0.0,0.0,,,,,0.0,0.0,0.0,False,False,,,False,False,False,False,1.0,2023-07-10T14:56:00-07:00,110.0,22.0,False,,0.0,0.0,0.0,,39.0,False,6.0,7.0,4.0,1.0,False,3,105.0,4:11 PM,,YESTERDAY,2023-07-11T01:23:00-07:00,CLILAS_202307110823.txt,True,19.0,15.0,13.0,9.0,6.0,3.0,2.0,3.0,1.0,1.0,2.0,-1.0,True,106,2023-07-10T02:35:00-07:00,2023-07-10T06:00:00-07:00,3.4166666666666665,PFMVEF_202307100935.txt,1.0,1.0
2023-07-11,106.0,2023-07-11 15:56:00-07:00,24,0.25,0.0,False,29.0,91.0,36.0,0.25,6.0,15.0,94.0,34.0,0.25,3.0,12.0,98.0,38.0,0.25,8.0,8.0,99.0,39.0,0.25,9.0,7.0,102.0,45.0,0.25,13.0,4.0,103.0,42.0,0.25,12.0,3.0,104.0,42.0,0.25,11.0,2.0,105.0,42.0,0.25,10.0,1.0,106.0,41.0,0.25,12.0,0.0,106.0,43.0,0.25,17.0,0.0,104.0,44.0,0.25,13.0,2.0,2023-07-11 15:56:00-07:00,15.933333333333334,0.25,0.0,0.0,0.25,0.0,0.0,476.0,0.25,0.0,0.0,0.0,0.25,0.0,,,,,0.0,0.0,0.0,False,False,,,False,False,False,False,0.0,,30.0,27.0,False,,0.0,0.0,0.0,,45.0,False,7.0,4.0,2.0,2.0,False,3,106.0,4:00 PM,,YESTERDAY,2023-07-12T01:23:00-07:00,CLILAS_202307120823.txt,True,15.0,12.0,8.0,7.0,4.0,3.0,2.0,1.0,0.0,0.0,2.0,0.0,True,107,2023-07-11T00:45:00-07:00,2023-07-11T06:00:00-07:00,5.25,PFMVEF_202307110745.txt,1.0,1.0
2023-07-12,106.0,2023-07-12 15:56:00-07:00,24,0.25,0.0,False,26.0,91.0,48.0,0.25,11.0,15.0,94.0,49.0,0.25,10.0,12.0,96.0,49.0,0.25,13.0,10.0,100.0,50.0,0.25,13.0,6.0,101.0,49.0,0.25,15.0,5.0,103.0,49.0,0.25,8.0,3.0,104.0,50.0,0.25,13.0,2.0,105.0,49.0,0.25,12.0,1.0,106.0,48.0,0.25,16.0,0.0,104.0,48.0,0.25,15.0,2.0,104.0,48.0,0.25,12.0,2.0,2023-07-12 15:56:00-07:00,15.933333333333334,0.25,0.0,0.0,0.25,0.0,0.0,476.0,0.25,0.0,0.0,0.0,0.25,0.0,,,,,0.0,0.0,0.0,False,False,,,False,False,False,False,0.0,,40.0,26.0,False,,0.0,0.0,0.0,,50.0,True,5.0,5.0,3.0,2.0,False,3,107.0,2:22 PM,,YESTERDAY,2023-07-13T01:22:00-07:00,CLILAS_202307130822.txt,True,16.0,13.0,11.0,7.0,6.0,4.0,3.0,2.0,1.0,3.0,3.0,-1.0,True,107,2023-07-12T00:35:00-07:00,2023-07-12T06:00:00-07:00,5.416666666666667,PFMVEF_202307120735.txt,0.0,0.0
2023-07-13,108.0,2023-07-13 16:56:00-07:00,25,0.5,0.0,False,21.0,89.0,41.0,0.25,7.0,19.0,92.0,41.0,0.25,0.0,16.0,95.0,42.0,0.25,0.0,13.0,98.0,40.0,0.25,4.0,10.0,100.0,35.0,0.25,5.0,8.0,104.0,31.0,0.25,3.0,4.0,105.0,25.0,0.25,9.0,3.0,107.0,29.0,0.25,6.0,1.0,107.0,23.0,0.25,7.0,1.0,108.0,23.0,0.25,9.0,0.0,107.0,23.0,0.25,7.0,1.0,2023-07-13 16:56:00-07:00,16.933333333333334,0.25,0.0,0.0,0.25,0.0,0.0,536.0,0.25,0.0,0.03264925373134328,0.0,0.22201492537313433,0.0,,,,,0.0,0.0,0.0,False,False,,,False,False,False,False,1.0,2023-07-13T13:56:00-07:00,30.0,17.0,False,,0.0,0.0,0.0,,42.0,False,6.0,5.0,5.0,2.0,False,2,109.0,3:42 PM,,YESTERDAY,2023-07-14T01:50:00-07:00,CLILAS_202307140850.txt,True,20.0,17.0,14.0,11.0,9.0,5.0,4.0,2.0,2.0,1.0,2.0,-1.0,True,109,2023-07-13T00:40:00-07:00,2023-07-13T06:00:00-07:00,5.333333333333333,PFMVEF_202307130740.txt,0.0,0.0
2023-07-14,110.0,2023-07-14 15:56:00-07:00,24,0.0,0.0,False,,91.0,31.0,0.0,4.0,19.0,95.0,30.0,0.0,8.0,15.0,99.0,29.0,0.0,6.0,11.0,100.0,28.0,0.0,0.0,10.0,102.0,27.0,0.0,0.0,8.0,104.0,27.0,0.0,0.0,6.0,108.0,27.0,0.0,6.0,2.0,109.0,26.0,0.0,3.0,1.0,110.0,27.0,0.0,8.0,0.0,110.0,27.0,0.0,6.0,0.0,109.0,27.0,0.0,0.0,1.0,2023-07-14 15:56:00-07:00,15.933333333333334,0.0,0.0,0.0,0.0,0.0,0.0,476.0,0.0,0.0,0.0,0.0,0.0,0.0,,,,,0.0,0.0,0.0,False,False,,,False,False,False,False,0.0,,70.0,0.0,False,,0.0,0.0,0.0,,30.0,False,8.0,3.0,6.0,2.0,False,3,111.0,3:24 PM,,YESTERDAY,2023-07-15T01:22:00-07:00,CLILAS_202307150822.txt,True,20.0,16.0,12.0,11.0,9.0,7.0,3.0,2.0,1.0,1.0,2.0,-1.0,True,111,2023-07-14T00:35:00-07:00,2023-07-14T06:00:00-07:00,5.416666666666667,PFMVEF_202307140735.txt,0.0,0.0
2023-07-15,112.0,2023-07-15 15:56:00-07:00,24,0.25,0.0,False,14.0,92.0,33.0,0.0,3.0,20.0,98.0,29.0,0.0,4.0,14.0,101.0,31.0,0.0,5.0,11.0,103.0,33.0,0.0,0.0,9.0,106.0,33.0,0.0,5.0,6.0,108.0,33.0,0.0,6.0,4.0,111.0,32.0,0.0,9.0,1.0,111.0,31.0,0.25,6.0,1.0,112.0,27.0,0.25,5.0,0.0,112.0,27.0,0.25,5.0,0.0,112.0,28.0,0.25,4.0,0.0,2023-07-15 15:56:00-07:00,15.933333333333334,0.0625,0.0,0.0,0.031512605042016806,0.0,0.0,476.0,0.08333333333333333,0.0,0.0,0.0,0.0,0.0,,,,,0.0,0.0,0.0,False,False,,,False,False,False,False,0.0,,90.0,14.0,False,,0.0,0.0,0.0,,33.0,False,9.0,5.0,5.0,1.0,False,3,113.0,4:47 PM,,YESTERDAY,2023-07-16T01:24:00-07:00,CLILAS_202307160824.txt,True,21.0,15.0,12.0,10.0,7.0,5.0,2.0,2.0,1.0,1.0,1.0,-1.0,True,114,2023-07-15T00:45:00-07:00,2023-07-15T06:00:00-07:00,5.25,PFMVEF_202307150745.txt,1.0,1.0
2023-07-16,114.0,2023-07-16 15:56:00-07:00,26,0.875,0.0,False,,95.0,31.0,0.25,3.0,19.0,101.0,29.0,0.25,0.0,13.0,101.0,30.0,0.25,6.0,13.0,104.0,30.0,0.25,0.0,10.0,108.0,32.0,0.25,3.0,6.0,111.0,37.0,0.25,6.0,3.0,112.0,35.0,0.875,5.0,2.0,113.0,37.0,0.875,6.0,1.0,114.0,37.0,0.875,5.0,0.0,114.0,38.0,0.875,7.0,0.0,114.0,34.0,0.875,7.0,0.0,2023-07-16 15:56:00-07:00,15.933333333333334,0.484375,0.375,0.375,0.40756302521008403,120.0,120.0,476.0,0.6666666666666666,120.0,0.06302521008403361,0.0,0.06302521008403361,0.0,25000.0,2023-07-16T13:56:00-07:00,2023-07-16T13:56:00-07:00,120.0,0.0,0.0,0.0,False,False,,,False,False,False,False,0.0,,100.0,0.0,False,,0.0,0.0,0.0,,37.0,False,6.0,7.0,4.0,2.0,False,5,116.0,2:37 PM,R,YESTERDAY,2023-07-17T01:30:00-07:00,CLILAS_202307170830.txt,True,21.0,15.0,15.0,12.0,8.0,5.0,4.0,3.0,2.0,2.0,2.0,-2.0,True,115,2023-07-16T00:35:00-07:00,2023-07-16T06:00:00-07:00,5.416666666666667,PFMVEF_202307160735.txt,-1.0,1.0
2023-07-17,113.0,2023-07-17 14:20:00-07:00,29,0.875,0.0,True,31.0,99.0,50.0,0.25,0.0,14.0,102.0,50.0,0.5,6.0,11.0,105.0,49.0,0.875,10.0,8.0,108.0,47.0,0.875,13.0,5.0,110.0,45.0,0.875,10.0,3.0,111.0,47.0,0.875,10.0,2.0,111.0,48.0,0.875,7.0,2.0,113.0,47.0,0.875,7.0,0.0,109.0,49.0,0.875,15.0,4.0,107.0,53.0,0.875,15.0,6.0,107.0,52.0,0.875,8.0,6.0,2023-07-17 14:20:00-07:00,14.333333333333334,0.78125,1.0,0.75,0.7236842105263158,324.0,264.0,380.0,0.875,180.0,0.09473684210526316,0.0,0.4236842105263158,264.0,25000.0,2023-07-17T08:56:00-07:00,2023-07-17T09:56:00-07:00,324.0,0.0,0.0,0.0,False,False,,,True,True,True,True,0.0,,20.0,25.0,False,,0.0,0.0,0.0,,50.0,True,6.0,5.0,1.0,-2.0,False,7,114.0,1:28 PM,,YESTERDAY,2023-07-18T01:31:00-07:00,CLILAS_202307180831.txt,True,15.0,12.0,9.0,6.0,4.0,3.0,3.0,1.0,5.0,7.0,7.0,-1.0,True,113,2023-07-17T00:45:00-07:00,2023-07-17T06:00:00-07:00,5.25,PFMVEF_202307170745.txt,-1.0,1.0
2023-07-18,110.0,2023-07-18 14:56:00-07:00,24,0.5,0.0,False,27.0,94.0,52.0,0.5,7.0,16.0,97.0,52.0,0.25,7.0,13.0,101.0,52.0,0.5,7.0,9.0,104.0,51.0,0.5,8.0,6.0,106.0,50.0,0.5,9.0,4.0,108.0,49.0,0.5,13.0,2.0,109.0,48.0,0.25,9.0,1.0,110.0,47.0,0.25,10.0,0.0,109.0,46.0,0.25,11.0,1.0,109.0,46.0,0.25,12.0,1.0,109.0,47.0,0.25,12.0,1.0,2023-07-18 14:56:00-07:00,14.933333333333334,0.39285714285714285,0.5714285714285714,0.0,0.42788461538461536,296.0,0.0,416.0,0.4166666666666667,120.0,0.0,0.0,0.21634615384615385,0.0,,2023-07-18T09:56:00-07:00,,300.0,0.0,0.0,0.0,False,False,,,False,False,False,False,0.0,,40.0,25.0,False,,0.0,0.0,0.0,,52.0,True,7.0,5.0,3.0,0.0,False,4,111.0,3:50 PM,,YESTERDAY,2023-07-19T01:34:00-07:00,CLILAS_202307190834.txt,True,17.0,14.0,10.0,7.0,5.0,3.0,2.0,1.0,2.0,2.0,2.0,-1.0,True,111,2023-07-18T00:30:00-07:00,2023-07-18T06:00:00-07:00,5.5,PFMVEF_202307180730.txt,0.0,0.0
2023-07-19,109.0,2023-07-19 14:02:00-07:00,25,0.25,0.0,False,25.0,92.0,50.0,0.0,0.0,17.0,96.0,50.0,0.0,0.0,13.0,98.0,50.0,0.0,0.0,11.0,101.0,50.0,0.25,3.0,8.0,104.0,49.0,0.25,9.0,5.0,106.0,46.0,0.25,8.0,3.0,109.0,47.0,0.25,14.0,0.0,109.0,47.0,0.25,9.0,0.0,109.0,47.0,0.25,12.0,0.0,108.0,47.0,0.25,10.0,1.0,107.0,46.0,0.25,14.0,2.0,2023-07-19 14:02:00-07:00,14.033333333333333,0.17857142857142858,0.0,0.0,0.12845303867403315,0.0,0.0,362.0,0.25,0.0,0.0,0.0,0.12845303867403315,0.0,,,,,0.0,0.0,0.0,False,False,,,False,False,False,False,0.0,,30.0,20.0,False,,0.0,0.0,0.0,,50.0,True,6.0,6.0,5.0,0.0,False,5,111.0,2:20 PM,,YESTERDAY,2023-07-20T01:30:00-07:00,CLILAS_202307200830.txt,True,19.0,15.0,13.0,10.0,7.0,5.0,2.0,2.0,2.0,3.0,4.0,-2.0,True,111,2023-07-19T00:15:00-07:00,2023-07-19T06:00:00-07:00,5.75,PFMVEF_202307190715.txt,0.0,0.0
2023-07-20,112.0,2023-07-20 15:56:00-07:00,28,0.25,0.0,True,17.0,94.0,52.0,0.25,0.0,18.0,95.0,52.0,0.25,3.0,17.0,98.0,52.0,0.25,3.0,14.0,101.0,52.0,0.25,9.0,11.0,102.0,51.0,0.25,3.0,10.0,105.0,51.0,0.25,0.0,7.0,108.0,50.0,0.25,10.0,4.0,110.0,49.0,0.25,5.0,2.0,112.0,46.0,0.25,8.0,0.0,112.0,44.0,0.25,6.0,0.0,111.0,43.0,0.25,3.0,1.0,2023-07-20 15:56:00-07:00,15.933333333333334,0.25,0.0,0.0,0.25,0.0,0.0,476.0,0.25,0.0,0.0,0.0,0.2184873949579832,0.0,,,,,0.0,0.0,0.0,False,False,,,False,True,False,True,0.0,,90.0,16.0,False,,0.0,0.0,0.0,,52.0,True,4.0,4.0,6.0,4.0,False,6,112.0,4:39 PM,,YESTERDAY,2023-07-21T01:28:00-07:00,CLILAS_202307210828.txt,True,18.0,17.0,14.0,11.0,10.0,7.0,4.0,2.0,0.0,0.0,1.0,0.0,True,112,2023-07-20T02:25:00-07:00,2023-07-20T06:00:00-07:00,3.583333333333333,PFMVEF_202307200925.txt,0.0,0.0
2023-07-21,113.0,2023-07-21 15:56:00-07:00,25,0.5,0.0,False,,96.0,42.0,0.25,0.0,17.0,100.0,42.0,0.25,4.0,13.0,102.0,44.0,0.25,6.0,11.0,105.0,45.0,0.25,6.0,8.0,108.0,45.0,0.25,6.0,5.0,109.0,43.0,0.25,6.0,4.0,111.0,42.0,0.25,6.0,2.0,112.0,42.0,0.5,5.0,1.0,113.0,41.0,0.5,7.0,0.0,112.0,40.0,0.5,0.0,1.0,112.0,35.0,0.5,3.0,1.0,2023-07-21 15:56:00-07:00,15.933333333333334,0.3333333333333333,0.3333333333333333,0.0,0.2815126050420168,60.0,0.0,476.0,0.3333333333333333,60.0,0.0,0.0,0.22058823529411764,0.0,,2023-07-21T14:56:00-07:00,,60.0,0.0,0.0,0.0,False,False,,,False,False,True,True,0.0,,50.0,0.0,False,,0.0,0.0,0.0,,45.0,False,6.0,6.0,3.0,2.0,False,3,113.0,5:31 PM,R,YESTERDAY,2023-07-22T01:28:00-07:00,CLILAS_202307220828.txt,True,17.0,13.0,11.0,8.0,5.0,4.0,2.0,1.0,0.0,1.0,1.0,0.0,True,113,2023-07-21T01:05:00-07:00,2023-07-21T06:00:00-07:00,4.916666666666667,PFMVEF_202307210805.txt,0.0,0.0
2023-07-22,113.0,2023-07-22 14:56:00-07:00,25,0.875,0.0,False,21.0,96.0,41.0,0.25,0.0,17.0,99.0,41.0,0.5,3.0,14.0,101.0,40.0,0.5,7.0,12.0,104.0,41.0,0.875,6.0,9.0,106.0,41.0,0.875,3.0,7.0,110.0,41.0,0.875,4.0,3.0,112.0,40.0,0.875,3.0,1.0,113.0,42.0,0.0,5.0,0.0,112.0,42.0,0.5,7.0,1.0,113.0,39.0,0.5,11.0,0.0,112.0,39.0,0.5,9.0,1.0,2023-07-22 14:56:00-07:00,14.933333333333334,0.6428571428571429,0.8571428571428571,0.5714285714285714,0.6826923076923077,360.0,240.0,416.0,0.875,180.0,0.0,0.0,0.6826923076923077,360.0,20000.0,2023-07-22T08:56:00-07:00,2023-07-22T10:56:00-07:00,360.0,0.0,0.0,0.0,False,False,,,False,False,True,True,0.0,,50.0,0.0,False,,0.0,0.0,0.0,,42.0,False,5.0,5.0,6.0,0.0,False,4,115.0,2:44 PM,R,YESTERDAY,2023-07-23T01:23:00-07:00,CLILAS_202307230823.txt,True,19.0,16.0,14.0,11.0,9.0,5.0,3.0,2.0,3.0,2.0,3.0,-2.0,True,115,2023-07-22T00:45:00-07:00,2023-07-22T06:00:00-07:00,5.25,PFMVEF_202307220745.txt,0.0,0.0
2023-07-23,110.0,2023-07-23 13:56:00-07:00,34,1.0,0.0,True,32.0,98.0,42.0,0.875,3.0,12.0,99.0,45.0,0.875,7.0,11.0,101.0,42.0,0.875,5.0,9.0,106.0,44.0,0.875,4.0,4.0,108.0,46.0,0.875,6.0,2.0,108.0,48.0,0.5,6.0,2.0,110.0,51.0,0.5,9.0,0.0,107.0,48.0,0.5,12.0,3.0,108.0,48.0,0.5,3.0,2.0,110.0,49.0,0.875,9.0,0.0,107.0,48.0,0.875,9.0,3.0,2023-07-23 13:56:00-07:00,13.933333333333334,0.7678571428571429,1.0,0.7142857142857143,0.8117977528089888,356.0,296.0,356.0,0.75,180.0,0.16853932584269662,0.0,0.7485955056179775,356.0,18000.0,2023-07-23T08:56:00-07:00,2023-07-23T08:56:00-07:00,300.0,0.0,0.0,0.0,False,False,,,False,True,False,True,1.0,2023-07-23T12:16:00-07:00,80.0,24.0,False,,0.0,0.0,0.0,,51.0,True,3.0,7.0,2.0,-2.0,False,8,110.0,3:56 PM,,YESTERDAY,2023-07-24T01:23:00-07:00,CLILAS_202307240823.txt,True,12.0,11.0,9.0,4.0,2.0,2.0,0.0,3.0,2.0,0.0,3.0,0.0,True,111,2023-07-23T00:35:00-07:00,2023-07-23T06:00:00-07:00,5.416666666666667,PFMVEF_202307230735.txt,1.0,1.0
2023-07-24,108.0,2023-07-24 15:56:00-07:00,24,1.0,0.0,False,24.0,93.0,53.0,0.5,5.0,15.0,96.0,50.0,0.5,9.0,12.0,99.0,50.0,0.5,9.0,9.0,101.0,49.0,0.5,7.0,7.0,104.0,48.0,0.5,10.0,4.0,105.0,47.0,0.5,11.0,3.0,106.0,46.0,0.5,11.0,2.0,107.0,45.0,0.5,10.0,1.0,108.0,42.0,0.5,14.0,0.0,107.0,41.0,0.5,9.0,1.0,106.0,42.0,0.5,11.0,2.0,2023-07-24 15:56:00-07:00,15.933333333333334,0.5,1.0,0.0,0.5,476.0,0.0,476.0,0.5,180.0,0.06302521008403361,0.0,0.25,0.0,,2023-07-24T08:56:00-07:00,,420.0,0.0,0.0,0.0,False,False,,,False,False,True,False,0.0,,50.0,24.0,False,,0.0,0.0,0.0,,50.0,True,6.0,5.0,2.0,2.0,False,3,109.0,3:29 PM,,YESTERDAY,2023-07-25T01:26:00-07:00,CLILAS_202307250826.txt,True,16.0,13.0,10.0,8.0,5.0,4.0,3.0,2.0,1.0,2.0,3.0,-1.0,True,108,2023-07-24T00:55:00-07:00,2023-07-24T06:00:00-07:00,5.083333333333333,PFMVEF_202307240755.txt,-1.0,1.0
2023-07-25,111.0,2023-07-25 14:00:00-07:00,25,0.875,0.0,False,18.0,95.0,48.0,0.25,0.0,16.0,96.0,47.0,0.25,4.0,15.0,100.0,47.0,0.25,0.0,11.0,102.0,47.0,0.25,4.0,9.0,106.0,46.0,0.5,3.0,5.0,108.0,42.0,0.5,5.0,3.0,111.0,41.0,0.5,6.0,0.0,109.0,41.0,0.5,7.0,2.0,109.0,40.0,0.5,3.0,2.0,110.0,37.0,0.5,8.0,1.0,109.0,38.0,0.5,4.0,2.0,2023-07-25 14:00:00-07:00,14.0,0.39285714285714285,0.5714285714285714,0.0,0.33611111111111114,124.0,0.0,360.0,0.4222222222222222,124.0,0.0,0.0,0.33611111111111114,124.0,,2023-07-25T11:56:00-07:00,,124.0,0.0,0.0,0.0,False,False,,,False,False,True,True,0.0,,150.0,18.0,False,,0.0,0.0,0.0,,47.0,False,5.0,6.0,5.0,-2.0,False,5,112.0,3:45 PM,,YESTERDAY,2023-07-26T01:44:00-07:00,CLILAS_202307260844.txt,True,17.0,16.0,12.0,10.0,6.0,4.0,1.0,3.0,3.0,2.0,3.0,-1.0,True,110,2023-07-25T00:25:00-07:00,2023-07-25T06:00:00-07:00,5.583333333333333,PFMVEF_202307250725.txt,-2.0,2.0
2023-07-26,111.0,2023-07-26 15:56:00-07:00,26,0.875,0.0,False,25.0,96.0,46.0,0.25,4.0,15.0,99.0,46.0,0.25,0.0,12.0,102.0,45.0,0.5,4.0,9.0,104.0,45.0,0.5,4.0,7.0,107.0,47.0,0.5,7.0,4.0,108.0,44.0,0.5,10.0,3.0,110.0,44.0,0.5,13.0,1.0,109.0,44.0,0.5,8.0,2.0,111.0,43.0,0.5,8.0,0.0,109.0,41.0,0.5,14.0,2.0,108.0,41.0,0.25,10.0,3.0,2023-07-26 15:56:00-07:00,15.933333333333334,0.4722222222222222,0.8888888888888888,0.0,0.43907563025210083,360.0,0.0,476.0,0.5,180.0,0.18907563025210083,0.0,0.43907563025210083,360.0,,2023-07-26T09:56:00-07:00,,360.0,0.0,0.0,0.0,False,False,,,False,False,True,False,1.0,2023-07-26T14:56:00-07:00,60.0,25.0,False,,0.0,0.0,0.0,,47.0,False,6.0,5.0,3.0,1.0,False,3,112.0,3:10 PM,,YESTERDAY,2023-07-27T01:26:00-07:00,CLILAS_202307270826.txt,True,16.0,13.0,10.0,8.0,5.0,4.0,2.0,3.0,1.0,3.0,4.0,-1.0,True,111,2023-07-26T00:20:00-07:00,2023-07-26T06:00:00-07:00,5.666666666666667,PFMVEF_202307260720.txt,-1.0,1.0
2023-07-27,111.0,2023-07-27 14:56:00-07:00,24,0.5,0.0,False,25.0,94.0,34.0,0.0,11.0,17.0,97.0,32.0,0.0,14.0,14.0,100.0,31.0,0.0,13.0,11.0,104.0,32.0,0.0,11.0,7.0,107.0,32.0,0.25,11.0,4.0,109.0,29.0,0.25,12.0,2.0,110.0,30.0,0.25,11.0,1.0,111.0,25.0,0.25,11.0,0.0,110.0,25.0,0.25,15.0,1.0,110.0,24.0,0.0,10.0,1.0,109.0,24.0,0.25,9.0,2.0,2023-07-27 14:56:00-07:00,14.933333333333334,0.14285714285714285,0.0,0.0,0.10817307692307693,0.0,0.0,416.0,0.25,0.0,0.0,0.0,0.10817307692307693,0.0,,,,,0.0,0.0,0.0,False,False,,,False,False,False,False,0.0,,20.0,24.0,False,,0.0,0.0,0.0,,32.0,False,6.0,7.0,3.0,0.0,False,4,112.0,2:42 PM,,YESTERDAY,2023-07-28T01:31:00-07:00,CLILAS_202307280831.txt,True,18.0,15.0,12.0,8.0,5.0,3.0,2.0,1.0,2.0,2.0,3.0,-1.0,True,111,2023-07-27T00:30:00-07:00,2023-07-27T06:00:00-07:00,5.5,PFMVEF_202307270730.txt,-1.0,1.0
2023-07-28,111.0,2023-07-28 14:56:00-07:00,24,0.875,0.0,False,23.0,95.0,35.0,0.25,3.0,16.0,97.0,36.0,0.25,3.0,14.0,100.0,36.0,0.25,6.0,11.0,105.0,38.0,0.25,11.0,6.0,107.0,39.0,0.25,9.0,4.0,109.0,39.0,0.25,12.0,2.0,110.0,40.0,0.25,11.0,1.0,111.0,40.0,0.25,11.0,0.0,109.0,41.0,0.25,16.0,2.0,109.0,40.0,0.25,11.0,2.0,108.0,38.0,0.25,9.0,3.0,2023-07-28 14:56:00-07:00,14.933333333333334,0.25,0.0,0.0,0.25,0.0,0.0,416.0,0.25,0.0,0.0,0.0,0.25,0.0,,,,,0.0,0.0,0.0,False,False,,,False,False,True,True,0.0,,40.0,21.0,False,,0.0,0.0,0.0,,40.0,False,5.0,7.0,3.0,-1.0,False,4,112.0,1:25 PM,,YESTERDAY,2023-07-29T01:22:00-07:00,CLILAS_202307290822.txt,True,17.0,15.0,12.0,7.0,5.0,3.0,2.0,1.0,3.0,3.0,4.0,-1.0,True,111,2023-07-28T02:25:00-07:00,2023-07-28T06:00:00-07:00,3.583333333333333,PFMVEF_202307280925.txt,-1.0,1.0
2023-07-29,109.0,2023-07-29 12:56:00-07:00,25,0.875,0.0,False,21.0,97.0,37.0,0.5,0.0,12.0,99.0,40.0,0.25,0.0,10.0,102.0,38.0,0.25,3.0,7.0,104.0,40.0,0.25,7.0,5.0,107.0,42.0,0.5,11.0,2.0,109.0,44.0,0.5,9.0,0.0,107.0,44.0,0.875,11.0,2.0,108.0,44.0,0.875,9.0,1.0,107.0,44.0,0.875,6.0,2.0,107.0,47.0,0.875,8.0,2.0,107.0,45.0,0.875,7.0,2.0,2023-07-29 12:56:00-07:00,12.933333333333334,0.375,0.5,0.0,0.34797297297297297,116.0,0.0,296.0,0.3333333333333333,60.0,0.05067567567567568,0.0,0.30067567567567566,60.0,,2023-07-29T11:56:00-07:00,,60.0,0.0,0.0,0.0,False,False,,,False,False,False,True,0.0,,70.0,21.0,False,,0.0,0.0,0.0,,44.6,False,5.0,5.0,0.0,0.0,True,6,110.0,12:24 PM,,YESTERDAY,2023-07-30T01:23:00-07:00,CLILAS_202307300823.txt,True,13.0,11.0,8.0,6.0,3.0,1.0,3.0,2.0,3.0,3.0,3.0,-1.0,True,112,2023-07-29T01:55:00-07:00,2023-07-29T06:00:00-07:00,4.083333333333333,PFMVEF_202307290855.txt,2.0,2.0
2023-07-30,105.0,2023-07-30 12:56:00-07:00,24,1.0,0.0,False,37.0,92.0,44.0,0.875,3.0,13.0,96.0,41.0,0.875,0.0,9.0,100.0,45.0,0.875,4.0,5.0,101.0,45.0,0.875,6.0,4.0,104.0,46.0,0.875,4.0,1.0,105.0,40.0,0.875,16.0,0.0,101.0,50.0,0.875,19.0,4.0,99.0,53.0,1.0,10.0,6.0,102.0,51.0,1.0,8.0,3.0,104.0,42.0,0.875,6.0,1.0,104.0,43.0,0.875,3.0,1.0,2023-07-30 12:56:00-07:00,12.933333333333334,0.875,1.0,1.0,0.875,296.0,296.0,296.0,0.875,180.0,0.20270270270270271,0.0,0.875,296.0,20000.0,2023-07-30T08:56:00-07:00,2023-07-30T08:56:00-07:00,240.0,0.0,0.0,0.0,False,False,,,False,False,True,False,0.0,,90.0,29.0,False,,0.0,0.0,0.0,,46.0,False,8.0,4.0,-3.0,1.0,True,6,106.0,12:06 PM,,YESTERDAY,2023-07-31T01:24:00-07:00,CLILAS_202307310824.txt,True,14.0,10.0,6.0,5.0,2.0,1.0,5.0,7.0,4.0,2.0,2.0,-1.0,True,110,2023-07-30T00:50:00-07:00,2023-07-30T06:00:00-07:00,5.166666666666667,PFMVEF_202307300750.txt,4.0,4.0
2023-07-31,101.0,2023-07-31 13:56:00-07:00,27,1.0,0.0,True,26.0,91.0,54.0,0.5,5.0,10.0,93.0,53.0,0.875,3.0,8.0,95.0,57.0,0.875,11.0,6.0,96.0,56.0,0.875,10.0,5.0,97.0,58.0,0.875,10.0,4.0,99.0,51.0,0.875,6.0,2.0,101.0,54.0,0.875,7.0,0.0,99.0,55.0,0.875,3.0,2.0,98.0,52.0,0.875,9.0,3.0,100.0,51.0,0.875,5.0,1.0,99.0,52.0,0.875,9.0,2.0,2023-07-31 13:56:00-07:00,13.933333333333334,0.875,1.0,1.0,0.8160112359550562,356.0,300.0,356.0,0.875,180.0,0.41853932584269665,240.0,0.8160112359550562,356.0,18000.0,2023-07-31T08:56:00-07:00,2023-07-31T08:56:00-07:00,300.0,0.0,0.0,0.0,False,False,,,False,True,False,True,0.0,,110.0,0.0,False,,0.0,0.0,0.0,,58.0,True,4.0,2.0,4.0,-3.0,False,8,102.0,12:51 PM,,YESTERDAY,2023-08-01T01:26:00-07:00,CLILAS_202308010826.txt,True,11.0,9.0,7.0,6.0,5.0,3.0,1.0,3.0,4.0,2.0,3.0,-1.0,True,105,2023-07-31T01:05:00-07:00,2023-07-31T06:00:00-07:00,4.916666666666667,PFMVEF_202307310805.txt,3.0,3.0
2023-08-01,92.0,2023-08-01 14:56:00-07:00,28,1.0,0.12000000000000001,True,31.0,75.0,67.0,0.875,3.0,17.0,79.0,65.0,0.875,7.0,13.0,82.0,63.0,0.875,5.0,10.0,84.0,63.0,0.875,5.0,8.0,87.0,62.0,0.875,5.0,5.0,89.0,61.0,0.875,6.0,3.0,89.0,61.0,0.875,0.0,3.0,92.0,61.0,0.875,9.0,0.0,92.0,61.0,0.875,8.0,0.0,92.0,60.0,0.875,9.0,0.0,88.0,63.0,0.875,7.0,4.0,2023-08-01 14:56:00-07:00,14.933333333333334,0.875,1.0,1.0,0.875,416.0,416.0,416.0,0.875,180.0,0.5540865384615384,416.0,0.875,416.0,12000.0,2023-08-01T08:56:00-07:00,2023-08-01T08:56:00-07:00,360.0,0.12000000000000001,0.12000000000000001,0.0,True,False,2023-08-01T07:56:00-07:00,420.0,False,True,True,True,0.0,,150.0,0.0,False,,0.0,0.0,0.0,,65.0,True,7.0,5.0,2.0,3.0,False,6,94.0,2:43 PM,,YESTERDAY,2023-08-02T01:39:00-07:00,CLILAS_202308020839.txt,True,19.0,15.0,12.0,10.0,7.0,5.0,5.0,2.0,2.0,2.0,6.0,-2.0,True,98,2023-08-01T01:05:00-07:00,2023-08-01T06:00:00-07:00,4.916666666666667,PFMVEF_202308010805.txt,4.0,4.0
2023-08-02,93.0,2023-08-02 16:56:00-07:00,32,1.0,0.0,True,23.0,83.0,60.0,0.875,0.0,10.0,83.0,61.0,0.875,15.0,10.0,85.0,62.0,0.875,12.0,8.0,84.0,62.0,0.875,11.0,9.0,87.0,61.0,0.875,8.0,6.0,88.0,61.0,0.875,6.0,5.0,90.0,60.0,0.875,9.0,3.0,91.0,60.0,0.5,8.0,2.0,92.0,61.0,0.5,10.0,1.0,93.0,60.0,0.25,7.0,0.0,93.0,59.0,0.25,8.0,0.0,2023-08-02 16:56:00-07:00,16.933333333333334,0.6770833333333334,0.9166666666666666,0.5833333333333334,0.7175839552238806,491.0,371.0,536.0,0.625,180.0,0.22901119402985073,0.0,0.5356809701492538,371.0,15000.0,2023-08-02T08:56:00-07:00,2023-08-02T08:56:00-07:00,480.0,0.0,0.0,0.0,False,False,,,True,False,True,False,1.0,2023-08-02T10:28:00-07:00,70.0,23.0,False,,0.0,0.0,0.0,,63.0,True,2.0,2.0,3.0,2.0,False,3,94.0,4:37 PM,,YESTERDAY,2023-08-03T01:39:00-07:00,CLILAS_202308030839.txt,True,11.0,11.0,9.0,10.0,7.0,6.0,4.0,3.0,2.0,1.0,1.0,-1.0,True,99,2023-08-02T01:05:00-07:00,2023-08-02T06:00:00-07:00,4.916666666666667,PFMVEF_202308020805.txt,5.0,5.0
2023-08-03,102.0,2023-08-03 16:56:00-07:00,25,0.25,0.0,False,19.0,84.0,59.0,0.25,0.0,18.0,87.0,59.0,0.0,0.0,15.0,88.0,58.0,0.0,3.0,14.0,91.0,58.0,0.25,5.0,11.0,95.0,54.0,0.25,3.0,7.0,97.0,52.0,0.25,5.0,5.0,99.0,35.0,0.25,5.0,3.0,101.0,34.0,0.25,7.0,1.0,101.0,34.0,0.25,0.0,1.0,102.0,30.0,0.25,3.0,0.0,101.0,27.0,0.25,11.0,1.0,2023-08-03 16:56:00-07:00,16.933333333333334,0.19444444444444445,0.0,0.0,0.19402985074626866,0.0,0.0,536.0,0.25,0.0,0.16791044776119404,0.0,0.19402985074626866,0.0,,,,,0.0,0.0,0.0,False,False,,,False,False,True,False,0.0,,100.0,17.0,False,,0.0,0.0,0.0,,59.0,True,4.0,7.0,4.0,2.0,False,3,103.0,4:20 PM,,YESTERDAY,2023-08-04T01:29:00-07:00,CLILAS_202308040829.txt,True,19.0,16.0,15.0,12.0,8.0,6.0,4.0,2.0,2.0,1.0,2.0,-1.0,True,103,2023-08-03T02:00:00-07:00,2023-08-03T06:00:00-07:00,4.0,PFMVEF_202308030900.txt,0.0,0.0
2023-08-04,102.0,2023-08-04 15:56:00-07:00,25,0.25,0.0,False,19.0,84.0,30.0,0.0,3.0,18.0,89.0,29.0,0.0,3.0,13.0,92.0,31.0,0.0,5.0,10.0,94.0,29.0,0.0,4.0,8.0,97.0,29.0,0.0,3.0,5.0,99.0,30.0,0.0,3.0,3.0,101.0,30.0,0.0,6.0,1.0,101.0,31.0,0.0,4.0,1.0,102.0,30.0,0.0,6.0,0.0,102.0,30.0,0.0,6.0,0.0,102.0,30.0,0.25,9.0,0.0,2023-08-04 15:56:00-07:00,15.933333333333334,0.0,0.0,0.0,0.0,0.0,0.0,476.0,0.0,0.0,0.0,0.0,0.0,0.0,,,,,0.0,0.0,0.0,False,False,,,False,False,False,False,0.0,,10.0,0.0,False,,0.0,0.0,0.0,,31.0,False,8.0,5.0,4.0,1.0,False,4,104.0,4:18 PM,,YESTERDAY,2023-08-05T01:49:00-07:00,CLILAS_202308050849.txt,True,20.0,15.0,12.0,10.0,7.0,5.0,3.0,3.0,2.0,2.0,2.0,-2.0,True,104,2023-08-04T01:25:00-07:00,2023-08-04T06:00:00-07:00,4.583333333333333,PFMVEF_202308040825.txt,0.0,0.0
2023-08-05,107.0,2023-08-05 16:56:00-07:00,26,0.25,0.0,False,19.0,85.0,30.0,0.0,0.0,22.0,89.0,29.0,0.0,0.0,18.0,92.0,28.0,0.0,3.0,15.0,94.0,28.0,0.0,0.0,13.0,99.0,25.0,0.0,5.0,8.0,103.0,22.0,0.0,8.0,4.0,103.0,20.0,0.0,4.0,4.0,106.0,20.0,0.0,11.0,1.0,106.0,21.0,0.0,9.0,1.0,107.0,23.0,0.0,10.0,0.0,106.0,26.0,0.0,9.0,1.0,2023-08-05 16:56:00-07:00,16.933333333333334,0.0,0.0,0.0,0.0,0.0,0.0,536.0,0.0,0.0,0.0,0.0,0.0,0.0,,,,,0.0,0.0,0.0,False,False,,,False,False,False,False,0.0,,80.0,19.0,False,,0.0,0.0,0.0,,29.0,False,7.0,7.0,4.0,3.0,False,2,107.0,4:23 PM,,YESTERDAY,2023-08-06T03:06:00-07:00,CLILAS_202308061006.txt,True,22.0,18.0,15.0,13.0,8.0,4.0,4.0,1.0,1.0,0.0,1.0,0.0,True,106,2023-08-05T00:50:00-07:00,2023-08-05T06:00:00-07:00,5.166666666666667,PFMVEF_202308050750.txt,-1.0,1.0
2023-08-06,107.0,2023-08-06 14:56:00-07:00,24,0.25,0.0,False,23.0,90.0,31.0,0.0,4.0,17.0,93.0,31.0,0.0,3.0,14.0,96.0,26.0,0.0,6.0,11.0,99.0,24.0,0.0,5.0,8.0,102.0,18.0,0.0,7.0,5.0,104.0,9.0,0.0,9.0,3.0,106.0,5.0,0.0,8.0,1.0,107.0,4.0,0.25,7.0,0.0,107.0,3.0,0.25,12.0,0.0,106.0,8.0,0.25,13.0,1.0,105.0,13.0,0.0,13.0,2.0,2023-08-06 14:56:00-07:00,14.933333333333334,0.03571428571428571,0.0,0.0,0.0,0.0,0.0,416.0,0.0,0.0,0.0,0.0,0.0,0.0,,,,,0.0,0.0,0.0,False,False,,,False,False,False,False,0.0,,30.0,23.0,False,,0.0,0.0,0.0,,31.0,False,6.0,6.0,4.0,1.0,False,4,107.0,3:43 PM,,YESTERDAY,2023-08-07T01:22:00-07:00,CLILAS_202308070822.txt,True,17.0,14.0,11.0,8.0,5.0,3.0,1.0,0.0,0.0,1.0,2.0,0.0,True,107,2023-08-06T00:40:00-07:00,2023-08-06T06:00:00-07:00,5.333333333333333,PFMVEF_202308060740.txt,0.0,0.0
2023-08-07,106.0,2023-08-07 15:56:00-07:00,24,0.25,0.0,False,27.0,87.0,31.0,0.0,6.0,19.0,92.0,29.0,0.0,3.0,14.0,95.0,23.0,0.0,8.0,11.0,98.0,21.0,0.0,12.0,8.0,102.0,6.0,0.0,11.0,4.0,104.0,8.0,0.25,13.0,2.0,104.0,8.0,0.25,16.0,2.0,105.0,7.0,0.25,13.0,1.0,106.0,10.0,0.25,17.0,0.0,104.0,9.0,0.0,14.0,2.0,102.0,11.0,0.0,14.0,4.0,2023-08-07 15:56:00-07:00,15.933333333333334,0.125,0.0,0.0,0.09453781512605042,0.0,0.0,476.0,0.25,0.0,0.0,0.0,0.09453781512605042,0.0,,,,,0.0,0.0,0.0,False,False,,,False,False,False,False,0.0,,60.0,27.0,False,,0.0,0.0,0.0,,29.0,False,8.0,7.0,2.0,2.0,False,3,106.0,2:56 PM,,YESTERDAY,2023-08-08T01:22:00-07:00,CLILAS_202308080822.txt,True,19.0,14.0,11.0,8.0,4.0,2.0,2.0,1.0,0.0,2.0,4.0,0.0,True,105,2023-08-07T00:40:00-07:00,2023-08-07T06:00:00-07:00,5.333333333333333,PFMVEF_202308070740.txt,-1.0,1.0
2023-08-08,102.0,2023-08-08 16:56:00-07:00,26,0.875,0.0,False,27.0,85.0,32.0,0.0,5.0,17.0,89.0,31.0,0.0,0.0,13.0,92.0,31.0,0.0,6.0,10.0,95.0,31.0,0.0,8.0,7.0,97.0,30.0,0.0,6.0,5.0,99.0,30.0,0.0,12.0,3.0,101.0,28.0,0.0,9.0,1.0,101.0,29.0,0.0,9.0,1.0,101.0,29.0,0.25,10.0,1.0,102.0,27.0,0.25,13.0,0.0,102.0,25.0,0.25,17.0,0.0,2023-08-08 16:56:00-07:00,16.933333333333334,0.045454545454545456,0.0,0.0,0.027985074626865673,0.0,0.0,536.0,0.08333333333333333,0.0,0.027985074626865673,0.0,0.027985074626865673,0.0,,,,,0.0,0.0,0.0,False,False,,,False,False,False,False,0.0,,180.0,21.0,False,,0.0,0.0,0.0,,31.0,False,7.0,5.0,4.0,0.0,False,2,103.0,4:31 PM,,YESTERDAY,2023-08-09T01:26:00-07:00,CLILAS_202308090826.txt,True,18.0,14.0,11.0,8.0,6.0,4.0,2.0,2.0,2.0,1.0,1.0,-1.0,True,103,2023-08-08T00:30:00-07:00,2023-08-08T06:00:00-07:00,5.5,PFMVEF_202308080730.txt,0.0,0.0
2023-08-09,101.0,2023-08-09 16:56:00-07:00,24,1.0,0.0,False,25.0,86.0,39.0,0.875,8.0,15.0,88.0,38.0,0.875,6.0,13.0,93.0,36.0,0.5,8.0,8.0,96.0,33.0,0.25,8.0,5.0,97.0,37.0,0.5,9.0,4.0,100.0,39.0,0.5,13.0,1.0,98.0,38.0,0.5,10.0,3.0,100.0,45.0,0.875,13.0,1.0,99.0,45.0,0.875,12.0,2.0,101.0,45.0,0.875,7.0,0.0,99.0,46.0,0.875,12.0,2.0,2023-08-09 16:56:00-07:00,16.933333333333334,0.6388888888888888,0.8888888888888888,0.4444444444444444,0.6371268656716418,476.0,236.0,536.0,0.75,180.0,0.25,0.0,0.5531716417910447,476.0,15000.0,2023-08-09T08:56:00-07:00,2023-08-09T08:56:00-07:00,480.0,0.0,0.0,0.0,False,False,,,False,False,True,True,2.0,2023-08-09T13:56:00-07:00,50.0,20.0,True,2023-08-09T13:56:00-07:00,2.0,20.0,20.0,180.0,45.0,False,7.0,4.0,1.0,1.0,False,2,102.0,3:25 PM,,YESTERDAY,2023-08-10T01:29:00-07:00,CLILAS_202308100829.txt,True,16.0,14.0,9.0,6.0,5.0,2.0,4.0,2.0,3.0,1.0,3.0,-1.0,True,100,2023-08-09T00:50:00-07:00,2023-08-09T06:00:00-07:00,5.166666666666667,PFMVEF_202308090750.txt,-2.0,2.0
2023-08-10,94.0,2023-08-10 16:56:00-07:00,30,1.0,0.0,True,26.0,84.0,58.0,1.0,10.0,10.0,87.0,56.0,0.875,6.0,7.0,82.0,62.0,0.875,15.0,12.0,85.0,60.0,0.875,7.0,9.0,90.0,58.0,0.5,5.0,4.0,92.0,59.0,0.5,21.0,2.0,90.0,59.0,0.875,18.0,4.0,92.0,59.0,0.875,16.0,2.0,92.0,59.0,0.875,15.0,2.0,94.0,58.0,0.5,11.0,0.0,93.0,58.0,0.5,13.0,1.0,2023-08-10 16:56:00-07:00,16.933333333333334,0.7767857142857143,1.0,0.7142857142857143,0.7994402985074627,536.0,416.0,536.0,0.875,180.0,0.4412313432835821,356.0,0.7994402985074627,536.0,10000.0,2023-08-10T08:10:00-07:00,2023-08-10T08:10:00-07:00,526.0,0.0,0.0,0.0,False,False,,,True,False,True,True,6.0,2023-08-10T09:23:00-07:00,120.0,26.0,True,2023-08-10T09:23:00-07:00,6.0,0.0,120.0,453.0,63.0,True,-2.0,8.0,0.0,2.0,True,2,94.0,4:43 PM,,YESTERDAY,2023-08-11T01:30:00-07:00,CLILAS_202308110830.txt,True,10.0,7.0,12.0,9.0,4.0,2.0,4.0,2.0,2.0,0.0,1.0,0.0,True,100,2023-08-10T01:25:00-07:00,2023-08-10T06:00:00-07:00,4.583333333333333,PFMVEF_202308100825.txt,6.0,6.0
2023-08-11,99.0,2023-08-11 15:56:00-07:00,24,0.875,0.0,False,18.0,85.0,58.0,0.5,4.0,14.0,86.0,58.0,0.5,5.0,13.0,90.0,57.0,0.25,5.0,9.0,93.0,57.0,0.25,6.0,6.0,94.0,56.0,0.5,3.0,5.0,94.0,54.0,0.5,7.0,5.0,97.0,54.0,0.5,0.0,2.0,97.0,53.0,0.25,8.0,2.0,99.0,52.0,0.25,8.0,0.0,99.0,51.0,0.5,7.0,0.0,97.0,51.0,0.5,9.0,2.0,2023-08-11 15:56:00-07:00,15.933333333333334,0.375,0.5,0.0,0.4054621848739496,296.0,0.0,476.0,0.4166666666666667,120.0,0.4054621848739496,296.0,0.4054621848739496,296.0,,2023-08-11T08:56:00-07:00,,420.0,0.0,0.0,0.0,False,False,,,False,False,True,True,0.0,,110.0,18.0,False,,0.0,0.0,0.0,,58.0,True,5.0,4.0,3.0,2.0,False,3,100.0,3:28 PM,,YESTERDAY,2023-08-12T01:28:00-07:00,CLILAS_202308120828.txt,True,15.0,14.0,10.0,7.0,6.0,6.0,3.0,3.0,1.0,1.0,3.0,-1.0,True,99,2023-08-11T00:45:00-07:00,2023-08-11T06:00:00-07:00,5.25,PFMVEF_202308110745.txt,-1.0,1.0
2023-08-12,102.0,2023-08-12 16:56:00-07:00,25,0.875,0.0,False,14.0,86.0,50.0,0.5,0.0,16.0,87.0,49.0,0.875,0.0,15.0,91.0,49.0,0.875,6.0,11.0,94.0,48.0,0.875,4.0,8.0,97.0,45.0,0.5,9.0,5.0,96.0,47.0,0.5,7.0,6.0,99.0,47.0,0.5,5.0,3.0,99.0,45.0,0.25,5.0,3.0,100.0,43.0,0.25,0.0,2.0,102.0,42.0,0.25,6.0,0.0,100.0,42.0,0.25,5.0,2.0,2023-08-12 16:56:00-07:00,16.933333333333334,0.5375,0.7,0.3,0.5699626865671642,416.0,180.0,536.0,0.3333333333333333,60.0,0.25,0.0,0.5699626865671642,416.0,15000.0,2023-08-12T08:56:00-07:00,2023-08-12T08:56:00-07:00,480.0,0.0,0.0,0.0,False,False,,,False,False,True,True,2.0,2023-08-12T12:18:00-07:00,150.0,14.0,False,,0.0,0.0,0.0,,49.0,False,5.0,6.0,2.0,1.0,False,2,102.0,4:10 PM,,YESTERDAY,2023-08-13T01:30:00-07:00,CLILAS_202308130830.txt,True,16.0,15.0,11.0,8.0,5.0,6.0,3.0,3.0,2.0,0.0,2.0,0.0,True,100,2023-08-12T00:40:00-07:00,2023-08-12T06:00:00-07:00,5.333333333333333,PFMVEF_202308120740.txt,-2.0,2.0
2023-08-13,100.0,2023-08-13 15:08:00-07:00,29,0.875,0.0,True,36.0,86.0,49.0,0.25,4.0,14.0,89.0,49.0,0.25,6.0,11.0,91.0,48.0,0.25,5.0,9.0,93.0,48.0,0.25,6.0,7.0,96.0,48.0,0.25,4.0,4.0,98.0,47.0,0.5,3.0,2.0,99.0,44.0,0.5,5.0,1.0,99.0,44.0,0.5,24.0,1.0,89.0,49.0,0.875,19.0,11.0,90.0,47.0,0.875,13.0,10.0,93.0,43.0,0.875,7.0,7.0,2023-08-13 15:08:00-07:00,15.133333333333333,0.375,0.5,0.0,0.32710280373831774,132.0,0.0,428.0,0.43333333333333335,132.0,0.29205607476635514,132.0,0.32710280373831774,132.0,,2023-08-13T12:56:00-07:00,,132.0,0.0,0.0,0.0,False,False,,,True,True,True,True,0.0,,110.0,32.0,False,,0.0,0.0,0.0,,49.0,False,5.0,5.0,3.0,-10.0,False,8,101.0,1:28 PM,,YESTERDAY,2023-08-14T01:27:00-07:00,CLILAS_202308140827.txt,True,15.0,12.0,10.0,8.0,5.0,3.0,2.0,2.0,12.0,11.0,8.0,-1.0,True,100,2023-08-13T01:15:00-07:00,2023-08-13T06:00:00-07:00,4.75,PFMVEF_202308130815.txt,-1.0,1.0
2023-08-14,102.0,2023-08-14 13:56:00-07:00,25,0.875,0.0,False,,84.0,49.0,0.25,3.0,18.0,88.0,49.0,0.25,0.0,14.0,91.0,49.0,0.25,5.0,11.0,93.0,49.0,0.25,4.0,9.0,96.0,47.0,0.25,4.0,6.0,98.0,45.0,0.25,4.0,4.0,102.0,43.0,0.25,4.0,0.0,101.0,41.0,0.25,3.0,1.0,102.0,40.0,0.25,6.0,0.0,102.0,40.0,0.25,0.0,0.0,101.0,40.0,0.25,3.0,1.0,2023-08-14 13:56:00-07:00,13.933333333333334,0.25,0.0,0.0,0.25,0.0,0.0,356.0,0.25,0.0,0.21067415730337077,0.0,0.25,0.0,,,,,0.0,0.0,0.0,False,False,,,False,False,False,False,0.0,,60.0,0.0,False,,0.0,0.0,0.0,,49.0,False,7.0,5.0,6.0,0.0,False,5,104.0,3:09 PM,,YESTERDAY,2023-08-15T01:25:00-07:00,CLILAS_202308150825.txt,True,20.0,16.0,13.0,11.0,8.0,6.0,2.0,3.0,2.0,2.0,3.0,-2.0,True,103,2023-08-14T00:50:00-07:00,2023-08-14T06:00:00-07:00,5.166666666666667,PFMVEF_202308140750.txt,-1.0,1.0
2023-08-15,103.0,2023-08-15 13:56:00-07:00,24,1.0,0.0,False,19.0,93.0,44.0,0.875,0.0,10.0,96.0,45.0,0.875,0.0,7.0,96.0,47.0,0.875,7.0,7.0,99.0,47.0,0.875,6.0,4.0,101.0,48.0,0.5,4.0,2.0,102.0,47.0,0.5,6.0,1.0,103.0,47.0,0.5,3.0,0.0,103.0,47.0,0.5,6.0,0.0,101.0,48.0,0.5,6.0,2.0,103.0,50.0,0.5,12.0,0.0,102.0,49.0,0.5,8.0,1.0,2023-08-15 13:56:00-07:00,13.933333333333334,0.6875,1.0,0.5,0.7485955056179775,356.0,236.0,356.0,0.625,180.0,0.21067415730337077,0.0,0.7485955056179775,356.0,19000.0,2023-08-15T08:56:00-07:00,2023-08-15T08:56:00-07:00,300.0,0.0,0.0,0.0,False,False,,,False,False,False,True,0.0,,60.0,0.0,False,,0.0,0.0,0.0,,48.0,False,3.0,5.0,2.0,-2.0,False,5,105.0,2:14 PM,,YESTERDAY,2023-08-16T01:25:00-07:00,CLILAS_202308160825.txt,True,12.0,9.0,9.0,6.0,4.0,3.0,2.0,2.0,4.0,2.0,3.0,-2.0,True,102,2023-08-15T00:40:00-07:00,2023-08-15T06:00:00-07:00,5.333333333333333,PFMVEF_202308150740.txt,-3.0,3.0
2023-08-16,102.0,2023-08-16 15:56:00-07:00,26,1.0,0.0,False,29.0,88.0,57.0,0.875,6.0,14.0,91.0,57.0,0.5,6.0,11.0,92.0,57.0,0.5,4.0,10.0,95.0,57.0,0.5,5.0,7.0,95.0,56.0,0.5,3.0,7.0,98.0,56.0,0.875,3.0,4.0,98.0,55.0,0.875,3.0,4.0,98.0,54.0,0.875,0.0,4.0,102.0,54.0,0.875,20.0,0.0,100.0,52.0,0.875,12.0,2.0,99.0,52.0,0.875,7.0,3.0,2023-08-16 15:56:00-07:00,15.933333333333334,0.6666666666666666,1.0,0.4444444444444444,0.6859243697478992,476.0,236.0,476.0,0.875,180.0,0.25,0.0,0.6859243697478992,476.0,20000.0,2023-08-16T08:56:00-07:00,2023-08-16T12:56:00-07:00,420.0,0.0,0.0,0.0,False,False,,,False,False,True,True,0.0,,130.0,29.0,False,,0.0,0.0,0.0,,58.0,True,4.0,3.0,3.0,4.0,False,4,102.0,3:01 PM,,YESTERDAY,2023-08-17T01:28:00-07:00,CLILAS_202308170828.txt,True,14.0,11.0,10.0,7.0,7.0,4.0,4.0,4.0,0.0,2.0,3.0,0.0,True,102,2023-08-16T00:35:00-07:00,2023-08-16T06:00:00-07:00,5.416666666666667,PFMVEF_202308160735.txt,0.0,0.0
2023-08-17,104.0,2023-08-17 15:56:00-07:00,24,0.5,0.0,False,28.0,90.0,51.0,0.25,0.0,14.0,92.0,50.0,0.25,3.0,12.0,95.0,51.0,0.5,0.0,9.0,98.0,50.0,0.5,5.0,6.0,103.0,51.0,0.5,9.0,1.0,103.0,50.0,0.5,7.0,1.0,102.0,53.0,0.5,20.0,2.0,103.0,50.0,0.5,14.0,1.0,104.0,48.0,0.5,8.0,0.0,104.0,45.0,0.5,6.0,0.0,103.0,44.0,0.5,4.0,1.0,2023-08-17 15:56:00-07:00,15.933333333333334,0.46875,0.875,0.0,0.43907563025210083,360.0,0.0,476.0,0.5,180.0,0.31512605042016806,180.0,0.43907563025210083,360.0,,2023-08-17T09:56:00-07:00,,360.0,0.0,0.0,0.0,False,False,,,False,False,True,True,1.0,2023-08-17T13:56:00-07:00,90.0,28.0,False,,0.0,0.0,0.0,,53.0,True,5.0,8.0,-1.0,2.0,True,3,105.0,3:34 PM,,YESTERDAY,2023-08-18T01:24:00-07:00,CLILAS_202308180824.txt,True,15.0,13.0,10.0,7.0,2.0,2.0,3.0,2.0,1.0,1.0,2.0,-1.0,True,105,2023-08-17T00:30:00-07:00,2023-08-17T06:00:00-07:00,5.5,PFMVEF_202308170730.txt,0.0,0.0
2023-08-18,95.0,2023-08-18 14:56:00-07:00,40,1.0,0.76,True,33.0,89.0,44.0,1.0,10.0,6.0,80.0,59.0,0.875,5.0,15.0,87.0,59.0,0.875,6.0,8.0,91.0,58.0,0.875,7.0,4.0,92.0,56.0,0.875,6.0,3.0,91.0,59.0,0.875,7.0,4.0,93.0,58.0,0.875,7.0,2.0,95.0,54.0,0.875,4.0,0.0,93.0,57.0,0.875,15.0,2.0,83.0,62.6,0.875,9.0,12.0,81.0,65.0,0.875,8.0,14.0,2023-08-18 14:56:00-07:00,14.933333333333334,0.875,1.0,1.0,0.8840144230769231,416.0,416.0,416.0,0.875,180.0,0.5,416.0,0.8209134615384616,416.0,17000.0,2023-08-18T08:30:00-07:00,2023-08-18T08:30:00-07:00,386.0,0.30000000000000004,0.0,0.3,False,True,2023-08-18T16:20:00-07:00,,True,True,True,True,7.0,2023-08-18T08:56:00-07:00,60.0,17.0,True,2023-08-18T08:56:00-07:00,7.0,17.0,60.0,360.0,60.0,True,-2.0,5.0,1.0,0.0,False,13,95.0,2:49 PM,,YESTERDAY,2023-08-19T01:25:00-07:00,CLILAS_202308190825.txt,True,6.0,15.0,8.0,4.0,3.0,4.0,2.0,0.0,2.0,12.0,14.0,0.0,True,102,2023-08-18T05:40:00-07:00,2023-08-18T06:00:00-07:00,0.3333333333333333,PFMVEF_202308181240.txt,7.0,7.0
2023-08-19,78.0,2023-08-19 12:56:00-07:00,29,1.0,0.23,True,,72.0,63.0,0.875,4.0,6.0,73.0,62.0,1.0,3.0,5.0,75.0,62.0,1.0,5.0,3.0,76.0,60.0,0.875,7.0,2.0,77.0,60.0,0.875,4.0,1.0,78.0,61.0,0.875,5.0,0.0,,,,,,75.0,65.0,1.0,5.0,3.0,76.0,63.0,1.0,7.0,2.0,74.0,65.0,1.0,5.0,4.0,73.0,65.0,1.0,7.0,5.0,2023-08-19 12:56:00-07:00,12.933333333333334,0.75,0.8,0.8,0.9256756756756757,296.0,296.0,296.0,0.9166666666666666,180.0,0.5,296.0,0.9256756756756757,296.0,15000.0,2023-08-19T08:56:00-07:00,2023-08-19T08:56:00-07:00,240.0,0.19000000000000003,0.01,0.18000000000000002,True,True,2023-08-19T01:46:00-07:00,670.0,True,False,True,False,0.0,,20.0,0.0,False,,0.0,0.0,0.0,,62.0,True,3.0,2.0,,,False,6,79.0,12:53 PM,,YESTERDAY,2023-08-20T01:30:00-07:00,CLILAS_202308200830.txt,True,7.0,6.0,4.0,3.0,2.0,1.0,,4.0,3.0,5.0,6.0,-1.0,True,88,2023-08-19T01:55:00-07:00,2023-08-19T06:00:00-07:00,4.083333333333333,PFMVEF_202308190855.txt,9.0,9.0
2023-08-20,76.0,2023-08-20 16:56:00-07:00,34,1.0,0.43,False,27.0,68.0,66.0,1.0,3.0,8.0,69.0,67.0,1.0,3.0,7.0,69.0,67.0,0.875,10.0,7.0,71.0,66.0,1.0,10.0,5.0,72.0,66.0,1.0,7.0,4.0,73.0,66.0,1.0,5.0,3.0,73.0,67.0,1.0,3.0,3.0,74.0,66.0,1.0,4.0,2.0,75.0,66.0,1.0,0.0,1.0,76.0,66.0,1.0,4.0,0.0,76.0,66.0,1.0,3.0,0.0,2023-08-20 16:56:00-07:00,16.933333333333334,0.9375,1.0,0.9285714285714286,0.9853078358208955,536.0,535.0,536.0,1.0,180.0,0.9573227611940298,536.0,0.9853078358208955,536.0,1100.0,2023-08-20T08:03:00-07:00,2023-08-20T08:03:00-07:00,533.0,0.36,0.2,0.16,True,True,2023-08-20T00:56:00-07:00,960.0,False,False,False,False,0.0,,70.0,0.0,False,,0.0,0.0,0.0,,67.0,True,1.0,3.0,1.0,2.0,False,2,76.0,9:44 PM,,YESTERDAY,2023-08-21T01:44:00-07:00,CLILAS_202308210844.txt,True,8.0,7.0,7.0,5.0,4.0,3.0,3.0,2.0,1.0,0.0,0.0,0.0,True,81,2023-08-20T00:45:00-07:00,2023-08-20T06:00:00-07:00,5.25,PFMVEF_202308200745.txt,5.0,5.0
2023-08-21,88.0,2023-08-21 17:56:00-07:00,27,1.0,0.0,False,29.0,73.0,62.0,0.875,8.0,15.0,73.0,61.0,0.875,11.0,15.0,76.0,61.0,0.875,13.0,12.0,79.0,61.0,0.5,7.0,9.0,81.0,61.0,0.5,8.0,7.0,83.0,60.0,0.5,3.0,5.0,84.0,58.0,0.5,9.0,4.0,86.0,58.0,0.5,8.0,2.0,87.0,54.0,0.5,11.0,1.0,87.0,52.0,0.5,5.0,1.0,88.0,47.0,0.5,8.0,0.0,2023-08-21 17:56:00-07:00,17.933333333333334,0.5192307692307693,0.9230769230769231,0.15384615384615385,0.5679530201342282,545.0,176.0,596.0,0.5,180.0,0.4798657718120805,425.0,0.5679530201342282,545.0,7000.0,2023-08-21T08:56:00-07:00,2023-08-21T08:56:00-07:00,540.0,0.0,0.0,0.0,False,False,,,False,False,True,False,0.0,,70.0,22.0,False,,0.0,0.0,0.0,,61.0,True,3.0,5.0,3.0,3.0,False,1,88.0,5:00 PM,,YESTERDAY,2023-08-22T01:44:00-07:00,CLILAS_202308220844.txt,True,15.0,15.0,12.0,9.0,7.0,5.0,4.0,2.0,1.0,1.0,0.0,0.0,True,85,2023-08-21T05:15:00-07:00,2023-08-21T06:00:00-07:00,0.75,PFMVEF_202308211215.txt,-3.0,3.0
2023-08-22,92.0,2023-08-22 15:56:00-07:00,24,0.875,0.0,False,,77.0,62.0,0.5,5.0,15.0,79.0,62.0,0.5,6.0,13.0,81.0,61.0,0.5,5.0,11.0,83.0,61.0,0.5,8.0,9.0,83.0,61.0,0.25,0.0,9.0,87.0,59.0,0.25,6.0,5.0,89.0,58.0,0.25,8.0,3.0,90.0,55.0,0.25,0.0,2.0,92.0,54.0,0.25,8.0,0.0,91.0,53.0,0.25,0.0,1.0,91.0,52.0,0.25,5.0,1.0,2023-08-22 15:56:00-07:00,15.933333333333334,0.34375,0.375,0.0,0.3739495798319328,236.0,0.0,476.0,0.25,0.0,0.3739495798319328,236.0,0.3739495798319328,236.0,,2023-08-22T08:56:00-07:00,,420.0,0.0,0.0,0.0,False,False,,,False,False,True,False,0.0,,120.0,0.0,False,,0.0,0.0,0.0,,62.0,True,4.0,2.0,6.0,3.0,False,3,92.0,4:53 PM,,YESTERDAY,2023-08-23T03:13:00-07:00,CLILAS_202308231013.txt,True,15.0,13.0,11.0,9.0,9.0,5.0,3.0,2.0,0.0,1.0,1.0,0.0,True,88,2023-08-21T23:55:00-07:00,2023-08-22T06:00:00-07:00,6.083333333333333,PFMVEF_202308220655.txt,-4.0,4.0
2023-08-23,98.0,2023-08-23 16:56:00-07:00,29,0.875,0.34,True,24.0,82.0,56.0,0.25,0.0,16.0,85.0,56.0,0.25,0.0,13.0,88.0,56.0,0.25,5.0,10.0,89.0,58.0,0.25,4.0,9.0,91.0,58.0,0.25,4.0,7.0,95.0,58.0,0.25,7.0,3.0,96.0,57.0,0.25,5.0,2.0,97.0,56.0,0.25,4.0,1.0,97.0,55.0,0.25,3.0,1.0,98.0,55.0,0.5,7.0,0.0,97.0,55.0,0.5,4.0,1.0,2023-08-23 16:56:00-07:00,16.933333333333334,0.2777777777777778,0.1111111111111111,0.0,0.25,0.0,0.0,536.0,0.25,0.0,0.22388059701492538,0.0,0.25,0.0,,2023-08-23T16:56:00-07:00,,0.0,0.16999999999999998,0.0,0.16999999999999998,False,True,2023-08-23T20:43:00-07:00,,False,True,True,True,0.0,,70.0,0.0,False,,0.0,0.0,0.0,,58.0,True,6.0,3.0,5.0,1.0,False,2,98.0,5:36 PM,,YESTERDAY,2023-08-24T01:29:00-07:00,CLILAS_202308240829.txt,True,16.0,13.0,10.0,9.0,7.0,3.0,2.0,1.0,1.0,0.0,1.0,0.0,True,96,2023-08-23T00:45:00-07:00,2023-08-23T06:00:00-07:00,5.25,PFMVEF_202308230745.txt,-2.0,2.0
2023-08-24,96.0,2023-08-24 14:56:00-07:00,31,0.875,0.02,True,26.0,83.0,61.0,0.5,4.0,13.0,85.0,61.0,0.25,3.0,11.0,87.0,60.0,0.25,5.0,9.0,89.0,60.0,0.25,4.0,7.0,91.0,60.0,0.5,4.0,5.0,92.0,60.0,0.5,0.0,4.0,94.0,58.0,0.5,5.0,2.0,96.0,56.0,0.5,5.0,0.0,96.0,55.0,0.875,5.0,0.0,84.0,67.0,0.875,8.0,12.0,91.0,59.0,0.875,5.0,5.0,2023-08-24 14:56:00-07:00,14.933333333333334,0.40625,0.625,0.0,0.3918269230769231,236.0,0.0,416.0,0.5,180.0,0.28365384615384615,56.0,0.28365384615384615,56.0,,2023-08-24T11:56:00-07:00,,180.0,0.02,0.0,0.02,False,True,2023-08-24T16:56:00-07:00,,False,True,True,True,0.0,,90.0,15.0,False,,0.0,0.0,0.0,,61.0,True,4.0,4.0,3.0,2.0,False,8,98.0,2:49 PM,,YESTERDAY,2023-08-25T01:22:00-07:00,CLILAS_202308250822.txt,True,15.0,13.0,11.0,9.0,7.0,6.0,4.0,2.0,2.0,14.0,7.0,-2.0,True,96,2023-08-24T01:50:00-07:00,2023-08-24T06:00:00-07:00,4.166666666666667,PFMVEF_202308240850.txt,-2.0,2.0
2023-08-25,100.0,2023-08-25 14:56:00-07:00,25,0.5,0.0,False,,85.0,61.0,0.25,0.0,15.0,88.0,60.0,0.25,3.0,12.0,90.0,59.0,0.25,0.0,10.0,92.0,59.0,0.25,3.0,8.0,96.0,58.0,0.25,4.0,4.0,97.0,57.0,0.5,5.0,3.0,99.0,57.0,0.5,3.0,1.0,100.0,56.0,0.5,6.0,0.0,99.0,55.0,0.5,5.0,1.0,100.0,54.0,0.5,5.0,0.0,100.0,51.0,0.5,6.0,0.0,2023-08-25 14:56:00-07:00,14.933333333333334,0.35714285714285715,0.42857142857142855,0.0,0.32211538461538464,120.0,0.0,416.0,0.4166666666666667,120.0,0.25,0.0,0.32211538461538464,120.0,,2023-08-25T12:56:00-07:00,,120.0,0.0,0.0,0.0,False,False,,,False,False,True,False,0.0,,90.0,0.0,False,,0.0,0.0,0.0,,60.0,True,5.0,6.0,3.0,0.0,False,5,102.0,3:52 PM,,YESTERDAY,2023-08-26T01:26:00-07:00,CLILAS_202308260826.txt,True,17.0,14.0,12.0,10.0,6.0,5.0,3.0,2.0,3.0,2.0,2.0,-2.0,True,100,2023-08-25T01:00:00-07:00,2023-08-25T06:00:00-07:00,5.0,PFMVEF_202308250800.txt,-2.0,2.0
2023-08-26,103.0,2023-08-26 15:56:00-07:00,24,0.25,0.0,False,23.0,84.0,49.0,0.25,3.0,19.0,89.0,46.0,0.25,0.0,14.0,93.0,46.0,0.25,0.0,10.0,95.0,43.0,0.25,0.0,8.0,99.0,42.0,0.25,3.0,4.0,100.0,36.0,0.25,9.0,3.0,101.0,37.0,0.25,7.0,2.0,102.0,38.0,0.25,4.0,1.0,103.0,38.0,0.0,10.0,0.0,102.0,38.0,0.0,11.0,1.0,102.0,37.0,0.0,12.0,1.0,2023-08-26 15:56:00-07:00,15.933333333333334,0.21875,0.0,0.0,0.25,0.0,0.0,476.0,0.25,0.0,0.1869747899159664,0.0,0.25,0.0,,,,,0.0,0.0,0.0,False,False,,,False,False,False,False,0.0,,40.0,20.0,False,,0.0,0.0,0.0,,46.0,False,9.0,6.0,2.0,2.0,False,3,104.0,3:30 PM,,YESTERDAY,2023-08-27T01:41:00-07:00,CLILAS_202308270841.txt,True,20.0,15.0,11.0,9.0,5.0,4.0,3.0,2.0,1.0,2.0,2.0,-1.0,True,103,2023-08-26T00:30:00-07:00,2023-08-26T06:00:00-07:00,5.5,PFMVEF_202308260730.txt,-1.0,1.0
2023-08-27,104.0,2023-08-27 14:56:00-07:00,25,0.25,0.0,False,22.0,85.0,42.0,0.25,0.0,19.0,90.0,41.0,0.25,0.0,14.0,94.0,39.0,0.25,0.0,10.0,96.0,39.0,0.25,5.0,8.0,98.0,39.0,0.25,0.0,6.0,101.0,39.0,0.25,6.0,3.0,102.0,38.0,0.25,7.0,2.0,104.0,37.0,0.25,9.0,0.0,104.0,38.0,0.25,11.0,0.0,103.0,37.0,0.25,12.0,1.0,102.0,37.0,0.0,11.0,2.0,2023-08-27 14:56:00-07:00,14.933333333333334,0.25,0.0,0.0,0.25,0.0,0.0,416.0,0.25,0.0,0.14423076923076922,0.0,0.25,0.0,,,,,0.0,0.0,0.0,False,False,,,False,False,False,False,0.0,,180.0,17.0,False,,0.0,0.0,0.0,,41.0,False,9.0,4.0,4.0,2.0,False,4,105.0,1:54 PM,,YESTERDAY,2023-08-28T01:35:00-07:00,CLILAS_202308280835.txt,True,20.0,15.0,11.0,9.0,7.0,4.0,3.0,1.0,1.0,2.0,3.0,-1.0,True,103,2023-08-26T23:50:00-07:00,2023-08-27T06:00:00-07:00,6.166666666666667,PFMVEF_202308270650.txt,-2.0,2.0
2023-08-28,105.0,2023-08-28 16:56:00-07:00,24,0.25,0.0,False,,85.0,43.0,0.0,0.0,20.0,90.0,41.0,0.0,0.0,15.0,94.0,38.0,0.0,3.0,11.0,98.0,39.0,0.0,0.0,7.0,101.0,38.0,0.0,3.0,4.0,103.0,37.0,0.0,4.0,2.0,103.0,37.0,0.0,5.0,2.0,104.0,37.0,0.0,0.0,1.0,104.0,37.0,0.0,6.0,1.0,105.0,37.0,0.0,7.0,0.0,104.0,35.0,0.0,4.0,1.0,2023-08-28 16:56:00-07:00,16.933333333333334,0.0,0.0,0.0,0.0,0.0,0.0,536.0,0.0,0.0,0.0,0.0,0.0,0.0,,,,,0.0,0.0,0.0,False,False,,,False,False,False,False,0.0,,110.0,0.0,False,,0.0,0.0,0.0,,41.0,False,9.0,7.0,2.0,1.0,False,2,106.0,3:23 PM,,YESTERDAY,2023-08-29T01:23:00-07:00,CLILAS_202308290823.txt,True,21.0,16.0,12.0,8.0,5.0,3.0,3.0,2.0,2.0,1.0,2.0,-1.0,True,105,2023-08-28T00:35:00-07:00,2023-08-28T06:00:00-07:00,5.416666666666667,PFMVEF_202308280735.txt,-1.0,1.0
2023-08-29,108.0,2023-08-29 14:56:00-07:00,24,0.25,0.0,False,20.0,86.0,45.0,0.25,3.0,22.0,92.0,40.0,0.25,4.0,16.0,96.0,39.0,0.0,0.0,12.0,98.0,39.0,0.0,0.0,10.0,101.0,37.0,0.0,3.0,7.0,103.0,35.0,0.0,0.0,5.0,107.0,23.0,0.0,7.0,1.0,108.0,25.0,0.0,10.0,0.0,107.0,27.0,0.0,12.0,1.0,107.0,26.0,0.0,11.0,1.0,106.0,28.0,0.0,8.0,2.0,2023-08-29 14:56:00-07:00,14.933333333333334,0.03571428571428571,0.0,0.0,0.06971153846153846,0.0,0.0,416.0,0.0,0.0,0.0,0.0,0.06971153846153846,0.0,,,,,0.0,0.0,0.0,False,False,,,False,False,False,False,0.0,,180.0,17.0,False,,0.0,0.0,0.0,,40.0,False,10.0,5.0,6.0,0.0,False,4,109.0,3:32 PM,,YESTERDAY,2023-08-30T01:23:00-07:00,CLILAS_202308300823.txt,True,23.0,17.0,13.0,11.0,8.0,6.0,2.0,1.0,2.0,2.0,3.0,-1.0,True,108,2023-08-29T00:40:00-07:00,2023-08-29T06:00:00-07:00,5.333333333333333,PFMVEF_202308290740.txt,-1.0,1.0
2023-08-30,108.0,2023-08-30 15:56:00-07:00,24,0.875,0.0,False,27.0,90.0,41.0,0.25,3.0,18.0,92.0,41.0,0.25,4.0,16.0,95.0,40.0,0.25,6.0,13.0,99.0,40.0,0.25,3.0,9.0,102.0,41.0,0.25,0.0,6.0,105.0,43.0,0.25,5.0,3.0,107.0,41.0,0.25,17.0,1.0,107.0,42.0,0.25,8.0,1.0,108.0,38.0,0.25,13.0,0.0,107.0,37.0,0.25,10.0,1.0,106.0,38.0,0.25,12.0,2.0,2023-08-30 15:56:00-07:00,15.933333333333334,0.25,0.0,0.0,0.25,0.0,0.0,476.0,0.25,0.0,0.0,0.0,0.25,0.0,,,,,0.0,0.0,0.0,False,False,,,False,False,False,False,0.0,,160.0,27.0,False,,0.0,0.0,0.0,,43.0,False,5.0,7.0,5.0,1.0,False,3,109.0,2:50 PM,,YESTERDAY,2023-08-31T01:22:00-07:00,CLILAS_202308310822.txt,True,19.0,17.0,14.0,10.0,7.0,4.0,2.0,2.0,1.0,2.0,3.0,-1.0,True,108,2023-08-30T00:55:00-07:00,2023-08-30T06:00:00-07:00,5.083333333333333,PFMVEF_202308300755.txt,-1.0,1.0
2023-08-31,107.0,2023-08-31 13:56:00-07:00,28,0.875,0.02,True,30.0,90.0,40.0,0.0,3.0,17.0,96.0,41.0,0.25,7.0,11.0,99.0,43.0,0.25,8.0,8.0,101.0,44.0,0.25,7.0,6.0,103.0,45.0,0.25,12.0,4.0,105.0,45.0,0.25,8.0,2.0,107.0,45.0,0.5,15.0,0.0,106.0,46.0,0.5,13.0,1.0,104.0,46.0,0.875,17.0,3.0,105.0,47.0,0.5,15.0,2.0,102.0,47.0,0.875,11.0,5.0,2023-08-31 13:56:00-07:00,13.933333333333334,0.2916666666666667,0.16666666666666666,0.0,0.21067415730337077,0.0,0.0,356.0,0.25,0.0,0.21067415730337077,0.0,0.21067415730337077,0.0,,2023-08-31T13:56:00-07:00,,0.0,0.01,0.0,0.01,False,True,2023-08-31T18:17:00-07:00,,False,True,False,True,0.0,,40.0,26.0,False,,0.0,0.0,0.0,,45.0,False,9.0,4.0,4.0,-3.0,False,8,107.0,2:33 PM,,YESTERDAY,2023-09-01T01:22:00-07:00,CLILAS_202309010822.txt,True,17.0,11.0,8.0,6.0,4.0,2.0,0.0,1.0,3.0,2.0,5.0,0.0,True,106,2023-08-31T00:50:00-07:00,2023-08-31T06:00:00-07:00,5.166666666666667,PFMVEF_202308310750.txt,-1.0,1.0
2023-09-01,89.0,2023-09-01 01:56:00-07:00,37,1.0,1.94,True,42.0,74.0,68.0,0.875,12.0,15.0,76.0,66.0,0.875,10.0,13.0,77.0,66.0,0.875,12.0,12.0,77.0,65.0,0.875,12.0,12.0,79.0,65.0,1.0,11.0,10.0,78.0,67.0,1.0,13.0,11.0,74.0,69.0,1.0,10.0,15.0,72.0,69.0,1.0,14.0,17.0,72.0,68.0,0.875,9.0,17.0,74.0,69.0,0.875,8.0,15.0,76.0,73.0,1.0,10.0,13.0,2023-09-01 01:56:00-07:00,1.9333333333333333,,,,,0.0,0.0,0.0,,0.0,,0.0,,0.0,,,,,0.8099999999999999,0.0,0.8099999999999999,False,True,2023-09-01T06:04:00-07:00,,False,True,False,True,0.0,,0.0,0.0,False,,0.0,0.0,0.0,,,False,3.0,2.0,-5.0,-2.0,True,15,90.0,MM,,YESTERDAY,2023-09-02T01:23:00-07:00,CLILAS_202309020823.txt,True,16.0,14.0,13.0,13.0,11.0,12.0,16.0,18.0,18.0,16.0,14.0,-1.0,True,92,2023-09-01T04:50:00-07:00,2023-09-01T06:00:00-07:00,1.1666666666666667,PFMVEF_202309011150.txt,2.0,2.0
2023-09-02,88.0,2023-09-02 12:56:00-07:00,27,0.875,0.02,True,32.0,70.0,67.0,0.875,6.0,18.0,72.0,68.0,0.875,4.0,16.0,78.0,68.0,0.875,3.0,10.0,78.0,69.0,0.875,4.0,10.0,80.0,69.0,0.875,4.0,8.0,88.0,65.0,0.875,7.0,0.0,81.0,71.0,0.875,26.0,7.0,79.0,69.0,0.875,9.0,9.0,78.0,67.0,0.875,6.0,10.0,76.0,66.0,0.875,3.0,12.0,76.0,68.0,0.875,4.0,12.0,2023-09-02 12:56:00-07:00,12.933333333333334,0.875,1.0,1.0,0.875,296.0,296.0,296.0,0.875,180.0,0.875,296.0,0.875,296.0,3000.0,2023-09-02T08:56:00-07:00,2023-09-02T08:56:00-07:00,240.0,0.02,0.0,0.02,False,True,2023-09-02T18:56:00-07:00,,False,True,True,True,0.0,,100.0,0.0,False,,0.0,0.0,0.0,,69.0,True,8.0,2.0,1.0,-3.0,False,9,81.0,MM,,YESTERDAY,2023-09-03T01:24:00-07:00,CLILAS_202309030824.txt,True,11.0,9.0,3.0,3.0,1.0,-7.0,0.0,2.0,3.0,5.0,5.0,7.0,True,86,2023-09-02T00:55:00-07:00,2023-09-02T06:00:00-07:00,5.083333333333333,PFMVEF_202309020755.txt,5.0,5.0
2023-09-03,92.0,2023-09-03 14:56:00-07:00,24,0.875,0.0,False,24.0,72.0,66.0,0.25,3.0,20.0,76.0,66.0,0.25,0.0,16.0,78.0,67.0,0.875,0.0,14.0,80.0,67.0,0.5,5.0,12.0,84.0,65.0,0.875,3.0,8.0,88.0,58.0,0.875,8.0,4.0,90.0,55.0,0.25,13.0,2.0,92.0,54.0,0.25,9.0,0.0,92.0,52.0,0.25,11.0,0.0,90.0,55.0,0.5,13.0,2.0,86.0,60.0,0.875,8.0,6.0,2023-09-03 14:56:00-07:00,14.933333333333334,0.5535714285714286,0.5714285714285714,0.42857142857142855,0.5564903846153846,240.0,180.0,416.0,0.6666666666666666,120.0,0.5564903846153846,240.0,0.5564903846153846,240.0,10000.0,2023-09-03T09:56:00-07:00,2023-09-03T09:56:00-07:00,300.0,0.0,0.0,0.0,False,False,,,False,False,False,True,0.0,,40.0,20.0,False,,0.0,0.0,0.0,,67.0,True,6.0,6.0,6.0,2.0,False,4,92.0,3:52 PM,,YESTERDAY,2023-09-04T01:22:00-07:00,CLILAS_202309040822.txt,True,20.0,16.0,14.0,12.0,8.0,4.0,2.0,0.0,0.0,2.0,6.0,0.0,True,90,2023-09-03T01:00:00-07:00,2023-09-03T06:00:00-07:00,5.0,PFMVEF_202309030800.txt,-2.0,2.0
2023-09-04,88.0,2023-09-04 16:56:00-07:00,24,0.25,0.0,False,19.0,73.0,47.0,0.0,9.0,15.0,75.0,48.0,0.0,4.0,13.0,77.0,48.0,0.0,3.0,11.0,80.0,45.0,0.25,3.0,8.0,81.0,45.0,0.25,0.0,7.0,84.0,44.0,0.25,8.0,4.0,84.0,44.0,0.25,0.0,4.0,85.0,42.0,0.25,0.0,3.0,86.0,41.0,0.25,4.0,2.0,88.0,41.0,0.0,5.0,0.0,86.0,41.0,0.0,0.0,2.0,2023-09-04 16:56:00-07:00,16.933333333333334,0.16666666666666666,0.0,0.0,0.16791044776119404,0.0,0.0,536.0,0.25,0.0,0.16791044776119404,0.0,0.16791044776119404,0.0,,,,,0.0,0.0,0.0,False,False,,,False,False,False,False,0.0,,120.0,0.0,False,,0.0,0.0,0.0,,48.0,False,4.0,4.0,3.0,2.0,False,2,88.0,3:58 PM,,YESTERDAY,2023-09-05T01:29:00-07:00,CLILAS_202309050829.txt,True,15.0,13.0,11.0,8.0,7.0,4.0,4.0,3.0,2.0,0.0,2.0,0.0,True,88,2023-09-04T00:55:00-07:00,2023-09-04T06:00:00-07:00,5.083333333333333,PFMVEF_202309040755.txt,0.0,0.0
2023-09-05,92.0,2023-09-05 15:56:00-07:00,24,0.0,0.0,False,16.0,76.0,50.0,0.0,0.0,16.0,79.0,50.0,0.0,3.0,13.0,81.0,47.0,0.0,5.0,11.0,82.0,46.0,0.0,5.0,10.0,84.0,46.0,0.0,3.0,8.0,87.0,45.0,0.0,3.0,5.0,88.0,44.0,0.0,5.0,4.0,91.0,44.0,0.0,0.0,1.0,92.0,43.0,0.0,8.0,0.0,92.0,41.0,0.0,8.0,0.0,91.0,41.0,0.0,8.0,1.0,2023-09-05 15:56:00-07:00,15.933333333333334,0.0,0.0,0.0,0.0,0.0,0.0,476.0,0.0,0.0,0.0,0.0,0.0,0.0,,,,,0.0,0.0,0.0,False,False,,,False,False,False,False,0.0,,30.0,0.0,False,,0.0,0.0,0.0,,50.0,True,5.0,3.0,4.0,4.0,False,3,92.0,4:23 PM,,YESTERDAY,2023-09-06T01:25:00-07:00,CLILAS_202309060825.txt,True,16.0,13.0,11.0,10.0,8.0,5.0,4.0,1.0,0.0,0.0,1.0,0.0,True,92,2023-09-05T00:25:00-07:00,2023-09-05T06:00:00-07:00,5.583333333333333,PFMVEF_202309050725.txt,0.0,0.0
2023-09-06,95.0,2023-09-06 15:56:00-07:00,24,0.0,0.0,False,18.0,76.0,49.0,0.0,0.0,19.0,82.0,46.0,0.0,3.0,13.0,84.0,47.0,0.0,6.0,11.0,85.0,46.0,0.0,3.0,10.0,88.0,46.0,0.0,4.0,7.0,92.0,46.0,0.0,6.0,3.0,93.0,44.0,0.0,4.0,2.0,94.0,42.0,0.0,4.0,1.0,95.0,38.0,0.0,10.0,0.0,95.0,44.0,0.0,9.0,0.0,94.0,42.0,0.0,8.0,1.0,2023-09-06 15:56:00-07:00,15.933333333333334,0.0,0.0,0.0,0.0,0.0,0.0,476.0,0.0,0.0,0.0,0.0,0.0,0.0,,,,,0.0,0.0,0.0,False,False,,,False,False,False,False,0.0,,80.0,18.0,False,,0.0,0.0,0.0,,47.0,False,8.0,4.0,5.0,2.0,False,3,96.0,3:39 PM,,YESTERDAY,2023-09-07T01:22:00-07:00,CLILAS_202309070822.txt,True,20.0,14.0,12.0,11.0,8.0,4.0,3.0,2.0,1.0,1.0,2.0,-1.0,True,94,2023-09-06T00:45:00-07:00,2023-09-06T06:00:00-07:00,5.25,PFMVEF_202309060745.txt,-2.0,2.0
2023-09-07,99.0,2023-09-07 16:56:00-07:00,24,0.0,0.0,False,,79.0,46.0,0.0,4.0,20.0,82.0,46.0,0.0,3.0,17.0,84.0,43.0,0.0,0.0,15.0,88.0,42.0,0.0,3.0,11.0,89.0,43.0,0.0,0.0,10.0,93.0,43.0,0.0,5.0,6.0,95.0,42.0,0.0,7.0,4.0,98.0,41.0,0.0,9.0,1.0,98.0,40.0,0.0,7.0,1.0,99.0,35.0,0.0,5.0,0.0,98.0,32.0,0.0,8.0,1.0,2023-09-07 16:56:00-07:00,16.933333333333334,0.0,0.0,0.0,0.0,0.0,0.0,536.0,0.0,0.0,0.0,0.0,0.0,0.0,,,,,0.0,0.0,0.0,False,False,,,False,False,False,False,0.0,,80.0,0.0,False,,0.0,0.0,0.0,,46.0,False,5.0,5.0,6.0,3.0,False,2,100.0,4:25 PM,,YESTERDAY,2023-09-08T01:24:00-07:00,CLILAS_202309080824.txt,True,21.0,18.0,16.0,12.0,11.0,7.0,5.0,2.0,2.0,1.0,2.0,-1.0,True,98,2023-09-07T00:35:00-07:00,2023-09-07T06:00:00-07:00,5.416666666666667,PFMVEF_202309070735.txt,-2.0,2.0
2023-09-08,101.0,2023-09-08 15:56:00-07:00,25,0.875,0.0,False,17.0,82.0,39.0,0.25,5.0,19.0,85.0,41.0,0.5,0.0,16.0,88.0,43.0,0.875,4.0,13.0,92.0,42.0,0.875,5.0,9.0,96.0,38.0,0.875,5.0,5.0,98.0,39.0,0.875,7.0,3.0,99.0,41.0,0.25,4.0,2.0,100.0,43.0,0.25,9.0,1.0,101.0,43.0,0.25,9.0,0.0,101.0,44.0,0.25,10.0,0.0,100.0,44.0,0.25,6.0,1.0,2023-09-08 15:56:00-07:00,15.933333333333334,0.5555555555555556,0.5555555555555556,0.4444444444444444,0.5966386554621849,300.0,240.0,476.0,0.4583333333333333,60.0,0.25,0.0,0.25,0.0,25000.0,2023-09-08T08:56:00-07:00,2023-09-08T09:56:00-07:00,420.0,0.0,0.0,0.0,False,False,,,False,False,False,False,0.0,,70.0,17.0,False,,0.0,0.0,0.0,,43.0,False,6.0,8.0,3.0,2.0,False,3,102.0,2:59 PM,,YESTERDAY,2023-09-09T01:26:00-07:00,CLILAS_202309090826.txt,True,20.0,17.0,14.0,10.0,6.0,4.0,3.0,2.0,1.0,1.0,2.0,-1.0,True,100,2023-09-08T01:30:00-07:00,2023-09-08T06:00:00-07:00,4.5,PFMVEF_202309080830.txt,-2.0,2.0
2023-09-09,102.0,2023-09-09 16:56:00-07:00,24,0.875,0.0,False,,84.0,49.0,0.5,0.0,18.0,87.0,49.0,0.5,0.0,15.0,91.0,46.0,0.5,4.0,11.0,93.0,46.0,0.25,3.0,9.0,96.0,46.0,0.5,7.0,6.0,97.0,46.0,0.25,4.0,5.0,99.0,46.0,0.25,4.0,3.0,101.0,45.0,0.25,4.0,1.0,101.0,45.0,0.25,3.0,1.0,102.0,45.0,0.25,0.0,0.0,101.0,45.0,0.25,4.0,1.0,2023-09-09 16:56:00-07:00,16.933333333333334,0.3333333333333333,0.3333333333333333,0.0,0.36007462686567165,236.0,0.0,536.0,0.25,0.0,0.13992537313432835,0.0,0.25,0.0,,2023-09-09T08:56:00-07:00,,480.0,0.0,0.0,0.0,False,False,,,False,False,False,False,0.0,,40.0,0.0,False,,0.0,0.0,0.0,,49.0,False,7.0,5.0,3.0,2.0,False,2,103.0,4:02 PM,,YESTERDAY,2023-09-10T01:27:00-07:00,CLILAS_202309100827.txt,True,19.0,16.0,12.0,10.0,7.0,6.0,4.0,2.0,2.0,1.0,2.0,-1.0,True,102,2023-09-09T00:40:00-07:00,2023-09-09T06:00:00-07:00,5.333333333333333,PFMVEF_202309090740.txt,-1.0,1.0
2023-09-10,88.0,2023-09-10 00:56:00-07:00,27,1.0,0.0,True,16.0,84.0,52.0,0.875,3.0,4.0,86.0,51.0,1.0,12.0,2.0,86.0,51.0,1.0,13.0,2.0,87.0,51.0,0.5,,1.0,87.0,51.0,1.0,5.0,1.0,86.0,51.0,1.0,5.0,2.0,86.0,53.0,1.0,5.0,2.0,86.0,53.0,1.0,7.0,2.0,86.0,53.0,1.0,8.0,2.0,87.0,54.0,1.0,10.0,1.0,86.0,54.0,0.875,9.0,2.0,2023-09-10 00:56:00-07:00,0.9333333333333333,,,,,0.0,0.0,0.0,,0.0,,0.0,,0.0,,,,,0.0,0.0,0.0,False,False,,,False,True,False,False,0.0,,0.0,0.0,False,,0.0,0.0,0.0,,,False,2.0,1.0,-1.0,0.0,True,14,88.0,11:11 AM,,YESTERDAY,2023-09-11T01:35:00-07:00,CLILAS_202309110835.txt,True,4.0,2.0,2.0,1.0,1.0,2.0,2.0,2.0,2.0,1.0,2.0,0.0,True,95,2023-09-10T00:10:00-07:00,2023-09-10T06:00:00-07:00,5.833333333333333,PFMVEF_202309100710.txt,7.0,7.0
2023-09-11,93.0,2023-09-11 14:56:00-07:00,24,0.875,0.0,False,,76.0,57.0,0.25,4.0,17.0,78.0,56.0,0.25,3.0,15.0,82.0,56.0,0.25,4.0,11.0,85.0,56.0,0.25,7.0,8.0,87.0,55.0,0.25,3.0,6.0,88.0,54.0,0.5,5.0,5.0,91.0,52.0,0.5,5.0,2.0,93.0,52.0,0.875,3.0,0.0,93.0,50.0,0.5,0.0,0.0,93.0,49.0,0.875,3.0,0.0,93.0,49.0,0.875,3.0,0.0,2023-09-11 14:56:00-07:00,14.933333333333334,0.4107142857142857,0.42857142857142855,0.14285714285714285,0.32211538461538464,120.0,0.0,416.0,0.4166666666666667,120.0,0.14423076923076922,0.0,0.25,0.0,22000.0,2023-09-11T12:56:00-07:00,2023-09-11T14:56:00-07:00,120.0,0.0,0.0,0.0,False,False,,,False,False,False,False,0.0,,60.0,0.0,False,,0.0,0.0,0.0,,56.0,True,6.0,5.0,4.0,2.0,False,4,95.0,4:26 PM,,YESTERDAY,2023-09-12T01:32:00-07:00,CLILAS_202309120832.txt,True,19.0,17.0,13.0,10.0,8.0,7.0,4.0,2.0,2.0,2.0,2.0,-2.0,True,95,2023-09-11T01:10:00-07:00,2023-09-11T06:00:00-07:00,4.833333333333333,PFMVEF_202309110810.txt,0.0,0.0
2023-09-12,93.0,2023-09-12 15:56:00-07:00,24,0.875,0.0,False,,83.0,54.0,0.875,6.0,10.0,84.0,56.0,0.875,3.0,9.0,85.0,54.0,0.875,0.0,8.0,87.0,54.0,0.875,6.0,6.0,89.0,52.0,0.875,5.0,4.0,90.0,52.0,0.875,6.0,3.0,92.0,51.0,0.875,7.0,1.0,92.0,52.0,0.875,3.0,1.0,93.0,52.0,0.5,5.0,0.0,91.0,54.0,0.875,12.0,2.0,89.0,52.0,0.5,6.0,4.0,2023-09-12 15:56:00-07:00,15.933333333333334,0.828125,1.0,0.875,0.875,476.0,476.0,476.0,0.875,180.0,0.34243697478991597,176.0,0.7331932773109243,476.0,17000.0,2023-09-12T08:56:00-07:00,2023-09-12T08:56:00-07:00,420.0,0.0,0.0,0.0,False,False,,,False,False,True,True,0.0,,110.0,0.0,False,,0.0,0.0,0.0,,56.0,True,2.0,4.0,3.0,1.0,False,3,94.0,3:09 PM,,YESTERDAY,2023-09-13T01:23:00-07:00,CLILAS_202309130823.txt,True,11.0,10.0,9.0,7.0,5.0,4.0,2.0,2.0,1.0,3.0,5.0,-1.0,True,94,2023-09-12T00:45:00-07:00,2023-09-12T06:00:00-07:00,5.25,PFMVEF_202309120745.txt,0.0,0.0
2023-09-13,91.0,2023-09-13 12:56:00-07:00,25,0.875,0.0,False,,80.0,56.0,0.5,3.0,11.0,82.0,55.0,0.25,5.0,9.0,85.0,54.0,0.25,3.0,6.0,86.0,53.0,0.25,3.0,5.0,88.0,53.0,0.25,0.0,3.0,91.0,53.0,0.5,5.0,0.0,89.0,53.0,0.875,0.0,2.0,90.0,53.0,0.875,5.0,1.0,90.0,53.0,0.875,3.0,1.0,91.0,52.0,0.875,0.0,0.0,90.0,52.0,0.875,3.0,1.0,2023-09-13 12:56:00-07:00,12.933333333333334,0.3,0.2,0.0,0.2972972972972973,56.0,0.0,296.0,0.25,0.0,0.20270270270270271,0.0,0.2972972972972973,56.0,,2023-09-13T12:56:00-07:00,,0.0,0.0,0.0,0.0,False,False,,,False,False,True,True,0.0,,40.0,0.0,False,,0.0,0.0,0.0,,55.0,True,5.0,3.0,1.0,1.0,False,6,93.0,2:34 PM,,YESTERDAY,2023-09-14T02:27:00-07:00,CLILAS_202309140927.txt,True,13.0,11.0,8.0,7.0,5.0,2.0,4.0,3.0,3.0,2.0,3.0,-2.0,True,93,2023-09-13T01:30:00-07:00,2023-09-13T06:00:00-07:00,4.5,PFMVEF_202309130830.txt,0.0,0.0
2023-09-14,86.0,2023-09-14 11:56:00-07:00,26,0.875,0.0,False,,77.0,55.0,0.5,0.0,9.0,79.0,56.0,0.5,6.0,7.0,81.0,55.0,0.5,4.0,5.0,85.0,53.0,0.875,3.0,1.0,86.0,52.0,0.5,8.0,0.0,85.0,50.0,0.875,9.0,1.0,85.0,52.0,0.875,9.0,1.0,85.0,53.0,0.875,7.0,1.0,86.0,51.0,0.875,5.0,0.0,85.0,50.0,0.875,3.0,1.0,86.0,50.0,0.875,3.0,0.0,2023-09-14 11:56:00-07:00,11.933333333333334,0.59375,1.0,0.25,0.5953389830508474,236.0,60.0,236.0,0.625,180.0,0.25,0.0,0.3135593220338983,60.0,25000.0,2023-09-14T08:56:00-07:00,2023-09-14T10:56:00-07:00,180.0,0.0,0.0,0.0,False,False,,,False,False,True,True,0.0,,0.0,0.0,False,,0.0,0.0,0.0,,56.0,True,4.0,5.0,-1.0,1.0,True,7,87.0,4:43 PM,,YESTERDAY,2023-09-15T02:37:00-07:00,CLILAS_202309150937.txt,True,10.0,8.0,6.0,2.0,1.0,2.0,2.0,2.0,1.0,2.0,1.0,-1.0,True,91,2023-09-14T00:45:00-07:00,2023-09-14T06:00:00-07:00,5.25,PFMVEF_202309140745.txt,4.0,4.0
2023-09-15,93.0,2023-09-15 15:56:00-07:00,24,0.25,0.0,False,16.0,77.0,50.0,0.0,4.0,16.0,79.0,48.0,0.0,3.0,14.0,83.0,47.0,0.0,3.0,10.0,86.0,46.0,0.25,10.0,7.0,87.0,44.0,0.25,7.0,6.0,90.0,43.0,0.25,7.0,3.0,91.0,43.0,0.25,13.0,2.0,92.0,39.0,0.25,11.0,1.0,93.0,36.0,0.25,8.0,0.0,92.0,35.0,0.25,9.0,1.0,91.0,37.0,0.25,10.0,2.0,2023-09-15 15:56:00-07:00,15.933333333333334,0.1875,0.0,0.0,0.15756302521008403,0.0,0.0,476.0,0.25,0.0,0.15756302521008403,0.0,0.15756302521008403,0.0,,,,,0.0,0.0,0.0,False,False,,,False,False,False,False,0.0,,50.0,16.0,False,,0.0,0.0,0.0,,48.0,False,6.0,4.0,4.0,2.0,False,3,93.0,3:46 PM,,YESTERDAY,2023-09-16T01:24:00-07:00,CLILAS_202309160824.txt,True,16.0,14.0,10.0,7.0,6.0,3.0,2.0,1.0,0.0,1.0,2.0,0.0,True,94,2023-09-15T00:45:00-07:00,2023-09-15T06:00:00-07:00,5.25,PFMVEF_202309150745.txt,1.0,1.0
2023-09-16,95.0,2023-09-16 14:56:00-07:00,25,0.25,0.0,False,19.0,76.0,46.0,0.25,0.0,19.0,82.0,42.0,0.25,0.0,13.0,85.0,41.0,0.25,9.0,10.0,89.0,42.0,0.25,12.0,6.0,90.0,43.0,0.25,7.0,5.0,92.0,43.0,0.25,8.0,3.0,94.0,43.0,0.25,10.0,1.0,95.0,42.0,0.0,4.0,0.0,94.0,42.0,0.25,0.0,1.0,95.0,39.0,0.25,6.0,0.0,94.0,40.0,0.25,0.0,1.0,2023-09-16 14:56:00-07:00,14.933333333333334,0.21875,0.0,0.0,0.25,0.0,0.0,416.0,0.25,0.0,0.25,0.0,0.25,0.0,,,,,0.0,0.0,0.0,False,False,,,False,False,False,False,0.0,,30.0,19.0,False,,0.0,0.0,0.0,,43.0,False,9.0,5.0,4.0,0.0,False,4,96.0,3:29 PM,,YESTERDAY,2023-09-17T01:24:00-07:00,CLILAS_202309170824.txt,True,20.0,14.0,11.0,7.0,6.0,4.0,2.0,1.0,2.0,1.0,2.0,-1.0,True,95,2023-09-15T23:10:00-07:00,2023-09-16T06:00:00-07:00,6.833333333333333,PFMVEF_202309160610.txt,-1.0,1.0
2023-09-17,97.0,2023-09-17 14:56:00-07:00,24,0.875,0.0,False,,77.0,47.0,0.0,4.0,20.0,83.0,44.0,0.0,3.0,14.0,87.0,41.0,0.25,9.0,10.0,89.0,40.0,0.25,5.0,8.0,90.0,41.0,0.25,6.0,7.0,93.0,42.0,0.5,3.0,4.0,94.0,41.0,0.875,0.0,3.0,97.0,40.0,0.875,6.0,0.0,97.0,39.0,0.5,7.0,0.0,96.0,38.0,0.25,6.0,1.0,96.0,36.0,0.25,5.0,1.0,2023-09-17 14:56:00-07:00,14.933333333333334,0.42857142857142855,0.42857142857142855,0.2857142857142857,0.30649038461538464,120.0,60.0,416.0,0.5416666666666666,120.0,0.14423076923076922,0.0,0.14423076923076922,0.0,25000.0,2023-09-17T12:56:00-07:00,2023-09-17T13:56:00-07:00,120.0,0.0,0.0,0.0,False,False,,,False,False,False,False,0.0,,110.0,0.0,False,,0.0,0.0,0.0,,44.0,False,10.0,3.0,4.0,3.0,False,4,97.0,4:39 PM,,YESTERDAY,2023-09-18T01:23:00-07:00,CLILAS_202309180823.txt,True,20.0,14.0,10.0,8.0,7.0,4.0,3.0,0.0,0.0,1.0,1.0,0.0,True,96,2023-09-17T00:35:00-07:00,2023-09-17T06:00:00-07:00,5.416666666666667,PFMVEF_202309170735.txt,-1.0,1.0
2023-09-18,94.0,2023-09-18 14:56:00-07:00,24,0.25,0.0,False,18.0,77.0,42.0,0.0,4.0,17.0,82.0,41.0,0.0,0.0,12.0,85.0,40.0,0.0,3.0,9.0,87.0,40.0,0.0,3.0,7.0,91.0,35.0,0.0,3.0,3.0,92.0,30.0,0.0,6.0,2.0,93.0,31.0,0.0,11.0,1.0,94.0,35.0,0.0,7.0,0.0,94.0,34.0,0.0,8.0,0.0,94.0,34.0,0.0,7.0,0.0,92.0,38.0,0.25,6.0,2.0,2023-09-18 14:56:00-07:00,14.933333333333334,0.0,0.0,0.0,0.0,0.0,0.0,416.0,0.0,0.0,0.0,0.0,0.0,0.0,,,,,0.0,0.0,0.0,False,False,,,False,False,False,False,0.0,,0.0,18.0,False,,0.0,0.0,0.0,,41.0,False,8.0,6.0,2.0,1.0,False,4,94.0,4:23 PM,,YESTERDAY,2023-09-19T01:28:00-07:00,CLILAS_202309190828.txt,True,17.0,12.0,9.0,7.0,3.0,2.0,1.0,0.0,0.0,0.0,2.0,0.0,True,94,2023-09-18T00:25:00-07:00,2023-09-18T06:00:00-07:00,5.583333333333333,PFMVEF_202309180725.txt,0.0,0.0
2023-09-19,93.0,2023-09-19 15:56:00-07:00,26,0.25,0.0,False,16.0,76.0,41.0,0.0,4.0,17.0,79.0,37.0,0.0,0.0,14.0,83.0,38.0,0.0,3.0,10.0,84.0,40.0,0.0,4.0,9.0,87.0,40.0,0.0,,6.0,89.0,42.0,0.25,5.0,4.0,91.0,41.0,0.25,3.0,2.0,92.0,40.0,0.25,4.0,1.0,93.0,38.0,0.25,8.0,0.0,93.0,39.0,0.0,6.0,0.0,91.0,40.0,0.0,10.0,2.0,2023-09-19 15:56:00-07:00,15.933333333333334,0.1,0.0,0.0,0.09453781512605042,0.0,0.0,476.0,0.25,0.0,0.09453781512605042,0.0,0.09453781512605042,0.0,,,,,0.0,0.0,0.0,False,False,,,False,False,False,False,1.0,2023-09-19T12:01:00-07:00,50.0,0.0,False,,0.0,0.0,0.0,,42.0,False,7.0,4.0,4.0,2.0,False,3,94.0,3:44 PM,,YESTERDAY,2023-09-20T01:43:00-07:00,CLILAS_202309200843.txt,True,18.0,15.0,11.0,10.0,7.0,5.0,3.0,2.0,1.0,1.0,3.0,-1.0,True,92,2023-09-19T00:45:00-07:00,2023-09-19T06:00:00-07:00,5.25,PFMVEF_202309190745.txt,-2.0,2.0
2023-09-20,89.0,2023-09-20 12:56:00-07:00,28,0.875,0.39,True,19.0,74.0,44.0,0.875,3.0,15.0,78.0,43.0,0.25,0.0,11.0,82.0,43.0,0.25,4.0,7.0,83.0,43.0,0.25,5.0,6.0,86.0,42.0,0.25,3.0,3.0,89.0,43.0,0.25,4.0,0.0,78.0,50.0,0.5,10.0,11.0,80.0,51.0,0.875,6.0,9.0,76.0,55.0,0.875,12.0,13.0,76.0,51.0,0.875,3.0,13.0,76.0,50.0,0.875,9.0,13.0,2023-09-20 12:56:00-07:00,12.933333333333334,0.25,0.0,0.0,0.36824324324324326,56.0,56.0,296.0,0.25,0.0,0.10135135135135136,0.0,0.10135135135135136,0.0,,,,,0.32999999999999996,0.0,0.32999999999999996,False,True,2023-09-20T13:56:00-07:00,,False,True,False,True,0.0,,40.0,0.0,False,,0.0,0.0,0.0,,43.0,False,8.0,4.0,-8.0,-2.0,True,10,89.0,12:09 PM,,YESTERDAY,2023-09-21T01:26:00-07:00,CLILAS_202309210826.txt,True,15.0,11.0,7.0,6.0,3.0,0.0,11.0,9.0,13.0,13.0,13.0,0.0,True,90,2023-09-20T00:40:00-07:00,2023-09-20T06:00:00-07:00,5.333333333333333,PFMVEF_202309200740.txt,1.0,1.0
2023-09-21,85.0,2023-09-21 13:56:00-07:00,24,0.25,0.0,False,31.0,71.0,47.0,0.0,8.0,14.0,74.0,46.0,0.0,10.0,11.0,77.0,45.0,0.0,13.0,8.0,79.0,46.0,0.0,8.0,6.0,81.0,41.0,0.0,13.0,4.0,83.0,41.0,0.25,16.0,2.0,85.0,35.0,0.25,17.0,0.0,85.0,32.0,0.25,18.0,0.0,85.0,35.0,0.25,16.0,0.0,85.0,35.0,0.25,10.0,0.0,85.0,29.0,0.25,9.0,0.0,2023-09-21 13:56:00-07:00,13.933333333333334,0.08333333333333333,0.0,0.0,0.042134831460674156,0.0,0.0,356.0,0.08333333333333333,0.0,0.042134831460674156,0.0,0.042134831460674156,0.0,,,,,0.0,0.0,0.0,False,False,,,False,False,False,False,0.0,,20.0,29.0,False,,0.0,0.0,0.0,,46.0,False,6.0,4.0,4.0,0.0,False,5,86.0,1:37 PM,,YESTERDAY,2023-09-22T01:22:00-07:00,CLILAS_202309220822.txt,True,15.0,12.0,9.0,7.0,5.0,3.0,1.0,1.0,1.0,1.0,1.0,-1.0,True,86,2023-09-21T00:40:00-07:00,2023-09-21T06:00:00-07:00,5.333333333333333,PFMVEF_202309210740.txt,0.0,0.0
2023-09-22,87.0,2023-09-22 15:28:00-07:00,26,0.875,0.0,False,19.0,68.0,37.0,0.5,3.0,19.0,71.0,36.0,0.25,3.0,16.0,73.0,35.0,0.5,0.0,14.0,77.0,36.0,0.5,5.0,10.0,78.0,35.0,0.25,3.0,9.0,81.0,34.0,0.25,5.0,6.0,83.0,33.0,0.5,8.0,4.0,85.0,32.0,0.5,8.0,2.0,87.0,20.0,0.875,9.0,0.0,85.0,25.0,0.875,11.0,2.0,84.0,19.0,0.875,11.0,3.0,2023-09-22 15:28:00-07:00,15.466666666666667,0.3888888888888889,0.5555555555555556,0.0,0.39955357142857145,268.0,0.0,448.0,0.37777777777777777,92.0,0.0,0.0,0.0,0.0,,2023-09-22T09:56:00-07:00,,332.0,0.0,0.0,0.0,False,False,,,False,False,False,False,1.0,2023-09-22T12:01:00-07:00,150.0,16.0,False,,0.0,0.0,0.0,,36.0,False,5.0,5.0,5.0,4.0,False,4,88.0,2:22 PM,,YESTERDAY,2023-09-23T01:23:00-07:00,CLILAS_202309230823.txt,True,20.0,17.0,15.0,11.0,10.0,7.0,5.0,3.0,1.0,3.0,4.0,-1.0,True,85,2023-09-22T01:10:00-07:00,2023-09-22T06:00:00-07:00,4.833333333333333,PFMVEF_202309220810.txt,-3.0,3.0
2023-09-23,83.0,2023-09-23 15:56:00-07:00,24,0.875,0.0,False,,72.0,33.0,0.875,7.0,11.0,74.0,32.0,0.875,3.0,9.0,74.0,33.0,0.875,3.0,9.0,74.0,36.0,0.875,5.0,9.0,75.0,39.0,0.875,4.0,8.0,77.0,45.0,0.875,6.0,6.0,80.0,48.0,0.875,7.0,3.0,82.0,44.0,0.25,8.0,1.0,83.0,41.0,0.25,4.0,0.0,83.0,41.0,0.25,4.0,0.0,80.0,47.0,0.25,12.0,3.0,2023-09-23 15:56:00-07:00,15.933333333333334,0.71875,0.75,0.75,0.7962184873949579,416.0,416.0,476.0,0.6666666666666666,120.0,0.7962184873949579,416.0,0.7962184873949579,416.0,9500.0,2023-09-23T08:56:00-07:00,2023-09-23T08:56:00-07:00,420.0,0.0,0.0,0.0,False,False,,,False,False,False,False,0.0,,60.0,0.0,False,,0.0,0.0,0.0,,48.0,False,2.0,1.0,5.0,3.0,False,3,84.0,4:04 PM,,YESTERDAY,2023-09-24T01:23:00-07:00,CLILAS_202309240823.txt,True,12.0,10.0,10.0,10.0,9.0,7.0,4.0,2.0,1.0,1.0,4.0,-1.0,True,84,2023-09-23T00:35:00-07:00,2023-09-23T06:00:00-07:00,5.416666666666667,PFMVEF_202309230735.txt,0.0,0.0
2023-09-24,88.0,2023-09-24 15:56:00-07:00,24,0.0,0.0,False,,71.0,47.0,0.0,4.0,17.0,72.0,48.0,0.0,3.0,16.0,75.0,47.0,0.0,6.0,13.0,77.0,47.0,0.0,3.0,11.0,79.0,47.0,0.0,4.0,9.0,83.0,47.0,0.0,5.0,5.0,85.0,46.0,0.0,5.0,3.0,86.0,45.0,0.0,3.0,2.0,88.0,43.0,0.0,8.0,0.0,87.0,42.0,0.0,7.0,1.0,87.0,37.0,0.0,9.0,1.0,2023-09-24 15:56:00-07:00,15.933333333333334,0.0,0.0,0.0,0.0,0.0,0.0,476.0,0.0,0.0,0.0,0.0,0.0,0.0,,,,,0.0,0.0,0.0,False,False,,,False,False,False,False,0.0,,30.0,0.0,False,,0.0,0.0,0.0,,48.0,False,4.0,4.0,6.0,3.0,False,3,88.0,4:30 PM,,YESTERDAY,2023-09-25T01:22:00-07:00,CLILAS_202309250822.txt,True,17.0,16.0,13.0,11.0,9.0,5.0,3.0,2.0,0.0,1.0,1.0,0.0,True,89,2023-09-24T00:15:00-07:00,2023-09-24T06:00:00-07:00,5.75,PFMVEF_202309240715.txt,1.0,1.0
2023-09-25,91.0,2023-09-25 14:56:00-07:00,24,0.25,0.0,False,,71.0,42.0,0.0,3.0,20.0,76.0,44.0,0.0,3.0,15.0,80.0,40.0,0.0,4.0,11.0,82.0,39.0,0.0,6.0,9.0,85.0,38.0,0.0,5.0,6.0,87.0,38.0,0.0,3.0,4.0,89.0,39.0,0.0,4.0,2.0,91.0,38.0,0.0,4.0,0.0,91.0,38.0,0.25,8.0,0.0,91.0,38.0,0.25,8.0,0.0,90.0,38.0,0.25,7.0,1.0,2023-09-25 14:56:00-07:00,14.933333333333334,0.0,0.0,0.0,0.0,0.0,0.0,416.0,0.0,0.0,0.0,0.0,0.0,0.0,,,,,0.0,0.0,0.0,False,False,,,False,False,False,False,0.0,,80.0,0.0,False,,0.0,0.0,0.0,,44.0,False,9.0,5.0,4.0,2.0,False,4,92.0,3:50 PM,,YESTERDAY,2023-09-26T01:22:00-07:00,CLILAS_202309260822.txt,True,21.0,16.0,12.0,10.0,7.0,5.0,3.0,1.0,1.0,1.0,2.0,-1.0,True,92,2023-09-25T00:00:00-07:00,2023-09-25T06:00:00-07:00,6.0,PFMVEF_202309250700.txt,0.0,0.0
2023-09-26,93.0,2023-09-26 14:56:00-07:00,25,0.0,0.0,False,,72.0,35.0,0.0,3.0,21.0,77.0,35.0,0.0,0.0,16.0,81.0,34.0,0.0,0.0,12.0,84.0,35.0,0.0,0.0,9.0,87.0,35.0,0.0,4.0,6.0,89.0,33.0,0.0,5.0,4.0,90.0,31.0,0.0,7.0,3.0,93.0,29.0,0.0,5.0,0.0,93.0,28.0,0.0,7.0,0.0,93.0,29.0,0.0,4.0,0.0,92.0,28.0,0.0,0.0,1.0,2023-09-26 14:56:00-07:00,14.933333333333334,0.0,0.0,0.0,0.0,0.0,0.0,416.0,0.0,0.0,0.0,0.0,0.0,0.0,,,,,0.0,0.0,0.0,False,False,,,False,False,False,False,0.0,,90.0,0.0,False,,0.0,0.0,0.0,,35.0,False,9.0,6.0,3.0,3.0,False,4,94.0,3:39 PM,,YESTERDAY,2023-09-27T01:22:00-07:00,CLILAS_202309270822.txt,True,22.0,17.0,13.0,10.0,7.0,5.0,4.0,1.0,1.0,1.0,2.0,-1.0,True,93,2023-09-26T00:35:00-07:00,2023-09-26T06:00:00-07:00,5.416666666666667,PFMVEF_202309260735.txt,-1.0,1.0
2023-09-27,93.0,2023-09-27 14:56:00-07:00,24,0.875,0.0,False,,73.0,28.0,0.25,0.0,20.0,78.0,26.0,0.25,3.0,15.0,80.0,29.0,0.25,0.0,13.0,83.0,30.0,0.25,6.0,10.0,86.0,29.0,0.25,3.0,7.0,89.0,27.0,0.25,4.0,4.0,92.0,26.0,0.0,7.0,1.0,93.0,25.0,0.25,7.0,0.0,93.0,26.0,0.875,6.0,0.0,92.0,28.0,0.875,4.0,1.0,92.0,24.0,0.5,8.0,1.0,2023-09-27 14:56:00-07:00,14.933333333333334,0.21428571428571427,0.0,0.0,0.21394230769230768,0.0,0.0,416.0,0.16666666666666666,0.0,0.0,0.0,0.0,0.0,,,,,0.0,0.0,0.0,False,False,,,False,False,False,False,0.0,,80.0,0.0,False,,0.0,0.0,0.0,,30.0,False,7.0,6.0,6.0,1.0,False,4,94.0,2:51 PM,,YESTERDAY,2023-09-28T01:23:00-07:00,CLILAS_202309280823.txt,True,21.0,16.0,14.0,11.0,8.0,5.0,2.0,1.0,1.0,2.0,2.0,-1.0,True,94,2023-09-27T00:30:00-07:00,2023-09-27T06:00:00-07:00,5.5,PFMVEF_202309270730.txt,0.0,0.0
2023-09-28,94.0,2023-09-28 14:56:00-07:00,24,0.25,0.0,False,22.0,74.0,31.0,0.0,0.0,20.0,77.0,35.0,0.0,0.0,17.0,79.0,33.0,0.0,4.0,15.0,83.0,33.0,0.0,4.0,11.0,86.0,32.0,0.0,6.0,8.0,90.0,33.0,0.0,4.0,4.0,93.0,32.0,0.0,8.0,1.0,94.0,32.0,0.0,11.0,0.0,94.0,31.0,0.0,12.0,0.0,93.0,30.0,0.0,9.0,1.0,92.0,29.0,0.0,11.0,2.0,2023-09-28 14:56:00-07:00,14.933333333333334,0.0,0.0,0.0,0.0,0.0,0.0,416.0,0.0,0.0,0.0,0.0,0.0,0.0,,,,,0.0,0.0,0.0,False,False,,,False,False,False,False,0.0,,130.0,17.0,False,,0.0,0.0,0.0,,35.0,False,5.0,7.0,7.0,1.0,False,4,95.0,2:02 PM,,YESTERDAY,2023-09-29T01:27:00-07:00,CLILAS_202309290827.txt,True,21.0,18.0,16.0,12.0,9.0,5.0,2.0,1.0,1.0,2.0,3.0,-1.0,True,94,2023-09-28T01:15:00-07:00,2023-09-28T06:00:00-07:00,4.75,PFMVEF_202309280815.txt,-1.0,1.0
2023-09-29,93.0,2023-09-29 13:56:00-07:00,24,0.0,0.0,False,25.0,73.0,37.0,0.0,3.0,20.0,77.0,36.0,0.0,0.0,16.0,81.0,36.0,0.0,0.0,12.0,83.0,33.0,0.0,6.0,10.0,86.0,32.0,0.0,0.0,7.0,91.0,32.0,0.0,3.0,2.0,93.0,32.0,0.0,9.0,0.0,93.0,30.0,0.0,9.0,0.0,93.0,29.0,0.0,10.0,0.0,92.0,29.0,0.0,15.0,1.0,90.0,30.0,0.0,14.0,3.0,2023-09-29 13:56:00-07:00,13.933333333333334,0.0,0.0,0.0,0.0,0.0,0.0,356.0,0.0,0.0,0.0,0.0,0.0,0.0,,,,,0.0,0.0,0.0,False,False,,,False,False,False,False,0.0,,110.0,16.0,False,,0.0,0.0,0.0,,36.0,False,8.0,5.0,7.0,0.0,False,5,94.0,2:22 PM,,YESTERDAY,2023-09-30T01:27:00-07:00,CLILAS_202309300827.txt,True,21.0,17.0,13.0,11.0,8.0,3.0,1.0,1.0,1.0,2.0,4.0,-1.0,True,93,2023-09-29T02:35:00-07:00,2023-09-29T06:00:00-07:00,3.4166666666666665,PFMVEF_202309290935.txt,-1.0,1.0
2023-09-30,74.0,2023-09-30 00:56:00-07:00,25,1.0,0.0,False,31.0,71.0,42.0,0.875,11.0,3.0,72.0,42.0,0.875,13.0,2.0,72.0,42.0,0.875,14.0,2.0,72.0,43.0,0.875,17.0,2.0,72.0,43.0,0.875,16.0,2.0,72.0,43.0,0.875,13.0,2.0,72.0,43.0,1.0,7.0,2.0,72.0,42.0,1.0,9.0,2.0,70.0,41.0,0.875,13.0,4.0,70.0,41.0,0.875,13.0,4.0,69.0,41.0,0.875,11.0,5.0,2023-09-30 00:56:00-07:00,0.9333333333333333,,,,,0.0,0.0,0.0,,0.0,,0.0,,0.0,,,,,0.0,0.0,0.0,False,False,,,False,False,False,False,0.0,,0.0,0.0,False,,0.0,0.0,0.0,,,False,1.0,0.0,0.0,-2.0,True,12,74.0,12:51 AM,,YESTERDAY,2023-10-01T01:49:00-07:00,CLILAS_202310010849.txt,True,3.0,2.0,2.0,2.0,2.0,2.0,2.0,2.0,4.0,4.0,5.0,0.0,True,76,2023-09-30T00:35:00-07:00,2023-09-30T06:00:00-07:00,5.416666666666667,PFMVEF_202309300735.txt,2.0,2.0
2024-06-01,100.0,2024-06-01 13:56:00-07:00,24,0.25,0.0,False,25.0,87.0,34.0,0.0,8.0,13.0,90.0,32.0,0.0,11.0,10.0,93.0,31.0,0.0,8.0,7.0,94.0,32.0,0.0,8.0,6.0,97.0,29.0,0.0,12.0,3.0,99.0,29.0,0.0,12.0,1.0,100.0,28.0,0.25,13.0,0.0,100.0,26.0,0.25,9.0,0.0,100.0,21.0,0.25,12.0,0.0,99.0,21.0,0.0,12.0,1.0,98.0,25.0,0.0,8.0,2.0,2024-06-01 13:56:00-07:00,13.933333333333334,0.041666666666666664,0.0,0.0,0.0,0.0,0.0,356.0,0.0,0.0,0.0,0.0,0.0,0.0,,,,,0.0,0.0,0.0,False,False,,,False,False,False,False,0.0,,60.0,25.0,False,,0.0,0.0,0.0,,32.0,False,6.0,4.0,3.0,0.0,False,5,101.0,2:03 PM,,YESTERDAY,2024-06-02T01:28:00-07:00,CLILAS_202406020828.txt,True,14.0,11.0,8.0,7.0,4.0,2.0,1.0,1.0,1.0,2.0,3.0,-1.0,True,101,2024-06-01T02:05:00-07:00,2024-06-01T06:00:00-07:00,3.9166666666666665,PFMVEF_202406010905.txt,0.0,0.0
2024-06-02,100.0,2024-06-02 16:56:00-07:00,24,0.875,0.0,False,19.0,82.0,34.0,0.25,3.0,18.0,85.0,35.0,0.0,8.0,15.0,88.0,33.0,0.25,6.0,12.0,91.0,32.0,0.25,7.0,9.0,94.0,31.0,0.25,4.0,6.0,95.0,28.0,0.25,4.0,5.0,96.0,28.0,0.5,5.0,4.0,98.0,28.0,0.5,6.0,2.0,99.0,30.0,0.5,9.0,1.0,100.0,29.0,0.875,4.0,0.0,98.0,26.0,0.875,0.0,2.0,2024-06-02 16:56:00-07:00,16.933333333333334,0.375,0.4444444444444444,0.1111111111111111,0.30597014925373134,180.0,0.0,536.0,0.5,180.0,0.0,0.0,0.0,0.0,25000.0,2024-06-02T13:56:00-07:00,2024-06-02T16:56:00-07:00,180.0,0.0,0.0,0.0,False,False,,,False,False,False,False,0.0,,100.0,14.0,False,,0.0,0.0,0.0,,35.0,False,6.0,6.0,2.0,3.0,False,2,100.0,4:02 PM,,YESTERDAY,2024-06-03T01:24:00-07:00,CLILAS_202406030824.txt,True,18.0,15.0,12.0,9.0,6.0,5.0,4.0,2.0,1.0,0.0,2.0,0.0,True,99,2024-06-02T02:05:00-07:00,2024-06-02T06:00:00-07:00,3.9166666666666665,PFMVEF_202406020905.txt,-1.0,1.0
2024-06-03,102.0,2024-06-03 13:56:00-07:00,24,0.875,0.0,False,24.0,86.0,38.0,0.5,0.0,16.0,89.0,38.0,0.5,0.0,13.0,93.0,34.0,0.5,0.0,9.0,97.0,37.0,0.875,5.0,5.0,99.0,38.0,0.875,0.0,3.0,100.0,34.0,0.875,10.0,2.0,102.0,34.0,0.875,9.0,0.0,102.0,34.0,0.875,9.0,0.0,101.0,33.0,0.875,10.0,1.0,100.0,34.0,0.875,13.0,2.0,100.0,33.0,0.875,10.0,2.0,2024-06-03 13:56:00-07:00,13.933333333333334,0.75,1.0,0.6666666666666666,0.6896067415730337,356.0,180.0,356.0,0.875,180.0,0.0,0.0,0.33146067415730335,116.0,25000.0,2024-06-03T08:56:00-07:00,2024-06-03T10:56:00-07:00,300.0,0.0,0.0,0.0,False,False,,,False,False,False,False,0.0,,10.0,17.0,False,,0.0,0.0,0.0,,38.0,False,7.0,6.0,3.0,-1.0,False,5,103.0,2:45 PM,,YESTERDAY,2024-06-04T01:22:00-07:00,CLILAS_202406040822.txt,True,17.0,14.0,10.0,6.0,4.0,3.0,1.0,1.0,2.0,3.0,3.0,-1.0,True,102,2024-06-03T01:50:00-07:00,2024-06-03T06:00:00-07:00,4.166666666666667,PFMVEF_202406030850.txt,-1.0,1.0
2024-06-04,103.0,2024-06-04 16:56:00-07:00,25,1.0,0.0,False,22.0,89.0,39.0,0.5,9.0,14.0,92.0,40.0,0.25,13.0,11.0,93.0,42.0,0.25,8.0,10.0,96.0,42.0,0.25,12.0,7.0,98.0,41.0,0.0,9.0,5.0,98.0,42.0,0.25,4.0,5.0,99.0,42.0,0.25,7.0,4.0,100.0,41.0,0.25,3.0,3.0,100.0,40.0,0.25,0.0,3.0,103.0,40.0,0.25,0.0,0.0,102.0,39.0,0.25,4.0,1.0,2024-06-04 16:56:00-07:00,16.933333333333334,0.225,0.0,0.0,0.24813432835820895,56.0,0.0,536.0,0.25,0.0,0.11194029850746269,0.0,0.11194029850746269,0.0,,,,,0.0,0.0,0.0,False,False,,,False,False,False,False,2.0,2024-06-04T16:03:00-07:00,100.0,22.0,False,,0.0,0.0,0.0,,42.0,False,4.0,5.0,1.0,1.0,False,2,103.0,5:28 PM,,YESTERDAY,2024-06-05T01:32:00-07:00,CLILAS_202406050832.txt,True,14.0,11.0,10.0,7.0,5.0,5.0,4.0,3.0,3.0,0.0,1.0,0.0,True,103,2024-06-04T02:55:00-07:00,2024-06-04T06:00:00-07:00,3.083333333333333,PFMVEF_202406040955.txt,0.0,0.0
2024-06-05,107.0,2024-06-05 16:56:00-07:00,25,0.25,0.0,False,17.0,91.0,42.0,0.0,3.0,16.0,93.0,43.0,0.0,6.0,14.0,97.0,41.0,0.0,10.0,10.0,98.0,41.0,0.0,7.0,9.0,100.0,41.0,0.25,4.0,7.0,103.0,41.0,0.25,5.0,4.0,104.0,40.0,0.25,4.0,3.0,106.0,38.0,0.25,5.0,1.0,106.0,38.0,0.25,3.0,1.0,107.0,38.0,0.25,6.0,0.0,107.0,38.0,0.25,7.0,0.0,2024-06-05 16:56:00-07:00,16.933333333333334,0.15,0.0,0.0,0.13992537313432835,0.0,0.0,536.0,0.25,0.0,0.13992537313432835,0.0,0.13992537313432835,0.0,,,,,0.0,0.0,0.0,False,False,,,False,False,False,False,1.0,2024-06-05T10:09:00-07:00,90.0,17.0,False,,0.0,0.0,0.0,,43.0,False,6.0,3.0,4.0,2.0,False,2,108.0,4:53 PM,,YESTERDAY,2024-06-06T01:22:00-07:00,CLILAS_202406060822.txt,True,17.0,15.0,11.0,10.0,8.0,5.0,4.0,2.0,2.0,1.0,1.0,-1.0,True,108,2024-06-05T03:10:00-07:00,2024-06-05T06:00:00-07:00,2.833333333333333,PFMVEF_202406051010.txt,0.0,0.0
2024-06-06,110.0,2024-06-06 15:56:00-07:00,24,0.5,0.0,False,14.0,93.0,42.0,0.0,3.0,17.0,95.0,44.0,0.25,3.0,15.0,98.0,43.0,0.25,4.0,12.0,101.0,44.0,0.25,4.0,9.0,104.0,43.0,0.25,3.0,6.0,107.0,42.0,0.25,0.0,3.0,109.0,41.0,0.25,3.0,1.0,109.0,40.0,0.25,3.0,1.0,110.0,39.0,0.25,3.0,0.0,110.0,39.0,0.25,5.0,0.0,109.0,38.0,0.25,6.0,1.0,2024-06-06 15:56:00-07:00,15.933333333333334,0.25,0.0,0.0,0.22058823529411764,0.0,0.0,476.0,0.25,0.0,0.22058823529411764,0.0,0.22058823529411764,0.0,,,,,0.0,0.0,0.0,False,False,,,False,False,False,False,0.0,,0.0,0.0,False,,0.0,0.0,0.0,,44.0,False,5.0,6.0,5.0,1.0,False,3,111.0,3:58 PM,R,YESTERDAY,2024-06-07T01:21:00-07:00,CLILAS_202406070821.txt,True,18.0,16.0,13.0,10.0,7.0,4.0,2.0,2.0,1.0,1.0,2.0,-1.0,True,112,2024-06-06T00:25:00-07:00,2024-06-06T06:00:00-07:00,5.583333333333333,PFMVEF_202406060725.txt,1.0,1.0
2024-06-07,110.0,2024-06-07 15:56:00-07:00,26,0.25,0.0,False,19.0,94.0,46.0,0.25,7.0,16.0,97.0,43.0,0.25,5.0,13.0,100.0,41.0,0.25,3.0,10.0,103.0,30.0,0.25,9.0,7.0,105.0,28.0,0.25,5.0,5.0,106.0,30.0,0.25,6.0,4.0,107.0,25.0,0.25,5.0,3.0,108.0,25.0,0.25,8.0,2.0,110.0,28.0,0.25,4.0,0.0,109.0,29.0,0.25,6.0,1.0,108.0,37.0,0.25,6.0,2.0,2024-06-07 15:56:00-07:00,15.933333333333334,0.25,0.0,0.0,0.25,0.0,0.0,476.0,0.25,0.0,0.12605042016806722,0.0,0.12605042016806722,0.0,,,,,0.0,0.0,0.0,False,False,,,False,False,False,False,0.0,,60.0,19.0,False,,0.0,0.0,0.0,,43.0,False,6.0,5.0,2.0,3.0,False,5,110.0,3:53 PM,R,YESTERDAY,2024-06-08T01:23:00-07:00,CLILAS_202406080823.txt,True,16.0,13.0,10.0,7.0,5.0,4.0,3.0,2.0,0.0,1.0,2.0,0.0,True,109,2024-06-07T01:35:00-07:00,2024-06-07T06:00:00-07:00,4.416666666666667,PFMVEF_202406070835.txt,-1.0,1.0
2024-06-08,107.0,2024-06-08 14:56:00-07:00,24,0.5,0.0,False,25.0,90.0,47.0,0.5,3.0,17.0,95.0,47.0,0.5,0.0,12.0,97.0,45.0,0.5,0.0,10.0,100.0,45.0,0.5,3.0,7.0,103.0,43.0,0.5,7.0,4.0,103.0,40.0,0.25,4.0,4.0,105.0,39.0,0.25,7.0,2.0,107.0,39.0,0.5,9.0,0.0,106.0,37.0,0.5,9.0,1.0,105.0,34.0,0.5,12.0,2.0,104.0,36.0,0.25,12.0,3.0,2024-06-08 14:56:00-07:00,14.933333333333334,0.42857142857142855,0.7142857142857143,0.0,0.42788461538461536,296.0,0.0,416.0,0.3333333333333333,60.0,0.14423076923076922,0.0,0.42788461538461536,296.0,,2024-06-08T08:56:00-07:00,,360.0,0.0,0.0,0.0,False,False,,,False,False,False,False,0.0,,70.0,18.0,False,,0.0,0.0,0.0,,47.0,False,7.0,6.0,2.0,1.0,False,4,107.0,1:56 PM,,YESTERDAY,2024-06-09T01:23:00-07:00,CLILAS_202406090823.txt,True,17.0,12.0,10.0,7.0,4.0,4.0,2.0,0.0,1.0,2.0,3.0,0.0,True,106,2024-06-08T05:40:00-07:00,2024-06-08T06:00:00-07:00,0.3333333333333333,PFMVEF_202406081240.txt,-1.0,1.0
2024-06-09,101.0,2024-06-09 14:56:00-07:00,24,0.875,0.0,False,24.0,87.0,44.0,0.25,5.0,14.0,90.0,40.0,0.875,8.0,11.0,93.0,40.0,0.875,6.0,8.0,94.0,37.0,0.875,9.0,7.0,95.0,33.0,0.875,10.0,6.0,99.0,31.0,0.875,9.0,2.0,100.0,29.0,0.875,13.0,1.0,101.0,26.0,0.875,14.0,0.0,101.0,26.0,0.875,8.0,0.0,101.0,25.0,0.875,9.0,0.0,101.0,18.0,0.875,10.0,0.0,2024-06-09 14:56:00-07:00,14.933333333333334,0.875,1.0,1.0,0.7908653846153846,360.0,360.0,416.0,0.875,180.0,0.0,0.0,0.3245192307692308,180.0,25000.0,2024-06-09T08:56:00-07:00,2024-06-09T08:56:00-07:00,360.0,0.0,0.0,0.0,False,False,,,False,False,False,False,0.0,,60.0,24.0,False,,0.0,0.0,0.0,,40.0,False,6.0,2.0,5.0,1.0,False,4,102.0,4:55 PM,,YESTERDAY,2024-06-10T01:26:00-07:00,CLILAS_202406100826.txt,True,15.0,12.0,9.0,8.0,7.0,3.0,2.0,1.0,1.0,1.0,1.0,-1.0,True,103,2024-06-09T00:25:00-07:00,2024-06-09T06:00:00-07:00,5.583333333333333,PFMVEF_202406090725.txt,1.0,1.0
2024-06-10,103.0,2024-06-10 15:56:00-07:00,25,0.25,0.0,False,,85.0,28.0,0.25,0.0,18.0,88.0,28.0,0.25,0.0,15.0,92.0,29.0,0.25,3.0,11.0,94.0,32.0,0.25,6.0,9.0,97.0,30.0,0.25,3.0,6.0,98.0,30.0,0.25,4.0,5.0,99.0,27.0,0.25,5.0,4.0,101.0,28.0,0.25,0.0,2.0,103.0,29.0,0.25,6.0,0.0,102.0,29.0,0.25,0.0,1.0,103.0,28.0,0.0,9.0,0.0,2024-06-10 15:56:00-07:00,15.933333333333334,0.25,0.0,0.0,0.25,0.0,0.0,476.0,0.25,0.0,0.0,0.0,0.0,0.0,,,,,0.0,0.0,0.0,False,False,,,False,False,False,False,0.0,,160.0,0.0,False,,0.0,0.0,0.0,,32.0,False,7.0,5.0,2.0,4.0,False,4,104.0,2:54 PM,,YESTERDAY,2024-06-11T01:22:00-07:00,CLILAS_202406110822.txt,True,19.0,16.0,12.0,10.0,7.0,6.0,5.0,3.0,1.0,2.0,1.0,-1.0,True,103,2024-06-10T00:30:00-07:00,2024-06-10T06:00:00-07:00,5.5,PFMVEF_202406100730.txt,-1.0,1.0
2024-06-11,107.0,2024-06-11 14:56:00-07:00,25,0.0,0.0,False,,90.0,31.0,0.0,0.0,17.0,93.0,30.0,0.0,4.0,14.0,95.0,33.0,0.0,4.0,12.0,97.0,31.0,0.0,0.0,10.0,102.0,33.0,0.0,5.0,5.0,104.0,32.0,0.0,3.0,3.0,105.0,33.0,0.0,5.0,2.0,107.0,28.0,0.0,4.0,0.0,106.0,26.0,0.0,3.0,1.0,107.0,27.0,0.0,5.0,0.0,107.0,26.0,0.0,0.0,0.0,2024-06-11 14:56:00-07:00,14.933333333333334,0.0,0.0,0.0,0.0,0.0,0.0,416.0,0.0,0.0,0.0,0.0,0.0,0.0,,,,,0.0,0.0,0.0,False,False,,,False,False,False,False,0.0,,60.0,0.0,False,,0.0,0.0,0.0,,33.0,False,5.0,7.0,3.0,1.0,False,4,108.0,4:51 PM,,YESTERDAY,2024-06-12T01:24:00-07:00,CLILAS_202406120824.txt,True,18.0,15.0,13.0,11.0,6.0,4.0,3.0,1.0,2.0,1.0,1.0,-1.0,True,107,2024-06-11T05:00:00-07:00,2024-06-11T06:00:00-07:00,1.0,PFMVEF_202406111200.txt,-1.0,1.0
2024-06-12,108.0,2024-06-12 13:56:00-07:00,26,0.0,0.0,False,29.0,91.0,35.0,0.0,0.0,17.0,94.0,32.0,0.0,0.0,14.0,98.0,33.0,0.0,5.0,10.0,101.0,32.0,0.0,6.0,7.0,104.0,31.0,0.0,6.0,4.0,107.0,30.0,0.0,10.0,1.0,108.0,30.0,0.0,11.0,0.0,107.0,28.0,0.0,15.0,1.0,107.0,25.0,0.0,13.0,1.0,108.0,21.0,0.0,11.0,0.0,106.0,17.0,0.0,8.0,2.0,2024-06-12 13:56:00-07:00,13.933333333333334,0.0,0.0,0.0,0.0,0.0,0.0,356.0,0.0,0.0,0.0,0.0,0.0,0.0,,,,,0.0,0.0,0.0,False,False,,,False,False,False,False,0.0,,70.0,29.0,False,,0.0,0.0,0.0,,33.0,False,7.0,6.0,4.0,-1.0,False,6,108.0,4:11 PM,,YESTERDAY,2024-06-13T01:28:00-07:00,CLILAS_202406130828.txt,True,17.0,14.0,10.0,7.0,4.0,1.0,0.0,1.0,1.0,0.0,2.0,0.0,True,108,2024-06-12T02:00:00-07:00,2024-06-12T06:00:00-07:00,4.0,PFMVEF_202406120900.txt,0.0,0.0
2024-06-13,104.0,2024-06-13 16:29:00-07:00,28,0.875,0.0,False,22.0,90.0,31.0,0.25,0.0,14.0,92.0,35.0,0.25,8.0,12.0,94.0,35.0,0.25,4.0,10.0,99.0,34.0,0.25,3.0,5.0,100.0,32.0,0.5,4.0,4.0,102.0,31.0,0.5,9.0,2.0,102.0,31.0,0.875,11.0,2.0,102.0,32.0,0.875,10.0,2.0,103.0,32.0,0.875,5.0,1.0,103.0,29.0,0.875,4.0,1.0,102.0,31.0,0.5,8.0,2.0,2024-06-13 16:29:00-07:00,16.483333333333334,0.6022727272727273,0.7272727272727273,0.45454545454545453,0.4968074656188605,273.0,153.0,509.0,0.81875,180.0,0.0,0.0,0.0,0.0,22000.0,2024-06-13T11:56:00-07:00,2024-06-13T13:56:00-07:00,273.0,0.0,0.0,0.0,False,False,,,False,False,False,False,0.0,,150.0,22.0,False,,0.0,0.0,0.0,,35.0,False,4.0,6.0,2.0,1.0,False,4,105.0,3:28 PM,,YESTERDAY,2024-06-14T01:28:00-07:00,CLILAS_202406140828.txt,True,15.0,13.0,11.0,6.0,5.0,3.0,3.0,3.0,2.0,2.0,3.0,-1.0,True,106,2024-06-13T00:10:00-07:00,2024-06-13T06:00:00-07:00,5.833333333333333,PFMVEF_202406130710.txt,1.0,1.0
2024-06-14,106.0,2024-06-14 15:56:00-07:00,24,0.5,0.0,False,19.0,89.0,31.0,0.0,0.0,17.0,93.0,30.0,0.0,0.0,13.0,97.0,30.0,0.0,0.0,9.0,99.0,31.0,0.0,3.0,7.0,101.0,31.0,0.25,5.0,5.0,103.0,30.0,0.25,0.0,3.0,104.0,29.0,0.0,0.0,2.0,105.0,29.0,0.0,3.0,1.0,106.0,26.0,0.25,5.0,0.0,106.0,28.0,0.25,7.0,0.0,106.0,31.0,0.25,4.0,0.0,2024-06-14 15:56:00-07:00,15.933333333333334,0.09375,0.0,0.0,0.06302521008403361,0.0,0.0,476.0,0.08333333333333333,0.0,0.06302521008403361,0.0,0.06302521008403361,0.0,,,,,0.0,0.0,0.0,False,False,,,False,False,False,False,0.0,,20.0,0.0,False,,0.0,0.0,0.0,,31.0,False,8.0,4.0,3.0,2.0,False,3,108.0,3:52 PM,,YESTERDAY,2024-06-15T01:21:00-07:00,CLILAS_202406150821.txt,True,19.0,15.0,11.0,9.0,7.0,5.0,4.0,3.0,2.0,2.0,2.0,-2.0,True,107,2024-06-14T01:00:00-07:00,2024-06-14T06:00:00-07:00,5.0,PFMVEF_202406140800.txt,-1.0,1.0
2024-06-15,107.0,2024-06-15 14:56:00-07:00,24,0.25,0.0,False,25.0,91.0,33.0,0.25,7.0,16.0,94.0,33.0,0.25,5.0,13.0,97.0,32.0,0.25,6.0,10.0,99.0,32.0,0.25,8.0,8.0,102.0,31.0,0.25,5.0,5.0,104.0,30.0,0.25,7.0,3.0,106.0,29.0,0.25,10.0,1.0,107.0,26.0,0.0,13.0,0.0,106.0,25.0,0.0,14.0,1.0,106.0,26.0,0.0,12.0,1.0,105.0,24.0,0.0,14.0,2.0,2024-06-15 14:56:00-07:00,14.933333333333334,0.21428571428571427,0.0,0.0,0.25,0.0,0.0,416.0,0.25,0.0,0.0,0.0,0.03365384615384615,0.0,,,,,0.0,0.0,0.0,False,False,,,False,False,False,False,0.0,,60.0,24.0,False,,0.0,0.0,0.0,,33.0,False,6.0,5.0,4.0,0.0,False,4,107.0,3:42 PM,,YESTERDAY,2024-06-16T01:34:00-07:00,CLILAS_202406160834.txt,True,16.0,13.0,10.0,8.0,5.0,3.0,1.0,0.0,1.0,1.0,2.0,0.0,True,108,2024-06-15T01:25:00-07:00,2024-06-15T06:00:00-07:00,4.583333333333333,PFMVEF_202406150825.txt,1.0,1.0
2024-06-16,104.0,2024-06-16 15:56:00-07:00,27,1.0,0.0,False,25.0,88.0,23.0,0.25,6.0,16.0,91.0,24.0,0.25,6.0,13.0,93.0,24.0,0.25,4.0,11.0,96.0,24.0,0.25,6.0,8.0,98.0,23.0,0.25,4.0,6.0,100.0,22.0,0.25,3.0,4.0,101.0,20.0,0.25,4.0,3.0,102.0,23.0,0.25,9.0,2.0,104.0,22.0,0.0,6.0,0.0,104.0,24.0,0.25,11.0,0.0,102.0,24.0,0.25,13.0,2.0,2024-06-16 15:56:00-07:00,15.933333333333334,0.2222222222222222,0.0,0.0,0.25,0.0,0.0,476.0,0.25,0.0,0.1869747899159664,0.0,0.25,0.0,,,,,0.0,0.0,0.0,False,False,,,False,False,False,False,0.0,,130.0,20.0,False,,0.0,0.0,0.0,,24.0,False,5.0,5.0,3.0,3.0,False,3,105.0,3:33 PM,,YESTERDAY,2024-06-17T01:27:00-07:00,CLILAS_202406170827.txt,True,17.0,14.0,12.0,9.0,7.0,5.0,4.0,3.0,1.0,1.0,3.0,-1.0,True,104,2024-06-16T01:15:00-07:00,2024-06-16T06:00:00-07:00,4.75,PFMVEF_202406160815.txt,-1.0,1.0
2024-06-17,101.0,2024-06-17 16:56:00-07:00,24,0.875,0.0,False,32.0,83.0,33.0,0.0,6.0,18.0,86.0,32.0,0.0,6.0,15.0,89.0,32.0,0.0,4.0,12.0,93.0,34.0,0.25,8.0,8.0,95.0,33.0,0.25,11.0,6.0,98.0,32.0,0.25,13.0,3.0,99.0,33.0,0.25,12.0,2.0,100.0,32.0,0.25,12.0,1.0,100.0,31.0,0.25,13.0,1.0,101.0,30.0,0.25,12.0,0.0,100.0,27.0,0.25,13.0,1.0,2024-06-17 16:56:00-07:00,16.933333333333334,0.19444444444444445,0.0,0.0,0.16791044776119404,0.0,0.0,536.0,0.25,0.0,0.0,0.0,0.0,0.0,,,,,0.0,0.0,0.0,False,False,,,False,False,False,False,0.0,,30.0,24.0,False,,0.0,0.0,0.0,,34.0,False,6.0,6.0,4.0,1.0,False,2,101.0,4:44 PM,,YESTERDAY,2024-06-18T01:31:00-07:00,CLILAS_202406180831.txt,True,18.0,15.0,12.0,8.0,6.0,3.0,2.0,1.0,1.0,0.0,1.0,0.0,True,101,2024-06-17T00:00:00-07:00,2024-06-17T06:00:00-07:00,6.0,PFMVEF_202406170700.txt,0.0,0.0
2024-06-18,90.0,2024-06-18 17:56:00-07:00,25,0.875,0.0,False,33.0,76.0,11.0,0.0,13.0,14.0,77.0,11.0,0.25,10.0,13.0,79.0,18.0,0.25,7.0,11.0,80.0,17.0,0.5,3.0,10.0,83.0,19.0,0.875,7.0,7.0,84.0,20.0,0.875,3.0,6.0,85.0,19.0,0.25,8.0,5.0,87.0,15.0,0.5,0.0,3.0,89.0,14.0,0.5,3.0,1.0,88.0,14.0,0.875,3.0,2.0,90.0,14.0,0.5,5.0,0.0,2024-06-18 17:56:00-07:00,17.933333333333334,0.5681818181818182,0.7272727272727273,0.36363636363636365,0.49077181208053694,360.0,180.0,596.0,0.625,180.0,0.0,0.0,0.40268456375838924,300.0,20000.0,2024-06-18T10:56:00-07:00,2024-06-18T11:56:00-07:00,420.0,0.0,0.0,0.0,False,False,,,False,False,False,False,1.0,2024-06-18T16:56:00-07:00,50.0,16.0,False,,0.0,0.0,0.0,,20.0,False,3.0,4.0,2.0,4.0,False,1,91.0,5:05 PM,,YESTERDAY,2024-06-19T01:41:00-07:00,CLILAS_202406190841.txt,True,15.0,14.0,12.0,11.0,8.0,7.0,6.0,4.0,2.0,3.0,1.0,-1.0,True,94,2024-06-18T01:25:00-07:00,2024-06-18T06:00:00-07:00,4.583333333333333,PFMVEF_202406180825.txt,3.0,3.0
2024-06-19,99.0,2024-06-19 16:56:00-07:00,26,0.875,0.0,False,,81.0,21.0,0.0,3.0,18.0,84.0,19.0,0.0,6.0,15.0,86.0,21.0,0.0,5.0,13.0,89.0,16.0,0.0,3.0,10.0,91.0,20.0,0.0,4.0,8.0,93.0,17.0,0.0,4.0,6.0,96.0,20.0,0.0,5.0,3.0,97.0,18.0,0.0,7.0,2.0,98.0,18.0,0.0,7.0,1.0,99.0,19.0,0.25,0.0,0.0,98.0,19.0,0.0,3.0,1.0,2024-06-19 16:56:00-07:00,16.933333333333334,0.027777777777777776,0.0,0.0,0.0,0.0,0.0,536.0,0.0,0.0,0.0,0.0,0.0,0.0,,,,,0.0,0.0,0.0,False,False,,,False,False,False,False,0.0,,30.0,0.0,False,,0.0,0.0,0.0,,21.0,False,5.0,5.0,5.0,2.0,False,4,99.0,5:09 PM,,YESTERDAY,2024-06-20T01:50:00-07:00,CLILAS_202406200850.txt,True,18.0,15.0,13.0,10.0,8.0,6.0,3.0,2.0,1.0,0.0,1.0,0.0,True,99,2024-06-19T01:00:00-07:00,2024-06-19T06:00:00-07:00,5.0,PFMVEF_202406190800.txt,0.0,0.0
2024-06-20,104.0,2024-06-20 15:56:00-07:00,25,0.25,0.0,False,18.0,86.0,32.0,0.0,0.0,18.0,88.0,31.0,0.0,0.0,16.0,91.0,31.0,0.0,4.0,13.0,95.0,33.0,0.0,4.0,9.0,96.0,34.0,0.0,6.0,8.0,99.0,36.0,0.0,4.0,5.0,101.0,35.0,0.25,7.0,3.0,103.0,33.0,0.25,11.0,1.0,104.0,32.0,0.25,6.0,0.0,104.0,32.0,0.25,7.0,0.0,104.0,30.0,0.25,6.0,0.0,2024-06-20 15:56:00-07:00,15.933333333333334,0.1111111111111111,0.0,0.0,0.06302521008403361,0.0,0.0,476.0,0.16666666666666666,0.0,0.037289915966386554,0.0,0.037289915966386554,0.0,,,,,0.0,0.0,0.0,False,False,,,False,False,False,False,0.0,,120.0,18.0,False,,0.0,0.0,0.0,,36.0,False,5.0,5.0,5.0,3.0,False,3,105.0,3:31 PM,,YESTERDAY,2024-06-21T01:22:00-07:00,CLILAS_202406210822.txt,True,19.0,17.0,14.0,10.0,9.0,6.0,4.0,2.0,1.0,1.0,1.0,-1.0,True,104,2024-06-20T00:15:00-07:00,2024-06-20T06:00:00-07:00,5.75,PFMVEF_202406200715.txt,-1.0,1.0
2024-06-21,107.0,2024-06-21 15:26:00-07:00,25,0.25,0.0,False,20.0,90.0,34.0,0.0,0.0,17.0,92.0,35.0,0.0,0.0,15.0,94.0,35.0,0.0,5.0,13.0,97.0,37.0,0.25,0.0,10.0,100.0,37.0,0.25,5.0,7.0,103.0,36.0,0.25,4.0,4.0,105.0,36.0,0.25,4.0,2.0,106.0,34.0,0.25,8.0,1.0,106.0,33.0,0.25,5.0,1.0,107.0,33.0,0.25,4.0,0.0,107.0,28.0,0.25,7.0,0.0,2024-06-21 15:26:00-07:00,15.433333333333334,0.1875,0.0,0.0,0.15134529147982062,0.0,0.0,446.0,0.25,0.0,0.15134529147982062,0.0,0.15134529147982062,0.0,,,,,0.0,0.0,0.0,False,False,,,False,False,False,False,0.0,,90.0,15.0,False,,0.0,0.0,0.0,,37.0,False,4.0,6.0,5.0,1.0,False,4,109.0,4:06 PM,,YESTERDAY,2024-06-22T01:23:00-07:00,CLILAS_202406220823.txt,True,19.0,17.0,15.0,12.0,9.0,6.0,4.0,3.0,3.0,2.0,2.0,-2.0,True,107,2024-06-21T01:00:00-07:00,2024-06-21T06:00:00-07:00,5.0,PFMVEF_202406210800.txt,-2.0,2.0
2024-06-22,109.0,2024-06-22 15:56:00-07:00,28,0.5,0.0,False,22.0,91.0,35.0,0.25,4.0,18.0,95.0,35.0,0.25,0.0,14.0,99.0,35.0,0.25,4.0,10.0,102.0,34.0,0.25,5.0,7.0,106.0,35.0,0.25,12.0,3.0,106.0,36.0,0.25,9.0,3.0,108.0,37.0,0.25,4.0,1.0,108.0,37.0,0.25,4.0,1.0,109.0,39.0,0.25,7.0,0.0,109.0,41.0,0.25,6.0,0.0,109.0,42.0,0.25,9.0,0.0,2024-06-22 15:56:00-07:00,15.933333333333334,0.25,0.0,0.0,0.25,0.0,0.0,476.0,0.25,0.0,0.0,0.0,0.25,0.0,,,,,0.0,0.0,0.0,False,False,,,False,False,False,False,0.0,,80.0,18.0,False,,0.0,0.0,0.0,,39.0,False,8.0,7.0,2.0,1.0,False,7,110.0,4:40 PM,,YESTERDAY,2024-06-23T01:24:00-07:00,CLILAS_202406230824.txt,True,19.0,15.0,11.0,8.0,4.0,4.0,2.0,2.0,1.0,1.0,1.0,-1.0,True,108,2024-06-22T01:10:00-07:00,2024-06-22T06:00:00-07:00,4.833333333333333,PFMVEF_202406220810.txt,-2.0,2.0
2024-06-23,110.0,2024-06-23 14:56:00-07:00,25,0.25,0.0,False,21.0,95.0,45.0,0.25,5.0,15.0,99.0,44.0,0.25,3.0,11.0,101.0,44.0,0.25,7.0,9.0,104.0,46.0,0.25,7.0,6.0,106.0,46.0,0.25,9.0,4.0,107.0,48.0,0.25,10.0,3.0,109.0,45.0,0.25,6.0,1.0,110.0,45.0,0.25,7.0,0.0,110.0,45.0,0.25,11.0,0.0,110.0,46.0,0.25,6.0,0.0,110.0,46.0,0.25,10.0,0.0,2024-06-23 14:56:00-07:00,14.933333333333334,0.25,0.0,0.0,0.25,0.0,0.0,416.0,0.25,0.0,0.18028846153846154,0.0,0.25,0.0,,,,,0.0,0.0,0.0,False,False,,,False,False,False,False,0.0,,40.0,21.0,False,,0.0,0.0,0.0,,48.0,False,6.0,5.0,3.0,1.0,False,4,111.0,3:15 PM,,YESTERDAY,2024-06-24T01:25:00-07:00,CLILAS_202406240825.txt,True,16.0,12.0,10.0,7.0,5.0,4.0,2.0,1.0,1.0,1.0,1.0,-1.0,True,108,2024-06-23T01:00:00-07:00,2024-06-23T06:00:00-07:00,5.0,PFMVEF_202406230800.txt,-3.0,3.0
2024-06-24,111.0,2024-06-24 16:56:00-07:00,25,0.5,0.0,False,19.0,96.0,53.0,0.25,8.0,15.0,100.0,53.0,0.25,8.0,11.0,102.0,52.0,0.25,4.0,9.0,106.0,52.0,0.25,10.0,5.0,108.0,51.0,0.25,8.0,3.0,109.0,49.0,0.25,12.0,2.0,109.0,47.0,0.5,4.0,2.0,109.0,44.0,0.5,6.0,2.0,110.0,47.0,0.5,7.0,1.0,111.0,46.0,0.5,7.0,0.0,110.0,42.0,0.5,8.0,1.0,2024-06-24 16:56:00-07:00,16.933333333333334,0.375,0.5,0.0,0.333955223880597,180.0,0.0,536.0,0.5,180.0,0.1958955223880597,0.0,0.25,0.0,,2024-06-24T13:56:00-07:00,,180.0,0.0,0.0,0.0,False,False,,,False,False,True,True,0.0,,40.0,19.0,False,,0.0,0.0,0.0,,53.0,True,6.0,6.0,1.0,1.0,False,2,112.0,4:23 PM,,YESTERDAY,2024-06-25T01:41:00-07:00,CLILAS_202406250841.txt,True,16.0,12.0,10.0,6.0,4.0,3.0,3.0,3.0,2.0,1.0,2.0,-1.0,True,109,2024-06-24T02:30:00-07:00,2024-06-24T06:00:00-07:00,3.5,PFMVEF_202406240930.txt,-3.0,3.0
2024-06-25,111.0,2024-06-25 16:09:00-07:00,27,0.5,0.0,True,28.0,96.0,52.0,0.5,0.0,15.0,100.0,53.0,0.25,3.0,11.0,102.0,52.0,0.25,0.0,9.0,106.0,54.0,0.25,6.0,5.0,107.0,54.0,0.25,8.0,4.0,108.0,55.0,0.25,8.0,3.0,107.0,56.0,0.5,16.0,4.0,104.0,54.0,0.5,16.0,7.0,109.0,54.0,0.5,7.0,2.0,110.0,54.0,0.5,9.0,1.0,109.0,52.0,0.5,4.0,2.0,2024-06-25 16:09:00-07:00,16.15,0.375,0.5,0.0,0.34662576687116564,189.0,0.0,489.0,0.43472222222222223,133.0,0.2893660531697341,133.0,0.34662576687116564,189.0,,2024-06-25T13:56:00-07:00,,133.0,0.0,0.0,0.0,False,False,,,True,True,True,True,5.0,2024-06-25T14:56:00-07:00,70.0,28.0,True,2024-06-25T14:56:00-07:00,5.0,28.0,0.0,73.0,56.0,True,6.0,5.0,0.0,2.0,True,4,111.0,3:09 PM,,YESTERDAY,2024-06-26T01:22:00-07:00,CLILAS_202406260822.txt,True,15.0,11.0,9.0,5.0,4.0,3.0,4.0,7.0,2.0,1.0,2.0,0.0,True,110,2024-06-25T01:10:00-07:00,2024-06-25T06:00:00-07:00,4.833333333333333,PFMVEF_202406250810.txt,-1.0,1.0
2024-06-26,110.0,2024-06-26 15:56:00-07:00,26,0.875,0.0,False,25.0,93.0,60.0,0.25,11.0,17.0,96.0,59.0,0.25,7.0,14.0,99.0,56.0,0.25,7.0,11.0,101.0,56.0,0.25,3.0,9.0,103.0,53.0,0.25,7.0,7.0,107.0,52.0,0.25,7.0,3.0,108.0,51.0,0.25,11.0,2.0,109.0,51.0,0.25,6.0,1.0,110.0,49.0,0.25,15.0,0.0,109.0,47.0,0.25,13.0,1.0,108.0,46.0,0.25,12.0,2.0,2024-06-26 15:56:00-07:00,15.933333333333334,0.25,0.0,0.0,0.25,0.0,0.0,476.0,0.25,0.0,0.22058823529411764,0.0,0.25,0.0,,,,,0.0,0.0,0.0,False,False,,,False,False,True,True,0.0,,80.0,23.0,False,,0.0,0.0,0.0,,59.0,True,6.0,4.0,5.0,2.0,False,4,111.0,2:54 PM,,YESTERDAY,2024-06-27T01:22:00-07:00,CLILAS_202406270822.txt,True,18.0,15.0,12.0,10.0,8.0,4.0,3.0,2.0,1.0,2.0,3.0,-1.0,True,109,2024-06-26T02:15:00-07:00,2024-06-26T06:00:00-07:00,3.75,PFMVEF_202406260915.txt,-2.0,2.0
2024-06-27,109.0,2024-06-27 15:56:00-07:00,25,0.875,0.0,False,29.0,94.0,48.0,0.5,15.0,15.0,96.0,47.0,0.25,12.0,13.0,99.0,47.0,0.25,12.0,10.0,101.0,48.0,0.25,11.0,8.0,104.0,45.0,0.25,10.0,5.0,105.0,44.0,0.25,16.0,4.0,107.0,42.0,0.25,17.0,2.0,108.0,42.0,0.25,12.0,1.0,109.0,42.0,0.25,17.0,0.0,109.0,41.0,0.25,19.0,0.0,107.0,39.0,0.25,14.0,2.0,2024-06-27 15:56:00-07:00,15.933333333333334,0.25,0.0,0.0,0.27941176470588236,56.0,0.0,476.0,0.25,0.0,0.0,0.0,0.25,0.0,,,,,0.0,0.0,0.0,False,False,,,False,False,False,False,0.0,,40.0,29.0,False,,0.0,0.0,0.0,,48.0,False,5.0,5.0,3.0,2.0,False,3,110.0,3:34 PM,,YESTERDAY,2024-06-28T01:23:00-07:00,CLILAS_202406280823.txt,True,16.0,14.0,11.0,9.0,6.0,5.0,3.0,2.0,1.0,1.0,3.0,-1.0,True,109,2024-06-27T01:40:00-07:00,2024-06-27T06:00:00-07:00,4.333333333333333,PFMVEF_202406270840.txt,-1.0,1.0
2024-06-28,107.0,2024-06-28 13:56:00-07:00,24,0.25,0.0,False,25.0,91.0,31.0,0.0,7.0,16.0,93.0,31.0,0.0,8.0,14.0,96.0,33.0,0.0,8.0,11.0,99.0,30.0,0.25,7.0,8.0,102.0,26.0,0.25,13.0,5.0,104.0,26.0,0.25,10.0,3.0,107.0,25.0,0.25,8.0,0.0,107.0,22.0,0.25,12.0,0.0,106.0,20.0,0.25,10.0,1.0,106.0,20.0,0.25,13.0,1.0,105.0,23.0,0.0,13.0,2.0,2024-06-28 13:56:00-07:00,13.933333333333334,0.16666666666666666,0.0,0.0,0.12640449438202248,0.0,0.0,356.0,0.25,0.0,0.12640449438202248,0.0,0.12640449438202248,0.0,,,,,0.0,0.0,0.0,False,False,,,False,False,False,False,0.0,,40.0,23.0,False,,0.0,0.0,0.0,,33.0,False,5.0,6.0,5.0,-1.0,False,5,108.0,2:00 PM,,YESTERDAY,2024-06-29T01:28:00-07:00,CLILAS_202406290828.txt,True,17.0,15.0,12.0,9.0,6.0,4.0,1.0,1.0,2.0,2.0,3.0,-1.0,True,107,2024-06-28T00:45:00-07:00,2024-06-28T06:00:00-07:00,5.25,PFMVEF_202406280745.txt,-1.0,1.0
2024-06-29,108.0,2024-06-29 16:56:00-07:00,24,0.25,0.0,False,20.0,90.0,37.0,0.0,7.0,18.0,93.0,38.0,0.0,9.0,15.0,98.0,36.0,0.25,9.0,10.0,100.0,34.0,0.25,6.0,8.0,102.0,33.0,0.25,7.0,6.0,103.0,30.0,0.25,6.0,5.0,107.0,26.0,0.0,11.0,1.0,107.0,22.0,0.0,9.0,1.0,107.0,22.0,0.0,8.0,1.0,108.0,19.0,0.0,10.0,0.0,107.0,23.0,0.0,8.0,1.0,2024-06-29 16:56:00-07:00,16.933333333333334,0.1111111111111111,0.0,0.0,0.11194029850746269,0.0,0.0,536.0,0.0,0.0,0.11194029850746269,0.0,0.11194029850746269,0.0,,,,,0.0,0.0,0.0,False,False,,,False,False,False,False,0.0,,80.0,20.0,False,,0.0,0.0,0.0,,38.0,False,8.0,4.0,5.0,0.0,False,2,109.0,3:54 PM,,YESTERDAY,2024-06-30T01:25:00-07:00,CLILAS_202406300825.txt,True,19.0,16.0,11.0,9.0,7.0,6.0,2.0,2.0,2.0,1.0,2.0,-1.0,True,109,2024-06-29T00:20:00-07:00,2024-06-29T06:00:00-07:00,5.666666666666667,PFMVEF_202406290720.txt,0.0,0.0
2024-06-30,106.0,2024-06-30 13:56:00-07:00,25,0.25,0.0,False,28.0,91.0,36.0,0.25,10.0,15.0,94.0,35.0,0.25,11.0,12.0,97.0,32.0,0.25,8.0,9.0,101.0,28.0,0.25,12.0,5.0,103.0,27.0,0.25,18.0,3.0,105.0,23.0,0.25,15.0,1.0,106.0,16.0,0.25,9.0,0.0,106.0,18.0,0.25,17.0,0.0,106.0,21.0,0.25,15.0,0.0,106.0,26.0,0.25,14.0,0.0,106.0,27.0,0.0,14.0,0.0,2024-06-30 13:56:00-07:00,13.933333333333334,0.25,0.0,0.0,0.25,0.0,0.0,356.0,0.25,0.0,0.16853932584269662,0.0,0.25,0.0,,,,,0.0,0.0,0.0,False,False,,,False,False,False,False,0.0,,30.0,26.0,False,,0.0,0.0,0.0,,35.0,False,6.0,6.0,3.0,0.0,False,5,108.0,2:51 PM,,YESTERDAY,2024-07-01T01:28:00-07:00,CLILAS_202407010828.txt,True,17.0,14.0,11.0,7.0,5.0,3.0,2.0,2.0,2.0,2.0,2.0,-2.0,True,110,2024-06-30T00:25:00-07:00,2024-06-30T06:00:00-07:00,5.583333333333333,PFMVEF_202406300725.txt,2.0,2.0
2024-07-01,106.0,2024-07-01 14:56:00-07:00,24,0.25,0.0,False,22.0,91.0,40.0,0.0,12.0,15.0,93.0,41.0,0.0,13.0,13.0,96.0,40.0,0.25,8.0,10.0,99.0,32.0,0.25,9.0,7.0,101.0,34.0,0.25,9.0,5.0,103.0,36.0,0.25,12.0,3.0,105.0,33.0,0.25,9.0,1.0,106.0,30.0,0.25,9.0,0.0,106.0,27.0,0.25,9.0,0.0,106.0,29.0,0.25,16.0,0.0,104.0,28.0,0.25,13.0,2.0,2024-07-01 14:56:00-07:00,14.933333333333334,0.21428571428571427,0.0,0.0,0.18028846153846154,0.0,0.0,416.0,0.25,0.0,0.18028846153846154,0.0,0.18028846153846154,0.0,,,,,0.0,0.0,0.0,False,False,,,False,False,False,False,0.0,,50.0,20.0,False,,0.0,0.0,0.0,,41.0,False,5.0,5.0,4.0,1.0,False,4,107.0,4:10 PM,,YESTERDAY,2024-07-02T02:03:00-07:00,CLILAS_202407020903.txt,True,16.0,14.0,11.0,8.0,6.0,4.0,2.0,1.0,1.0,1.0,3.0,-1.0,True,107,2024-07-01T01:10:00-07:00,2024-07-01T06:00:00-07:00,4.833333333333333,PFMVEF_202407010810.txt,0.0,0.0
2024-07-02,107.0,2024-07-02 16:56:00-07:00,27,0.0,0.0,False,17.0,93.0,38.0,0.0,5.0,14.0,95.0,37.0,0.0,7.0,12.0,98.0,39.0,0.0,8.0,9.0,100.0,37.0,0.0,10.0,7.0,102.0,37.0,0.0,4.0,5.0,102.0,38.0,0.0,5.0,5.0,104.0,38.0,0.0,3.0,3.0,106.0,35.0,0.0,4.0,1.0,105.0,34.0,0.0,4.0,2.0,107.0,34.0,0.0,7.0,0.0,107.0,32.0,0.0,4.0,0.0,2024-07-02 16:56:00-07:00,16.933333333333334,0.0,0.0,0.0,0.0,0.0,0.0,536.0,0.0,0.0,0.0,0.0,0.0,0.0,,,,,0.0,0.0,0.0,False,False,,,False,False,False,False,1.0,2024-07-02T15:56:00-07:00,180.0,17.0,False,,0.0,0.0,0.0,,39.0,False,5.0,4.0,2.0,1.0,False,3,108.0,5:20 PM,,YESTERDAY,2024-07-03T02:33:00-07:00,CLILAS_202407030933.txt,True,15.0,13.0,10.0,8.0,6.0,6.0,4.0,2.0,3.0,1.0,1.0,-1.0,True,109,2024-07-02T01:25:00-07:00,2024-07-02T06:00:00-07:00,4.583333333333333,PFMVEF_202407020825.txt,1.0,1.0
2024-07-03,113.0,2024-07-03 14:56:00-07:00,24,0.0,0.0,False,17.0,95.0,34.0,0.0,6.0,18.0,98.0,36.0,0.0,5.0,15.0,101.0,33.0,0.0,0.0,12.0,105.0,32.0,0.0,4.0,8.0,107.0,31.0,0.0,0.0,6.0,109.0,31.0,0.0,0.0,4.0,110.0,30.0,0.0,3.0,3.0,113.0,29.0,0.0,12.0,0.0,112.0,27.0,0.0,4.0,1.0,112.0,27.0,0.0,0.0,1.0,111.0,26.0,0.0,5.0,2.0,2024-07-03 14:56:00-07:00,14.933333333333334,0.0,0.0,0.0,0.0,0.0,0.0,416.0,0.0,0.0,0.0,0.0,0.0,0.0,,,,,0.0,0.0,0.0,False,False,,,False,False,False,False,0.0,,60.0,17.0,False,,0.0,0.0,0.0,,36.0,False,6.0,6.0,3.0,2.0,False,4,113.0,3:20 PM,,YESTERDAY,2024-07-04T01:39:00-07:00,CLILAS_202407040839.txt,True,18.0,15.0,12.0,8.0,6.0,4.0,3.0,0.0,1.0,1.0,2.0,0.0,True,113,2024-07-03T00:50:00-07:00,2024-07-03T06:00:00-07:00,5.166666666666667,PFMVEF_202407030750.txt,0.0,0.0
2024-07-04,113.0,2024-07-04 16:56:00-07:00,25,0.25,0.0,False,17.0,95.0,26.0,0.0,5.0,18.0,100.0,27.0,0.0,7.0,13.0,102.0,24.0,0.0,8.0,11.0,106.0,23.0,0.0,5.0,7.0,107.0,23.0,0.0,9.0,6.0,108.0,22.0,0.0,0.0,5.0,110.0,22.0,0.25,4.0,3.0,111.0,23.0,0.25,6.0,2.0,111.0,24.0,0.25,4.0,2.0,113.0,24.0,0.25,4.0,0.0,112.0,24.0,0.25,5.0,1.0,2024-07-04 16:56:00-07:00,16.933333333333334,0.09090909090909091,0.0,0.0,0.08395522388059702,0.0,0.0,536.0,0.25,0.0,0.08395522388059702,0.0,0.08395522388059702,0.0,,,,,0.0,0.0,0.0,False,False,,,False,False,False,False,0.0,,80.0,17.0,False,,0.0,0.0,0.0,,27.0,False,7.0,5.0,3.0,1.0,False,2,113.0,4:45 PM,,YESTERDAY,2024-07-05T01:32:00-07:00,CLILAS_202407050832.txt,True,18.0,13.0,11.0,7.0,6.0,5.0,3.0,2.0,2.0,0.0,1.0,0.0,True,112,2024-07-04T01:20:00-07:00,2024-07-04T06:00:00-07:00,4.666666666666667,PFMVEF_202407040820.txt,-1.0,1.0
2024-07-05,112.0,2024-07-05 15:56:00-07:00,25,0.0,0.0,False,,94.0,24.0,0.0,4.0,18.0,99.0,23.0,0.0,0.0,13.0,102.0,22.0,0.0,7.0,10.0,104.0,21.0,0.0,3.0,8.0,106.0,20.0,0.0,7.0,6.0,109.0,19.0,0.0,4.0,3.0,109.0,18.0,0.0,0.0,3.0,110.0,19.0,0.0,3.0,2.0,112.0,19.0,0.0,3.0,0.0,111.0,19.0,0.0,3.0,1.0,112.0,20.0,0.0,9.0,0.0,2024-07-05 15:56:00-07:00,15.933333333333334,0.0,0.0,0.0,0.0,0.0,0.0,476.0,0.0,0.0,0.0,0.0,0.0,0.0,,,,,0.0,0.0,0.0,False,False,,,False,False,False,False,0.0,,20.0,0.0,False,,0.0,0.0,0.0,,23.0,False,8.0,4.0,3.0,3.0,False,3,113.0,4:48 PM,,YESTERDAY,2024-07-06T01:49:00-07:00,CLILAS_202407060849.txt,True,19.0,14.0,11.0,9.0,7.0,4.0,4.0,3.0,1.0,2.0,1.0,-1.0,True,113,2024-07-05T03:25:00-07:00,2024-07-05T06:00:00-07:00,2.583333333333333,PFMVEF_202407051025.txt,0.0,0.0
2024-07-06,115.0,2024-07-06 17:36:00-07:00,28,0.0,0.0,False,,94.0,26.0,0.0,3.0,21.0,98.0,23.0,0.0,0.0,17.0,104.0,24.0,0.0,4.0,11.0,108.0,22.0,0.0,7.0,7.0,109.0,22.0,0.0,5.0,6.0,111.0,21.0,0.0,4.0,4.0,112.0,21.0,0.0,5.0,3.0,114.0,21.0,0.0,0.0,1.0,114.0,22.0,0.0,3.0,1.0,113.0,21.0,0.0,5.0,2.0,115.0,21.0,0.0,0.0,0.0,2024-07-06 17:36:00-07:00,17.6,0.0,0.0,0.0,0.0,0.0,0.0,576.0,0.0,0.0,0.0,0.0,0.0,0.0,,,,,0.0,0.0,0.0,False,False,,,False,False,False,False,1.0,2024-07-06T16:59:00-07:00,120.0,0.0,False,,0.0,0.0,0.0,,24.0,False,10.0,5.0,3.0,2.0,False,2,115.0,5:30 PM,R,YESTERDAY,2024-07-07T01:39:00-07:00,CLILAS_202407070839.txt,True,21.0,17.0,11.0,7.0,6.0,4.0,3.0,1.0,1.0,2.0,0.0,0.0,True,114,2024-07-06T03:10:00-07:00,2024-07-06T06:00:00-07:00,2.833333333333333,PFMVEF_202407061010.txt,-1.0,1.0
2024-07-07,119.0,2024-07-07 15:33:00-07:00,30,0.25,0.0,False,20.0,98.0,21.0,0.0,0.0,21.0,101.0,23.0,0.0,0.0,18.0,105.0,20.0,0.0,3.0,14.0,108.0,20.0,0.0,0.0,11.0,111.0,19.0,0.0,0.0,8.0,115.0,15.0,0.0,4.0,4.0,117.0,15.0,0.0,6.0,2.0,117.0,16.0,0.0,9.0,2.0,117.0,16.0,0.25,0.0,2.0,118.0,17.0,0.25,6.0,1.0,118.0,17.0,0.25,8.0,1.0,2024-07-07 15:33:00-07:00,15.55,0.0,0.0,0.0,0.0,0.0,0.0,453.0,0.0,0.0,0.0,0.0,0.0,0.0,,,,,0.0,0.0,0.0,False,False,,,False,False,False,False,0.0,,170.0,0.0,False,,0.0,0.0,0.0,,23.0,False,7.0,6.0,6.0,0.0,False,8,120.0,3:43 PM,R,YESTERDAY,2024-07-08T02:02:00-07:00,CLILAS_202407080902.txt,True,22.0,19.0,15.0,12.0,9.0,5.0,3.0,3.0,3.0,2.0,2.0,-1.0,True,117,2024-07-07T01:30:00-07:00,2024-07-07T06:00:00-07:00,4.5,PFMVEF_202407070830.txt,-3.0,3.0
2024-07-08,114.0,2024-07-08 17:56:00-07:00,25,0.25,0.0,False,15.0,98.0,25.0,0.0,5.0,16.0,99.0,25.0,0.0,7.0,15.0,103.0,30.0,0.0,7.0,11.0,107.0,23.0,0.0,7.0,7.0,109.0,28.0,0.0,7.0,5.0,109.0,24.0,0.0,3.0,5.0,111.0,22.0,0.0,0.0,3.0,113.0,22.0,0.0,3.0,1.0,113.0,20.0,0.0,4.0,1.0,113.0,21.0,0.0,0.0,1.0,114.0,22.0,0.0,4.0,0.0,2024-07-08 17:56:00-07:00,17.933333333333334,0.0,0.0,0.0,0.0,0.0,0.0,596.0,0.0,0.0,0.0,0.0,0.0,0.0,,,,,0.0,0.0,0.0,False,False,,,False,False,False,False,0.0,,130.0,15.0,False,,0.0,0.0,0.0,,30.0,False,5.0,6.0,2.0,2.0,False,2,115.0,3:26 PM,R,YESTERDAY,2024-07-09T01:27:00-07:00,CLILAS_202407090827.txt,True,17.0,16.0,12.0,8.0,6.0,6.0,4.0,2.0,2.0,2.0,1.0,-1.0,True,115,2024-07-07T23:50:00-07:00,2024-07-08T06:00:00-07:00,6.166666666666667,PFMVEF_202407080650.txt,0.0,0.0
2024-07-09,118.0,2024-07-09 15:56:00-07:00,25,0.5,0.0,False,27.0,99.0,30.0,0.0,0.0,19.0,102.0,27.0,0.0,3.0,16.0,104.0,28.0,0.25,3.0,14.0,107.0,22.0,0.25,6.0,11.0,109.0,26.0,0.25,0.0,9.0,112.0,24.0,0.25,4.0,6.0,113.0,23.0,0.25,0.0,5.0,,,,,,118.0,22.0,0.25,3.0,0.0,117.0,21.0,0.25,10.0,1.0,116.0,21.0,0.25,7.0,2.0,2024-07-09 15:56:00-07:00,15.933333333333334,0.21428571428571427,0.0,0.0,0.18497757847533633,0.0,0.0,446.0,0.25,0.0,0.0,0.0,0.18497757847533633,0.0,,,,,0.0,0.0,0.0,False,False,,,False,False,False,False,0.0,,110.0,0.0,False,,0.0,0.0,0.0,,28.0,False,5.0,5.0,4.0,5.0,False,4,119.0,3:50 PM,R,YESTERDAY,2024-07-10T01:25:00-07:00,CLILAS_202407100825.txt,True,20.0,17.0,15.0,12.0,10.0,7.0,6.0,,1.0,2.0,3.0,-1.0,True,117,2024-07-09T01:20:00-07:00,2024-07-09T06:00:00-07:00,4.666666666666667,PFMVEF_202407090820.txt,-2.0,2.0
2024-07-10,118.0,2024-07-10 15:39:00-07:00,26,0.25,0.0,False,17.0,100.0,30.0,0.25,4.0,18.0,102.0,28.0,0.25,4.0,16.0,106.0,25.0,0.25,0.0,12.0,109.0,28.0,0.25,4.0,9.0,111.0,25.0,0.25,0.0,7.0,114.0,29.0,0.25,8.0,4.0,115.0,24.0,0.25,4.0,3.0,117.0,23.0,0.25,3.0,1.0,117.0,20.0,0.25,9.0,1.0,117.0,19.0,0.25,10.0,1.0,116.0,19.0,0.25,11.0,2.0,2024-07-10 15:39:00-07:00,15.65,0.25,0.0,0.0,0.25,0.0,0.0,459.0,0.25,0.0,0.0,0.0,0.25,0.0,,,,,0.0,0.0,0.0,False,False,,,False,False,False,False,1.0,2024-07-10T15:27:00-07:00,130.0,17.0,False,,0.0,0.0,0.0,,29.0,False,6.0,5.0,4.0,2.0,False,4,118.0,4:30 PM,R,YESTERDAY,2024-07-11T01:29:00-07:00,CLILAS_202407110829.txt,True,18.0,16.0,12.0,9.0,7.0,4.0,3.0,1.0,1.0,1.0,2.0,0.0,True,118,2024-07-10T01:05:00-07:00,2024-07-10T06:00:00-07:00,4.916666666666667,PFMVEF_202407100805.txt,0.0,0.0
2024-07-11,117.0,2024-07-11 15:56:00-07:00,27,0.5,0.0,False,22.0,103.0,30.0,0.5,5.0,14.0,105.0,32.0,0.5,6.0,12.0,107.0,33.0,0.5,0.0,10.0,110.0,31.0,0.5,,7.0,111.0,32.0,0.5,9.0,6.0,114.0,29.0,0.5,7.0,3.0,115.0,36.0,0.5,8.0,2.0,115.0,26.0,0.5,5.0,2.0,117.0,24.0,0.5,6.0,0.0,117.0,24.0,0.25,4.0,0.0,117.0,23.0,0.25,4.0,0.0,2024-07-11 15:56:00-07:00,15.933333333333334,0.5,1.0,0.0,0.5,476.0,0.0,476.0,0.5,180.0,0.09453781512605042,0.0,0.5,476.0,,2024-07-11T08:56:00-07:00,,420.0,0.0,0.0,0.0,False,False,,,False,False,False,False,0.0,,170.0,22.0,False,,0.0,0.0,0.0,,36.0,False,4.0,4.0,4.0,2.0,False,3,118.0,3:23 PM,R,YESTERDAY,2024-07-12T01:40:00-07:00,CLILAS_202407120840.txt,True,15.0,13.0,11.0,8.0,7.0,4.0,3.0,3.0,1.0,1.0,1.0,-1.0,True,118,2024-07-11T03:05:00-07:00,2024-07-11T06:00:00-07:00,2.9166666666666665,PFMVEF_202407111005.txt,0.0,0.0
2024-07-12,115.0,2024-07-12 16:56:00-07:00,28,0.875,0.0,False,36.0,101.0,40.0,0.875,8.0,14.0,102.0,40.0,0.5,5.0,13.0,105.0,40.0,0.5,0.0,10.0,108.0,44.0,0.5,6.0,7.0,109.0,41.0,0.5,4.0,6.0,111.0,42.0,0.5,5.0,4.0,112.0,41.0,0.5,3.0,3.0,114.0,42.0,0.5,4.0,1.0,113.0,39.0,0.5,3.0,2.0,115.0,37.0,0.5,6.0,0.0,114.0,44.0,0.5,11.0,1.0,2024-07-12 16:56:00-07:00,16.933333333333334,0.5,1.0,0.0,0.539179104477612,536.0,56.0,536.0,0.5,180.0,0.13992537313432835,0.0,0.34328358208955223,116.0,,2024-07-12T08:56:00-07:00,,480.0,0.0,0.0,0.0,False,False,,,False,False,True,True,1.0,2024-07-12T15:57:00-07:00,170.0,0.0,False,,0.0,0.0,0.0,,44.0,False,4.0,4.0,3.0,1.0,False,3,115.0,4:35 PM,R,YESTERDAY,2024-07-13T01:31:00-07:00,CLILAS_202407130831.txt,True,14.0,13.0,10.0,7.0,6.0,4.0,3.0,1.0,2.0,0.0,1.0,0.0,True,116,2024-07-12T04:10:00-07:00,2024-07-12T06:00:00-07:00,1.8333333333333333,PFMVEF_202407121110.txt,1.0,1.0
2024-07-13,106.0,2024-07-13 10:56:00-07:00,33,0.875,0.21000000000000002,True,50.0,96.0,52.0,0.5,4.0,10.0,100.0,52.0,0.5,4.0,6.0,104.0,51.0,0.5,8.0,2.0,106.0,50.0,0.5,8.0,0.0,105.0,51.0,0.875,14.0,1.0,102.0,52.0,0.875,13.0,4.0,104.0,48.0,0.875,7.0,2.0,104.0,48.0,0.875,6.0,2.0,104.0,48.0,0.875,11.0,2.0,95.0,57.0,0.875,24.0,11.0,98.0,66.0,0.875,3.0,8.0,2024-07-13 10:56:00-07:00,10.933333333333334,0.5,1.0,0.0,0.5,176.0,0.0,176.0,0.5,176.0,0.0,0.0,0.5,176.0,,2024-07-13T08:56:00-07:00,,120.0,0.08,0.0,0.08,False,True,2024-07-13T16:56:00-07:00,,False,True,False,True,0.0,,40.0,15.0,False,,0.0,0.0,0.0,,52.0,True,8.0,1.0,-1.0,0.0,True,14,110.0,1:54 PM,,YESTERDAY,2024-07-14T01:29:00-07:00,CLILAS_202407140829.txt,True,14.0,10.0,6.0,4.0,5.0,8.0,6.0,6.0,6.0,15.0,12.0,-4.0,True,112,2024-07-12T23:35:00-07:00,2024-07-13T06:00:00-07:00,6.416666666666667,PFMVEF_202407130635.txt,2.0,2.0
2024-07-14,106.0,2024-07-14 16:56:00-07:00,24,0.875,0.0,False,23.0,90.0,59.0,0.875,0.0,16.0,92.0,58.0,0.5,4.0,14.0,97.0,56.0,0.5,0.0,9.0,99.0,54.0,0.25,3.0,7.0,101.0,53.0,0.25,0.0,5.0,98.0,53.0,0.875,14.0,8.0,102.0,46.0,0.875,7.0,4.0,102.0,50.0,0.875,8.0,4.0,105.0,45.0,0.875,9.0,1.0,106.0,43.0,0.875,9.0,0.0,106.0,44.0,0.875,7.0,0.0,2024-07-14 16:56:00-07:00,16.933333333333334,0.6527777777777778,0.7777777777777778,0.5555555555555556,0.6511194029850746,416.0,296.0,536.0,0.875,180.0,0.5951492537313433,296.0,0.6511194029850746,416.0,12000.0,2024-07-14T08:56:00-07:00,2024-07-14T12:56:00-07:00,480.0,0.0,0.0,0.0,False,False,,,False,False,True,False,3.0,2024-07-14T12:56:00-07:00,50.0,23.0,True,2024-07-14T12:56:00-07:00,3.0,23.0,0.0,240.0,58.0,True,7.0,4.0,1.0,3.0,False,2,106.0,5:27 PM,,YESTERDAY,2024-07-15T01:31:00-07:00,CLILAS_202407150831.txt,True,16.0,14.0,9.0,7.0,5.0,8.0,4.0,4.0,1.0,0.0,0.0,0.0,True,108,2024-07-14T00:00:00-07:00,2024-07-14T06:00:00-07:00,6.0,PFMVEF_202407140700.txt,2.0,2.0
2024-07-15,108.0,2024-07-15 13:56:00-07:00,26,0.875,0.0,False,22.0,94.0,52.0,0.25,3.0,14.0,96.0,50.0,0.25,3.0,12.0,99.0,49.0,0.25,0.0,9.0,102.0,49.0,0.25,3.0,6.0,103.0,47.0,0.25,5.0,5.0,106.0,47.0,0.25,7.0,2.0,108.0,46.0,0.25,8.0,0.0,107.0,43.0,0.5,3.0,1.0,107.0,46.0,0.5,3.0,1.0,107.0,47.0,0.875,12.0,1.0,107.0,45.0,0.875,4.0,1.0,2024-07-15 13:56:00-07:00,13.933333333333334,0.25,0.0,0.0,0.25,0.0,0.0,356.0,0.25,0.0,0.16853932584269662,0.0,0.25,0.0,,,,,0.0,0.0,0.0,False,False,,,False,False,True,True,0.0,,150.0,15.0,False,,0.0,0.0,0.0,,50.0,True,5.0,4.0,5.0,-1.0,False,7,110.0,1:37 PM,,YESTERDAY,2024-07-16T01:24:00-07:00,CLILAS_202407160824.txt,True,16.0,14.0,11.0,8.0,7.0,4.0,2.0,3.0,3.0,3.0,3.0,-2.0,True,108,2024-07-15T00:10:00-07:00,2024-07-15T06:00:00-07:00,5.833333333333333,PFMVEF_202407150710.txt,-2.0,2.0
2024-07-16,109.0,2024-07-16 16:56:00-07:00,25,0.875,0.0,False,17.0,91.0,50.0,0.25,0.0,18.0,96.0,49.0,0.25,4.0,13.0,98.0,51.0,0.25,3.0,11.0,102.0,50.0,0.25,3.0,7.0,103.0,47.0,0.25,3.0,6.0,106.0,48.0,0.25,6.0,3.0,108.0,46.0,0.25,3.0,1.0,108.0,46.0,0.25,5.0,1.0,108.0,45.0,0.5,3.0,1.0,109.0,45.0,0.5,3.0,0.0,109.0,45.0,0.5,9.0,0.0,2024-07-16 16:56:00-07:00,16.933333333333334,0.3055555555555556,0.2222222222222222,0.0,0.27798507462686567,60.0,0.0,536.0,0.3333333333333333,60.0,0.22388059701492538,0.0,0.27798507462686567,60.0,,2024-07-16T15:56:00-07:00,,60.0,0.0,0.0,0.0,False,False,,,False,False,False,True,0.0,,140.0,0.0,False,,0.0,0.0,0.0,,51.0,True,7.0,5.0,5.0,0.0,False,3,110.0,4:46 PM,,YESTERDAY,2024-07-17T01:26:00-07:00,CLILAS_202407170826.txt,True,19.0,14.0,12.0,8.0,7.0,4.0,2.0,2.0,2.0,1.0,1.0,-1.0,True,110,2024-07-16T00:05:00-07:00,2024-07-16T06:00:00-07:00,5.916666666666667,PFMVEF_202407160705.txt,0.0,0.0
2024-07-17,110.0,2024-07-17 13:56:00-07:00,25,1.0,0.0,False,26.0,95.0,47.0,0.25,5.0,15.0,98.0,47.0,0.25,0.0,12.0,101.0,47.0,0.25,0.0,9.0,103.0,44.0,0.25,4.0,7.0,107.0,43.0,0.25,3.0,3.0,109.0,44.0,0.25,3.0,1.0,110.0,43.0,0.25,9.0,0.0,110.0,42.0,0.25,8.0,0.0,110.0,45.0,0.5,5.0,0.0,108.0,45.0,0.5,13.0,2.0,107.0,45.0,0.5,13.0,3.0,2024-07-17 13:56:00-07:00,13.933333333333334,0.25,0.0,0.0,0.25,0.0,0.0,356.0,0.25,0.0,0.21067415730337077,0.0,0.25,0.0,,,,,0.0,0.0,0.0,False,False,,,False,False,False,True,0.0,,30.0,0.0,False,,0.0,0.0,0.0,,47.0,False,6.0,6.0,3.0,0.0,False,6,111.0,3:06 PM,,YESTERDAY,2024-07-18T01:22:00-07:00,CLILAS_202407180822.txt,True,16.0,13.0,10.0,8.0,4.0,2.0,1.0,1.0,1.0,3.0,4.0,-1.0,True,111,2024-07-17T00:55:00-07:00,2024-07-17T06:00:00-07:00,5.083333333333333,PFMVEF_202407170755.txt,0.0,0.0
2024-07-18,107.0,2024-07-18 11:56:00-07:00,28,0.875,0.0,True,40.0,94.0,51.0,0.25,4.0,13.0,98.0,51.0,0.25,0.0,9.0,101.0,50.0,0.25,0.0,6.0,104.0,49.0,0.25,4.0,3.0,107.0,50.0,0.25,3.0,0.0,98.0,54.0,0.875,16.0,9.0,97.0,52.0,0.875,12.0,10.0,98.0,54.0,0.875,10.0,9.0,95.0,56.0,0.875,6.0,12.0,98.0,56.0,0.875,3.0,9.0,99.0,54.0,0.875,4.0,8.0,2024-07-18 11:56:00-07:00,11.933333333333334,0.25,0.0,0.0,0.25,0.0,0.0,236.0,0.25,0.0,0.1906779661016949,0.0,0.25,0.0,,,,,0.0,0.0,0.0,False,False,,,False,True,True,True,0.0,,0.0,0.0,False,,0.0,0.0,0.0,,51.0,True,7.0,6.0,-10.0,-2.0,True,11,108.0,10:58 AM,,YESTERDAY,2024-07-19T01:29:00-07:00,CLILAS_202407190829.txt,True,14.0,10.0,7.0,4.0,1.0,10.0,11.0,10.0,13.0,10.0,9.0,-1.0,True,110,2024-07-18T00:55:00-07:00,2024-07-18T06:00:00-07:00,5.083333333333333,PFMVEF_202407180755.txt,2.0,2.0
2024-07-19,109.0,2024-07-19 16:56:00-07:00,29,0.875,0.0,True,35.0,95.0,55.0,0.25,0.0,14.0,98.0,53.0,0.25,5.0,11.0,99.0,54.0,0.5,6.0,10.0,100.0,55.0,0.5,0.0,9.0,104.0,53.0,0.5,6.0,5.0,108.0,53.0,0.5,0.0,1.0,108.0,54.0,0.875,11.0,1.0,108.0,53.0,0.875,15.0,1.0,108.0,50.0,0.875,12.0,1.0,109.0,48.0,0.5,0.0,0.0,109.0,47.0,0.5,6.0,0.0,2024-07-19 16:56:00-07:00,16.933333333333334,0.6354166666666666,0.9166666666666666,0.4166666666666667,0.5718283582089553,420.0,180.0,536.0,0.875,180.0,0.2332089552238806,20.0,0.5718283582089553,420.0,20000.0,2024-07-19T09:56:00-07:00,2024-07-19T13:56:00-07:00,420.0,0.0,0.0,0.0,False,False,,,True,False,True,True,2.0,2024-07-19T15:36:00-07:00,120.0,19.0,False,,0.0,0.0,0.0,,55.0,True,4.0,5.0,4.0,0.0,False,2,110.0,4:30 PM,,YESTERDAY,2024-07-20T01:28:00-07:00,CLILAS_202407200828.txt,True,15.0,12.0,11.0,10.0,6.0,2.0,2.0,2.0,2.0,1.0,1.0,-1.0,True,112,2024-07-19T02:00:00-07:00,2024-07-19T06:00:00-07:00,4.0,PFMVEF_202407190900.txt,2.0,2.0
2024-07-20,112.0,2024-07-20 15:56:00-07:00,27,0.25,0.0,False,30.0,94.0,53.0,0.0,3.0,18.0,98.0,52.0,0.25,0.0,14.0,102.0,51.0,0.25,4.0,10.0,103.0,50.0,0.25,0.0,9.0,106.0,50.0,0.25,6.0,6.0,108.0,50.0,0.25,3.0,4.0,109.0,49.0,0.25,0.0,3.0,111.0,48.0,0.25,4.0,1.0,112.0,47.0,0.25,8.0,0.0,112.0,45.0,0.25,9.0,0.0,112.0,45.0,0.25,7.0,0.0,2024-07-20 15:56:00-07:00,15.933333333333334,0.25,0.0,0.0,0.22058823529411764,0.0,0.0,476.0,0.25,0.0,0.22058823529411764,0.0,0.22058823529411764,0.0,,,,,0.0,0.0,0.0,False,False,,,False,False,True,False,1.0,2024-07-20T15:11:00-07:00,60.0,14.0,False,,0.0,0.0,0.0,,52.0,True,8.0,4.0,3.0,3.0,False,3,113.0,4:49 PM,R,YESTERDAY,2024-07-21T01:33:00-07:00,CLILAS_202407210833.txt,True,19.0,15.0,11.0,10.0,7.0,5.0,4.0,2.0,1.0,1.0,1.0,-1.0,True,113,2024-07-20T01:55:00-07:00,2024-07-20T06:00:00-07:00,4.083333333333333,PFMVEF_202407200855.txt,0.0,0.0
2024-07-21,114.0,2024-07-21 16:56:00-07:00,31,0.875,0.0,True,37.0,98.0,49.0,0.25,7.0,16.0,100.0,49.0,0.25,10.0,14.0,102.0,50.0,0.25,4.0,12.0,103.0,50.0,0.25,3.0,11.0,105.0,50.0,0.25,4.0,9.0,107.0,50.0,0.25,4.0,7.0,109.0,50.0,0.25,4.0,5.0,112.0,48.0,0.25,3.0,2.0,112.0,46.0,0.25,3.0,2.0,114.0,47.0,0.25,9.0,0.0,111.0,46.0,0.5,5.0,3.0,2024-07-21 16:56:00-07:00,16.933333333333334,0.25,0.0,0.0,0.25,0.0,0.0,536.0,0.25,0.0,0.25,0.0,0.25,0.0,,,,,0.0,0.0,0.0,False,False,,,False,True,True,True,0.0,,70.0,14.0,False,,0.0,0.0,0.0,,50.0,True,4.0,3.0,4.0,3.0,False,3,114.0,3:56 PM,R,YESTERDAY,2024-07-22T01:28:00-07:00,CLILAS_202407220828.txt,True,16.0,14.0,12.0,11.0,9.0,7.0,5.0,2.0,2.0,0.0,3.0,0.0,True,113,2024-07-21T01:20:00-07:00,2024-07-21T06:00:00-07:00,4.666666666666667,PFMVEF_202407210820.txt,-1.0,1.0
2024-07-22,111.0,2024-07-22 14:56:00-07:00,31,1.0,0.0,True,27.0,96.0,60.0,0.5,8.0,15.0,97.0,58.0,0.5,4.0,14.0,100.0,57.0,0.25,4.0,11.0,101.0,57.0,0.25,4.0,10.0,104.0,56.0,0.25,0.0,7.0,107.0,54.0,0.5,3.0,4.0,108.0,52.0,0.5,4.0,3.0,111.0,50.0,0.875,7.0,0.0,111.0,49.0,0.5,3.0,0.0,109.0,49.0,0.5,3.0,2.0,108.0,53.0,0.875,7.0,3.0,2024-07-22 14:56:00-07:00,14.933333333333334,0.44642857142857145,0.5714285714285714,0.14285714285714285,0.3918269230769231,236.0,0.0,416.0,0.4166666666666667,120.0,0.25,0.0,0.31971153846153844,116.0,25000.0,2024-07-22T08:56:00-07:00,2024-07-22T14:56:00-07:00,360.0,0.0,0.0,0.0,False,False,,,False,True,True,True,0.0,,60.0,0.0,False,,0.0,0.0,0.0,,58.0,True,4.0,4.0,4.0,3.0,False,6,112.0,3:09 PM,,YESTERDAY,2024-07-23T01:26:00-07:00,CLILAS_202407230826.txt,True,16.0,15.0,12.0,11.0,8.0,5.0,4.0,1.0,1.0,3.0,4.0,-1.0,True,110,2024-07-22T04:55:00-07:00,2024-07-22T06:00:00-07:00,1.0833333333333333,PFMVEF_202407221155.txt,-2.0,2.0
2024-07-23,108.0,2024-07-23 14:47:00-07:00,26,1.0,0.0,True,27.0,98.0,53.0,0.5,8.0,10.0,100.0,52.0,0.25,5.0,8.0,102.0,51.0,0.25,3.0,6.0,104.0,51.0,0.5,7.0,4.0,103.0,56.0,0.5,4.0,5.0,104.0,51.0,0.5,4.0,4.0,107.0,51.0,0.5,3.0,1.0,108.0,51.0,0.5,4.0,0.0,108.0,55.0,0.5,11.0,0.0,108.0,54.0,0.5,8.0,0.0,108.0,53.0,0.5,8.0,0.0,2024-07-23 14:47:00-07:00,14.783333333333333,0.4375,0.75,0.0,0.4262899262899263,287.0,0.0,407.0,0.5,180.0,0.2156019656019656,60.0,0.3581081081081081,176.0,,2024-07-23T10:56:00-07:00,,231.0,0.0,0.0,0.0,False,False,,,True,True,True,True,3.0,2024-07-23T11:56:00-07:00,170.0,0.0,False,,0.0,0.0,0.0,,56.0,True,4.0,1.0,4.0,1.0,False,5,109.0,5:00 PM,,YESTERDAY,2024-07-24T01:23:00-07:00,CLILAS_202407240823.txt,True,11.0,9.0,7.0,5.0,6.0,5.0,2.0,1.0,1.0,1.0,1.0,-1.0,True,110,2024-07-23T05:05:00-07:00,2024-07-23T06:00:00-07:00,0.9166666666666666,PFMVEF_202407231205.txt,1.0,1.0
2024-07-24,111.0,2024-07-24 15:56:00-07:00,30,1.0,0.0,True,20.0,92.0,61.0,0.5,3.0,19.0,94.0,61.0,0.5,0.0,17.0,97.0,59.0,0.25,3.0,14.0,100.0,58.0,0.5,5.0,11.0,102.0,56.0,0.25,0.0,9.0,104.0,56.0,0.25,6.0,7.0,106.0,56.0,0.5,6.0,5.0,109.0,56.0,0.5,5.0,2.0,111.0,54.0,0.5,3.0,0.0,111.0,53.0,0.5,3.0,0.0,111.0,50.0,0.5,6.0,0.0,2024-07-24 15:56:00-07:00,15.933333333333334,0.4166666666666667,0.6666666666666666,0.0,0.4054621848739496,296.0,0.0,476.0,0.4166666666666667,120.0,0.15756302521008403,0.0,0.25,0.0,,2024-07-24T08:56:00-07:00,,420.0,0.0,0.0,0.0,False,False,,,False,True,True,True,0.0,,0.0,15.0,False,,0.0,0.0,0.0,,61.0,True,5.0,5.0,4.0,5.0,False,6,112.0,5:29 PM,,YESTERDAY,2024-07-25T01:22:00-07:00,CLILAS_202407250822.txt,True,20.0,18.0,15.0,12.0,10.0,8.0,6.0,3.0,1.0,1.0,1.0,-1.0,True,111,2024-07-24T01:25:00-07:00,2024-07-24T06:00:00-07:00,4.583333333333333,PFMVEF_202407240825.txt,-1.0,1.0
2024-07-25,114.0,2024-07-25 15:56:00-07:00,25,0.875,0.0,False,23.0,96.0,58.0,0.25,0.0,18.0,98.0,57.0,0.25,4.0,16.0,100.0,57.0,0.25,6.0,14.0,103.0,56.0,0.25,6.0,11.0,107.0,56.0,0.25,7.0,7.0,109.0,53.0,0.25,5.0,5.0,113.0,49.0,0.25,12.0,1.0,113.0,46.0,0.25,10.0,1.0,114.0,45.0,0.25,13.0,0.0,113.0,45.0,0.25,9.0,1.0,112.0,44.0,0.25,14.0,2.0,2024-07-25 15:56:00-07:00,15.933333333333334,0.25,0.0,0.0,0.25,0.0,0.0,476.0,0.25,0.0,0.18907563025210083,0.0,0.18907563025210083,0.0,,,,,0.0,0.0,0.0,False,False,,,False,False,False,False,2.0,2024-07-25T14:13:00-07:00,90.0,23.0,True,2024-07-25T14:13:00-07:00,2.0,23.0,0.0,103.0,57.0,True,4.0,7.0,6.0,1.0,False,3,114.0,4:09 PM,,YESTERDAY,2024-07-26T01:23:00-07:00,CLILAS_202407260823.txt,True,18.0,16.0,14.0,11.0,7.0,5.0,1.0,1.0,0.0,1.0,2.0,0.0,True,112,2024-07-25T00:55:00-07:00,2024-07-25T06:00:00-07:00,5.083333333333333,PFMVEF_202407250755.txt,-2.0,2.0
2024-07-26,110.0,2024-07-26 14:56:00-07:00,26,0.5,0.0,False,27.0,96.0,49.0,0.25,9.0,14.0,100.0,48.0,0.25,6.0,10.0,102.0,48.0,0.25,0.0,8.0,105.0,41.0,0.25,10.0,5.0,106.0,39.0,0.25,7.0,4.0,109.0,38.0,0.25,11.0,1.0,109.0,40.0,0.25,10.0,1.0,110.0,36.0,0.25,12.0,0.0,110.0,36.0,0.25,17.0,0.0,109.0,40.0,0.25,16.0,1.0,108.0,40.0,0.25,16.0,2.0,2024-07-26 14:56:00-07:00,14.933333333333334,0.25,0.0,0.0,0.25,0.0,0.0,416.0,0.25,0.0,0.21634615384615385,0.0,0.25,0.0,,,,,0.0,0.0,0.0,False,False,,,False,False,False,False,0.0,,40.0,24.0,False,,0.0,0.0,0.0,,48.0,False,6.0,4.0,3.0,1.0,False,4,111.0,2:46 PM,,YESTERDAY,2024-07-27T02:23:00-07:00,CLILAS_202407270923.txt,True,15.0,11.0,9.0,6.0,5.0,2.0,2.0,1.0,1.0,2.0,3.0,-1.0,True,111,2024-07-26T00:55:00-07:00,2024-07-26T06:00:00-07:00,5.083333333333333,PFMVEF_202407260755.txt,0.0,0.0
2024-07-27,105.0,2024-07-27 13:56:00-07:00,24,0.875,0.0,False,31.0,94.0,42.0,0.25,7.0,11.0,96.0,37.0,0.25,13.0,9.0,98.0,33.0,0.25,18.0,7.0,100.0,32.0,0.25,11.0,5.0,102.0,22.0,0.25,15.0,3.0,103.0,21.0,0.0,11.0,2.0,105.0,19.0,0.0,18.0,0.0,105.0,17.0,0.0,18.0,0.0,105.0,17.0,0.0,16.0,0.0,105.0,14.0,0.25,12.0,0.0,105.0,14.0,0.25,13.0,0.0,2024-07-27 13:56:00-07:00,13.933333333333334,0.16666666666666666,0.0,0.0,0.20786516853932585,0.0,0.0,356.0,0.16666666666666666,0.0,0.20786516853932585,0.0,0.20786516853932585,0.0,,,,,0.0,0.0,0.0,False,False,,,False,False,False,False,0.0,,50.0,28.0,False,,0.0,0.0,0.0,,37.0,False,4.0,4.0,3.0,0.0,False,5,106.0,4:06 PM,,YESTERDAY,2024-07-28T01:29:00-07:00,CLILAS_202407280829.txt,True,12.0,10.0,8.0,6.0,4.0,3.0,1.0,1.0,1.0,1.0,1.0,-1.0,True,107,2024-07-27T01:45:00-07:00,2024-07-27T06:00:00-07:00,4.25,PFMVEF_202407270845.txt,1.0,1.0
2024-07-28,104.0,2024-07-28 14:56:00-07:00,24,0.25,0.0,False,27.0,88.0,33.0,0.25,8.0,16.0,91.0,31.0,0.25,10.0,13.0,94.0,27.0,0.25,11.0,10.0,97.0,28.0,0.25,9.0,7.0,99.0,26.0,0.25,11.0,5.0,102.0,23.0,0.0,13.0,2.0,102.0,22.0,0.0,11.0,2.0,104.0,21.0,0.0,15.0,0.0,104.0,21.0,0.0,14.0,0.0,104.0,19.0,0.0,11.0,0.0,102.0,21.0,0.25,12.0,2.0,2024-07-28 14:56:00-07:00,14.933333333333334,0.14285714285714285,0.0,0.0,0.1778846153846154,0.0,0.0,416.0,0.08333333333333333,0.0,0.1778846153846154,0.0,0.1778846153846154,0.0,,,,,0.0,0.0,0.0,False,False,,,False,False,False,False,0.0,,50.0,26.0,False,,0.0,0.0,0.0,,31.0,False,6.0,5.0,3.0,2.0,False,4,105.0,3:18 PM,,YESTERDAY,2024-07-29T01:29:00-07:00,CLILAS_202407290829.txt,True,17.0,14.0,11.0,8.0,6.0,3.0,3.0,1.0,1.0,1.0,3.0,-1.0,True,105,2024-07-28T00:15:00-07:00,2024-07-28T06:00:00-07:00,5.75,PFMVEF_202407280715.txt,0.0,0.0
2024-07-29,105.0,2024-07-29 15:56:00-07:00,24,0.0,0.0,False,25.0,87.0,29.0,0.0,10.0,18.0,91.0,28.0,0.0,10.0,14.0,96.0,26.0,0.0,11.0,9.0,98.0,22.0,0.0,11.0,7.0,100.0,22.0,0.0,11.0,5.0,102.0,18.0,0.0,11.0,3.0,104.0,17.0,0.0,12.0,1.0,104.0,14.0,0.0,9.0,1.0,105.0,13.0,0.0,11.0,0.0,104.0,8.0,0.0,10.0,1.0,104.0,10.0,0.0,9.0,1.0,2024-07-29 15:56:00-07:00,15.933333333333334,0.0,0.0,0.0,0.0,0.0,0.0,476.0,0.0,0.0,0.0,0.0,0.0,0.0,,,,,0.0,0.0,0.0,False,False,,,False,False,False,False,0.0,,30.0,25.0,False,,0.0,0.0,0.0,,28.0,False,9.0,4.0,4.0,1.0,False,3,106.0,3:45 PM,,YESTERDAY,2024-07-30T01:22:00-07:00,CLILAS_202407300822.txt,True,19.0,15.0,10.0,8.0,6.0,4.0,2.0,2.0,1.0,2.0,2.0,-1.0,True,106,2024-07-29T00:15:00-07:00,2024-07-29T06:00:00-07:00,5.75,PFMVEF_202407290715.txt,0.0,0.0
2024-07-30,105.0,2024-07-30 14:29:00-07:00,27,0.875,0.0,False,21.0,87.0,32.0,0.875,5.0,18.0,92.0,32.0,0.875,3.0,13.0,96.0,30.0,0.875,5.0,9.0,99.0,27.0,0.5,11.0,6.0,100.0,24.0,0.5,10.0,5.0,102.0,25.0,0.25,9.0,3.0,103.0,21.0,0.25,11.0,2.0,104.0,19.0,0.25,8.0,1.0,105.0,15.0,0.25,11.0,0.0,105.0,14.0,0.25,11.0,0.0,105.0,15.0,0.0,10.0,0.0,2024-07-30 14:29:00-07:00,14.483333333333333,0.4444444444444444,0.4444444444444444,0.2222222222222222,0.6098971722365039,296.0,176.0,389.0,0.37083333333333335,87.0,0.0,0.0,0.6098971722365039,296.0,18000.0,2024-07-30T08:56:00-07:00,2024-07-30T08:56:00-07:00,333.0,0.0,0.0,0.0,False,False,,,False,False,False,False,1.0,2024-07-30T14:26:00-07:00,40.0,21.0,False,,0.0,0.0,0.0,,32.0,False,9.0,4.0,3.0,2.0,False,5,106.0,4:13 PM,,YESTERDAY,2024-07-31T01:31:00-07:00,CLILAS_202407310831.txt,True,19.0,14.0,10.0,7.0,6.0,4.0,3.0,2.0,1.0,1.0,1.0,-1.0,True,107,2024-07-30T00:40:00-07:00,2024-07-30T06:00:00-07:00,5.333333333333333,PFMVEF_202407300740.txt,1.0,1.0
2024-07-31,108.0,2024-07-31 16:56:00-07:00,24,0.875,0.0,False,18.0,89.0,25.0,0.5,0.0,19.0,92.0,21.0,0.875,0.0,16.0,96.0,22.0,0.875,5.0,12.0,98.0,23.0,0.875,0.0,10.0,100.0,20.0,0.5,0.0,8.0,103.0,25.0,0.25,4.0,5.0,106.0,26.0,0.25,7.0,2.0,107.0,27.0,0.25,9.0,1.0,107.0,29.0,0.25,4.0,1.0,108.0,29.0,0.25,6.0,0.0,107.0,30.0,0.0,4.0,1.0,2024-07-31 16:56:00-07:00,16.933333333333334,0.4861111111111111,0.4444444444444444,0.3333333333333333,0.5139925373134329,296.0,180.0,536.0,0.25,0.0,0.027985074626865673,0.0,0.45802238805970147,296.0,20000.0,2024-07-31T08:56:00-07:00,2024-07-31T08:56:00-07:00,480.0,0.0,0.0,0.0,False,False,,,False,False,False,False,0.0,,60.0,0.0,False,,0.0,0.0,0.0,,29.0,False,7.0,4.0,6.0,1.0,False,2,109.0,2:20 PM,,YESTERDAY,2024-08-01T01:28:00-07:00,CLILAS_202408010828.txt,True,20.0,17.0,13.0,11.0,9.0,6.0,3.0,2.0,2.0,1.0,2.0,-1.0,True,108,2024-07-31T00:45:00-07:00,2024-07-31T06:00:00-07:00,5.25,PFMVEF_202407310745.txt,-1.0,1.0
2024-08-01,108.0,2024-08-01 14:56:00-07:00,24,0.875,0.0,False,17.0,95.0,39.0,0.5,4.0,13.0,96.0,41.0,0.5,0.0,12.0,99.0,44.0,0.875,3.0,9.0,101.0,46.0,0.875,3.0,7.0,103.0,47.0,0.875,6.0,5.0,107.0,50.0,0.875,8.0,1.0,107.0,53.0,0.875,8.0,1.0,108.0,53.0,0.875,11.0,0.0,108.0,51.0,0.875,9.0,0.0,107.0,51.0,0.875,5.0,1.0,106.0,52.0,0.875,6.0,2.0,2024-08-01 14:56:00-07:00,14.933333333333334,0.8214285714285714,1.0,0.8571428571428571,0.7704326923076923,416.0,300.0,416.0,0.875,180.0,0.10817307692307693,0.0,0.2860576923076923,60.0,22000.0,2024-08-01T08:56:00-07:00,2024-08-01T09:56:00-07:00,360.0,0.0,0.0,0.0,False,False,,,False,False,False,False,0.0,,30.0,17.0,False,,0.0,0.0,0.0,,53.0,True,4.0,4.0,4.0,1.0,False,4,109.0,2:39 PM,,YESTERDAY,2024-08-02T01:24:00-07:00,CLILAS_202408020824.txt,True,14.0,13.0,10.0,8.0,6.0,2.0,2.0,1.0,1.0,2.0,3.0,-1.0,True,107,2024-08-01T00:25:00-07:00,2024-08-01T06:00:00-07:00,5.583333333333333,PFMVEF_202408010725.txt,-2.0,2.0
2024-08-02,104.0,2024-08-02 17:56:00-07:00,24,1.0,0.0,False,26.0,93.0,56.0,1.0,7.0,11.0,94.0,57.0,1.0,7.0,10.0,97.0,56.0,1.0,4.0,7.0,98.0,56.0,1.0,8.0,6.0,99.0,54.0,1.0,9.0,5.0,99.0,54.0,0.875,8.0,5.0,99.0,53.0,0.875,6.0,5.0,102.0,53.0,0.875,7.0,2.0,103.0,52.0,0.5,4.0,1.0,103.0,53.0,0.5,0.0,1.0,104.0,53.0,0.5,0.0,0.0,2024-08-02 17:56:00-07:00,17.933333333333334,0.8125,1.0,0.7,0.8615771812080537,596.0,476.0,596.0,0.625,180.0,0.25,0.0,0.799496644295302,596.0,14000.0,2024-08-02T08:56:00-07:00,2024-08-02T08:56:00-07:00,540.0,0.0,0.0,0.0,False,False,,,False,False,True,True,0.0,,100.0,15.0,False,,0.0,0.0,0.0,,57.0,True,4.0,2.0,0.0,4.0,True,1,104.0,5:18 PM,,YESTERDAY,2024-08-03T01:28:00-07:00,CLILAS_202408030828.txt,True,11.0,10.0,7.0,6.0,5.0,5.0,5.0,2.0,1.0,1.0,0.0,0.0,True,106,2024-08-02T01:30:00-07:00,2024-08-02T06:00:00-07:00,4.5,PFMVEF_202408020830.txt,2.0,2.0
2024-08-03,109.0,2024-08-03 15:56:00-07:00,25,0.5,0.0,False,18.0,92.0,55.0,0.5,3.0,17.0,97.0,54.0,0.5,0.0,12.0,100.0,54.0,0.5,0.0,9.0,101.0,54.0,0.25,5.0,8.0,104.0,55.0,0.25,9.0,5.0,105.0,55.0,0.25,6.0,4.0,106.0,55.0,0.25,8.0,3.0,107.0,52.0,0.25,7.0,2.0,109.0,50.0,0.5,7.0,0.0,109.0,50.0,0.5,9.0,0.0,109.0,46.0,0.25,10.0,0.0,2024-08-03 15:56:00-07:00,15.933333333333334,0.34375,0.375,0.0,0.34243697478991597,176.0,0.0,476.0,0.25,0.0,0.25,0.0,0.25,0.0,,2024-08-03T08:56:00-07:00,,420.0,0.0,0.0,0.0,False,False,,,False,False,True,True,0.0,,90.0,18.0,False,,0.0,0.0,0.0,,55.0,True,8.0,4.0,2.0,3.0,False,4,110.0,3:44 PM,,YESTERDAY,2024-08-04T01:23:00-07:00,CLILAS_202408040823.txt,True,18.0,13.0,10.0,9.0,6.0,5.0,4.0,3.0,1.0,1.0,1.0,-1.0,True,109,2024-08-03T00:40:00-07:00,2024-08-03T06:00:00-07:00,5.333333333333333,PFMVEF_202408030740.txt,-1.0,1.0
2024-08-04,112.0,2024-08-04 14:13:00-07:00,30,0.5,0.0,False,19.0,94.0,43.0,0.25,0.0,18.0,98.0,44.0,0.25,3.0,14.0,102.0,43.0,0.5,3.0,10.0,104.0,42.0,0.5,0.0,8.0,107.0,44.0,0.5,8.0,5.0,108.0,44.0,0.5,7.0,4.0,110.0,42.0,0.5,4.0,2.0,111.0,41.0,0.5,5.0,1.0,111.0,41.0,0.5,13.0,1.0,112.0,39.0,0.5,10.0,0.0,110.0,39.0,0.5,8.0,2.0,2024-08-04 14:13:00-07:00,14.216666666666667,0.46875,0.875,0.0,0.4222520107238606,257.0,0.0,373.0,0.5,180.0,0.1722520107238606,0.0,0.25,0.0,,2024-08-04T09:56:00-07:00,,257.0,0.0,0.0,0.0,False,False,,,False,False,False,False,0.0,,100.0,15.0,False,,0.0,0.0,0.0,,44.0,False,8.0,5.0,3.0,1.0,False,9,112.0,4:26 PM,,YESTERDAY,2024-08-05T01:42:00-07:00,CLILAS_202408050842.txt,True,18.0,14.0,10.0,8.0,5.0,4.0,2.0,1.0,1.0,0.0,2.0,0.0,True,112,2024-08-04T01:30:00-07:00,2024-08-04T06:00:00-07:00,4.5,PFMVEF_202408040830.txt,0.0,0.0
2024-08-05,112.0,2024-08-05 14:56:00-07:00,25,0.875,0.0,False,18.0,93.0,43.0,0.875,3.0,19.0,95.0,43.0,0.875,0.0,17.0,99.0,43.0,0.875,0.0,13.0,104.0,43.0,0.5,3.0,8.0,107.0,43.0,0.5,6.0,5.0,110.0,45.0,0.5,7.0,2.0,111.0,44.0,0.5,5.0,1.0,112.0,40.0,0.5,7.0,0.0,112.0,40.0,0.5,0.0,0.0,111.0,41.0,0.5,5.0,1.0,111.0,46.0,0.5,7.0,1.0,2024-08-05 14:56:00-07:00,14.933333333333334,0.6071428571428571,1.0,0.2857142857142857,0.6586538461538461,416.0,176.0,416.0,0.5,180.0,0.18028846153846154,0.0,0.25,0.0,25000.0,2024-08-05T08:56:00-07:00,2024-08-05T08:56:00-07:00,360.0,0.0,0.0,0.0,False,False,,,False,False,False,True,0.0,,100.0,15.0,False,,0.0,0.0,0.0,,45.0,False,6.0,8.0,4.0,1.0,False,5,113.0,3:35 PM,R,YESTERDAY,2024-08-06T01:23:00-07:00,CLILAS_202408060823.txt,True,20.0,18.0,14.0,9.0,6.0,3.0,2.0,1.0,1.0,2.0,2.0,-1.0,True,113,2024-08-04T23:30:00-07:00,2024-08-05T06:00:00-07:00,6.5,PFMVEF_202408050630.txt,0.0,0.0
2024-08-06,114.0,2024-08-06 14:56:00-07:00,26,0.875,0.0,False,32.0,98.0,48.0,0.25,0.0,16.0,100.0,45.0,0.25,0.0,14.0,104.0,44.0,0.25,0.0,10.0,105.0,43.0,0.25,3.0,9.0,109.0,42.0,0.25,8.0,5.0,110.0,43.0,0.25,3.0,4.0,112.0,43.0,0.25,11.0,2.0,114.0,41.0,0.25,7.0,0.0,113.0,40.0,0.25,5.0,1.0,114.0,39.0,0.5,5.0,0.0,113.0,38.0,0.25,8.0,1.0,2024-08-06 14:56:00-07:00,14.933333333333334,0.25,0.0,0.0,0.25,0.0,0.0,416.0,0.25,0.0,0.0,0.0,0.25,0.0,,,,,0.0,0.0,0.0,False,False,,,False,False,False,True,0.0,,110.0,18.0,False,,0.0,0.0,0.0,,45.0,False,6.0,5.0,3.0,1.0,False,5,,,,,,,,,,,,,,,,,,,,False,114,2024-08-06T04:25:00-07:00,2024-08-06T06:00:00-07:00,1.5833333333333333,PFMVEF_202408061125.txt,,
2024-08-07,110.0,2024-08-07 18:14:00-07:00,25,0.875,0.0,False,22.0,93.0,60.0,0.875,7.0,17.0,96.0,60.0,0.875,5.0,14.0,99.0,60.0,0.875,6.0,11.0,100.0,59.0,0.875,6.0,10.0,102.0,59.0,0.875,9.0,8.0,104.0,60.0,0.5,9.0,6.0,107.0,58.0,0.5,9.0,3.0,108.0,59.0,0.5,9.0,2.0,108.0,58.0,0.5,12.0,2.0,108.0,57.0,0.5,10.0,2.0,107.0,57.0,0.5,8.0,3.0,2024-08-07 18:14:00-07:00,18.233333333333334,0.6363636363636364,1.0,0.36363636363636365,0.6807817589576547,614.0,296.0,614.0,0.5,180.0,0.25,0.0,0.25732899022801303,18.0,25000.0,2024-08-07T08:56:00-07:00,2024-08-07T08:56:00-07:00,558.0,0.0,0.0,0.0,False,False,,,False,False,True,False,1.0,2024-08-07T17:56:00-07:00,100.0,22.0,False,,0.0,0.0,0.0,,60.0,True,6.0,3.0,5.0,1.0,False,1,110.0,5:24 PM,,YESTERDAY,2024-08-08T01:24:00-07:00,CLILAS_202408080824.txt,True,17.0,14.0,11.0,10.0,8.0,6.0,3.0,2.0,2.0,2.0,3.0,0.0,True,110,2024-08-07T00:25:00-07:00,2024-08-07T06:00:00-07:00,5.583333333333333,PFMVEF_202408070725.txt,0.0,0.0
2024-08-08,107.0,2024-08-08 16:56:00-07:00,26,0.875,0.0,False,23.0,93.0,61.0,0.5,3.0,14.0,96.0,59.0,0.5,0.0,11.0,98.0,61.0,0.875,3.0,9.0,99.0,60.0,0.875,4.0,8.0,101.0,60.0,0.875,5.0,6.0,102.0,62.0,0.875,13.0,5.0,101.0,60.0,0.875,14.0,6.0,102.0,61.0,0.875,11.0,5.0,106.0,60.0,0.875,10.0,1.0,107.0,57.0,0.875,5.0,0.0,105.0,54.0,0.875,8.0,2.0,2024-08-08 16:56:00-07:00,16.933333333333334,0.8068181818181818,1.0,0.8181818181818182,0.7938432835820896,536.0,420.0,536.0,0.875,180.0,0.0,0.0,0.4458955223880597,420.0,22000.0,2024-08-08T08:40:00-07:00,2024-08-08T09:56:00-07:00,496.0,0.0,0.0,0.0,False,False,,,False,False,True,True,1.0,2024-08-08T13:11:00-07:00,50.0,20.0,False,,0.0,0.0,0.0,,62.0,True,5.0,3.0,0.0,5.0,True,2,108.0,4:08 PM,,YESTERDAY,2024-08-09T01:27:00-07:00,CLILAS_202408090827.txt,True,15.0,12.0,10.0,9.0,7.0,6.0,7.0,6.0,2.0,1.0,3.0,-1.0,True,109,2024-08-08T01:05:00-07:00,2024-08-08T06:00:00-07:00,4.916666666666667,PFMVEF_202408080805.txt,1.0,1.0
2024-08-09,104.0,2024-08-09 15:56:00-07:00,26,0.875,0.0,False,20.0,88.0,62.0,0.25,3.0,16.0,90.0,62.0,0.25,4.0,14.0,92.0,60.0,0.25,6.0,12.0,95.0,62.0,0.25,9.0,9.0,99.0,60.0,0.25,9.0,5.0,100.0,59.0,0.25,9.0,4.0,102.0,58.0,0.5,8.0,2.0,103.0,58.0,0.5,8.0,1.0,104.0,57.0,0.5,10.0,0.0,103.0,56.0,0.5,7.0,1.0,104.0,56.0,0.5,10.0,0.0,2024-08-09 15:56:00-07:00,15.933333333333334,0.3333333333333333,0.3333333333333333,0.0,0.3130252100840336,120.0,0.0,476.0,0.4166666666666667,120.0,0.15756302521008403,0.0,0.25,0.0,,2024-08-09T13:56:00-07:00,,120.0,0.0,0.0,0.0,False,False,,,False,False,True,True,0.0,,30.0,15.0,False,,0.0,0.0,0.0,,62.0,True,4.0,7.0,3.0,2.0,False,3,106.0,3:07 PM,,YESTERDAY,2024-08-10T01:28:00-07:00,CLILAS_202408100828.txt,True,18.0,16.0,14.0,11.0,7.0,6.0,4.0,3.0,2.0,3.0,2.0,-2.0,True,108,2024-08-09T00:40:00-07:00,2024-08-09T06:00:00-07:00,5.333333333333333,PFMVEF_202408090740.txt,2.0,2.0
2024-08-10,108.0,2024-08-10 12:56:00-07:00,25,0.5,0.0,False,24.0,93.0,58.0,0.25,0.0,15.0,97.0,58.0,0.25,4.0,11.0,100.0,58.0,0.25,4.0,8.0,103.0,57.0,0.25,4.0,5.0,105.0,56.0,0.25,4.0,3.0,108.0,56.0,0.25,8.0,0.0,108.0,55.0,0.25,5.0,0.0,107.0,54.0,0.25,8.0,1.0,108.0,54.0,0.25,3.0,0.0,108.0,55.0,0.5,13.0,0.0,108.0,53.0,0.5,8.0,0.0,2024-08-10 12:56:00-07:00,12.933333333333334,0.25,0.0,0.0,0.25,0.0,0.0,296.0,0.25,0.0,0.25,0.0,0.25,0.0,,,,,0.0,0.0,0.0,False,False,,,False,False,True,True,0.0,,50.0,0.0,False,,0.0,0.0,0.0,,58.0,True,7.0,5.0,3.0,0.0,False,6,110.0,1:14 PM,,YESTERDAY,2024-08-11T01:27:00-07:00,CLILAS_202408110827.txt,True,17.0,13.0,10.0,7.0,5.0,2.0,2.0,3.0,2.0,2.0,2.0,-2.0,True,109,2024-08-10T01:40:00-07:00,2024-08-10T06:00:00-07:00,4.333333333333333,PFMVEF_202408100840.txt,-1.0,1.0
2024-08-11,106.0,2024-08-11 16:56:00-07:00,28,0.875,0.0,True,25.0,93.0,61.0,0.5,6.0,13.0,96.0,60.0,0.5,9.0,10.0,98.0,61.0,0.5,8.0,8.0,100.0,61.0,0.5,11.0,6.0,103.0,61.0,0.5,13.0,3.0,104.0,59.0,0.875,13.0,2.0,103.0,59.0,0.875,13.0,3.0,102.0,58.0,0.875,10.0,4.0,104.0,57.0,0.5,6.0,2.0,106.0,56.0,0.5,4.0,0.0,105.0,57.0,0.5,10.0,1.0,2024-08-11 16:56:00-07:00,16.933333333333334,0.6022727272727273,1.0,0.2727272727272727,0.6259328358208955,536.0,180.0,536.0,0.75,180.0,0.34794776119402987,120.0,0.38619402985074625,202.0,12000.0,2024-08-11T08:56:00-07:00,2024-08-11T12:56:00-07:00,480.0,0.0,0.0,0.0,False,False,,,False,True,True,True,1.0,2024-08-11T13:56:00-07:00,50.0,25.0,False,,0.0,0.0,0.0,,61.0,True,5.0,5.0,0.0,1.0,True,4,107.0,MM,,YESTERDAY,2024-08-12T01:35:00-07:00,CLILAS_202408120835.txt,True,14.0,11.0,9.0,7.0,4.0,3.0,4.0,5.0,3.0,1.0,2.0,-1.0,True,106,2024-08-11T01:25:00-07:00,2024-08-11T06:00:00-07:00,4.583333333333333,PFMVEF_202408110825.txt,-1.0,1.0
2024-08-12,105.0,2024-08-12 16:56:00-07:00,24,0.25,0.0,False,22.0,90.0,61.0,0.25,7.0,15.0,93.0,61.0,0.25,7.0,12.0,95.0,60.0,0.25,10.0,10.0,98.0,60.0,0.25,13.0,7.0,98.0,59.0,0.25,11.0,7.0,100.0,58.0,0.25,8.0,5.0,103.0,58.0,0.25,11.0,2.0,103.0,58.0,0.25,8.0,2.0,102.0,55.0,0.25,9.0,3.0,105.0,53.0,0.25,6.0,0.0,103.0,50.0,0.25,10.0,2.0,2024-08-12 16:56:00-07:00,16.933333333333334,0.25,0.0,0.0,0.25,0.0,0.0,536.0,0.25,0.0,0.25,0.0,0.25,0.0,,,,,0.0,0.0,0.0,False,False,,,False,False,False,False,1.0,2024-08-12T15:56:00-07:00,90.0,21.0,False,,0.0,0.0,0.0,,61.0,True,5.0,3.0,5.0,-1.0,False,2,105.0,4:31 PM,,YESTERDAY,2024-08-13T01:25:00-07:00,CLILAS_202408130825.txt,True,15.0,12.0,10.0,7.0,7.0,5.0,2.0,2.0,3.0,0.0,2.0,0.0,True,104,2024-08-12T01:16:00-07:00,2024-08-12T06:00:00-07:00,4.733333333333333,PFMVEF_202408120816.txt,-1.0,1.0
2024-08-13,103.0,2024-08-13 14:56:00-07:00,25,0.25,0.0,False,31.0,90.0,44.0,0.25,9.0,13.0,93.0,43.0,0.25,13.0,10.0,95.0,42.0,0.0,18.0,8.0,97.0,43.0,0.0,19.0,6.0,100.0,42.0,0.25,14.0,3.0,102.0,41.0,0.25,13.0,1.0,102.0,41.0,0.25,17.0,1.0,103.0,38.0,0.25,10.0,0.0,103.0,36.0,0.25,9.0,0.0,103.0,33.0,0.25,16.0,0.0,102.0,32.0,0.25,19.0,1.0,2024-08-13 14:56:00-07:00,14.933333333333334,0.17857142857142858,0.0,0.0,0.1778846153846154,0.0,0.0,416.0,0.25,0.0,0.10817307692307693,0.0,0.1778846153846154,0.0,,,,,0.0,0.0,0.0,False,False,,,False,False,False,False,0.0,,30.0,29.0,False,,0.0,0.0,0.0,,43.0,False,5.0,5.0,2.0,1.0,False,4,104.0,3:53 PM,,YESTERDAY,2024-08-14T01:48:00-07:00,CLILAS_202408140848.txt,True,14.0,11.0,9.0,7.0,4.0,2.0,2.0,1.0,1.0,1.0,2.0,-1.0,True,105,2024-08-13T02:50:00-07:00,2024-08-13T06:00:00-07:00,3.1666666666666665,PFMVEF_202408130950.txt,1.0,1.0
2024-08-14,103.0,2024-08-14 13:56:00-07:00,24,0.0,0.0,False,22.0,88.0,36.0,0.0,10.0,15.0,89.0,35.0,0.0,12.0,14.0,94.0,32.0,0.0,11.0,9.0,96.0,27.0,0.0,10.0,7.0,99.0,30.0,0.0,13.0,4.0,101.0,28.0,0.0,12.0,2.0,103.0,26.0,0.0,9.0,0.0,103.0,24.0,0.0,10.0,0.0,103.0,26.0,0.0,9.0,0.0,102.0,25.0,0.0,9.0,1.0,102.0,22.0,0.0,10.0,1.0,2024-08-14 13:56:00-07:00,13.933333333333334,0.0,0.0,0.0,0.0,0.0,0.0,356.0,0.0,0.0,0.0,0.0,0.0,0.0,,,,,0.0,0.0,0.0,False,False,,,False,False,False,False,0.0,,30.0,22.0,False,,0.0,0.0,0.0,,35.0,False,6.0,5.0,4.0,0.0,False,5,104.0,4:15 PM,,YESTERDAY,2024-08-15T01:22:00-07:00,CLILAS_202408150822.txt,True,16.0,15.0,10.0,8.0,5.0,3.0,1.0,1.0,1.0,2.0,2.0,-1.0,True,105,2024-08-14T00:45:00-07:00,2024-08-14T06:00:00-07:00,5.25,PFMVEF_202408140745.txt,1.0,1.0
2024-08-15,105.0,2024-08-15 14:56:00-07:00,25,0.0,0.0,False,20.0,87.0,35.0,0.0,0.0,18.0,91.0,34.0,0.0,0.0,14.0,96.0,34.0,0.0,9.0,9.0,98.0,40.0,0.0,13.0,7.0,100.0,37.0,0.0,6.0,5.0,102.0,35.0,0.0,9.0,3.0,104.0,35.0,0.0,8.0,1.0,105.0,32.0,0.0,11.0,0.0,105.0,29.0,0.0,9.0,0.0,105.0,28.0,0.0,9.0,0.0,104.0,27.0,0.0,10.0,1.0,2024-08-15 14:56:00-07:00,14.933333333333334,0.0,0.0,0.0,0.0,0.0,0.0,416.0,0.0,0.0,0.0,0.0,0.0,0.0,,,,,0.0,0.0,0.0,False,False,,,False,False,False,False,0.0,,30.0,20.0,False,,0.0,0.0,0.0,,40.0,False,9.0,4.0,4.0,1.0,False,4,106.0,4:19 PM,,YESTERDAY,2024-08-16T01:31:00-07:00,CLILAS_202408160831.txt,True,19.0,15.0,10.0,8.0,6.0,4.0,2.0,1.0,1.0,1.0,2.0,-1.0,True,106,2024-08-15T01:10:00-07:00,2024-08-15T06:00:00-07:00,4.833333333333333,PFMVEF_202408150810.txt,0.0,0.0
2024-08-16,108.0,2024-08-16 14:56:00-07:00,25,0.875,0.0,False,23.0,88.0,34.0,0.0,0.0,20.0,91.0,33.0,0.0,3.0,17.0,96.0,35.0,0.25,7.0,12.0,100.0,38.0,0.0,10.0,8.0,101.0,44.0,0.25,10.0,7.0,104.0,46.0,0.25,14.0,4.0,106.0,46.0,0.25,0.0,2.0,108.0,45.0,0.25,8.0,0.0,108.0,44.0,0.25,12.0,0.0,108.0,45.0,0.25,8.0,0.0,106.0,45.0,0.25,11.0,2.0,2024-08-16 14:56:00-07:00,14.933333333333334,0.1875,0.0,0.0,0.14963942307692307,0.0,0.0,416.0,0.25,0.0,0.04146634615384615,0.0,0.14963942307692307,0.0,,,,,0.0,0.0,0.0,False,False,,,False,False,False,False,0.0,,100.0,23.0,False,,0.0,0.0,0.0,,46.0,False,8.0,5.0,5.0,2.0,False,4,109.0,3:05 PM,,YESTERDAY,2024-08-17T01:23:00-07:00,CLILAS_202408170823.txt,True,21.0,18.0,13.0,9.0,8.0,5.0,3.0,1.0,1.0,1.0,3.0,-1.0,True,109,2024-08-16T00:25:00-07:00,2024-08-16T06:00:00-07:00,5.583333333333333,PFMVEF_202408160725.txt,0.0,0.0
2024-08-17,107.0,2024-08-17 13:56:00-07:00,25,0.875,0.0,False,27.0,93.0,57.0,0.5,7.0,14.0,96.0,57.0,0.0,7.0,11.0,97.0,57.0,0.5,6.0,10.0,101.0,55.0,0.5,11.0,6.0,102.0,54.0,0.5,11.0,5.0,105.0,53.0,0.5,11.0,2.0,107.0,51.0,0.5,16.0,0.0,105.0,51.0,0.5,12.0,2.0,107.0,51.0,0.25,13.0,0.0,106.0,50.0,0.25,10.0,1.0,105.0,50.0,0.25,10.0,2.0,2024-08-17 13:56:00-07:00,13.933333333333334,0.42857142857142855,0.8571428571428571,0.0,0.43820224719101125,312.0,0.0,356.0,0.5,180.0,0.3146067415730337,136.0,0.398876404494382,256.0,,2024-08-17T09:40:00-07:00,,256.0,0.0,0.0,0.0,False,False,,,False,False,True,True,0.0,,70.0,25.0,False,,0.0,0.0,0.0,,57.0,True,4.0,5.0,5.0,0.0,False,5,108.0,1:38 PM,,YESTERDAY,2024-08-18T01:24:00-07:00,CLILAS_202408180824.txt,True,15.0,12.0,11.0,7.0,6.0,3.0,1.0,3.0,1.0,2.0,3.0,-1.0,True,106,2024-08-17T04:30:00-07:00,2024-08-17T06:00:00-07:00,1.5,PFMVEF_202408171130.txt,-2.0,2.0
2024-08-18,104.0,2024-08-18 15:56:00-07:00,24,0.25,0.0,False,28.0,91.0,44.0,0.25,6.0,13.0,93.0,45.0,0.25,13.0,11.0,95.0,44.0,0.25,13.0,9.0,97.0,45.0,0.25,10.0,7.0,99.0,45.0,0.25,11.0,5.0,101.0,45.0,0.25,10.0,3.0,102.0,47.0,0.25,8.0,2.0,103.0,48.0,0.25,11.0,1.0,104.0,48.0,0.25,8.0,0.0,104.0,45.0,0.25,6.0,0.0,103.0,48.0,0.25,10.0,1.0,2024-08-18 15:56:00-07:00,15.933333333333334,0.25,0.0,0.0,0.25,0.0,0.0,476.0,0.25,0.0,0.15546218487394958,0.0,0.25,0.0,,,,,0.0,0.0,0.0,False,False,,,False,False,True,True,0.0,,50.0,28.0,False,,0.0,0.0,0.0,,48.0,False,4.0,4.0,3.0,2.0,False,3,105.0,3:49 PM,,YESTERDAY,2024-08-19T01:24:00-07:00,CLILAS_202408190824.txt,True,14.0,12.0,10.0,8.0,6.0,4.0,3.0,2.0,1.0,1.0,2.0,-1.0,True,107,2024-08-18T00:25:00-07:00,2024-08-18T06:00:00-07:00,5.583333333333333,PFMVEF_202408180725.txt,2.0,2.0
2024-08-19,108.0,2024-08-19 16:56:00-07:00,27,0.25,0.0,False,21.0,92.0,51.0,0.0,0.0,16.0,95.0,53.0,0.0,3.0,13.0,96.0,52.0,0.25,0.0,12.0,99.0,52.0,0.25,4.0,9.0,101.0,51.0,0.25,5.0,7.0,104.0,49.0,0.25,0.0,4.0,106.0,48.0,0.25,10.0,2.0,107.0,46.0,0.25,6.0,1.0,106.0,46.0,0.25,3.0,2.0,108.0,45.0,0.25,7.0,0.0,106.0,42.0,0.25,11.0,2.0,2024-08-19 16:56:00-07:00,16.933333333333334,0.22916666666666666,0.0,0.0,0.1958955223880597,0.0,0.0,536.0,0.25,0.0,0.1958955223880597,0.0,0.1958955223880597,0.0,,,,,0.0,0.0,0.0,False,False,,,False,False,False,False,1.0,2024-08-19T15:24:00-07:00,150.0,21.0,False,,0.0,0.0,0.0,,53.0,True,4.0,5.0,5.0,0.0,False,2,109.0,1:51 PM,,YESTERDAY,2024-08-20T01:25:00-07:00,CLILAS_202408200825.txt,True,17.0,14.0,13.0,10.0,8.0,5.0,3.0,2.0,3.0,1.0,3.0,-1.0,True,108,2024-08-19T00:20:00-07:00,2024-08-19T06:00:00-07:00,5.666666666666667,PFMVEF_202408190720.txt,-1.0,1.0
2024-08-20,109.0,2024-08-20 13:56:00-07:00,25,0.25,0.0,False,24.0,92.0,27.0,0.25,0.0,17.0,97.0,27.0,0.25,0.0,12.0,100.0,26.0,0.0,6.0,9.0,103.0,30.0,0.25,3.0,6.0,106.0,34.0,0.25,14.0,3.0,107.0,31.0,0.25,9.0,2.0,109.0,30.0,0.25,9.0,0.0,109.0,28.0,0.25,11.0,0.0,109.0,24.0,0.25,16.0,0.0,109.0,23.0,0.25,11.0,0.0,107.0,21.0,0.25,11.0,2.0,2024-08-20 13:56:00-07:00,13.933333333333334,0.20833333333333334,0.0,0.0,0.20786516853932585,0.0,0.0,356.0,0.25,0.0,0.20786516853932585,0.0,0.20786516853932585,0.0,,,,,0.0,0.0,0.0,False,False,,,False,False,False,False,0.0,,50.0,21.0,False,,0.0,0.0,0.0,,34.0,False,8.0,6.0,3.0,0.0,False,5,110.0,1:45 PM,,YESTERDAY,2024-08-21T01:24:00-07:00,CLILAS_202408210824.txt,True,18.0,13.0,10.0,7.0,4.0,3.0,1.0,1.0,1.0,1.0,3.0,-1.0,True,110,2024-08-20T00:40:00-07:00,2024-08-20T06:00:00-07:00,5.333333333333333,PFMVEF_202408200740.txt,0.0,0.0
2024-08-21,103.0,2024-08-21 13:59:00-07:00,24,0.5,0.0,False,25.0,91.0,22.0,0.25,10.0,12.0,95.0,19.0,0.25,7.0,8.0,96.0,19.0,0.25,12.0,7.0,99.0,20.0,0.25,12.0,4.0,101.0,22.0,0.25,10.0,2.0,101.0,22.0,0.25,15.0,2.0,103.0,26.0,0.25,12.0,0.0,102.0,29.0,0.25,13.0,1.0,103.0,29.0,0.25,15.0,0.0,101.0,38.0,0.25,15.0,2.0,100.0,38.0,0.5,13.0,3.0,2024-08-21 13:59:00-07:00,13.983333333333333,0.25,0.0,0.0,0.25,0.0,0.0,359.0,0.25,0.0,0.08565459610027855,0.0,0.25,0.0,,,,,0.0,0.0,0.0,False,False,,,False,False,True,True,0.0,,60.0,25.0,False,,0.0,0.0,0.0,,26.0,False,5.0,5.0,2.0,0.0,False,5,103.0,3:00 PM,,YESTERDAY,2024-08-22T01:22:00-07:00,CLILAS_202408220822.txt,True,12.0,8.0,7.0,4.0,2.0,2.0,0.0,1.0,0.0,2.0,3.0,0.0,True,107,2024-08-21T00:55:00-07:00,2024-08-21T06:00:00-07:00,5.083333333333333,PFMVEF_202408210755.txt,4.0,4.0
2024-08-22,102.0,2024-08-22 14:56:00-07:00,25,0.25,0.0,False,26.0,86.0,30.0,0.25,5.0,16.0,89.0,32.0,0.25,6.0,13.0,91.0,34.0,0.25,8.0,11.0,92.0,35.0,0.25,3.0,10.0,94.0,47.0,0.25,4.0,8.0,98.0,52.0,0.25,5.0,4.0,101.0,48.0,0.25,15.0,1.0,102.0,42.0,0.25,8.0,0.0,101.0,45.0,0.25,11.0,1.0,102.0,33.0,0.25,17.0,0.0,100.0,33.0,0.25,16.0,2.0,2024-08-22 14:56:00-07:00,14.933333333333334,0.25,0.0,0.0,0.25,0.0,0.0,416.0,0.25,0.0,0.18028846153846154,0.0,0.25,0.0,,,,,0.0,0.0,0.0,False,False,,,False,False,True,True,0.0,,50.0,26.0,False,,0.0,0.0,0.0,,52.0,True,5.0,3.0,7.0,0.0,False,4,103.0,2:23 PM,,YESTERDAY,2024-08-23T01:31:00-07:00,CLILAS_202408230831.txt,True,17.0,14.0,12.0,11.0,9.0,5.0,2.0,1.0,2.0,1.0,3.0,-1.0,True,104,2024-08-22T02:55:00-07:00,2024-08-22T06:00:00-07:00,3.083333333333333,PFMVEF_202408220955.txt,1.0,1.0
2024-08-23,97.0,2024-08-23 15:56:00-07:00,25,0.875,0.0,False,25.0,81.0,27.0,0.25,8.0,16.0,83.0,29.0,0.25,9.0,14.0,86.0,27.0,0.25,14.0,11.0,88.0,27.0,0.25,13.0,9.0,90.7,24.4,0.25,116.0,6.299999999999997,94.0,24.0,0.25,13.0,3.0,95.0,25.0,0.25,13.0,2.0,96.0,29.0,0.25,11.0,1.0,97.0,27.0,0.25,16.0,0.0,96.0,26.0,0.5,14.0,1.0,92.0,24.0,0.5,12.0,5.0,2024-08-23 15:56:00-07:00,15.933333333333334,0.25,0.0,0.0,0.25,0.0,0.0,476.0,0.25,0.0,0.0,0.0,0.25,0.0,,,,,0.0,0.0,0.0,False,False,,,False,False,False,False,0.0,,40.0,25.0,False,,0.0,0.0,0.0,,29.0,False,5.0,4.700000000000003,4.299999999999997,2.0,False,3,96.0,3:12 PM,,YESTERDAY,2024-08-24T01:25:00-07:00,CLILAS_202408240825.txt,True,15.0,13.0,10.0,8.0,5.299999999999997,2.0,1.0,0.0,-1.0,0.0,4.0,1.0,True,100,2024-08-23T00:45:00-07:00,2024-08-23T06:00:00-07:00,5.25,PFMVEF_202408230745.txt,4.0,4.0
2024-08-24,95.0,2024-08-24 15:56:00-07:00,24,0.5,0.0,False,28.0,77.0,28.0,0.5,10.0,18.0,77.0,28.0,0.0,14.0,18.0,79.0,34.0,0.25,10.0,16.0,86.0,19.0,0.5,10.0,9.0,88.0,19.0,0.5,13.0,7.0,90.0,16.0,0.5,15.0,5.0,92.0,15.0,0.25,15.0,3.0,94.0,15.0,0.25,15.0,1.0,95.0,16.0,0.25,14.0,0.0,95.0,16.0,0.25,18.0,0.0,92.0,16.0,0.25,12.0,3.0,2024-08-24 15:56:00-07:00,15.933333333333334,0.3125,0.375,0.0,0.34243697478991597,236.0,0.0,476.0,0.3333333333333333,60.0,0.0,0.0,0.029411764705882353,0.0,,2024-08-24T10:56:00-07:00,,300.0,0.0,0.0,0.0,False,False,,,False,False,False,False,0.0,,40.0,26.0,False,,0.0,0.0,0.0,,34.0,False,2.0,9.0,4.0,3.0,False,3,93.0,1:57 PM,,YESTERDAY,2024-08-25T01:29:00-07:00,CLILAS_202408250829.txt,True,16.0,16.0,14.0,7.0,5.0,3.0,1.0,-1.0,-2.0,-2.0,1.0,2.0,True,96,2024-08-24T00:35:00-07:00,2024-08-24T06:00:00-07:00,5.416666666666667,PFMVEF_202408240735.txt,3.0,3.0
2024-08-25,92.0,2024-08-25 16:56:00-07:00,26,0.5,0.0,False,24.0,75.0,39.0,0.0,10.0,17.0,77.0,39.0,0.25,6.0,15.0,80.0,37.0,0.25,0.0,12.0,80.0,38.0,0.25,4.0,12.0,81.0,39.0,0.25,3.0,11.0,85.0,35.0,0.25,5.0,7.0,86.0,32.0,0.25,7.0,6.0,89.0,34.0,0.25,0.0,3.0,91.0,34.0,0.25,6.0,1.0,92.0,34.0,0.25,8.0,0.0,89.0,33.0,0.25,5.0,3.0,2024-08-25 16:56:00-07:00,16.933333333333334,0.25,0.0,0.0,0.22388059701492538,0.0,0.0,536.0,0.25,0.0,0.09048507462686567,0.0,0.22388059701492538,0.0,,,,,0.0,0.0,0.0,False,False,,,False,False,False,False,0.0,,80.0,17.0,False,,0.0,0.0,0.0,,39.0,False,5.0,1.0,5.0,5.0,False,2,92.0,3:41 PM,,YESTERDAY,2024-08-26T01:25:00-07:00,CLILAS_202408260825.txt,True,17.0,15.0,12.0,12.0,11.0,7.0,6.0,3.0,1.0,0.0,3.0,0.0,True,93,2024-08-25T00:10:00-07:00,2024-08-25T06:00:00-07:00,5.833333333333333,PFMVEF_202408250710.txt,1.0,1.0
2024-08-26,93.0,2024-08-26 15:56:00-07:00,25,0.0,0.0,False,,76.0,30.0,0.0,0.0,17.0,79.0,33.0,0.0,5.0,14.0,82.0,35.0,0.0,8.0,11.0,84.0,34.0,0.0,6.0,9.0,85.0,33.0,0.0,6.0,8.0,89.0,34.0,0.0,8.0,4.0,91.0,34.0,0.0,0.0,2.0,86.0,36.0,0.0,4.0,7.0,93.0,39.0,0.0,0.0,0.0,88.0,39.0,0.0,4.0,5.0,87.0,34.0,0.0,5.0,6.0,2024-08-26 15:56:00-07:00,15.933333333333334,0.0,0.0,0.0,0.0,0.0,0.0,476.0,0.0,0.0,0.0,0.0,0.0,0.0,,,,,0.0,0.0,0.0,False,False,,,False,False,False,False,5.0,2024-08-26T14:56:00-07:00,80.0,0.0,False,,0.0,0.0,0.0,,39.0,False,6.0,3.0,6.0,2.0,False,3,95.0,2:42 PM,,YESTERDAY,2024-08-27T01:27:00-07:00,CLILAS_202408270827.txt,True,19.0,16.0,13.0,11.0,10.0,6.0,4.0,9.0,2.0,7.0,8.0,-2.0,True,98,2024-08-26T00:05:00-07:00,2024-08-26T06:00:00-07:00,5.916666666666667,PFMVEF_202408260705.txt,3.0,3.0
2024-08-27,99.0,2024-08-27 17:56:00-07:00,25,0.0,0.0,False,,77.0,31.0,0.0,0.0,22.0,80.0,30.0,0.0,0.0,19.0,84.0,32.0,0.0,4.0,15.0,86.0,31.0,0.0,4.0,13.0,90.0,31.0,0.0,6.0,9.0,93.0,31.0,0.0,4.0,6.0,94.0,32.0,0.0,4.0,5.0,89.0,36.0,0.0,7.0,10.0,97.0,36.0,0.0,7.0,2.0,95.0,34.0,0.0,13.0,4.0,99.0,33.0,0.0,10.0,0.0,2024-08-27 17:56:00-07:00,17.933333333333334,0.0,0.0,0.0,0.0,0.0,0.0,596.0,0.0,0.0,0.0,0.0,0.0,0.0,,,,,0.0,0.0,0.0,False,False,,,False,False,False,False,5.0,2024-08-27T14:56:00-07:00,30.0,0.0,False,,0.0,0.0,0.0,,36.0,False,7.0,6.0,4.0,3.0,False,1,101.0,3:12 PM,,YESTERDAY,2024-08-28T01:41:00-07:00,CLILAS_202408280841.txt,True,24.0,21.0,17.0,15.0,11.0,8.0,7.0,12.0,4.0,6.0,2.0,-2.0,True,103,2024-08-27T00:10:00-07:00,2024-08-27T06:00:00-07:00,5.833333333333333,PFMVEF_202408270710.txt,2.0,2.0
2024-08-28,102.0,2024-08-28 17:56:00-07:00,24,0.25,0.0,False,25.0,80.0,35.0,0.25,0.0,22.0,83.0,35.0,0.25,0.0,19.0,87.0,35.0,0.25,5.0,15.0,92.0,34.0,0.25,6.0,10.0,95.0,34.0,0.25,5.0,7.0,100.0,37.0,0.25,14.0,2.0,101.0,38.0,0.25,10.0,1.0,99.0,40.0,0.25,14.0,3.0,99.0,40.0,0.25,12.0,3.0,97.0,36.0,0.25,3.0,5.0,102.0,33.0,0.25,10.0,0.0,2024-08-28 17:56:00-07:00,17.933333333333334,0.25,0.0,0.0,0.25,0.0,0.0,596.0,0.25,0.0,0.0,0.0,0.25,0.0,,,,,0.0,0.0,0.0,False,False,,,False,False,False,False,2.0,2024-08-28T14:56:00-07:00,170.0,25.0,True,2024-08-28T14:56:00-07:00,2.0,23.0,0.0,180.0,40.0,False,7.0,8.0,6.0,-2.0,False,1,103.0,1:37 PM,,YESTERDAY,2024-08-29T01:33:00-07:00,CLILAS_202408290833.txt,True,23.0,20.0,16.0,11.0,8.0,3.0,2.0,4.0,4.0,6.0,1.0,-1.0,True,105,2024-08-27T23:40:00-07:00,2024-08-28T06:00:00-07:00,6.333333333333333,PFMVEF_202408280640.txt,2.0,2.0
2024-08-29,100.0,2024-08-29 12:56:00-07:00,26,0.5,0.0,False,18.0,82.0,38.0,0.25,0.0,18.0,86.0,38.0,0.25,3.0,14.0,91.0,36.0,0.25,0.0,9.0,96.0,39.0,0.25,6.0,4.0,99.0,40.0,0.25,0.0,1.0,100.0,40.0,0.25,6.0,0.0,99.0,40.0,0.25,8.0,1.0,99.0,42.0,0.5,0.0,1.0,99.0,42.0,0.5,6.0,1.0,96.0,44.0,0.5,7.0,4.0,98.0,43.0,0.5,5.0,2.0,2024-08-29 12:56:00-07:00,12.933333333333334,0.25,0.0,0.0,0.25,0.0,0.0,296.0,0.25,0.0,0.25,0.0,0.25,0.0,,,,,0.0,0.0,0.0,False,False,,,False,False,False,False,0.0,,0.0,15.0,False,,0.0,0.0,0.0,,40.0,False,9.0,8.0,0.0,0.0,True,8,104.0,1:44 PM,,YESTERDAY,2024-08-30T01:35:00-07:00,CLILAS_202408300835.txt,True,22.0,18.0,13.0,8.0,5.0,4.0,5.0,5.0,5.0,8.0,6.0,-4.0,True,104,2024-08-29T01:00:00-07:00,2024-08-29T06:00:00-07:00,5.0,PFMVEF_202408290800.txt,0.0,0.0
2024-08-30,101.0,2024-08-30 14:56:00-07:00,26,0.875,0.0,False,24.0,83.0,44.0,0.25,4.0,18.0,86.0,42.0,0.25,3.0,15.0,90.0,42.0,0.25,4.0,11.0,92.0,40.0,0.25,5.0,9.0,94.0,41.0,0.25,0.0,7.0,99.0,41.0,0.25,3.0,2.0,96.0,42.0,0.25,7.0,5.0,101.0,43.0,0.875,5.0,0.0,101.0,42.0,0.5,12.0,0.0,96.0,42.0,0.5,3.0,5.0,97.0,44.0,0.5,6.0,4.0,2024-08-30 14:56:00-07:00,14.933333333333334,0.3392857142857143,0.14285714285714285,0.14285714285714285,0.25,0.0,0.0,416.0,0.25,0.0,0.21634615384615385,0.0,0.25,0.0,16000.0,2024-08-30T14:56:00-07:00,2024-08-30T14:56:00-07:00,0.0,0.0,0.0,0.0,False,False,,,False,False,False,False,3.0,2024-08-30T13:56:00-07:00,40.0,16.0,False,,0.0,0.0,0.0,,43.0,False,7.0,4.0,2.0,5.0,False,6,104.0,12:53 PM,,YESTERDAY,2024-08-31T02:09:00-07:00,CLILAS_202408310909.txt,True,21.0,18.0,14.0,12.0,10.0,5.0,8.0,3.0,3.0,8.0,7.0,-3.0,True,104,2024-08-30T00:30:00-07:00,2024-08-30T06:00:00-07:00,5.5,PFMVEF_202408300730.txt,0.0,0.0
2024-08-31,103.0,2024-08-31 14:56:00-07:00,27,0.875,0.0,True,33.0,86.0,50.0,0.875,3.0,17.0,88.0,57.0,0.875,3.0,15.0,92.0,49.0,0.875,5.0,11.0,93.0,47.0,0.875,5.0,10.0,94.0,47.0,0.5,3.0,9.0,101.0,50.0,0.5,5.0,2.0,102.0,34.0,0.25,5.0,1.0,103.0,34.0,0.25,3.0,0.0,103.0,34.0,0.25,7.0,0.0,103.0,34.0,0.25,13.0,0.0,100.0,34.0,0.875,9.0,3.0,2024-08-31 14:56:00-07:00,14.933333333333334,0.5833333333333334,0.6666666666666666,0.4444444444444444,0.6766826923076923,356.0,236.0,416.0,0.4166666666666667,120.0,0.2439903846153846,0.0,0.42788461538461536,296.0,25000.0,2024-08-31T08:10:00-07:00,2024-08-31T08:10:00-07:00,406.0,0.0,0.0,0.0,False,False,,,False,True,True,True,0.0,,80.0,0.0,False,,0.0,0.0,0.0,,57.0,True,6.0,2.0,8.0,1.0,False,6,104.0,1:51 PM,,YESTERDAY,2024-09-01T01:29:00-07:00,CLILAS_202409010829.txt,True,18.0,16.0,12.0,11.0,10.0,3.0,2.0,1.0,1.0,1.0,4.0,-1.0,True,104,2024-08-31T01:00:00-07:00,2024-08-31T06:00:00-07:00,5.0,PFMVEF_202408310800.txt,0.0,0.0
2024-09-01,103.0,2024-09-01 16:56:00-07:00,25,0.5,0.0,False,,83.0,49.0,0.5,4.0,20.0,86.0,49.0,0.5,5.0,17.0,89.0,48.0,0.25,5.0,14.0,91.0,47.0,0.25,4.0,12.0,92.0,45.0,0.25,0.0,11.0,97.0,48.0,0.25,5.0,6.0,98.0,48.0,0.25,7.0,5.0,99.0,48.0,0.25,5.0,4.0,101.0,46.0,0.25,4.0,2.0,103.0,45.0,0.25,0.0,0.0,99.0,44.0,0.25,0.0,4.0,2024-09-01 16:56:00-07:00,16.933333333333334,0.275,0.1,0.0,0.3041044776119403,116.0,0.0,536.0,0.25,0.0,0.25,0.0,0.25,0.0,,2024-09-01T08:56:00-07:00,,480.0,0.0,0.0,0.0,False,False,,,False,False,False,False,0.0,,100.0,0.0,False,,0.0,0.0,0.0,,49.0,False,6.0,3.0,6.0,3.0,False,2,102.0,2:45 PM,,YESTERDAY,2024-09-02T01:33:00-07:00,CLILAS_202409020833.txt,True,19.0,16.0,13.0,11.0,10.0,5.0,4.0,3.0,1.0,-1.0,3.0,1.0,True,105,2024-09-01T00:40:00-07:00,2024-09-01T06:00:00-07:00,5.333333333333333,PFMVEF_202409010740.txt,3.0,3.0
2024-09-02,103.0,2024-09-02 13:56:00-07:00,26,0.5,0.0,False,24.0,83.0,45.0,0.25,4.0,20.0,86.0,46.0,0.25,0.0,17.0,90.0,45.0,0.25,5.0,13.0,92.0,46.0,0.25,6.0,11.0,96.0,47.0,0.25,7.0,7.0,99.0,48.0,0.25,7.0,4.0,103.0,48.0,0.5,10.0,0.0,98.0,51.0,0.5,15.0,5.0,100.0,52.0,0.5,9.0,3.0,98.0,50.0,0.5,6.0,5.0,99.0,53.0,0.5,3.0,4.0,2024-09-02 13:56:00-07:00,13.933333333333334,0.2916666666666667,0.16666666666666666,0.0,0.25,0.0,0.0,356.0,0.25,0.0,0.21067415730337077,0.0,0.25,0.0,,2024-09-02T13:56:00-07:00,,0.0,0.0,0.0,0.0,False,False,,,False,False,False,False,0.0,,90.0,17.0,False,,0.0,0.0,0.0,,48.0,False,7.0,6.0,7.0,-3.0,False,7,105.0,1:37 PM,,YESTERDAY,2024-09-03T01:31:00-07:00,CLILAS_202409030831.txt,True,22.0,19.0,15.0,13.0,9.0,6.0,2.0,7.0,5.0,7.0,6.0,-2.0,True,104,2024-09-02T02:10:00-07:00,2024-09-02T06:00:00-07:00,3.8333333333333335,PFMVEF_202409020910.txt,-1.0,1.0
2024-09-03,103.0,2024-09-03 13:56:00-07:00,26,0.25,0.0,False,18.0,87.0,47.0,0.25,0.0,16.0,89.0,48.0,0.25,0.0,14.0,94.0,47.0,0.25,0.0,9.0,97.0,47.0,0.25,7.0,6.0,101.0,47.0,0.25,9.0,2.0,102.0,46.0,0.25,7.0,1.0,103.0,48.0,0.25,3.0,0.0,97.0,50.0,0.25,0.0,6.0,96.0,48.0,0.25,6.0,7.0,100.0,48.0,0.25,4.0,3.0,100.0,48.0,0.25,5.0,3.0,2024-09-03 13:56:00-07:00,13.933333333333334,0.25,0.0,0.0,0.25,0.0,0.0,356.0,0.25,0.0,0.21067415730337077,0.0,0.25,0.0,,,,,0.0,0.0,0.0,False,False,,,False,False,False,False,0.0,,120.0,18.0,False,,0.0,0.0,0.0,,48.0,False,7.0,7.0,2.0,-7.0,False,7,106.0,2:11 PM,,YESTERDAY,2024-09-04T01:26:00-07:00,CLILAS_202409040826.txt,True,19.0,17.0,12.0,9.0,5.0,4.0,3.0,9.0,10.0,6.0,6.0,-3.0,True,106,2024-09-03T02:10:00-07:00,2024-09-03T06:00:00-07:00,3.8333333333333335,PFMVEF_202409030910.txt,0.0,0.0
2024-09-04,105.0,2024-09-04 14:56:00-07:00,25,0.25,0.0,False,,86.0,45.0,0.25,4.0,19.0,89.0,45.0,0.25,3.0,16.0,93.0,46.0,0.25,3.0,12.0,97.0,38.0,0.25,3.0,8.0,100.0,38.0,0.25,4.0,5.0,102.0,40.0,0.25,5.0,3.0,103.0,41.0,0.25,3.0,2.0,105.0,40.0,0.25,7.0,0.0,105.0,39.0,0.25,3.0,0.0,105.0,39.0,0.25,4.0,0.0,105.0,39.0,0.25,4.0,0.0,2024-09-04 14:56:00-07:00,14.933333333333334,0.25,0.0,0.0,0.25,0.0,0.0,416.0,0.25,0.0,0.25,0.0,0.25,0.0,,,,,0.0,0.0,0.0,False,False,,,False,False,False,False,0.0,,60.0,0.0,False,,0.0,0.0,0.0,,46.0,False,7.0,7.0,3.0,2.0,False,4,107.0,3:03 PM,,YESTERDAY,2024-09-05T01:30:00-07:00,CLILAS_202409050830.txt,True,21.0,18.0,14.0,10.0,7.0,5.0,4.0,2.0,2.0,2.0,2.0,-2.0,True,106,2024-09-04T01:45:00-07:00,2024-09-04T06:00:00-07:00,4.25,PFMVEF_202409040845.txt,-1.0,1.0
2024-09-05,105.0,2024-09-05 16:56:00-07:00,25,0.0,0.0,False,15.0,86.0,37.0,0.0,3.0,19.0,90.0,37.0,0.0,4.0,15.0,93.0,34.0,0.0,6.0,12.0,96.0,33.0,0.0,8.0,9.0,98.0,33.0,0.0,6.0,7.0,101.0,32.0,0.0,10.0,4.0,102.0,31.0,0.0,6.0,3.0,104.0,32.0,0.0,10.0,1.0,104.0,32.0,0.0,6.0,1.0,105.0,31.0,0.0,7.0,0.0,104.0,31.0,0.0,6.0,1.0,2024-09-05 16:56:00-07:00,16.933333333333334,0.0,0.0,0.0,0.0,0.0,0.0,536.0,0.0,0.0,0.0,0.0,0.0,0.0,,,,,0.0,0.0,0.0,False,False,,,False,False,False,False,1.0,2024-09-05T13:07:00-07:00,70.0,15.0,False,,0.0,0.0,0.0,,37.0,False,7.0,5.0,4.0,2.0,False,2,105.0,3:58 PM,,YESTERDAY,2024-09-06T01:26:00-07:00,CLILAS_202409060826.txt,True,19.0,15.0,12.0,9.0,7.0,4.0,3.0,1.0,1.0,0.0,1.0,0.0,True,107,2024-09-05T03:25:00-07:00,2024-09-05T06:00:00-07:00,2.583333333333333,PFMVEF_202409051025.txt,2.0,2.0
2024-09-06,103.0,2024-09-06 15:56:00-07:00,24,0.0,0.0,False,,85.0,30.0,0.0,0.0,18.0,89.0,31.0,0.0,3.0,14.0,93.0,32.0,0.0,5.0,10.0,96.0,33.0,0.0,6.0,7.0,98.0,32.0,0.0,6.0,5.0,100.0,31.0,0.0,5.0,3.0,101.0,29.0,0.0,5.0,2.0,102.0,30.0,0.0,4.0,1.0,103.0,28.0,0.0,5.0,0.0,103.0,27.0,0.0,5.0,0.0,102.0,27.0,0.0,0.0,1.0,2024-09-06 15:56:00-07:00,15.933333333333334,0.0,0.0,0.0,0.0,0.0,0.0,476.0,0.0,0.0,0.0,0.0,0.0,0.0,,,,,0.0,0.0,0.0,False,False,,,False,False,False,False,0.0,,60.0,0.0,False,,0.0,0.0,0.0,,33.0,False,8.0,5.0,3.0,2.0,False,3,104.0,3:24 PM,,YESTERDAY,2024-09-07T01:23:00-07:00,CLILAS_202409070823.txt,True,19.0,15.0,11.0,8.0,6.0,4.0,3.0,2.0,1.0,1.0,2.0,-1.0,True,105,2024-09-06T02:45:00-07:00,2024-09-06T06:00:00-07:00,3.25,PFMVEF_202409060945.txt,1.0,1.0
2024-09-07,104.0,2024-09-07 14:56:00-07:00,25,0.875,0.0,False,28.0,84.0,32.0,0.25,3.0,20.0,89.0,27.0,0.25,0.0,15.0,92.0,26.0,0.5,0.0,12.0,95.0,27.0,0.5,5.0,9.0,98.0,27.0,0.5,4.0,6.0,100.0,29.0,0.5,5.0,4.0,102.0,32.0,0.5,6.0,2.0,104.0,36.0,0.5,9.0,0.0,104.0,39.0,0.5,12.0,0.0,100.0,39.0,0.875,16.0,4.0,101.0,37.0,0.875,9.0,3.0,2024-09-07 14:56:00-07:00,14.933333333333334,0.4642857142857143,0.8571428571428571,0.0,0.43028846153846156,300.0,0.0,416.0,0.5,180.0,0.21394230769230768,0.0,0.2860576923076923,60.0,,2024-09-07T09:56:00-07:00,,300.0,0.0,0.0,0.0,False,False,,,False,False,True,False,0.0,,80.0,0.0,False,,0.0,0.0,0.0,,36.0,False,8.0,6.0,4.0,2.0,False,5,105.0,2:39 PM,,YESTERDAY,2024-09-08T01:24:00-07:00,CLILAS_202409080824.txt,True,21.0,16.0,13.0,10.0,7.0,5.0,3.0,1.0,1.0,5.0,4.0,-1.0,True,104,2024-09-07T00:10:00-07:00,2024-09-07T06:00:00-07:00,5.833333333333333,PFMVEF_202409070710.txt,-1.0,1.0
2024-09-08,101.0,2024-09-08 13:56:00-07:00,27,0.875,0.0,True,25.0,84.0,49.0,0.5,5.0,17.0,86.0,48.0,0.5,0.0,15.0,89.0,48.0,0.5,0.0,12.0,94.0,47.0,0.5,3.0,7.0,96.0,48.0,0.5,6.0,5.0,99.0,48.0,0.5,5.0,2.0,101.0,48.0,0.5,0.0,0.0,101.0,46.0,0.875,7.0,0.0,100.0,44.0,0.875,16.0,1.0,97.0,46.0,0.875,6.0,4.0,96.0,48.0,0.875,9.0,5.0,2024-09-08 13:56:00-07:00,13.933333333333334,0.5,1.0,0.0,0.5,356.0,0.0,356.0,0.5,180.0,0.16853932584269662,0.0,0.25,0.0,,2024-09-08T08:56:00-07:00,,300.0,0.0,0.0,0.0,False,False,,,False,True,True,True,0.0,,30.0,0.0,False,,0.0,0.0,0.0,,48.0,False,5.0,7.0,5.0,-1.0,False,8,103.0,1:18 PM,,YESTERDAY,2024-09-09T01:24:00-07:00,CLILAS_202409090824.txt,True,19.0,17.0,14.0,9.0,7.0,4.0,2.0,2.0,3.0,6.0,7.0,-2.0,True,102,2024-09-08T00:15:00-07:00,2024-09-08T06:00:00-07:00,5.75,PFMVEF_202409080715.txt,-1.0,1.0
2024-09-09,101.0,2024-09-09 12:56:00-07:00,26,0.5,0.0,False,31.0,85.0,47.0,0.5,0.0,16.0,89.0,46.0,0.5,0.0,12.0,91.0,47.0,0.25,3.0,10.0,94.0,47.0,0.25,5.0,7.0,96.0,47.0,0.5,5.0,5.0,101.0,46.0,0.5,7.0,0.0,101.0,45.0,0.5,9.0,0.0,99.0,48.0,0.5,8.0,2.0,100.0,44.0,0.5,6.0,1.0,101.0,43.0,0.5,4.0,0.0,100.0,42.0,0.5,0.0,1.0,2024-09-09 12:56:00-07:00,12.933333333333334,0.4,0.6,0.0,0.39864864864864863,176.0,0.0,296.0,0.3333333333333333,60.0,0.25,0.0,0.25,0.0,,2024-09-09T08:56:00-07:00,,240.0,0.0,0.0,0.0,False,False,,,False,False,True,False,0.0,,50.0,0.0,False,,0.0,0.0,0.0,,47.0,False,6.0,5.0,5.0,-1.0,False,7,102.0,3:52 PM,,YESTERDAY,2024-09-10T01:23:00-07:00,CLILAS_202409100823.txt,True,17.0,13.0,11.0,8.0,6.0,1.0,1.0,3.0,2.0,1.0,2.0,-1.0,True,103,2024-09-09T00:10:00-07:00,2024-09-09T06:00:00-07:00,5.833333333333333,PFMVEF_202409090710.txt,1.0,1.0
2024-09-10,101.0,2024-09-10 13:56:00-07:00,25,1.0,0.0,False,26.0,86.0,40.0,0.25,0.0,15.0,90.0,39.0,0.875,0.0,11.0,95.0,37.0,0.875,0.0,6.0,99.0,35.0,0.875,5.0,2.0,100.0,35.0,0.875,13.0,1.0,99.0,35.0,0.875,9.0,2.0,101.0,35.0,0.875,16.0,0.0,101.0,34.0,0.875,12.0,0.0,101.0,35.0,0.875,14.0,0.0,100.0,34.0,0.875,13.0,1.0,99.0,33.0,0.875,11.0,2.0,2024-09-10 13:56:00-07:00,13.933333333333334,0.875,1.0,1.0,0.776685393258427,300.0,300.0,356.0,0.875,180.0,0.21067415730337077,0.0,0.776685393258427,300.0,20000.0,2024-09-10T08:56:00-07:00,2024-09-10T08:56:00-07:00,300.0,0.0,0.0,0.0,False,False,,,False,False,False,False,1.0,2024-09-10T12:56:00-07:00,50.0,24.0,False,,0.0,0.0,0.0,,39.0,False,9.0,5.0,1.0,0.0,False,5,102.0,1:32 PM,,YESTERDAY,2024-09-11T01:22:00-07:00,CLILAS_202409110822.txt,True,16.0,12.0,7.0,3.0,2.0,3.0,1.0,1.0,1.0,2.0,3.0,-1.0,True,103,2024-09-10T00:10:00-07:00,2024-09-10T06:00:00-07:00,5.833333333333333,PFMVEF_202409100710.txt,1.0,1.0
2024-09-11,98.0,2024-09-11 14:56:00-07:00,26,1.0,0.0,False,30.0,84.0,31.0,0.875,10.0,14.0,87.0,27.0,0.875,12.0,11.0,89.0,27.0,0.5,11.0,9.0,92.0,22.0,0.5,11.0,6.0,94.0,9.0,0.25,14.0,4.0,95.0,13.0,0.25,17.0,3.0,96.0,15.0,0.25,12.0,2.0,98.0,6.0,0.5,14.0,0.0,97.0,7.0,0.25,15.0,1.0,97.0,9.0,0.25,11.0,1.0,96.0,11.0,0.25,14.0,2.0,2024-09-11 14:56:00-07:00,14.933333333333334,0.44642857142857145,0.5714285714285714,0.14285714285714285,0.4963942307692308,236.0,116.0,416.0,0.25,0.0,0.4963942307692308,236.0,0.4963942307692308,236.0,5500.0,2024-09-11T08:56:00-07:00,2024-09-11T08:56:00-07:00,360.0,0.0,0.0,0.0,False,False,,,False,False,False,False,0.0,,30.0,27.0,False,,0.0,0.0,0.0,,27.0,False,5.0,5.0,2.0,1.0,False,4,98.0,3:19 PM,,YESTERDAY,2024-09-12T01:22:00-07:00,CLILAS_202409120822.txt,True,14.0,11.0,9.0,6.0,4.0,3.0,2.0,0.0,1.0,1.0,2.0,0.0,True,99,2024-09-11T00:50:00-07:00,2024-09-11T06:00:00-07:00,5.166666666666667,PFMVEF_202409110750.txt,1.0,1.0
2024-09-12,93.0,2024-09-12 15:56:00-07:00,27,0.25,0.0,False,22.0,76.0,31.0,0.0,4.0,17.0,79.0,28.0,0.0,4.0,14.0,85.0,24.0,0.0,5.0,8.0,87.0,25.0,0.0,8.0,6.0,88.0,27.0,0.0,8.0,5.0,89.0,26.0,0.0,5.0,4.0,90.0,25.0,0.0,7.0,3.0,91.0,25.0,0.0,7.0,2.0,93.0,25.0,0.25,6.0,0.0,92.0,24.0,0.25,3.0,1.0,92.0,24.0,0.25,4.0,1.0,2024-09-12 15:56:00-07:00,15.933333333333334,0.025,0.0,0.0,0.0,0.0,0.0,476.0,0.0,0.0,0.0,0.0,0.0,0.0,,,,,0.0,0.0,0.0,False,False,,,False,False,False,False,0.0,,140.0,17.0,False,,0.0,0.0,0.0,,28.0,False,9.0,3.0,2.0,3.0,False,4,93.0,3:51 PM,,YESTERDAY,2024-09-13T01:26:00-07:00,CLILAS_202409130826.txt,True,17.0,14.0,8.0,6.0,5.0,4.0,3.0,2.0,0.0,1.0,1.0,0.0,True,94,2024-09-12T00:45:00-07:00,2024-09-12T06:00:00-07:00,5.25,PFMVEF_202409120745.txt,1.0,1.0
2024-09-13,94.0,2024-09-13 15:56:00-07:00,24,0.0,0.0,False,,75.0,26.0,0.0,0.0,19.0,79.0,26.0,0.0,4.0,15.0,82.0,25.0,0.0,4.0,12.0,84.0,27.0,0.0,7.0,10.0,87.0,27.0,0.0,3.0,7.0,88.0,27.0,0.0,3.0,6.0,91.0,28.0,0.0,0.0,3.0,92.0,28.0,0.0,3.0,2.0,94.0,28.0,0.0,7.0,0.0,94.0,28.0,0.0,7.0,0.0,94.0,29.0,0.0,10.0,0.0,2024-09-13 15:56:00-07:00,15.933333333333334,0.0,0.0,0.0,0.0,0.0,0.0,476.0,0.0,0.0,0.0,0.0,0.0,0.0,,,,,0.0,0.0,0.0,False,False,,,False,False,False,False,0.0,,50.0,0.0,False,,0.0,0.0,0.0,,28.0,False,7.0,5.0,4.0,3.0,False,3,95.0,5:02 PM,,YESTERDAY,2024-09-14T01:24:00-07:00,CLILAS_202409140824.txt,True,20.0,16.0,13.0,11.0,8.0,7.0,4.0,3.0,1.0,1.0,1.0,-1.0,True,96,2024-09-13T00:40:00-07:00,2024-09-13T06:00:00-07:00,5.333333333333333,PFMVEF_202409130740.txt,1.0,1.0
2024-09-14,96.0,2024-09-14 14:56:00-07:00,27,0.25,0.0,False,21.0,79.0,34.0,0.0,3.0,17.0,82.0,33.0,0.0,0.0,14.0,85.0,35.0,0.0,5.0,11.0,89.0,41.0,0.0,7.0,7.0,91.0,42.0,,7.0,5.0,92.0,40.0,0.25,6.0,4.0,94.0,39.0,0.25,5.0,2.0,96.0,39.0,0.25,4.0,0.0,96.0,38.0,0.25,11.0,0.0,96.0,41.0,0.25,10.0,0.0,94.0,42.0,0.25,12.0,2.0,2024-09-14 14:56:00-07:00,14.933333333333334,0.14285714285714285,0.0,0.0,0.08701657458563536,0.0,0.0,362.0,0.25,0.0,0.07211538461538461,0.0,0.07572115384615384,0.0,,,,,0.0,0.0,0.0,False,False,,,False,False,False,False,0.0,,130.0,0.0,False,,0.0,0.0,0.0,,42.0,False,6.0,6.0,3.0,2.0,False,6,97.0,2:46 PM,,YESTERDAY,2024-09-15T01:28:00-07:00,CLILAS_202409150828.txt,True,18.0,15.0,12.0,8.0,6.0,5.0,3.0,1.0,1.0,1.0,3.0,-1.0,True,96,2024-09-14T01:40:00-07:00,2024-09-14T06:00:00-07:00,4.333333333333333,PFMVEF_202409140840.txt,-1.0,1.0
2024-09-15,95.0,2024-09-15 12:56:00-07:00,28,0.25,0.0,False,26.0,80.0,50.0,0.25,5.0,15.0,84.0,48.0,0.25,6.0,11.0,87.0,49.0,0.25,7.0,8.0,89.0,50.0,0.25,7.0,6.0,92.0,46.0,0.25,8.0,3.0,95.0,44.0,0.25,5.0,0.0,95.0,38.0,0.25,15.0,0.0,95.0,35.0,0.25,13.0,0.0,95.0,34.0,0.25,13.0,0.0,93.0,33.0,0.0,14.0,2.0,92.0,31.0,0.0,10.0,3.0,2024-09-15 12:56:00-07:00,12.933333333333334,0.25,0.0,0.0,0.25,0.0,0.0,296.0,0.25,0.0,0.19932432432432431,0.0,0.25,0.0,,,,,0.0,0.0,0.0,False,False,,,False,False,False,False,0.0,,40.0,18.0,False,,0.0,0.0,0.0,,50.0,True,7.0,5.0,3.0,0.0,False,7,96.0,3:07 PM,,YESTERDAY,2024-09-16T01:30:00-07:00,CLILAS_202409160830.txt,True,16.0,12.0,9.0,7.0,4.0,1.0,1.0,1.0,1.0,3.0,4.0,-1.0,True,96,2024-09-15T02:10:00-07:00,2024-09-15T06:00:00-07:00,3.8333333333333335,PFMVEF_202409150910.txt,0.0,0.0
2024-09-16,81.0,2024-09-16 12:56:00-07:00,24,0.875,0.0,False,30.0,73.0,39.0,0.25,12.0,8.0,74.0,39.0,0.25,16.0,7.0,76.0,32.0,0.25,14.0,5.0,79.0,31.0,0.25,16.0,2.0,79.0,34.0,0.25,10.0,2.0,81.0,37.0,0.25,13.0,0.0,81.0,39.0,0.25,10.0,0.0,81.0,40.0,0.25,19.0,0.0,81.0,40.0,0.25,19.0,0.0,79.0,39.0,0.25,18.0,2.0,79.0,37.0,0.25,15.0,2.0,2024-09-16 12:56:00-07:00,12.933333333333334,0.25,0.0,0.0,0.25,0.0,0.0,296.0,0.25,0.0,0.10135135135135136,0.0,0.25,0.0,,,,,0.0,0.0,0.0,False,False,,,False,False,False,False,0.0,,20.0,28.0,False,,0.0,0.0,0.0,,39.0,False,3.0,3.0,2.0,0.0,False,6,82.0,2:48 PM,,YESTERDAY,2024-09-17T01:24:00-07:00,CLILAS_202409170824.txt,True,9.0,8.0,6.0,3.0,3.0,1.0,1.0,1.0,1.0,3.0,3.0,-1.0,True,83,2024-09-16T00:50:00-07:00,2024-09-16T06:00:00-07:00,5.166666666666667,PFMVEF_202409160750.txt,1.0,1.0
2024-09-17,82.0,2024-09-17 15:56:00-07:00,25,0.25,0.0,False,19.0,63.0,34.0,0.0,6.0,19.0,67.0,32.0,0.0,7.0,15.0,70.0,30.0,0.0,6.0,12.0,73.0,30.0,0.0,4.0,9.0,76.0,29.0,0.0,3.0,6.0,77.0,29.0,0.0,4.0,5.0,79.0,28.0,0.0,5.0,3.0,81.0,29.0,0.0,8.0,1.0,82.0,29.0,0.25,4.0,0.0,82.0,27.0,0.25,4.0,0.0,82.0,25.0,0.25,6.0,0.0,2024-09-17 15:56:00-07:00,15.933333333333334,0.05555555555555555,0.0,0.0,0.02415966386554622,0.0,0.0,476.0,0.06388888888888888,0.0,0.0,0.0,0.0,0.0,,,,,0.0,0.0,0.0,False,False,,,False,False,False,False,1.0,2024-09-17T15:10:00-07:00,160.0,0.0,False,,0.0,0.0,0.0,,32.0,False,7.0,6.0,3.0,3.0,False,3,83.0,4:44 PM,,YESTERDAY,2024-09-18T01:34:00-07:00,CLILAS_202409180834.txt,True,20.0,16.0,13.0,10.0,7.0,6.0,4.0,2.0,1.0,1.0,1.0,-1.0,True,83,2024-09-17T00:25:00-07:00,2024-09-17T06:00:00-07:00,5.583333333333333,PFMVEF_202409170725.txt,0.0,0.0
2024-09-18,85.0,2024-09-18 15:56:00-07:00,25,0.25,0.0,False,,69.0,30.0,0.25,0.0,16.0,71.0,30.0,0.25,3.0,14.0,74.0,29.0,0.25,0.0,11.0,77.0,27.0,0.25,3.0,8.0,79.0,27.0,0.0,0.0,6.0,81.0,27.0,0.0,3.0,4.0,84.0,27.0,0.0,6.0,1.0,84.0,26.0,0.0,0.0,1.0,85.0,26.0,0.0,8.0,0.0,84.0,25.0,0.0,4.0,1.0,85.0,22.0,0.0,6.0,0.0,2024-09-18 15:56:00-07:00,15.933333333333334,0.1111111111111111,0.0,0.0,0.12394957983193278,0.0,0.0,476.0,0.0,0.0,0.0,0.0,0.008403361344537815,0.0,,,,,0.0,0.0,0.0,False,False,,,False,False,False,False,0.0,,10.0,0.0,False,,0.0,0.0,0.0,,30.0,False,5.0,5.0,5.0,1.0,False,3,86.0,2:50 PM,,YESTERDAY,2024-09-19T01:23:00-07:00,CLILAS_202409190823.txt,True,17.0,15.0,12.0,9.0,7.0,5.0,2.0,2.0,1.0,2.0,1.0,-1.0,True,86,2024-09-18T00:50:00-07:00,2024-09-18T06:00:00-07:00,5.166666666666667,PFMVEF_202409180750.txt,0.0,0.0
2024-09-19,87.0,2024-09-19 15:56:00-07:00,24,0.875,0.0,False,17.0,71.0,27.0,0.875,4.0,16.0,73.0,28.0,0.5,0.0,14.0,77.0,26.0,0.5,4.0,10.0,79.0,27.0,0.25,3.0,8.0,82.0,28.0,0.25,5.0,5.0,84.0,30.0,0.25,6.0,3.0,85.0,31.0,0.25,5.0,2.0,86.0,24.0,0.25,10.0,1.0,87.0,21.0,0.25,8.0,0.0,87.0,21.0,0.25,4.0,0.0,85.0,25.0,0.25,5.0,2.0,2024-09-19 15:56:00-07:00,15.933333333333334,0.3125,0.25,0.0,0.3865546218487395,176.0,56.0,476.0,0.25,0.0,0.0,0.0,0.3865546218487395,176.0,,2024-09-19T08:56:00-07:00,,420.0,0.0,0.0,0.0,False,False,,,False,False,False,False,0.0,,50.0,17.0,False,,0.0,0.0,0.0,,31.0,False,6.0,5.0,3.0,2.0,False,3,88.0,3:14 PM,,YESTERDAY,2024-09-20T01:29:00-07:00,CLILAS_202409200829.txt,True,17.0,15.0,11.0,9.0,6.0,4.0,3.0,2.0,1.0,1.0,3.0,-1.0,True,87,2024-09-19T00:10:00-07:00,2024-09-19T06:00:00-07:00,5.833333333333333,PFMVEF_202409190710.txt,-1.0,1.0
2024-09-20,84.0,2024-09-20 12:56:00-07:00,31,0.875,0.0,True,18.0,75.0,46.0,0.5,0.0,9.0,77.0,44.0,0.25,4.0,7.0,78.0,40.0,0.25,5.0,6.0,82.0,40.0,0.25,4.0,2.0,82.0,43.0,0.5,0.0,2.0,84.0,42.0,0.5,7.0,0.0,83.0,41.0,0.875,4.0,1.0,82.0,45.0,0.875,8.0,2.0,84.0,41.0,0.875,12.0,0.0,83.0,40.0,0.875,4.0,1.0,83.0,40.0,0.875,7.0,1.0,2024-09-20 12:56:00-07:00,12.933333333333334,0.35,0.4,0.0,0.34797297297297297,116.0,0.0,296.0,0.3333333333333333,60.0,0.2972972972972973,56.0,0.34797297297297297,116.0,,2024-09-20T11:56:00-07:00,,60.0,0.0,0.0,0.0,False,False,,,True,True,True,True,0.0,,120.0,0.0,False,,0.0,0.0,0.0,,44.0,False,3.0,4.0,1.0,1.0,False,11,84.0,4:51 PM,,YESTERDAY,2024-09-21T01:21:00-07:00,CLILAS_202409210821.txt,True,9.0,7.0,6.0,2.0,2.0,0.0,1.0,2.0,0.0,1.0,1.0,0.0,True,86,2024-09-20T00:10:00-07:00,2024-09-20T06:00:00-07:00,5.833333333333333,PFMVEF_202409200710.txt,2.0,2.0
2024-09-21,90.0,2024-09-21 16:56:00-07:00,24,1.0,0.0,False,,71.0,47.0,0.25,5.0,19.0,73.0,47.0,0.25,4.0,17.0,76.0,44.0,0.25,0.0,14.0,80.0,43.0,0.25,4.0,10.0,82.0,43.0,0.25,0.0,8.0,84.0,41.0,0.25,0.0,6.0,87.0,40.0,0.25,5.0,3.0,88.0,39.0,0.25,4.0,2.0,89.0,38.0,0.25,6.0,1.0,90.0,38.0,0.25,3.0,0.0,89.0,39.0,0.25,6.0,1.0,2024-09-21 16:56:00-07:00,16.933333333333334,0.25,0.0,0.0,0.25,0.0,0.0,536.0,0.25,0.0,0.25,0.0,0.25,0.0,,,,,0.0,0.0,0.0,False,False,,,False,False,False,False,0.0,,170.0,0.0,False,,0.0,0.0,0.0,,47.0,False,5.0,6.0,5.0,2.0,False,2,91.0,3:24 PM,,YESTERDAY,2024-09-22T01:27:00-07:00,CLILAS_202409220827.txt,True,20.0,18.0,15.0,11.0,9.0,7.0,4.0,3.0,2.0,1.0,2.0,-1.0,True,91,2024-09-21T00:05:00-07:00,2024-09-21T06:00:00-07:00,5.916666666666667,PFMVEF_202409210705.txt,0.0,0.0
2024-09-22,94.0,2024-09-22 16:56:00-07:00,24,0.25,0.0,False,,74.0,42.0,0.25,5.0,20.0,78.0,44.0,0.25,0.0,16.0,81.0,44.0,0.25,0.0,13.0,82.0,44.0,0.25,4.0,12.0,85.0,42.0,0.25,4.0,9.0,86.0,42.0,0.25,0.0,8.0,89.0,41.0,0.25,0.0,5.0,90.0,39.0,0.25,0.0,4.0,93.0,38.0,0.25,3.0,1.0,94.0,37.0,0.25,5.0,0.0,92.0,37.0,0.25,0.0,2.0,2024-09-22 16:56:00-07:00,16.933333333333334,0.25,0.0,0.0,0.25,0.0,0.0,536.0,0.25,0.0,0.22388059701492538,0.0,0.22388059701492538,0.0,,,,,0.0,0.0,0.0,False,False,,,False,False,False,False,0.0,,10.0,0.0,False,,0.0,0.0,0.0,,44.0,False,7.0,4.0,4.0,4.0,False,2,94.0,3:58 PM,,YESTERDAY,2024-09-23T01:28:00-07:00,CLILAS_202409230828.txt,True,20.0,16.0,13.0,12.0,9.0,8.0,5.0,4.0,1.0,0.0,2.0,0.0,True,94,2024-09-22T00:30:00-07:00,2024-09-22T06:00:00-07:00,5.5,PFMVEF_202409220730.txt,0.0,0.0
2024-09-23,96.0,2024-09-23 14:56:00-07:00,25,0.25,0.0,False,,77.0,36.0,0.0,4.0,19.0,82.0,35.0,0.0,4.0,14.0,86.0,36.0,0.0,4.0,10.0,88.0,35.0,0.25,0.0,8.0,90.0,35.0,0.25,4.0,6.0,92.0,35.0,0.25,3.0,4.0,94.0,35.0,0.25,0.0,2.0,96.0,30.0,0.25,3.0,0.0,95.0,32.0,0.25,5.0,1.0,96.0,32.0,0.25,8.0,0.0,95.0,31.0,0.25,6.0,1.0,2024-09-23 14:56:00-07:00,14.933333333333334,0.17857142857142858,0.0,0.0,0.14002403846153846,0.0,0.0,416.0,0.25,0.0,0.10817307692307693,0.0,0.10817307692307693,0.0,,,,,0.0,0.0,0.0,False,False,,,False,False,False,False,0.0,,0.0,0.0,False,,0.0,0.0,0.0,,36.0,False,9.0,4.0,4.0,1.0,False,5,97.0,3:20 PM,,YESTERDAY,2024-09-24T01:24:00-07:00,CLILAS_202409240824.txt,True,20.0,15.0,11.0,9.0,7.0,5.0,3.0,1.0,2.0,1.0,2.0,-1.0,True,97,2024-09-23T01:25:00-07:00,2024-09-23T06:00:00-07:00,4.583333333333333,PFMVEF_202409230825.txt,0.0,0.0
2024-09-24,98.0,2024-09-24 16:56:00-07:00,24,0.0,0.0,False,,78.0,31.0,0.0,0.0,20.0,82.0,30.0,0.0,0.0,16.0,85.0,29.0,0.0,0.0,13.0,88.0,29.0,0.0,0.0,10.0,91.0,28.0,0.0,4.0,7.0,93.0,27.0,0.0,4.0,5.0,96.0,27.0,0.0,4.0,2.0,97.0,27.0,0.0,3.0,1.0,97.0,27.0,0.0,4.0,1.0,98.0,27.0,0.0,5.0,0.0,96.0,26.0,0.0,0.0,2.0,2024-09-24 16:56:00-07:00,16.933333333333334,0.0,0.0,0.0,0.0,0.0,0.0,536.0,0.0,0.0,0.0,0.0,0.0,0.0,,,,,0.0,0.0,0.0,False,False,,,False,False,False,False,0.0,,90.0,0.0,False,,0.0,0.0,0.0,,30.0,False,7.0,6.0,5.0,1.0,False,2,98.0,3:58 PM,,YESTERDAY,2024-09-25T01:24:00-07:00,CLILAS_202409250824.txt,True,20.0,16.0,13.0,10.0,7.0,5.0,2.0,1.0,1.0,0.0,2.0,0.0,True,99,2024-09-24T00:15:00-07:00,2024-09-24T06:00:00-07:00,5.75,PFMVEF_202409240715.txt,1.0,1.0
2024-09-25,100.0,2024-09-25 15:56:00-07:00,24,0.0,0.0,False,,77.0,31.0,0.0,3.0,23.0,82.0,28.0,0.0,0.0,18.0,88.0,25.0,0.0,4.0,12.0,90.0,25.0,0.0,7.0,10.0,91.0,26.0,0.0,3.0,9.0,94.0,26.0,0.0,3.0,6.0,96.0,26.0,0.0,4.0,4.0,98.0,26.0,0.0,4.0,2.0,100.0,26.0,0.0,10.0,0.0,99.0,26.0,0.0,11.0,1.0,98.0,26.0,0.0,6.0,2.0,2024-09-25 15:56:00-07:00,15.933333333333334,0.0,0.0,0.0,0.0,0.0,0.0,476.0,0.0,0.0,0.0,0.0,0.0,0.0,,,,,0.0,0.0,0.0,False,False,,,False,False,False,False,0.0,,20.0,0.0,False,,0.0,0.0,0.0,,28.0,False,11.0,3.0,5.0,4.0,False,3,100.0,4:08 PM,,YESTERDAY,2024-09-26T01:22:00-07:00,CLILAS_202409260822.txt,True,23.0,18.0,12.0,10.0,9.0,6.0,4.0,2.0,0.0,1.0,2.0,0.0,True,100,2024-09-25T02:25:00-07:00,2024-09-25T06:00:00-07:00,3.583333333333333,PFMVEF_202409250925.txt,0.0,0.0
2024-09-26,100.0,2024-09-26 15:56:00-07:00,24,0.0,0.0,False,,80.0,33.0,0.0,3.0,20.0,83.0,31.0,0.0,0.0,17.0,86.0,30.0,0.0,3.0,14.0,90.0,29.0,0.0,4.0,10.0,94.0,28.0,0.0,7.0,6.0,95.0,28.0,0.0,0.0,5.0,98.0,28.0,0.0,5.0,2.0,99.0,28.0,0.0,6.0,1.0,100.0,27.0,0.0,6.0,0.0,100.0,28.0,0.0,6.0,0.0,99.0,28.0,0.0,6.0,1.0,2024-09-26 15:56:00-07:00,15.933333333333334,0.0,0.0,0.0,0.0,0.0,0.0,476.0,0.0,0.0,0.0,0.0,0.0,0.0,,,,,0.0,0.0,0.0,False,False,,,False,False,False,False,0.0,,50.0,0.0,False,,0.0,0.0,0.0,,31.0,False,6.0,8.0,4.0,2.0,False,3,101.0,2:31 PM,,YESTERDAY,2024-09-27T01:34:00-07:00,CLILAS_202409270834.txt,True,21.0,18.0,15.0,11.0,7.0,6.0,3.0,2.0,1.0,1.0,2.0,-1.0,True,100,2024-09-26T00:25:00-07:00,2024-09-26T06:00:00-07:00,5.583333333333333,PFMVEF_202409260725.txt,-1.0,1.0
2024-09-27,102.0,2024-09-27 15:56:00-07:00,25,0.0,0.0,False,,81.0,29.0,0.0,0.0,21.0,83.0,30.0,0.0,0.0,19.0,88.0,29.0,0.0,0.0,14.0,92.0,27.0,0.0,0.0,10.0,96.0,27.0,0.0,3.0,6.0,99.0,26.0,0.0,6.0,3.0,100.0,27.0,0.0,4.0,2.0,101.0,28.0,0.0,4.0,1.0,102.0,27.0,0.0,5.0,0.0,102.0,26.0,0.0,0.0,0.0,101.0,24.0,0.0,4.0,1.0,2024-09-27 15:56:00-07:00,15.933333333333334,0.0,0.0,0.0,0.0,0.0,0.0,476.0,0.0,0.0,0.0,0.0,0.0,0.0,,,,,0.0,0.0,0.0,False,False,,,False,False,False,False,0.0,,130.0,0.0,False,,0.0,0.0,0.0,,30.0,False,7.0,8.0,4.0,2.0,False,3,103.0,2:35 PM,,YESTERDAY,2024-09-28T01:23:00-07:00,CLILAS_202409280823.txt,True,22.0,20.0,15.0,11.0,7.0,4.0,3.0,2.0,1.0,1.0,2.0,-1.0,True,102,2024-09-27T04:50:00-07:00,2024-09-27T06:00:00-07:00,1.1666666666666667,PFMVEF_202409271150.txt,-1.0,1.0
2024-09-28,104.0,2024-09-28 15:56:00-07:00,24,0.25,0.0,False,,80.0,30.0,0.0,0.0,24.0,88.0,30.0,0.0,0.0,16.0,91.0,28.0,0.0,0.0,13.0,94.0,29.0,0.0,4.0,10.0,97.0,29.0,0.0,4.0,7.0,98.0,30.0,0.0,0.0,6.0,100.0,30.0,0.25,3.0,4.0,101.0,31.0,0.25,3.0,3.0,104.0,32.0,0.25,4.0,0.0,103.0,34.0,0.25,3.0,1.0,103.0,33.0,0.25,3.0,1.0,2024-09-28 15:56:00-07:00,15.933333333333334,0.09375,0.0,0.0,0.06302521008403361,0.0,0.0,476.0,0.16666666666666666,0.0,0.0,0.0,0.06302521008403361,0.0,,,,,0.0,0.0,0.0,False,False,,,False,False,False,False,0.0,,0.0,0.0,False,,0.0,0.0,0.0,,32.0,False,11.0,6.0,3.0,4.0,False,3,104.0,4:44 PM,R,YESTERDAY,2024-09-29T01:24:00-07:00,CLILAS_202409290824.txt,True,24.0,16.0,13.0,10.0,7.0,6.0,4.0,3.0,0.0,1.0,1.0,0.0,True,104,2024-09-28T00:40:00-07:00,2024-09-28T06:00:00-07:00,5.333333333333333,PFMVEF_202409280740.txt,0.0,0.0
2024-09-29,103.0,2024-09-29 16:56:00-07:00,24,0.875,0.0,False,22.0,83.0,26.0,0.5,3.0,20.0,87.0,26.0,0.5,0.0,16.0,89.0,32.0,0.5,3.0,14.0,93.0,31.0,0.5,3.0,10.0,95.0,30.0,0.25,5.0,8.0,98.0,31.0,0.25,4.0,5.0,102.0,31.0,0.25,8.0,1.0,101.0,31.0,0.25,5.0,2.0,101.0,31.0,0.25,0.0,2.0,103.0,29.0,0.25,13.0,0.0,100.0,29.0,0.25,8.0,3.0,2024-09-29 16:56:00-07:00,16.933333333333334,0.3333333333333333,0.3333333333333333,0.0,0.36007462686567165,236.0,0.0,536.0,0.25,0.0,0.055970149253731345,0.0,0.36007462686567165,236.0,,2024-09-29T08:56:00-07:00,,480.0,0.0,0.0,0.0,False,False,,,False,False,False,False,1.0,2024-09-29T14:56:00-07:00,130.0,22.0,False,,0.0,0.0,0.0,,32.0,False,6.0,6.0,7.0,-1.0,False,2,104.0,3:23 PM,R,YESTERDAY,2024-09-30T01:26:00-07:00,CLILAS_202409300826.txt,True,21.0,17.0,15.0,11.0,9.0,6.0,2.0,3.0,3.0,1.0,4.0,-1.0,True,103,2024-09-29T05:55:00-07:00,2024-09-29T06:00:00-07:00,0.0833333333333333,PFMVEF_202409291255.txt,-1.0,1.0
2024-09-30,102.0,2024-09-30 14:56:00-07:00,24,0.25,0.0,False,,81.0,28.0,0.25,3.0,21.0,86.0,28.0,0.0,3.0,16.0,89.0,25.0,0.0,0.0,13.0,92.0,21.0,0.25,6.0,10.0,96.0,23.0,0.25,4.0,6.0,98.0,23.0,0.25,4.0,4.0,100.0,25.0,0.25,4.0,2.0,102.0,27.0,0.25,3.0,0.0,102.0,29.0,0.25,0.0,0.0,102.0,30.0,0.25,3.0,0.0,101.0,29.0,0.25,3.0,1.0,2024-09-30 14:56:00-07:00,14.933333333333334,0.17857142857142858,0.0,0.0,0.1778846153846154,0.0,0.0,416.0,0.25,0.0,0.0,0.0,0.1778846153846154,0.0,,,,,0.0,0.0,0.0,False,False,,,False,False,False,False,0.0,,90.0,0.0,False,,0.0,0.0,0.0,,28.0,False,8.0,7.0,4.0,2.0,False,4,102.0,4:05 PM,R,YESTERDAY,2024-10-01T01:23:00-07:00,CLILAS_202410010823.txt,True,21.0,16.0,13.0,10.0,6.0,4.0,2.0,0.0,0.0,0.0,1.0,0.0,True,102,2024-09-30T00:55:00-07:00,2024-09-30T06:00:00-07:00,5.083333333333333,PFMVEF_202409300755.txt,0.0,0.0
2025-06-01,98.0,2025-06-01 13:56:00-07:00,25,1.0,0.0,False,29.0,89.0,40.0,0.875,12.0,9.0,90.0,39.0,0.875,8.0,8.0,91.0,39.0,0.875,15.0,7.0,94.0,40.0,0.875,13.0,4.0,95.0,39.0,0.875,10.0,3.0,97.0,39.0,0.875,11.0,1.0,98.0,39.0,0.875,11.0,0.0,97.0,42.0,0.875,16.0,1.0,95.0,43.0,0.875,14.0,3.0,92.0,43.0,1.0,13.0,6.0,91.0,44.0,1.0,12.0,7.0,2025-06-01 13:56:00-07:00,13.933333333333334,0.875,1.0,1.0,0.875,356.0,356.0,356.0,0.875,180.0,0.08426966292134831,0.0,0.875,356.0,18000.0,2025-06-01T08:56:00-07:00,2025-06-01T08:56:00-07:00,300.0,0.0,0.0,0.0,False,False,,,False,False,False,False,0.0,,30.0,26.0,False,,0.0,0.0,0.0,,40.0,False,2.0,4.0,3.0,-3.0,False,5,99.0,12:54 PM,,YESTERDAY,2025-06-02T01:21:00-07:00,CLILAS_202506020821.txt,True,10.0,9.0,8.0,5.0,4.0,2.0,1.0,2.0,4.0,7.0,8.0,-1.0,True,97,2025-06-01T00:55:00-07:00,2025-06-01T06:00:00-07:00,5.083333333333333,PFMVEF_202506010755.txt,-2.0,2.0
2025-06-02,93.0,2025-06-02 17:56:00-07:00,30,1.0,0.0,False,47.0,73.0,60.0,0.875,3.0,20.0,75.0,61.0,0.875,5.0,18.0,77.0,58.0,0.875,3.0,16.0,79.0,58.0,0.875,6.0,14.0,82.0,58.0,0.875,8.0,11.0,85.0,58.0,0.875,8.0,8.0,88.0,57.0,0.875,11.0,5.0,90.0,55.0,0.5,7.0,3.0,91.0,54.0,0.5,3.0,2.0,92.0,53.0,0.5,4.0,1.0,93.0,53.0,0.5,9.0,0.0,2025-06-02 17:56:00-07:00,17.933333333333334,0.7410714285714286,1.0,0.6428571428571429,0.761744966442953,596.0,416.0,596.0,0.5,180.0,0.39681208053691275,176.0,0.761744966442953,596.0,11000.0,2025-06-02T08:56:00-07:00,2025-06-02T08:56:00-07:00,540.0,0.0,0.0,0.0,False,False,,,False,False,True,True,1.0,2025-06-02T14:16:00-07:00,60.0,16.0,False,,0.0,0.0,0.0,,61.0,True,4.0,5.0,6.0,3.0,False,1,93.0,5:41 PM,,YESTERDAY,2025-06-03T01:21:00-07:00,CLILAS_202506030821.txt,True,20.0,18.0,16.0,14.0,11.0,8.0,5.0,3.0,2.0,1.0,0.0,0.0,True,94,2025-06-02T01:30:00-07:00,2025-06-02T06:00:00-07:00,4.5,PFMVEF_202506020830.txt,1.0,1.0
2025-06-03,93.0,2025-06-03 13:56:00-07:00,29,1.0,0.0,True,36.0,77.0,55.0,0.25,3.0,16.0,79.0,55.0,0.25,0.0,14.0,83.0,55.0,0.25,5.0,10.0,85.0,54.0,0.25,4.0,8.0,89.0,53.0,0.5,4.0,4.0,91.0,52.0,0.5,6.0,2.0,93.0,51.0,0.875,3.0,0.0,85.0,53.0,0.875,11.0,8.0,87.0,41.0,0.875,9.0,6.0,87.0,46.0,0.875,17.0,6.0,80.0,53.0,1.0,15.0,13.0,2025-06-03 13:56:00-07:00,13.933333333333334,0.4375,0.5,0.16666666666666666,0.3342696629213483,120.0,0.0,356.0,0.4166666666666667,120.0,0.08426966292134831,0.0,0.25,0.0,23000.0,2025-06-03T11:56:00-07:00,2025-06-03T13:56:00-07:00,120.0,0.0,0.0,0.0,False,False,,,False,True,True,True,0.0,,10.0,0.0,False,,0.0,0.0,0.0,,55.0,True,6.0,6.0,4.0,-6.0,False,8,95.0,12:44 PM,,YESTERDAY,2025-06-04T01:24:00-07:00,CLILAS_202506040824.txt,True,18.0,16.0,12.0,10.0,6.0,4.0,2.0,10.0,8.0,8.0,15.0,-2.0,True,95,2025-06-03T00:20:00-07:00,2025-06-03T06:00:00-07:00,5.666666666666667,PFMVEF_202506030720.txt,0.0,0.0
2025-06-04,93.0,2025-06-04 16:56:00-07:00,24,0.875,0.0,False,22.0,77.0,50.0,0.25,4.0,16.0,79.0,50.0,0.25,3.0,14.0,81.0,50.0,0.25,0.0,12.0,85.0,48.0,0.25,3.0,8.0,86.0,47.0,0.25,6.0,7.0,89.0,47.0,0.25,6.0,4.0,90.0,46.0,0.25,3.0,3.0,92.0,45.0,0.25,0.0,1.0,92.0,43.0,0.25,3.0,1.0,93.0,42.0,0.5,7.0,0.0,93.0,40.0,0.5,9.0,0.0,2025-06-04 16:56:00-07:00,16.933333333333334,0.2777777777777778,0.1111111111111111,0.0,0.25,0.0,0.0,536.0,0.25,0.0,0.25,0.0,0.25,0.0,,2025-06-04T16:56:00-07:00,,0.0,0.0,0.0,0.0,False,False,,,False,False,True,True,0.0,,170.0,0.0,False,,0.0,0.0,0.0,,50.0,True,4.0,5.0,4.0,2.0,False,2,94.0,4:43 PM,,YESTERDAY,2025-06-05T01:37:00-07:00,CLILAS_202506050837.txt,True,17.0,15.0,13.0,9.0,8.0,5.0,4.0,2.0,2.0,1.0,1.0,-1.0,True,93,2025-06-04T04:50:00-07:00,2025-06-04T06:00:00-07:00,1.1666666666666667,PFMVEF_202506041150.txt,-1.0,1.0
2025-06-05,92.0,2025-06-05 16:56:00-07:00,29,1.0,0.0,True,28.0,80.0,50.0,0.25,5.0,12.0,82.0,50.0,0.25,5.0,10.0,85.0,50.0,0.5,3.0,7.0,88.0,50.0,0.5,4.0,4.0,87.0,48.0,0.5,0.0,5.0,90.0,50.0,0.5,6.0,2.0,88.0,51.0,0.875,12.0,4.0,87.0,47.0,0.875,5.0,5.0,91.0,40.0,0.875,3.0,1.0,92.0,40.0,0.875,10.0,0.0,87.0,51.0,0.875,14.0,5.0,2025-06-05 16:56:00-07:00,16.933333333333334,0.6818181818181818,0.9090909090909091,0.5454545454545454,0.5816231343283582,420.0,194.0,536.0,0.875,180.0,0.29244402985074625,151.0,0.41161380597014924,300.0,18000.0,2025-06-05T09:56:00-07:00,2025-06-05T13:42:00-07:00,420.0,0.0,0.0,0.0,False,False,,,True,False,True,True,2.0,2025-06-05T13:56:00-07:00,100.0,24.0,True,2025-06-05T13:56:00-07:00,2.0,24.0,100.0,180.0,51.0,True,5.0,2.0,1.0,3.0,False,4,93.0,3:43 PM,,YESTERDAY,2025-06-06T01:28:00-07:00,CLILAS_202506060828.txt,True,13.0,11.0,8.0,5.0,6.0,3.0,5.0,6.0,2.0,1.0,6.0,-1.0,True,93,2025-06-05T00:20:00-07:00,2025-06-05T06:00:00-07:00,5.666666666666667,PFMVEF_202506050720.txt,0.0,0.0
2025-06-06,95.0,2025-06-06 14:56:00-07:00,24,0.875,0.0,False,16.0,78.0,50.0,0.25,8.0,17.0,79.0,50.0,0.25,5.0,16.0,80.0,50.0,0.25,0.0,15.0,84.0,49.0,0.25,4.0,11.0,87.0,48.0,0.25,5.0,8.0,89.0,47.0,0.25,4.0,6.0,91.0,47.0,0.25,3.0,4.0,95.0,45.0,0.25,5.0,0.0,94.0,46.0,0.5,8.0,1.0,95.0,47.0,0.5,7.0,0.0,94.0,40.0,0.5,4.0,1.0,2025-06-06 14:56:00-07:00,14.933333333333334,0.25,0.0,0.0,0.25,0.0,0.0,416.0,0.25,0.0,0.21634615384615385,0.0,0.25,0.0,,,,,0.0,0.0,0.0,False,False,,,False,False,True,False,0.0,,170.0,0.0,False,,0.0,0.0,0.0,,50.0,True,2.0,7.0,4.0,3.0,False,4,96.0,4:07 PM,,YESTERDAY,2025-06-07T01:23:00-07:00,CLILAS_202506070823.txt,True,18.0,17.0,16.0,12.0,9.0,7.0,5.0,1.0,2.0,1.0,2.0,-1.0,True,95,2025-06-06T00:45:00-07:00,2025-06-06T06:00:00-07:00,5.25,PFMVEF_202506060745.txt,-1.0,1.0
2025-06-07,100.0,2025-06-07 14:56:00-07:00,24,0.25,0.0,False,,84.0,49.0,0.0,0.0,16.0,87.0,47.0,0.0,3.0,13.0,90.0,46.0,0.25,0.0,10.0,91.0,45.0,0.25,0.0,9.0,94.0,43.0,0.25,5.0,6.0,98.0,39.0,0.25,8.0,2.0,99.0,38.0,0.25,3.0,1.0,100.0,37.0,0.25,5.0,0.0,100.0,34.0,0.25,0.0,0.0,100.0,31.0,0.25,4.0,0.0,100.0,32.0,0.25,6.0,0.0,2025-06-07 14:56:00-07:00,14.933333333333334,0.21428571428571427,0.0,0.0,0.18028846153846154,0.0,0.0,416.0,0.25,0.0,0.18028846153846154,0.0,0.18028846153846154,0.0,,,,,0.0,0.0,0.0,False,False,,,False,False,False,False,0.0,,120.0,0.0,False,,0.0,0.0,0.0,,47.0,False,6.0,4.0,5.0,1.0,False,4,101.0,4:41 PM,,YESTERDAY,2025-06-08T01:29:00-07:00,CLILAS_202506080829.txt,True,17.0,14.0,11.0,10.0,7.0,3.0,2.0,1.0,1.0,1.0,1.0,-1.0,True,101,2025-06-07T04:00:00-07:00,2025-06-07T06:00:00-07:00,2.0,PFMVEF_202506071100.txt,0.0,0.0
2025-06-08,105.0,2025-06-08 16:56:00-07:00,24,0.5,0.0,False,,87.0,32.0,0.0,0.0,18.0,90.0,33.0,0.25,0.0,15.0,93.0,36.0,0.25,0.0,12.0,94.0,35.0,0.25,0.0,11.0,97.0,35.0,0.25,3.0,8.0,100.0,33.0,0.25,0.0,5.0,101.0,29.0,0.25,4.0,4.0,103.0,25.0,0.25,4.0,2.0,104.0,23.0,0.25,3.0,1.0,105.0,21.0,0.25,7.0,0.0,104.0,21.0,0.25,0.0,1.0,2025-06-08 16:56:00-07:00,16.933333333333334,0.25,0.0,0.0,0.22388059701492538,0.0,0.0,536.0,0.25,0.0,0.22388059701492538,0.0,0.22388059701492538,0.0,,,,,0.0,0.0,0.0,False,False,,,False,False,False,False,0.0,,160.0,0.0,False,,0.0,0.0,0.0,,36.0,False,6.0,4.0,4.0,3.0,False,2,105.0,3:56 PM,,YESTERDAY,2025-06-09T01:47:00-07:00,CLILAS_202506090847.txt,True,18.0,15.0,12.0,11.0,8.0,5.0,4.0,2.0,1.0,0.0,1.0,0.0,True,103,2025-06-08T00:40:00-07:00,2025-06-08T06:00:00-07:00,5.333333333333333,PFMVEF_202506080740.txt,-2.0,2.0
2025-06-09,107.0,2025-06-09 15:23:00-07:00,28,0.875,0.0,False,19.0,89.0,31.0,0.25,0.0,18.0,93.0,35.0,0.25,0.0,14.0,95.0,37.0,0.25,3.0,12.0,97.0,37.0,0.25,5.0,10.0,100.0,36.0,0.25,8.0,7.0,100.0,34.0,0.25,0.0,7.0,104.0,32.0,0.25,8.0,3.0,105.0,28.0,0.25,10.0,2.0,105.0,29.0,0.25,7.0,2.0,105.0,29.0,0.5,5.0,2.0,105.0,29.0,0.5,4.0,2.0,2025-06-09 15:23:00-07:00,15.383333333333333,0.25,0.0,0.0,0.25,0.0,0.0,443.0,0.25,0.0,0.21839729119638826,0.0,0.25,0.0,,,,,0.0,0.0,0.0,False,False,,,False,False,False,True,1.0,2025-06-09T12:56:00-07:00,50.0,0.0,False,,0.0,0.0,0.0,,37.0,False,6.0,5.0,4.0,1.0,False,5,107.0,2:24 PM,,YESTERDAY,2025-06-10T01:39:00-07:00,CLILAS_202506100839.txt,True,18.0,14.0,12.0,10.0,7.0,7.0,3.0,2.0,2.0,2.0,2.0,0.0,True,106,2025-06-09T00:40:00-07:00,2025-06-09T06:00:00-07:00,5.333333333333333,PFMVEF_202506090740.txt,-1.0,1.0
2025-06-10,108.0,2025-06-10 14:56:00-07:00,26,0.875,0.0,False,22.0,90.0,41.0,0.25,3.0,18.0,92.0,38.0,0.0,3.0,16.0,95.0,38.0,0.25,3.0,13.0,97.0,35.0,0.25,0.0,11.0,101.0,38.0,0.25,3.0,7.0,102.0,36.0,0.25,7.0,6.0,104.0,34.0,0.25,4.0,4.0,108.0,31.0,0.25,5.0,0.0,106.0,32.0,0.25,9.0,2.0,107.0,31.0,0.25,7.0,1.0,107.0,29.0,0.25,10.0,1.0,2025-06-10 14:56:00-07:00,14.933333333333334,0.2222222222222222,0.0,0.0,0.21394230769230768,0.0,0.0,416.0,0.25,0.0,0.0,0.0,0.21394230769230768,0.0,,,,,0.0,0.0,0.0,False,False,,,False,False,False,False,0.0,,60.0,0.0,False,,0.0,0.0,0.0,,38.0,False,5.0,6.0,3.0,2.0,False,4,108.0,4:53 PM,,YESTERDAY,2025-06-11T01:34:00-07:00,CLILAS_202506110834.txt,True,18.0,16.0,13.0,11.0,7.0,6.0,4.0,0.0,2.0,1.0,1.0,0.0,True,108,2025-06-10T04:10:00-07:00,2025-06-10T06:00:00-07:00,1.8333333333333333,PFMVEF_202506101110.txt,0.0,0.0
2025-06-11,106.0,2025-06-11 14:56:00-07:00,24,0.875,0.0,False,28.0,92.0,36.0,0.25,9.0,14.0,95.0,36.0,0.25,11.0,11.0,98.0,35.0,0.0,10.0,8.0,100.0,33.0,0.0,12.0,6.0,101.0,33.0,0.0,7.0,5.0,103.0,34.0,0.0,11.0,3.0,105.0,33.0,0.0,7.0,1.0,106.0,33.0,0.0,15.0,0.0,106.0,31.0,0.0,13.0,0.0,105.0,30.0,0.25,12.0,1.0,104.0,29.0,0.25,16.0,2.0,2025-06-11 14:56:00-07:00,14.933333333333334,0.03571428571428571,0.0,0.0,0.06971153846153846,0.0,0.0,416.0,0.0,0.0,0.0,0.0,0.0,0.0,,,,,0.0,0.0,0.0,False,False,,,False,False,False,False,0.0,,30.0,27.0,False,,0.0,0.0,0.0,,36.0,False,6.0,3.0,4.0,1.0,False,4,106.0,3:06 PM,,YESTERDAY,2025-06-12T01:27:00-07:00,CLILAS_202506120827.txt,True,14.0,11.0,8.0,6.0,5.0,3.0,1.0,0.0,0.0,1.0,2.0,0.0,True,106,2025-06-11T00:10:00-07:00,2025-06-11T06:00:00-07:00,5.833333333333333,PFMVEF_202506110710.txt,0.0,0.0
2025-06-12,104.0,2025-06-12 14:56:00-07:00,24,0.25,0.0,False,27.0,89.0,29.0,0.25,10.0,15.0,91.0,30.0,0.25,10.0,13.0,92.0,31.0,0.25,14.0,12.0,97.0,32.0,0.25,10.0,7.0,99.0,33.0,0.25,7.0,5.0,101.0,29.0,0.25,10.0,3.0,103.0,28.0,0.25,12.0,1.0,104.0,28.0,0.25,11.0,0.0,104.0,23.0,0.25,12.0,0.0,103.0,22.0,0.25,15.0,1.0,103.0,21.0,0.25,16.0,1.0,2025-06-12 14:56:00-07:00,14.933333333333334,0.25,0.0,0.0,0.25,0.0,0.0,416.0,0.25,0.0,0.0,0.0,0.0,0.0,,,,,0.0,0.0,0.0,False,False,,,False,False,False,False,0.0,,70.0,22.0,False,,0.0,0.0,0.0,,33.0,False,3.0,7.0,4.0,1.0,False,4,105.0,3:23 PM,,YESTERDAY,2025-06-13T01:35:00-07:00,CLILAS_202506130835.txt,True,16.0,14.0,13.0,8.0,6.0,4.0,2.0,1.0,1.0,2.0,2.0,-1.0,True,103,2025-06-12T01:10:00-07:00,2025-06-12T06:00:00-07:00,4.833333333333333,PFMVEF_202506120810.txt,-2.0,2.0
2025-06-13,103.0,2025-06-13 15:56:00-07:00,25,0.875,0.0,False,26.0,84.0,20.0,0.25,9.0,19.0,89.0,18.0,0.25,9.0,14.0,91.0,20.0,0.25,0.0,12.0,94.0,21.0,0.25,12.0,9.0,97.0,20.0,0.25,12.0,6.0,98.0,19.0,0.25,11.0,5.0,101.0,16.0,0.25,7.0,2.0,102.0,13.0,0.25,13.0,1.0,103.0,12.0,0.25,14.0,0.0,102.0,11.0,0.25,15.0,1.0,102.0,15.0,0.25,12.0,1.0,2025-06-13 15:56:00-07:00,15.933333333333334,0.25,0.0,0.0,0.25,0.0,0.0,476.0,0.25,0.0,0.0,0.0,0.0,0.0,,,,,0.0,0.0,0.0,False,False,,,False,False,False,False,0.0,,40.0,25.0,False,,0.0,0.0,0.0,,21.0,False,7.0,6.0,4.0,2.0,False,3,104.0,3:34 PM,,YESTERDAY,2025-06-14T01:32:00-07:00,CLILAS_202506140832.txt,True,20.0,15.0,13.0,10.0,7.0,6.0,3.0,2.0,1.0,2.0,2.0,-1.0,True,103,2025-06-13T02:15:00-07:00,2025-06-13T06:00:00-07:00,3.75,PFMVEF_202506130915.txt,-1.0,1.0
2025-06-14,105.0,2025-06-14 14:56:00-07:00,24,0.5,0.0,False,23.0,88.0,27.0,0.25,6.0,17.0,92.0,25.0,0.25,7.0,13.0,95.0,21.0,0.25,13.0,10.0,98.0,20.0,0.25,11.0,7.0,100.0,16.0,0.25,10.0,5.0,102.0,12.0,0.25,13.0,3.0,102.0,15.0,0.25,7.0,3.0,105.0,14.0,0.25,8.0,0.0,105.0,12.0,0.25,9.0,0.0,105.0,7.0,0.5,11.0,0.0,103.0,6.0,0.5,12.0,2.0,2025-06-14 14:56:00-07:00,14.933333333333334,0.25,0.0,0.0,0.25,0.0,0.0,416.0,0.25,0.0,0.0,0.0,0.18028846153846154,0.0,,,,,0.0,0.0,0.0,False,False,,,False,False,False,False,0.0,,50.0,21.0,False,,0.0,0.0,0.0,,25.0,False,7.0,5.0,2.0,3.0,False,4,106.0,3:34 PM,,YESTERDAY,2025-06-15T01:27:00-07:00,CLILAS_202506150827.txt,True,18.0,14.0,11.0,8.0,6.0,4.0,4.0,1.0,1.0,1.0,3.0,-1.0,True,106,2025-06-14T02:55:00-07:00,2025-06-14T06:00:00-07:00,3.083333333333333,PFMVEF_202506140955.txt,0.0,0.0
2025-06-15,109.0,2025-06-15 15:56:00-07:00,24,0.5,0.0,False,27.0,92.0,22.0,0.5,10.0,17.0,95.0,22.0,0.5,8.0,14.0,98.0,22.0,0.25,12.0,11.0,102.0,20.0,0.25,9.0,7.0,105.0,15.0,0.25,10.0,4.0,106.0,13.0,0.5,9.0,3.0,106.0,7.0,0.5,11.0,3.0,108.0,3.0,0.5,15.0,1.0,109.0,4.0,0.25,11.0,0.0,109.0,3.0,0.25,7.0,0.0,108.0,3.0,0.25,10.0,1.0,2025-06-15 15:56:00-07:00,15.933333333333334,0.375,0.5,0.0,0.4054621848739496,296.0,0.0,476.0,0.5,180.0,0.0,0.0,0.25,0.0,,2025-06-15T08:56:00-07:00,,420.0,0.0,0.0,0.0,False,False,,,False,False,False,False,0.0,,20.0,22.0,False,,0.0,0.0,0.0,,22.0,False,6.0,7.0,1.0,3.0,False,3,110.0,4:07 PM,,YESTERDAY,2025-06-16T01:33:00-07:00,CLILAS_202506160833.txt,True,18.0,15.0,12.0,8.0,5.0,4.0,4.0,2.0,1.0,1.0,2.0,-1.0,True,108,2025-06-15T00:15:00-07:00,2025-06-15T06:00:00-07:00,5.75,PFMVEF_202506150715.txt,-2.0,2.0
2025-06-16,108.0,2025-06-16 13:56:00-07:00,24,0.25,0.0,False,30.0,93.0,17.0,0.25,13.0,15.0,96.0,17.0,0.25,6.0,12.0,101.0,12.0,0.0,10.0,7.0,105.0,-1.0,0.0,16.0,3.0,106.0,7.0,0.0,12.0,2.0,107.0,2.0,0.0,17.0,1.0,108.0,2.0,0.0,17.0,0.0,107.0,1.0,0.25,18.0,1.0,107.0,7.0,0.25,17.0,1.0,107.0,11.0,0.25,15.0,1.0,106.0,9.0,0.0,13.0,2.0,2025-06-16 13:56:00-07:00,13.933333333333334,0.041666666666666664,0.0,0.0,0.08146067415730338,0.0,0.0,356.0,0.0,0.0,0.0,0.0,0.08146067415730338,0.0,,,,,0.0,0.0,0.0,False,False,,,False,False,False,False,0.0,,30.0,29.0,False,,0.0,0.0,0.0,,17.0,False,8.0,5.0,2.0,-1.0,False,5,108.0,4:13 PM,,YESTERDAY,2025-06-17T01:42:00-07:00,CLILAS_202506170842.txt,True,15.0,12.0,7.0,3.0,2.0,1.0,0.0,1.0,1.0,1.0,2.0,0.0,True,108,2025-06-16T00:50:00-07:00,2025-06-16T06:00:00-07:00,5.166666666666667,PFMVEF_202506160750.txt,0.0,0.0
2025-06-17,104.0,2025-06-17 15:56:00-07:00,24,0.0,0.0,False,23.0,88.0,24.0,0.0,6.0,16.0,92.0,21.0,0.0,4.0,12.0,94.0,19.0,0.0,0.0,10.0,97.0,18.0,0.0,5.0,7.0,100.0,18.0,0.0,4.0,4.0,102.0,14.0,0.0,7.0,2.0,102.0,15.0,0.0,7.0,2.0,103.0,15.0,0.0,6.0,1.0,104.0,16.0,0.0,7.0,0.0,104.0,18.0,0.0,6.0,0.0,104.0,18.0,0.0,4.0,0.0,2025-06-17 15:56:00-07:00,15.933333333333334,0.0,0.0,0.0,0.0,0.0,0.0,476.0,0.0,0.0,0.0,0.0,0.0,0.0,,,,,0.0,0.0,0.0,False,False,,,False,False,False,False,0.0,,90.0,17.0,False,,0.0,0.0,0.0,,21.0,False,6.0,6.0,2.0,2.0,False,3,105.0,3:44 PM,,YESTERDAY,2025-06-18T01:28:00-07:00,CLILAS_202506180828.txt,True,17.0,13.0,11.0,8.0,5.0,3.0,3.0,2.0,1.0,1.0,1.0,-1.0,True,106,2025-06-17T01:40:00-07:00,2025-06-17T06:00:00-07:00,4.333333333333333,PFMVEF_202506170840.txt,1.0,1.0
2025-06-18,108.0,2025-06-18 15:56:00-07:00,24,0.5,0.0,False,16.0,89.0,23.0,0.0,3.0,19.0,93.0,18.0,0.0,8.0,15.0,95.0,19.0,0.0,5.0,13.0,98.0,19.0,0.0,3.0,10.0,100.0,19.0,0.0,0.0,8.0,103.0,19.0,0.0,3.0,5.0,106.0,19.0,0.0,7.0,2.0,106.0,18.0,0.0,0.0,2.0,108.0,19.0,0.0,5.0,0.0,108.0,19.0,0.0,3.0,0.0,108.0,18.0,0.0,6.0,0.0,2025-06-18 15:56:00-07:00,15.933333333333334,0.0,0.0,0.0,0.0,0.0,0.0,476.0,0.0,0.0,0.0,0.0,0.0,0.0,,,,,0.0,0.0,0.0,False,False,,,False,False,False,False,0.0,,110.0,0.0,False,,0.0,0.0,0.0,,19.0,False,6.0,5.0,6.0,2.0,False,3,109.0,4:31 PM,,YESTERDAY,2025-06-19T01:54:00-07:00,CLILAS_202506190854.txt,True,20.0,16.0,14.0,11.0,9.0,6.0,3.0,3.0,1.0,1.0,1.0,-1.0,True,110,2025-06-18T01:25:00-07:00,2025-06-18T06:00:00-07:00,4.583333333333333,PFMVEF_202506180825.txt,1.0,1.0
2025-06-19,107.0,2025-06-19 13:56:00-07:00,25,0.0,0.0,False,31.0,91.0,24.0,0.0,0.0,16.0,95.0,24.0,0.0,3.0,12.0,98.0,27.0,0.0,5.0,9.0,102.0,25.0,0.0,7.0,5.0,105.0,17.0,0.0,11.0,2.0,106.0,20.0,0.0,16.0,1.0,107.0,18.0,0.0,20.0,0.0,107.0,19.0,0.0,12.0,0.0,107.0,19.0,0.0,16.0,0.0,106.0,17.0,0.0,15.0,1.0,105.0,16.0,0.0,9.0,2.0,2025-06-19 13:56:00-07:00,13.933333333333334,0.0,0.0,0.0,0.0,0.0,0.0,356.0,0.0,0.0,0.0,0.0,0.0,0.0,,,,,0.0,0.0,0.0,False,False,,,False,False,False,False,0.0,,130.0,31.0,False,,0.0,0.0,0.0,,27.0,False,7.0,7.0,2.0,0.0,False,5,108.0,2:27 PM,,YESTERDAY,2025-06-20T01:52:00-07:00,CLILAS_202506200852.txt,True,17.0,13.0,10.0,6.0,3.0,2.0,1.0,1.0,1.0,2.0,3.0,-1.0,True,108,2025-06-19T02:25:00-07:00,2025-06-19T06:00:00-07:00,3.583333333333333,PFMVEF_202506190925.txt,0.0,0.0
2025-06-20,103.0,2025-06-20 15:56:00-07:00,24,0.25,0.0,False,31.0,86.0,29.0,0.25,8.0,17.0,89.0,30.0,0.0,9.0,14.0,93.0,29.0,0.0,6.0,10.0,94.0,28.0,0.0,8.0,9.0,97.0,27.0,0.0,8.0,6.0,99.0,27.0,0.0,12.0,4.0,101.0,23.0,0.0,12.0,2.0,102.0,20.0,0.0,16.0,1.0,103.0,16.0,0.0,17.0,0.0,102.0,12.0,0.0,14.0,1.0,101.0,14.0,0.0,15.0,2.0,2025-06-20 15:56:00-07:00,15.933333333333334,0.0,0.0,0.0,0.029411764705882353,0.0,0.0,476.0,0.0,0.0,0.0,0.0,0.029411764705882353,0.0,,,,,0.0,0.0,0.0,False,False,,,False,False,False,False,0.0,,50.0,26.0,False,,0.0,0.0,0.0,,30.0,False,7.0,4.0,4.0,2.0,False,3,103.0,3:13 PM,,YESTERDAY,2025-06-21T01:35:00-07:00,CLILAS_202506210835.txt,True,17.0,14.0,10.0,9.0,6.0,4.0,2.0,1.0,0.0,1.0,2.0,0.0,True,103,2025-06-20T02:25:00-07:00,2025-06-20T06:00:00-07:00,3.583333333333333,PFMVEF_202506200925.txt,0.0,0.0
2025-06-21,94.0,2025-06-21 14:56:00-07:00,24,0.0,0.0,False,39.0,80.0,27.0,0.0,14.0,14.0,83.0,28.0,0.0,14.0,11.0,85.0,29.0,0.0,16.0,9.0,88.0,28.0,0.0,18.0,6.0,90.0,28.0,0.0,13.0,4.0,91.0,30.0,0.0,22.0,3.0,92.0,25.0,0.0,26.0,2.0,94.0,28.0,0.0,24.0,0.0,93.0,29.0,0.0,19.0,1.0,94.0,29.0,0.0,14.0,0.0,92.0,28.0,0.0,15.0,2.0,2025-06-21 14:56:00-07:00,14.933333333333334,0.0,0.0,0.0,0.0,0.0,0.0,416.0,0.0,0.0,0.0,0.0,0.0,0.0,,,,,0.0,0.0,0.0,False,False,,,False,False,False,False,0.0,,40.0,39.0,False,,0.0,0.0,0.0,,30.0,False,5.0,5.0,2.0,1.0,False,4,94.0,4:14 PM,,YESTERDAY,2025-06-22T01:39:00-07:00,CLILAS_202506220839.txt,True,14.0,11.0,9.0,6.0,4.0,3.0,2.0,0.0,1.0,0.0,2.0,0.0,True,96,2025-06-21T02:25:00-07:00,2025-06-21T06:00:00-07:00,3.583333333333333,PFMVEF_202506210925.txt,2.0,2.0
2025-06-22,88.0,2025-06-22 18:56:00-07:00,25,0.0,0.0,False,34.0,72.0,25.0,0.0,9.0,16.0,74.0,25.0,0.0,16.0,14.0,75.0,24.0,0.0,7.0,13.0,77.0,24.0,0.0,5.0,11.0,78.0,23.0,0.0,0.0,10.0,82.0,23.0,0.0,0.0,6.0,83.0,22.0,0.0,3.0,5.0,84.0,19.0,0.0,3.0,4.0,86.0,16.0,0.0,4.0,2.0,87.0,14.0,0.0,3.0,1.0,87.0,14.0,0.0,0.0,1.0,2025-06-22 18:56:00-07:00,18.933333333333334,0.0,0.0,0.0,0.0,0.0,0.0,656.0,0.0,0.0,0.0,0.0,0.0,0.0,,,,,0.0,0.0,0.0,False,False,,,False,False,False,False,0.0,,70.0,20.0,False,,0.0,0.0,0.0,,25.0,False,3.0,3.0,5.0,3.0,False,0,89.0,5:14 PM,,YESTERDAY,2025-06-23T01:25:00-07:00,CLILAS_202506230825.txt,True,17.0,15.0,14.0,12.0,11.0,7.0,6.0,5.0,3.0,2.0,2.0,-1.0,True,91,2025-06-22T02:20:00-07:00,2025-06-22T06:00:00-07:00,3.6666666666666665,PFMVEF_202506220920.txt,2.0,2.0
2025-06-23,93.0,2025-06-23 17:09:00-07:00,25,0.5,0.0,False,20.0,77.0,18.0,0.25,3.0,16.0,80.0,19.0,0.0,3.0,13.0,83.0,20.0,0.25,3.0,10.0,84.0,19.0,0.25,5.0,9.0,87.0,20.0,0.25,4.0,6.0,88.0,20.0,0.25,7.0,5.0,89.0,22.0,0.25,3.0,4.0,91.0,26.0,0.25,3.0,2.0,92.0,32.0,0.5,8.0,1.0,92.0,31.0,0.5,6.0,1.0,93.0,29.0,0.5,8.0,0.0,2025-06-23 17:09:00-07:00,17.15,0.3,0.3,0.0,0.25591985428051,73.0,0.0,549.0,0.35138888888888886,73.0,0.033242258652094715,0.0,0.1407103825136612,0.0,,2025-06-23T15:56:00-07:00,,73.0,0.0,0.0,0.0,False,False,,,False,False,False,False,0.0,,160.0,17.0,False,,0.0,0.0,0.0,,32.0,False,6.0,4.0,2.0,3.0,False,2,94.0,4:47 PM,,YESTERDAY,2025-06-24T01:28:00-07:00,CLILAS_202506240828.txt,True,17.0,14.0,11.0,10.0,7.0,6.0,5.0,3.0,2.0,2.0,1.0,-1.0,True,94,2025-06-23T02:20:00-07:00,2025-06-23T06:00:00-07:00,3.6666666666666665,PFMVEF_202506230920.txt,0.0,0.0
2025-06-24,93.0,2025-06-24 16:56:00-07:00,25,0.875,0.0,False,,79.0,30.0,0.25,3.0,14.0,82.0,32.0,0.25,3.0,11.0,85.0,32.0,0.25,4.0,8.0,87.0,31.0,0.5,0.0,6.0,89.0,29.0,0.875,3.0,4.0,91.0,29.0,0.875,5.0,2.0,90.0,31.0,0.875,0.0,3.0,90.0,33.0,0.875,0.0,3.0,91.0,33.0,0.875,0.0,2.0,93.0,32.0,0.875,4.0,0.0,91.0,33.0,0.875,3.0,2.0,2025-06-24 16:56:00-07:00,16.933333333333334,0.7125,0.8,0.7,0.6277985074626866,360.0,300.0,536.0,0.875,180.0,0.1958955223880597,0.0,0.585820895522388,360.0,20000.0,2025-06-24T10:56:00-07:00,2025-06-24T11:56:00-07:00,360.0,0.0,0.0,0.0,False,False,,,False,False,False,False,1.0,2025-06-24T13:56:00-07:00,20.0,0.0,False,,0.0,0.0,0.0,,33.0,False,6.0,4.0,1.0,1.0,False,2,94.0,2:10 PM,,YESTERDAY,2025-06-25T01:29:00-07:00,CLILAS_202506250829.txt,True,15.0,12.0,9.0,7.0,5.0,3.0,4.0,4.0,3.0,1.0,3.0,-1.0,True,96,2025-06-24T02:25:00-07:00,2025-06-24T06:00:00-07:00,3.583333333333333,PFMVEF_202506240925.txt,2.0,2.0
2025-06-25,98.0,2025-06-25 16:56:00-07:00,25,0.25,0.0,False,17.0,81.0,32.0,0.0,0.0,17.0,85.0,28.0,0.0,4.0,13.0,88.0,27.0,0.25,3.0,10.0,91.0,27.0,0.25,4.0,7.0,93.0,23.0,0.25,6.0,5.0,93.0,25.0,0.25,0.0,5.0,95.0,24.0,0.25,0.0,3.0,97.0,24.0,0.25,9.0,1.0,97.0,25.0,0.25,0.0,1.0,98.0,23.0,0.0,6.0,0.0,97.0,22.0,0.0,0.0,1.0,2025-06-25 16:56:00-07:00,16.933333333333334,0.2,0.0,0.0,0.1958955223880597,0.0,0.0,536.0,0.25,0.0,0.1958955223880597,0.0,0.1958955223880597,0.0,,,,,0.0,0.0,0.0,False,False,,,False,False,False,False,0.0,,120.0,17.0,False,,0.0,0.0,0.0,,28.0,False,7.0,5.0,2.0,2.0,False,2,98.0,4:19 PM,,YESTERDAY,2025-06-26T01:25:00-07:00,CLILAS_202506260825.txt,True,17.0,13.0,10.0,7.0,5.0,5.0,3.0,1.0,1.0,0.0,1.0,0.0,True,99,2025-06-25T02:25:00-07:00,2025-06-25T06:00:00-07:00,3.583333333333333,PFMVEF_202506250925.txt,1.0,1.0
2025-06-26,101.0,2025-06-26 14:56:00-07:00,25,0.25,0.0,False,16.0,84.0,26.0,0.0,0.0,17.0,87.0,24.0,0.0,0.0,14.0,91.0,25.0,0.0,4.0,10.0,94.0,26.0,0.0,9.0,7.0,96.0,24.0,0.0,6.0,5.0,98.0,23.0,0.0,3.0,3.0,99.0,23.0,0.0,9.0,2.0,101.0,23.0,0.25,4.0,0.0,101.0,22.0,0.25,6.0,0.0,100.0,21.0,0.25,3.0,1.0,101.0,21.0,0.25,6.0,0.0,2025-06-26 14:56:00-07:00,14.933333333333334,0.03125,0.0,0.0,0.0,0.0,0.0,416.0,0.0,0.0,0.0,0.0,0.0,0.0,,,,,0.0,0.0,0.0,False,False,,,False,False,False,False,0.0,,30.0,15.0,False,,0.0,0.0,0.0,,26.0,False,7.0,5.0,3.0,2.0,False,4,102.0,3:20 PM,,YESTERDAY,2025-06-27T01:24:00-07:00,CLILAS_202506270824.txt,True,18.0,15.0,11.0,8.0,6.0,4.0,3.0,1.0,1.0,2.0,1.0,-1.0,True,102,2025-06-26T02:25:00-07:00,2025-06-26T06:00:00-07:00,3.583333333333333,PFMVEF_202506260925.txt,0.0,0.0
2025-06-27,102.0,2025-06-27 15:56:00-07:00,25,0.0,0.0,False,19.0,83.0,29.0,0.0,3.0,19.0,88.0,29.0,0.0,0.0,14.0,92.0,34.0,0.0,4.0,10.0,94.0,32.0,0.0,5.0,8.0,98.0,24.0,0.0,7.0,4.0,100.0,27.0,0.0,4.0,2.0,99.0,28.0,0.0,8.0,3.0,101.0,29.0,0.0,5.0,1.0,102.0,29.0,0.0,8.0,0.0,101.0,28.0,0.0,5.0,1.0,101.0,28.0,0.0,,1.0,2025-06-27 15:56:00-07:00,15.933333333333334,0.0,0.0,0.0,0.0,0.0,0.0,476.0,0.0,0.0,0.0,0.0,0.0,0.0,,,,,0.0,0.0,0.0,False,False,,,False,False,False,False,1.0,2025-06-27T13:56:00-07:00,140.0,16.0,False,,0.0,0.0,0.0,,34.0,False,9.0,6.0,1.0,3.0,False,4,103.0,4:07 PM,,YESTERDAY,2025-06-28T01:22:00-07:00,CLILAS_202506280822.txt,True,20.0,15.0,11.0,9.0,5.0,3.0,4.0,2.0,1.0,2.0,2.0,-1.0,True,103,2025-06-27T02:25:00-07:00,2025-06-27T06:00:00-07:00,3.583333333333333,PFMVEF_202506270925.txt,0.0,0.0
2025-06-28,104.0,2025-06-28 15:56:00-07:00,25,0.0,0.0,False,21.0,86.0,33.0,0.0,4.0,18.0,89.0,33.0,0.0,0.0,15.0,93.0,33.0,0.0,3.0,11.0,98.0,27.0,0.0,7.0,6.0,99.0,27.0,0.0,8.0,5.0,100.0,28.0,0.0,3.0,4.0,102.0,28.0,0.0,11.0,2.0,102.0,27.0,0.0,11.0,2.0,104.0,26.0,0.0,9.0,0.0,102.0,27.0,0.0,3.0,2.0,103.0,25.0,0.0,6.0,1.0,2025-06-28 15:56:00-07:00,15.933333333333334,0.0,0.0,0.0,0.0,0.0,0.0,476.0,0.0,0.0,0.0,0.0,0.0,0.0,,,,,0.0,0.0,0.0,False,False,,,False,False,False,False,0.0,,60.0,21.0,False,,0.0,0.0,0.0,,33.0,False,7.0,6.0,3.0,2.0,False,3,104.0,4:45 PM,,YESTERDAY,2025-06-29T01:22:00-07:00,CLILAS_202506290822.txt,True,18.0,15.0,11.0,6.0,5.0,4.0,2.0,2.0,0.0,2.0,1.0,0.0,True,105,2025-06-28T02:20:00-07:00,2025-06-28T06:00:00-07:00,3.6666666666666665,PFMVEF_202506280920.txt,1.0,1.0
2025-06-29,103.0,2025-06-29 12:56:00-07:00,24,0.25,0.0,False,23.0,85.0,25.0,0.0,0.0,18.0,89.0,23.0,0.0,3.0,14.0,94.0,22.0,0.0,6.0,9.0,96.0,23.0,0.0,0.0,7.0,99.0,25.0,0.0,4.0,4.0,103.0,34.0,0.0,15.0,0.0,102.0,30.0,0.0,13.0,1.0,103.0,30.0,0.0,11.0,0.0,103.0,32.0,0.0,12.0,0.0,103.0,33.0,0.0,16.0,0.0,102.0,32.0,0.0,11.0,1.0,2025-06-29 12:56:00-07:00,12.933333333333334,0.0,0.0,0.0,0.0,0.0,0.0,296.0,0.0,0.0,0.0,0.0,0.0,0.0,,,,,0.0,0.0,0.0,False,False,,,False,False,False,False,0.0,,180.0,21.0,False,,0.0,0.0,0.0,,34.0,False,9.0,5.0,3.0,1.0,False,6,104.0,4:13 PM,,YESTERDAY,2025-06-30T01:25:00-07:00,CLILAS_202506300825.txt,True,19.0,15.0,10.0,8.0,5.0,1.0,2.0,1.0,1.0,1.0,2.0,-1.0,True,106,2025-06-29T02:25:00-07:00,2025-06-29T06:00:00-07:00,3.583333333333333,PFMVEF_202506290925.txt,2.0,2.0
2025-06-30,108.0,2025-06-30 16:56:00-07:00,25,0.25,0.0,False,25.0,89.0,34.0,0.25,3.0,19.0,92.0,33.0,0.25,0.0,16.0,96.0,32.0,0.25,3.0,12.0,98.0,31.0,0.25,0.0,10.0,101.0,32.0,0.25,0.0,7.0,102.0,32.0,0.25,3.0,6.0,104.0,32.0,0.25,,4.0,106.0,32.0,0.25,3.0,2.0,106.0,32.0,0.25,6.0,2.0,108.0,23.0,0.25,16.0,0.0,108.0,23.0,0.25,13.0,0.0,2025-06-30 16:56:00-07:00,16.933333333333334,0.25,0.0,0.0,0.25,0.0,0.0,536.0,0.25,0.0,0.0,0.0,0.25,0.0,,,,,0.0,0.0,0.0,False,False,,,False,False,False,False,0.0,,170.0,25.0,False,,0.0,0.0,0.0,,33.0,False,7.0,5.0,3.0,2.0,False,2,109.0,3:43 PM,,YESTERDAY,2025-07-01T01:30:00-07:00,CLILAS_202507010830.txt,True,20.0,17.0,13.0,11.0,8.0,7.0,5.0,3.0,3.0,1.0,1.0,-1.0,True,107,2025-06-30T02:20:00-07:00,2025-06-30T06:00:00-07:00,3.6666666666666665,PFMVEF_202506300920.txt,-2.0,2.0
2025-07-01,100.0,2025-07-01 12:56:00-07:00,28,1.0,0.0,False,52.0,91.0,30.0,0.5,0.0,9.0,95.0,30.0,0.5,4.0,5.0,95.0,31.0,0.875,5.0,5.0,97.0,31.0,0.875,7.0,3.0,98.0,36.0,0.875,6.0,2.0,100.0,40.0,0.875,10.0,0.0,97.0,39.0,0.875,21.0,3.0,98.0,40.0,0.875,7.0,2.0,98.0,40.0,0.875,20.0,2.0,99.0,40.0,0.875,11.0,1.0,98.0,41.0,0.875,17.0,2.0,2025-07-01 12:56:00-07:00,12.933333333333334,0.8,1.0,0.8,0.7280405405405406,296.0,180.0,296.0,0.875,180.0,0.40202702702702703,180.0,0.7280405405405406,296.0,18000.0,2025-07-01T08:56:00-07:00,2025-07-01T09:56:00-07:00,240.0,0.0,0.0,0.0,False,False,,,False,False,False,True,0.0,,110.0,23.0,False,,0.0,0.0,0.0,,40.0,False,4.0,3.0,-1.0,1.0,True,10,102.0,11:37 AM,,YESTERDAY,2025-07-02T01:26:00-07:00,CLILAS_202507020826.txt,True,11.0,7.0,7.0,5.0,4.0,2.0,5.0,4.0,4.0,3.0,4.0,-2.0,True,108,2025-07-01T02:25:00-07:00,2025-07-01T06:00:00-07:00,3.583333333333333,PFMVEF_202507010925.txt,6.0,6.0
2025-07-02,92.0,2025-07-02 16:56:00-07:00,32,1.0,0.0,True,25.0,85.0,52.0,0.875,8.0,7.0,82.0,56.0,0.875,4.0,10.0,83.0,54.0,0.875,0.0,9.0,85.0,53.0,0.875,6.0,7.0,83.0,54.0,0.875,5.0,9.0,84.0,55.0,0.875,4.0,8.0,86.0,55.0,0.875,0.0,6.0,87.0,53.0,0.875,3.0,5.0,90.0,51.0,0.875,6.0,2.0,92.0,52.0,0.875,13.0,0.0,92.0,51.0,0.5,15.0,0.0,2025-07-02 16:56:00-07:00,16.933333333333334,0.875,1.0,1.0,0.875,536.0,536.0,536.0,0.875,180.0,0.6259328358208955,536.0,0.875,536.0,11000.0,2025-07-02T08:56:00-07:00,2025-07-02T08:56:00-07:00,480.0,0.0,0.0,0.0,False,False,,,True,False,True,True,2.0,2025-07-02T11:56:00-07:00,120.0,25.0,False,,0.0,0.0,0.0,,57.0,True,-2.0,0.0,3.0,4.0,True,2,93.0,4:07 PM,,YESTERDAY,2025-07-03T01:35:00-07:00,CLILAS_202507030835.txt,True,8.0,11.0,10.0,8.0,10.0,9.0,7.0,6.0,3.0,1.0,1.0,-1.0,True,99,2025-07-02T02:25:00-07:00,2025-07-02T06:00:00-07:00,3.583333333333333,PFMVEF_202507020925.txt,6.0,6.0
2025-07-03,96.0,2025-07-03 13:11:00-07:00,29,0.875,0.04,True,20.0,81.0,58.0,0.25,4.0,15.0,83.0,58.0,0.25,5.0,13.0,85.0,58.0,0.25,7.0,11.0,89.0,58.0,0.25,9.0,7.0,90.0,57.0,0.25,7.0,6.0,93.0,52.0,0.5,4.0,3.0,93.0,55.0,0.875,6.0,3.0,92.0,55.0,0.875,7.0,4.0,82.0,62.0,0.875,13.0,14.0,86.0,58.0,0.875,8.0,10.0,90.0,54.0,0.5,5.0,6.0,2025-07-03 13:11:00-07:00,13.183333333333334,0.32142857142857145,0.2857142857142857,0.0,0.2620578778135048,15.0,0.0,311.0,0.2708333333333333,15.0,0.25,0.0,0.25,0.0,,2025-07-03T12:56:00-07:00,,15.0,0.02,0.0,0.02,False,True,2025-07-03T14:43:00-07:00,,False,True,True,True,0.0,,30.0,20.0,False,,0.0,0.0,0.0,,58.0,True,4.0,5.0,3.0,-11.0,False,9,96.0,12:13 PM,,YESTERDAY,2025-07-04T01:31:00-07:00,CLILAS_202507040831.txt,True,15.0,13.0,11.0,7.0,6.0,3.0,3.0,4.0,14.0,10.0,6.0,0.0,True,99,2025-07-03T02:25:00-07:00,2025-07-03T06:00:00-07:00,3.583333333333333,PFMVEF_202507030925.txt,3.0,3.0
2025-07-04,102.0,2025-07-04 14:56:00-07:00,24,0.25,0.0,False,28.0,86.0,44.0,0.25,9.0,16.0,90.0,44.0,0.25,11.0,12.0,92.0,44.0,0.0,7.0,10.0,95.0,43.0,0.0,12.0,7.0,98.0,40.0,0.0,15.0,4.0,99.0,40.0,0.25,15.0,3.0,100.0,39.0,0.25,18.0,2.0,102.0,36.0,0.25,13.0,0.0,101.0,33.0,0.25,17.0,1.0,101.0,36.0,0.25,8.0,1.0,100.0,35.0,0.25,15.0,2.0,2025-07-04 14:56:00-07:00,14.933333333333334,0.14285714285714285,0.0,0.0,0.14182692307692307,0.0,0.0,416.0,0.16666666666666666,0.0,0.07211538461538461,0.0,0.14182692307692307,0.0,,,,,0.0,0.0,0.0,False,False,,,False,False,False,False,0.0,,30.0,28.0,False,,0.0,0.0,0.0,,44.0,False,6.0,6.0,2.0,1.0,False,4,102.0,4:01 PM,,YESTERDAY,2025-07-05T01:48:00-07:00,CLILAS_202507050848.txt,True,16.0,12.0,10.0,7.0,4.0,3.0,2.0,0.0,1.0,1.0,2.0,0.0,True,101,2025-07-04T02:25:00-07:00,2025-07-04T06:00:00-07:00,3.583333333333333,PFMVEF_202507040925.txt,-1.0,1.0
2025-07-05,102.0,2025-07-05 15:56:00-07:00,24,0.0,0.0,False,23.0,84.0,31.0,0.0,7.0,18.0,88.0,27.0,0.0,9.0,14.0,91.0,21.0,0.0,10.0,11.0,94.0,26.0,0.0,10.0,8.0,96.0,22.0,0.0,12.0,6.0,99.0,18.0,0.0,11.0,3.0,100.0,19.0,0.0,13.0,2.0,101.0,19.0,0.0,11.0,1.0,102.0,17.0,0.0,13.0,0.0,102.0,13.0,0.0,14.0,0.0,101.0,11.0,0.0,13.0,1.0,2025-07-05 15:56:00-07:00,15.933333333333334,0.0,0.0,0.0,0.0,0.0,0.0,476.0,0.0,0.0,0.0,0.0,0.0,0.0,,,,,0.0,0.0,0.0,False,False,,,False,False,False,False,0.0,,30.0,23.0,False,,0.0,0.0,0.0,,27.0,False,7.0,5.0,4.0,2.0,False,3,103.0,3:34 PM,,YESTERDAY,2025-07-06T01:32:00-07:00,CLILAS_202507060832.txt,True,19.0,15.0,12.0,9.0,7.0,4.0,3.0,2.0,1.0,1.0,2.0,-1.0,True,102,2025-07-05T02:25:00-07:00,2025-07-05T06:00:00-07:00,3.583333333333333,PFMVEF_202507050925.txt,-1.0,1.0
2025-07-06,104.0,2025-07-06 15:39:00-07:00,26,0.25,0.0,False,18.0,84.0,22.0,0.0,0.0,20.0,89.0,19.0,0.0,0.0,15.0,92.0,19.0,0.0,3.0,12.0,95.0,19.0,0.0,3.0,9.0,98.0,22.0,0.0,7.0,6.0,100.0,21.0,0.0,4.0,4.0,102.0,21.0,0.25,7.0,2.0,103.0,20.0,0.0,9.0,1.0,104.0,21.0,0.0,9.0,0.0,104.0,23.0,0.25,9.0,0.0,104.0,23.0,0.0,9.0,0.0,2025-07-06 15:39:00-07:00,15.65,0.03125,0.0,0.0,0.032679738562091505,0.0,0.0,459.0,0.08333333333333333,0.0,0.032679738562091505,0.0,0.032679738562091505,0.0,,,,,0.0,0.0,0.0,False,False,,,False,False,False,False,0.0,,50.0,17.0,False,,0.0,0.0,0.0,,22.0,False,8.0,6.0,4.0,2.0,False,5,105.0,4:20 PM,,YESTERDAY,2025-07-07T01:31:00-07:00,CLILAS_202507070831.txt,True,21.0,16.0,13.0,10.0,7.0,5.0,3.0,2.0,1.0,1.0,1.0,-1.0,True,104,2025-07-06T02:20:00-07:00,2025-07-06T06:00:00-07:00,3.6666666666666665,PFMVEF_202507060920.txt,-1.0,1.0
2025-07-07,107.0,2025-07-07 14:56:00-07:00,25,0.25,0.0,False,20.0,88.0,19.0,0.0,0.0,19.0,90.0,18.0,0.0,0.0,17.0,93.0,19.0,0.0,0.0,14.0,97.0,18.0,0.0,0.0,10.0,101.0,20.0,0.0,7.0,6.0,104.0,23.0,0.0,7.0,3.0,105.0,23.0,0.25,8.0,2.0,107.0,33.0,0.25,7.0,0.0,106.0,30.0,0.25,8.0,1.0,106.0,32.0,0.25,8.0,1.0,105.0,33.0,0.25,11.0,2.0,2025-07-07 14:56:00-07:00,14.933333333333334,0.07142857142857142,0.0,0.0,0.036057692307692304,0.0,0.0,416.0,0.08333333333333333,0.0,0.036057692307692304,0.0,0.036057692307692304,0.0,,,,,0.0,0.0,0.0,False,False,,,False,False,False,False,0.0,,140.0,20.0,False,,0.0,0.0,0.0,,33.0,False,5.0,8.0,4.0,1.0,False,5,108.0,1:28 PM,,YESTERDAY,2025-07-08T01:33:00-07:00,CLILAS_202507080833.txt,True,20.0,18.0,15.0,11.0,7.0,4.0,3.0,1.0,2.0,2.0,3.0,-1.0,True,106,2025-07-07T02:20:00-07:00,2025-07-07T06:00:00-07:00,3.6666666666666665,PFMVEF_202507070920.txt,-2.0,2.0
2025-07-08,108.0,2025-07-08 16:56:00-07:00,26,0.25,0.0,False,22.0,89.0,28.0,0.0,0.0,19.0,92.0,29.0,0.0,0.0,16.0,97.0,32.0,0.0,6.0,11.0,100.0,34.0,0.25,7.0,8.0,103.0,39.0,0.25,11.0,5.0,105.0,38.0,0.25,13.0,3.0,105.0,38.0,0.25,11.0,3.0,107.0,40.0,0.25,8.0,1.0,107.0,40.0,0.25,3.0,1.0,108.0,38.0,0.25,10.0,0.0,106.0,38.0,0.25,8.0,2.0,2025-07-08 16:56:00-07:00,16.933333333333334,0.18181818181818182,0.0,0.0,0.14505597014925373,0.0,0.0,536.0,0.25,0.0,0.13992537313432835,0.0,0.14505597014925373,0.0,,,,,0.0,0.0,0.0,False,False,,,False,False,False,False,1.0,2025-07-08T12:56:00-07:00,100.0,21.0,False,,0.0,0.0,0.0,,40.0,False,8.0,6.0,2.0,2.0,False,2,108.0,4:40 PM,,YESTERDAY,2025-07-09T01:30:00-07:00,CLILAS_202507090830.txt,True,19.0,16.0,11.0,8.0,5.0,3.0,3.0,1.0,1.0,0.0,2.0,0.0,True,107,2025-07-08T02:20:00-07:00,2025-07-08T06:00:00-07:00,3.6666666666666665,PFMVEF_202507080920.txt,-1.0,1.0
2025-07-09,110.0,2025-07-09 13:56:00-07:00,24,0.5,0.0,False,24.0,94.0,32.0,0.25,7.0,16.0,97.0,32.0,0.25,9.0,13.0,101.0,31.0,0.25,8.0,9.0,104.0,30.0,0.25,10.0,6.0,107.0,31.0,0.25,10.0,3.0,108.0,36.0,0.25,9.0,2.0,110.0,37.0,0.25,16.0,0.0,110.0,35.0,0.25,14.0,0.0,110.0,35.0,0.5,13.0,0.0,110.0,34.0,0.5,13.0,0.0,108.0,32.0,0.5,15.0,2.0,2025-07-09 13:56:00-07:00,13.933333333333334,0.25,0.0,0.0,0.25,0.0,0.0,356.0,0.25,0.0,0.042134831460674156,0.0,0.25,0.0,,,,,0.0,0.0,0.0,False,False,,,False,False,False,False,0.0,,40.0,23.0,False,,0.0,0.0,0.0,,37.0,False,7.0,6.0,3.0,0.0,False,5,110.0,4:11 PM,,YESTERDAY,2025-07-10T01:29:00-07:00,CLILAS_202507100829.txt,True,16.0,13.0,9.0,6.0,3.0,2.0,0.0,0.0,0.0,0.0,2.0,0.0,True,109,2025-07-09T02:20:00-07:00,2025-07-09T06:00:00-07:00,3.6666666666666665,PFMVEF_202507090920.txt,-1.0,1.0
2025-07-10,108.0,2025-07-10 16:56:00-07:00,24,0.25,0.0,False,23.0,91.0,16.0,0.0,0.0,17.0,95.0,17.0,0.0,5.0,13.0,99.0,17.0,0.0,9.0,9.0,100.0,18.0,0.0,8.0,8.0,103.0,18.0,0.0,3.0,5.0,104.0,18.0,0.0,7.0,4.0,105.0,16.0,0.0,7.0,3.0,105.0,16.0,0.0,0.0,3.0,107.0,14.0,0.0,5.0,1.0,108.0,11.0,0.0,0.0,0.0,108.0,12.0,0.0,0.0,0.0,2025-07-10 16:56:00-07:00,16.933333333333334,0.0,0.0,0.0,0.0,0.0,0.0,536.0,0.0,0.0,0.0,0.0,0.0,0.0,,,,,0.0,0.0,0.0,False,False,,,False,False,False,False,0.0,,110.0,0.0,False,,0.0,0.0,0.0,,18.0,False,8.0,4.0,2.0,2.0,False,2,109.0,4:51 PM,,YESTERDAY,2025-07-11T01:35:00-07:00,CLILAS_202507110835.txt,True,18.0,14.0,10.0,9.0,6.0,5.0,4.0,4.0,2.0,1.0,1.0,-1.0,True,109,2025-07-10T02:20:00-07:00,2025-07-10T06:00:00-07:00,3.6666666666666665,PFMVEF_202507100920.txt,0.0,0.0
2025-07-11,108.0,2025-07-11 15:56:00-07:00,27,0.25,0.0,False,16.0,89.0,26.0,0.0,3.0,19.0,92.0,26.0,0.0,0.0,16.0,95.0,25.0,0.0,4.0,13.0,100.0,25.0,0.0,5.0,8.0,101.0,24.0,0.0,4.0,7.0,104.0,29.0,0.0,7.0,4.0,106.0,26.0,0.0,3.0,2.0,107.0,22.0,0.0,5.0,1.0,108.0,21.0,0.0,7.0,0.0,108.0,21.0,0.0,4.0,0.0,107.0,21.0,0.0,3.0,1.0,2025-07-11 15:56:00-07:00,15.933333333333334,0.0,0.0,0.0,0.0,0.0,0.0,476.0,0.0,0.0,0.0,0.0,0.0,0.0,,,,,0.0,0.0,0.0,False,False,,,False,False,False,False,0.0,,170.0,0.0,False,,0.0,0.0,0.0,,29.0,False,6.0,6.0,5.0,2.0,False,5,109.0,4:03 PM,,YESTERDAY,2025-07-12T01:21:00-07:00,CLILAS_202507120821.txt,True,20.0,17.0,14.0,9.0,8.0,5.0,3.0,2.0,1.0,1.0,2.0,-1.0,True,108,2025-07-11T02:20:00-07:00,2025-07-11T06:00:00-07:00,3.6666666666666665,PFMVEF_202507110920.txt,-1.0,1.0
2025-07-12,108.0,2025-07-12 17:56:00-07:00,24,0.875,0.0,False,,88.0,32.0,0.0,0.0,20.0,91.0,33.0,0.0,0.0,17.0,94.0,34.0,0.25,0.0,14.0,98.0,34.0,0.25,4.0,10.0,101.0,35.0,0.25,3.0,7.0,104.0,37.0,0.25,7.0,4.0,107.0,39.0,0.25,6.0,1.0,107.0,41.0,0.875,5.0,1.0,107.0,42.0,0.875,5.0,1.0,107.0,40.0,0.875,5.0,1.0,108.0,40.0,0.875,9.0,0.0,2025-07-12 17:56:00-07:00,17.933333333333334,0.475,0.4,0.4,0.3901006711409396,180.0,180.0,596.0,0.875,180.0,0.12583892617449666,0.0,0.20134228187919462,0.0,25000.0,2025-07-12T14:56:00-07:00,2025-07-12T14:56:00-07:00,180.0,0.0,0.0,0.0,False,False,,,False,False,False,False,0.0,,110.0,0.0,False,,0.0,0.0,0.0,,42.0,False,6.0,7.0,6.0,0.0,False,1,109.0,4:02 PM,,YESTERDAY,2025-07-13T01:21:00-07:00,CLILAS_202507130821.txt,True,21.0,18.0,15.0,11.0,8.0,5.0,2.0,2.0,2.0,2.0,1.0,-1.0,True,109,2025-07-12T02:20:00-07:00,2025-07-12T06:00:00-07:00,3.6666666666666665,PFMVEF_202507120920.txt,0.0,0.0
2025-07-13,110.0,2025-07-13 14:56:00-07:00,24,0.5,0.0,False,14.0,89.0,39.0,0.5,4.0,21.0,92.0,42.0,0.5,4.0,18.0,96.0,42.0,0.25,0.0,14.0,99.0,39.0,0.25,4.0,11.0,102.0,37.0,0.25,4.0,8.0,105.0,35.0,0.25,5.0,5.0,107.0,32.0,0.25,0.0,3.0,110.0,34.0,0.25,3.0,0.0,110.0,34.0,0.25,3.0,0.0,109.0,35.0,0.25,3.0,1.0,109.0,36.0,0.25,5.0,1.0,2025-07-13 14:56:00-07:00,14.933333333333334,0.2857142857142857,0.14285714285714285,0.0,0.31971153846153844,116.0,0.0,416.0,0.25,0.0,0.0,0.0,0.25,0.0,,2025-07-13T08:56:00-07:00,,360.0,0.0,0.0,0.0,False,False,,,False,False,False,False,0.0,,130.0,0.0,False,,0.0,0.0,0.0,,42.0,False,7.0,6.0,5.0,3.0,False,4,111.0,3:48 PM,,YESTERDAY,2025-07-14T01:24:00-07:00,CLILAS_202507140824.txt,True,22.0,19.0,15.0,12.0,9.0,6.0,4.0,1.0,1.0,2.0,2.0,-1.0,True,111,2025-07-13T02:20:00-07:00,2025-07-13T06:00:00-07:00,3.6666666666666665,PFMVEF_202507130920.txt,0.0,0.0
2025-07-14,111.0,2025-07-14 15:56:00-07:00,26,0.875,0.0,False,23.0,91.0,42.0,0.5,5.0,20.0,95.0,42.0,0.5,3.0,16.0,98.0,41.0,0.25,0.0,13.0,101.0,42.0,0.25,3.0,10.0,105.0,42.0,0.25,3.0,6.0,107.0,43.0,0.25,6.0,4.0,109.0,43.0,0.25,11.0,2.0,110.0,43.0,0.25,8.0,1.0,111.0,41.0,0.25,10.0,0.0,111.0,41.0,0.25,7.0,0.0,110.0,42.0,0.25,9.0,1.0,2025-07-14 15:56:00-07:00,15.933333333333334,0.28125,0.125,0.0,0.31092436974789917,116.0,0.0,476.0,0.25,0.0,0.0,0.0,0.25,0.0,,2025-07-14T08:56:00-07:00,,420.0,0.0,0.0,0.0,False,False,,,False,False,False,False,0.0,,40.0,23.0,False,,0.0,0.0,0.0,,43.0,False,7.0,7.0,4.0,2.0,False,5,112.0,3:53 PM,,YESTERDAY,2025-07-15T01:21:00-07:00,CLILAS_202507150821.txt,True,21.0,17.0,14.0,11.0,7.0,5.0,3.0,2.0,1.0,1.0,2.0,-1.0,True,113,2025-07-14T02:20:00-07:00,2025-07-14T06:00:00-07:00,3.6666666666666665,PFMVEF_202507140920.txt,1.0,1.0
2025-07-15,109.0,2025-07-15 15:56:00-07:00,24,0.5,0.0,False,25.0,91.0,49.0,0.0,0.0,18.0,96.0,46.0,0.25,3.0,13.0,98.0,47.0,0.25,8.0,11.0,100.0,48.0,0.25,9.0,9.0,103.0,48.0,0.25,12.0,6.0,105.0,49.0,0.5,11.0,4.0,106.0,49.0,0.25,10.0,3.0,108.0,46.0,0.25,8.0,1.0,109.0,43.0,0.25,14.0,0.0,108.0,41.0,0.25,12.0,1.0,107.0,39.0,0.25,14.0,2.0,2025-07-15 15:56:00-07:00,15.933333333333334,0.28125,0.125,0.0,0.25210084033613445,60.0,0.0,476.0,0.3333333333333333,60.0,0.0,0.0,0.25210084033613445,60.0,,2025-07-15T12:56:00-07:00,,180.0,0.0,0.0,0.0,False,False,,,False,False,False,False,0.0,,50.0,25.0,False,,0.0,0.0,0.0,,49.0,False,7.0,5.0,3.0,3.0,False,3,109.0,4:20 PM,,YESTERDAY,2025-07-16T01:21:00-07:00,CLILAS_202507160821.txt,True,18.0,13.0,11.0,9.0,6.0,4.0,3.0,1.0,0.0,1.0,2.0,0.0,True,109,2025-07-15T02:25:00-07:00,2025-07-15T06:00:00-07:00,3.583333333333333,PFMVEF_202507150925.txt,0.0,0.0
2025-07-16,105.0,2025-07-16 15:56:00-07:00,25,0.875,0.0,False,20.0,88.0,50.0,0.25,9.0,17.0,90.0,50.0,0.25,10.0,15.0,94.0,49.0,0.25,7.0,11.0,96.0,46.0,0.25,12.0,9.0,98.0,43.0,0.25,10.0,7.0,99.0,41.0,0.25,3.0,6.0,102.0,42.0,0.25,6.0,3.0,103.0,39.0,0.5,10.0,2.0,105.0,37.0,0.5,12.0,0.0,104.0,38.0,0.25,9.0,1.0,103.0,39.0,0.25,10.0,2.0,2025-07-16 15:56:00-07:00,15.933333333333334,0.3055555555555556,0.2222222222222222,0.0,0.2815126050420168,60.0,0.0,476.0,0.3333333333333333,60.0,0.0,0.0,0.2815126050420168,60.0,,2025-07-16T14:56:00-07:00,,60.0,0.0,0.0,0.0,False,False,,,False,False,False,False,0.0,,50.0,20.0,False,,0.0,0.0,0.0,,50.0,True,6.0,4.0,4.0,3.0,False,3,105.0,3:26 PM,,YESTERDAY,2025-07-17T01:21:00-07:00,CLILAS_202507170821.txt,True,17.0,15.0,11.0,9.0,7.0,6.0,3.0,2.0,0.0,1.0,2.0,0.0,True,104,2025-07-16T02:25:00-07:00,2025-07-16T06:00:00-07:00,3.583333333333333,PFMVEF_202507160925.txt,-1.0,1.0
2025-07-17,99.0,2025-07-17 13:56:00-07:00,28,1.0,0.0,True,24.0,89.0,52.0,0.25,13.0,10.0,91.0,49.0,0.25,11.0,8.0,94.0,49.0,0.25,12.0,5.0,94.0,54.0,0.875,9.0,5.0,97.0,54.0,0.875,7.0,2.0,98.0,53.0,0.875,9.0,1.0,99.0,53.0,0.875,8.0,0.0,98.0,56.0,0.875,13.0,1.0,99.0,54.0,0.875,11.0,0.0,99.0,54.0,0.5,10.0,0.0,91.0,57.0,0.5,9.0,8.0,2025-07-17 13:56:00-07:00,13.933333333333334,0.6964285714285714,0.7142857142857143,0.7142857142857143,0.5660112359550562,180.0,180.0,356.0,0.875,180.0,0.12640449438202248,0.0,0.5660112359550562,180.0,20000.0,2025-07-17T10:56:00-07:00,2025-07-17T10:56:00-07:00,180.0,0.0,0.0,0.0,False,False,,,False,True,False,True,0.0,,40.0,21.0,False,,0.0,0.0,0.0,,54.0,True,5.0,3.0,2.0,0.0,False,5,100.0,3:39 PM,,YESTERDAY,2025-07-18T01:32:00-07:00,CLILAS_202507180832.txt,True,11.0,9.0,6.0,6.0,3.0,2.0,1.0,2.0,1.0,1.0,9.0,-1.0,True,97,2025-07-17T02:25:00-07:00,2025-07-17T06:00:00-07:00,3.583333333333333,PFMVEF_202507170925.txt,-3.0,3.0
2025-07-18,98.0,2025-07-18 12:56:00-07:00,25,1.0,0.0,False,27.0,83.0,58.0,0.875,4.0,15.0,87.0,56.0,0.875,7.0,11.0,88.0,54.0,0.875,5.0,10.0,91.0,54.0,0.5,0.0,7.0,94.0,55.0,0.5,3.0,4.0,98.0,51.0,0.5,16.0,0.0,93.0,54.0,0.5,16.0,5.0,92.0,56.0,0.5,11.0,6.0,93.0,53.0,0.5,6.0,5.0,95.0,53.0,0.5,3.0,3.0,97.0,48.0,0.25,9.0,1.0,2025-07-18 12:56:00-07:00,12.933333333333334,0.65,1.0,0.4,0.722972972972973,296.0,176.0,296.0,0.625,180.0,0.47466216216216217,176.0,0.722972972972973,296.0,12000.0,2025-07-18T08:56:00-07:00,2025-07-18T08:56:00-07:00,240.0,0.0,0.0,0.0,False,False,,,False,False,True,True,0.0,,40.0,26.0,False,,0.0,0.0,0.0,,56.0,True,5.0,6.0,-1.0,0.0,True,7,99.0,11:26 AM,,YESTERDAY,2025-07-19T01:33:00-07:00,CLILAS_202507190833.txt,True,16.0,12.0,11.0,8.0,5.0,1.0,6.0,7.0,6.0,4.0,2.0,-1.0,True,98,2025-07-18T02:31:00-07:00,2025-07-18T06:00:00-07:00,3.4833333333333334,PFMVEF_202507180931.txt,-1.0,1.0
2025-07-19,104.0,2025-07-19 14:56:00-07:00,24,0.5,0.0,False,23.0,86.0,52.0,0.25,0.0,18.0,89.0,52.0,0.25,0.0,15.0,92.0,50.0,0.25,0.0,12.0,96.0,50.0,0.25,4.0,8.0,100.0,45.0,0.25,4.0,4.0,102.0,39.0,0.25,13.0,2.0,103.0,39.0,0.25,7.0,1.0,104.0,39.0,0.25,9.0,0.0,103.0,41.0,0.5,4.0,1.0,103.0,39.0,0.5,6.0,1.0,102.0,41.0,0.25,4.0,2.0,2025-07-19 14:56:00-07:00,14.933333333333334,0.25,0.0,0.0,0.25,0.0,0.0,416.0,0.25,0.0,0.10817307692307693,0.0,0.25,0.0,,,,,0.0,0.0,0.0,False,False,,,False,False,True,False,0.0,,90.0,23.0,False,,0.0,0.0,0.0,,52.0,True,6.0,8.0,3.0,0.0,False,4,105.0,1:13 PM,,YESTERDAY,2025-07-20T01:39:00-07:00,CLILAS_202507200839.txt,True,19.0,16.0,13.0,9.0,5.0,3.0,2.0,1.0,2.0,2.0,3.0,-1.0,True,104,2025-07-19T02:25:00-07:00,2025-07-19T06:00:00-07:00,3.583333333333333,PFMVEF_202507190925.txt,-1.0,1.0
2025-07-20,104.0,2025-07-20 13:56:00-07:00,27,0.25,0.0,False,26.0,89.0,38.0,0.25,3.0,15.0,93.0,39.0,0.25,4.0,11.0,96.0,39.0,0.0,6.0,8.0,98.0,41.0,0.0,7.0,6.0,100.0,40.0,0.0,3.0,4.0,102.0,38.0,0.25,,2.0,104.0,32.0,0.0,14.0,0.0,104.0,28.0,0.0,14.0,0.0,104.0,24.0,0.0,11.0,0.0,104.0,22.0,0.0,13.0,0.0,103.0,27.0,0.0,9.0,1.0,2025-07-20 13:56:00-07:00,13.933333333333334,0.0625,0.0,0.0,0.08848314606741572,0.0,0.0,356.0,0.013888888888888888,0.0,0.007022471910112359,0.0,0.08848314606741572,0.0,,,,,0.0,0.0,0.0,False,False,,,False,False,False,False,0.0,,130.0,22.0,False,,0.0,0.0,0.0,,41.0,False,7.0,4.0,4.0,0.0,False,6,105.0,3:39 PM,,YESTERDAY,2025-07-21T01:46:00-07:00,CLILAS_202507210846.txt,True,16.0,12.0,9.0,7.0,5.0,3.0,1.0,1.0,1.0,1.0,2.0,-1.0,True,104,2025-07-20T02:25:00-07:00,2025-07-20T06:00:00-07:00,3.583333333333333,PFMVEF_202507200925.txt,-1.0,1.0
2025-07-21,102.0,2025-07-21 15:56:00-07:00,24,0.875,0.0,False,27.0,88.0,51.0,0.5,4.0,14.0,91.0,48.0,0.25,7.0,11.0,94.0,42.0,0.25,7.0,8.0,97.0,34.0,0.25,9.0,5.0,98.0,31.0,0.25,11.0,4.0,100.0,23.0,0.25,13.0,2.0,100.0,34.0,0.25,8.0,2.0,101.0,35.0,0.25,12.0,1.0,102.0,38.0,0.25,13.0,0.0,101.0,38.0,0.25,8.0,1.0,100.0,39.0,0.25,12.0,2.0,2025-07-21 15:56:00-07:00,15.933333333333334,0.25,0.0,0.0,0.27941176470588236,56.0,0.0,476.0,0.25,0.0,0.09033613445378151,56.0,0.27941176470588236,56.0,,,,,0.0,0.0,0.0,False,False,,,False,False,False,False,0.0,,30.0,27.0,False,,0.0,0.0,0.0,,48.0,False,6.0,4.0,2.0,2.0,False,3,103.0,2:54 PM,,YESTERDAY,2025-07-22T01:35:00-07:00,CLILAS_202507220835.txt,True,15.0,12.0,9.0,6.0,5.0,3.0,3.0,2.0,1.0,2.0,3.0,-1.0,True,101,2025-07-21T02:25:00-07:00,2025-07-21T06:00:00-07:00,3.583333333333333,PFMVEF_202507210925.txt,-2.0,2.0
2025-07-22,99.0,2025-07-22 14:56:00-07:00,25,0.5,0.0,False,24.0,84.0,40.0,0.25,6.0,15.0,87.0,41.0,0.0,5.0,12.0,89.0,41.0,0.0,5.0,10.0,91.0,43.0,0.0,3.0,8.0,92.0,42.0,0.0,4.0,7.0,95.0,38.0,0.0,8.0,4.0,98.0,35.0,0.25,15.0,1.0,99.0,35.0,0.25,9.0,0.0,99.0,30.0,0.25,15.0,0.0,98.0,31.0,0.25,11.0,1.0,98.0,30.0,0.25,7.0,1.0,2025-07-22 14:56:00-07:00,14.933333333333334,0.09375,0.0,0.0,0.06971153846153846,0.0,0.0,416.0,0.08333333333333333,0.0,0.0,0.0,0.036057692307692304,0.0,,,,,0.0,0.0,0.0,False,False,,,False,False,False,False,0.0,,40.0,24.0,False,,0.0,0.0,0.0,,43.0,False,5.0,3.0,6.0,1.0,False,4,100.0,2:55 PM,,YESTERDAY,2025-07-23T01:23:00-07:00,CLILAS_202507230823.txt,True,16.0,13.0,11.0,9.0,8.0,5.0,2.0,1.0,1.0,2.0,2.0,-1.0,True,99,2025-07-22T02:25:00-07:00,2025-07-22T06:00:00-07:00,3.583333333333333,PFMVEF_202507220925.txt,-1.0,1.0
2025-07-23,97.0,2025-07-23 13:56:00-07:00,24,0.25,0.0,False,27.0,82.0,41.0,0.0,10.0,15.0,86.0,37.0,0.0,10.0,11.0,89.0,32.0,0.0,12.0,8.0,91.0,25.0,0.0,10.0,6.0,93.0,18.0,0.0,14.0,4.0,94.0,22.0,0.0,9.0,3.0,97.0,15.0,0.25,11.0,0.0,97.0,16.0,0.25,12.0,0.0,97.0,16.0,0.0,11.0,0.0,97.0,17.0,0.0,10.0,0.0,96.0,17.0,0.0,14.0,1.0,2025-07-23 13:56:00-07:00,13.933333333333334,0.041666666666666664,0.0,0.0,0.0,0.0,0.0,356.0,0.0,0.0,0.0,0.0,0.0,0.0,,,,,0.0,0.0,0.0,False,False,,,False,False,False,False,0.0,,50.0,22.0,False,,0.0,0.0,0.0,,37.0,False,7.0,4.0,4.0,0.0,False,5,98.0,3:23 PM,,YESTERDAY,2025-07-24T01:24:00-07:00,CLILAS_202507240824.txt,True,16.0,12.0,9.0,7.0,5.0,4.0,1.0,1.0,1.0,1.0,2.0,-1.0,True,99,2025-07-23T02:25:00-07:00,2025-07-23T06:00:00-07:00,3.583333333333333,PFMVEF_202507230925.txt,1.0,1.0
2025-07-24,99.0,2025-07-24 17:06:00-07:00,26,0.25,0.0,False,20.0,83.0,28.0,0.0,8.0,16.0,86.0,24.0,0.0,7.0,13.0,89.0,20.0,0.0,8.0,10.0,92.0,19.0,0.0,4.0,7.0,93.0,19.0,0.0,9.0,6.0,95.0,16.0,0.0,9.0,4.0,98.0,11.0,0.0,10.0,1.0,98.0,10.0,0.25,7.0,1.0,98.0,8.0,0.25,4.0,1.0,98.0,10.0,0.25,4.0,1.0,98.0,12.0,0.25,9.0,1.0,2025-07-24 17:06:00-07:00,17.1,0.09090909090909091,0.0,0.0,0.05952380952380952,0.0,0.0,546.0,0.18055555555555555,0.0,0.0,0.0,0.0,0.0,,,,,0.0,0.0,0.0,False,False,,,False,False,False,False,0.0,,50.0,19.0,False,,0.0,0.0,0.0,,24.0,False,6.0,4.0,5.0,0.0,False,2,99.0,5:07 PM,,YESTERDAY,2025-07-25T01:25:00-07:00,CLILAS_202507250825.txt,True,16.0,13.0,10.0,7.0,6.0,4.0,1.0,1.0,1.0,1.0,1.0,0.0,True,99,2025-07-24T02:25:00-07:00,2025-07-24T06:00:00-07:00,3.583333333333333,PFMVEF_202507240925.txt,0.0,0.0
2025-07-25,100.0,2025-07-25 16:03:00-07:00,26,0.875,0.0,False,18.0,81.0,20.0,0.25,3.0,19.0,85.0,17.0,0.25,0.0,15.0,87.0,17.0,0.25,3.0,13.0,90.0,20.0,0.5,5.0,10.0,93.0,19.0,0.5,5.0,7.0,96.0,20.0,0.5,6.0,4.0,96.0,20.0,0.875,3.0,4.0,99.0,17.0,0.875,8.0,1.0,100.0,5.0,0.875,10.0,0.0,99.0,8.0,0.875,9.0,1.0,99.0,7.0,0.875,6.0,1.0,2025-07-25 16:03:00-07:00,16.05,0.6375,0.8,0.5,0.5075051759834368,307.0,127.0,483.0,0.7645833333333333,180.0,0.031055900621118012,0.0,0.25,0.0,24000.0,2025-07-25T10:56:00-07:00,2025-07-25T13:56:00-07:00,307.0,0.0,0.0,0.0,False,False,,,False,False,False,False,1.0,2025-07-25T14:01:00-07:00,140.0,18.0,False,,0.0,0.0,0.0,,20.0,False,6.0,6.0,3.0,4.0,False,3,100.0,4:41 PM,,YESTERDAY,2025-07-26T01:29:00-07:00,CLILAS_202507260829.txt,True,19.0,15.0,13.0,10.0,7.0,4.0,4.0,1.0,0.0,1.0,1.0,0.0,True,100,2025-07-25T02:25:00-07:00,2025-07-25T06:00:00-07:00,3.583333333333333,PFMVEF_202507250925.txt,0.0,0.0
2025-07-26,99.0,2025-07-26 16:56:00-07:00,24,0.875,0.0,False,18.0,80.0,35.0,0.25,5.0,19.0,84.0,36.0,0.25,4.0,15.0,87.0,32.0,0.25,7.0,12.0,89.0,28.0,0.25,8.0,10.0,93.0,27.0,0.25,8.0,6.0,93.0,26.0,0.875,3.0,6.0,95.0,26.0,0.875,3.0,4.0,97.0,27.0,0.875,4.0,2.0,98.0,27.0,0.875,8.0,1.0,99.0,24.0,0.875,11.0,0.0,98.0,25.0,0.5,11.0,1.0,2025-07-26 16:56:00-07:00,16.933333333333334,0.5972222222222222,0.5555555555555556,0.5555555555555556,0.5298507462686567,240.0,240.0,536.0,0.875,180.0,0.0,0.0,0.054104477611940295,0.0,25000.0,2025-07-26T12:56:00-07:00,2025-07-26T12:56:00-07:00,240.0,0.0,0.0,0.0,False,False,,,False,False,False,False,0.0,,40.0,18.0,False,,0.0,0.0,0.0,,36.0,False,7.0,6.0,2.0,3.0,False,2,100.0,3:13 PM,,YESTERDAY,2025-07-27T01:28:00-07:00,CLILAS_202507270828.txt,True,20.0,16.0,13.0,11.0,7.0,7.0,5.0,3.0,2.0,1.0,2.0,-1.0,True,99,2025-07-26T02:25:00-07:00,2025-07-26T06:00:00-07:00,3.583333333333333,PFMVEF_202507260925.txt,-1.0,1.0
2025-07-27,101.0,2025-07-27 15:56:00-07:00,25,0.5,0.0,False,22.0,81.0,28.0,0.25,3.0,20.0,85.0,27.0,0.25,0.0,16.0,88.0,28.0,0.25,3.0,13.0,90.0,31.0,0.25,0.0,11.0,94.0,29.0,0.25,0.0,7.0,97.0,28.0,0.25,8.0,4.0,97.0,26.0,0.25,6.0,4.0,99.0,26.0,0.25,7.0,2.0,101.0,24.0,0.25,7.0,0.0,101.0,24.0,0.25,4.0,0.0,101.0,21.0,0.25,7.0,0.0,2025-07-27 15:56:00-07:00,15.933333333333334,0.25,0.0,0.0,0.25,0.0,0.0,476.0,0.25,0.0,0.0,0.0,0.2184873949579832,0.0,,,,,0.0,0.0,0.0,False,False,,,False,False,False,False,0.0,,120.0,15.0,False,,0.0,0.0,0.0,,31.0,False,7.0,6.0,3.0,4.0,False,3,102.0,MM,,YESTERDAY,2025-07-28T01:29:00-07:00,CLILAS_202507280829.txt,True,21.0,17.0,14.0,12.0,8.0,5.0,5.0,3.0,1.0,1.0,1.0,-1.0,True,101,2025-07-27T02:25:00-07:00,2025-07-27T06:00:00-07:00,3.583333333333333,PFMVEF_202507270925.txt,-1.0,1.0
2025-07-28,105.0,2025-07-28 14:56:00-07:00,26,0.25,0.0,False,18.0,85.0,24.0,0.0,0.0,20.0,88.0,26.0,0.0,0.0,17.0,91.0,25.0,0.0,0.0,14.0,95.0,25.0,0.0,4.0,10.0,98.0,24.0,0.0,6.0,7.0,99.0,22.0,0.25,3.0,6.0,101.0,20.0,0.25,3.0,4.0,105.0,17.0,0.25,10.0,0.0,105.0,17.0,0.25,10.0,0.0,105.0,15.0,0.25,6.0,0.0,105.0,20.0,0.25,8.0,0.0,2025-07-28 14:56:00-07:00,14.933333333333334,0.10714285714285714,0.0,0.0,0.07211538461538461,0.0,0.0,416.0,0.16666666666666666,0.0,0.0,0.0,0.0,0.0,,,,,0.0,0.0,0.0,False,False,,,False,False,False,False,0.0,,40.0,0.0,False,,0.0,0.0,0.0,,26.0,False,6.0,7.0,3.0,4.0,False,6,106.0,3:05 PM,,YESTERDAY,2025-07-29T01:27:00-07:00,CLILAS_202507290827.txt,True,21.0,18.0,15.0,11.0,8.0,7.0,5.0,1.0,1.0,1.0,1.0,-1.0,True,105,2025-07-28T02:25:00-07:00,2025-07-28T06:00:00-07:00,3.583333333333333,PFMVEF_202507280925.txt,-1.0,1.0
2025-07-29,105.0,2025-07-29 14:56:00-07:00,24,0.25,0.0,False,22.0,86.0,30.0,0.0,4.0,19.0,89.0,30.0,0.0,4.0,16.0,93.0,32.0,0.0,0.0,12.0,97.0,31.0,0.0,5.0,8.0,99.0,26.0,0.25,8.0,6.0,103.0,14.0,0.25,9.0,2.0,104.0,14.0,0.25,10.0,1.0,105.0,19.0,0.25,10.0,0.0,105.0,19.0,0.25,13.0,0.0,105.0,19.0,0.25,8.0,0.0,105.0,16.0,0.25,10.0,0.0,2025-07-29 14:56:00-07:00,14.933333333333334,0.14285714285714285,0.0,0.0,0.10817307692307693,0.0,0.0,416.0,0.25,0.0,0.0,0.0,0.0,0.0,,,,,0.0,0.0,0.0,False,False,,,False,False,False,False,0.0,,110.0,22.0,False,,0.0,0.0,0.0,,32.0,False,7.0,6.0,5.0,1.0,False,4,106.0,2:44 PM,,YESTERDAY,2025-07-30T01:41:00-07:00,CLILAS_202507300841.txt,True,20.0,17.0,13.0,9.0,7.0,3.0,2.0,1.0,1.0,1.0,1.0,-1.0,True,105,2025-07-29T02:25:00-07:00,2025-07-29T06:00:00-07:00,3.583333333333333,PFMVEF_202507290925.txt,-1.0,1.0
2025-07-30,102.0,2025-07-30 15:56:00-07:00,25,0.0,0.0,False,21.0,85.0,38.0,0.0,9.0,17.0,90.0,38.0,0.0,11.0,12.0,93.0,35.0,0.0,13.0,9.0,94.0,33.0,0.0,13.0,8.0,96.0,31.0,0.0,8.0,6.0,98.0,32.0,0.0,11.0,4.0,99.0,30.0,0.0,9.0,3.0,101.0,24.0,0.0,12.0,1.0,102.0,24.0,0.0,11.0,0.0,102.0,25.0,0.0,11.0,0.0,101.0,25.0,0.0,9.0,1.0,2025-07-30 15:56:00-07:00,15.933333333333334,0.0,0.0,0.0,0.0,0.0,0.0,476.0,0.0,0.0,0.0,0.0,0.0,0.0,,,,,0.0,0.0,0.0,False,False,,,False,False,False,False,0.0,,30.0,21.0,False,,0.0,0.0,0.0,,38.0,False,8.0,3.0,3.0,3.0,False,3,102.0,4:23 PM,,YESTERDAY,2025-07-31T01:24:00-07:00,CLILAS_202507310824.txt,True,17.0,12.0,9.0,8.0,6.0,4.0,3.0,1.0,0.0,0.0,1.0,0.0,True,103,2025-07-30T02:25:00-07:00,2025-07-30T06:00:00-07:00,3.583333333333333,PFMVEF_202507300925.txt,1.0,1.0
2025-07-31,104.0,2025-07-31 15:56:00-07:00,24,0.0,0.0,False,23.0,85.0,35.0,0.0,7.0,19.0,89.0,36.0,0.0,8.0,15.0,93.0,36.0,0.0,10.0,11.0,94.0,34.0,0.0,9.0,10.0,98.0,31.0,0.0,13.0,6.0,101.0,25.0,0.0,13.0,3.0,102.0,21.0,0.0,8.0,2.0,103.0,24.0,0.0,9.0,1.0,104.0,18.0,0.0,9.0,0.0,104.0,17.0,0.0,9.0,0.0,103.0,16.0,0.0,15.0,1.0,2025-07-31 15:56:00-07:00,15.933333333333334,0.0,0.0,0.0,0.0,0.0,0.0,476.0,0.0,0.0,0.0,0.0,0.0,0.0,,,,,0.0,0.0,0.0,False,False,,,False,False,False,False,0.0,,60.0,23.0,False,,0.0,0.0,0.0,,36.0,False,8.0,5.0,4.0,2.0,False,3,105.0,3:49 PM,,YESTERDAY,2025-08-01T01:32:00-07:00,CLILAS_202508010832.txt,True,20.0,16.0,12.0,11.0,7.0,4.0,3.0,2.0,1.0,1.0,2.0,-1.0,True,104,2025-07-31T02:26:00-07:00,2025-07-31T06:00:00-07:00,3.566666666666667,PFMVEF_202507310926.txt,-1.0,1.0
2025-08-01,105.0,2025-08-01 13:56:00-07:00,25,0.25,0.0,False,28.0,86.0,34.0,0.0,0.0,19.0,90.0,32.0,0.0,5.0,15.0,94.0,30.0,0.0,7.0,11.0,98.0,35.0,0.0,11.0,7.0,99.0,33.0,0.25,7.0,6.0,103.0,36.0,0.25,15.0,2.0,105.0,35.0,0.25,14.0,0.0,104.0,28.0,0.25,10.0,1.0,105.0,30.0,0.25,11.0,0.0,105.0,30.0,0.25,15.0,0.0,103.0,21.0,0.0,15.0,2.0,2025-08-01 13:56:00-07:00,13.933333333333334,0.125,0.0,0.0,0.08426966292134831,0.0,0.0,356.0,0.16666666666666666,0.0,0.0,0.0,0.08426966292134831,0.0,,,,,0.0,0.0,0.0,False,False,,,False,False,False,False,0.0,,150.0,28.0,False,,0.0,0.0,0.0,,36.0,False,8.0,5.0,6.0,0.0,False,6,106.0,2:47 PM,,YESTERDAY,2025-08-02T01:25:00-07:00,CLILAS_202508020825.txt,True,20.0,16.0,12.0,8.0,7.0,3.0,1.0,2.0,1.0,1.0,3.0,-1.0,True,106,2025-08-01T02:25:00-07:00,2025-08-01T06:00:00-07:00,3.583333333333333,PFMVEF_202508010925.txt,0.0,0.0
2025-08-02,105.0,2025-08-02 15:56:00-07:00,24,0.5,0.0,False,22.0,87.0,34.0,0.0,5.0,18.0,89.0,34.0,0.0,3.0,16.0,94.0,33.0,0.0,7.0,11.0,96.0,29.0,0.0,3.0,9.0,99.0,21.0,0.25,11.0,6.0,102.0,17.0,0.5,9.0,3.0,103.0,15.0,0.5,10.0,2.0,104.0,14.0,0.0,12.0,1.0,105.0,14.0,0.0,13.0,0.0,104.0,14.0,0.0,10.0,1.0,103.0,20.0,0.0,11.0,2.0,2025-08-02 15:56:00-07:00,15.933333333333334,0.15625,0.25,0.0,0.15756302521008403,120.0,0.0,476.0,0.3333333333333333,120.0,0.0,0.0,0.0,0.0,,2025-08-02T12:56:00-07:00,,180.0,0.0,0.0,0.0,False,False,,,False,False,False,False,0.0,,60.0,20.0,False,,0.0,0.0,0.0,,34.0,False,7.0,5.0,4.0,2.0,False,3,106.0,2:22 PM,,YESTERDAY,2025-08-03T01:23:00-07:00,CLILAS_202508030823.txt,True,19.0,17.0,12.0,10.0,7.0,4.0,3.0,2.0,1.0,2.0,3.0,-1.0,True,105,2025-08-02T02:25:00-07:00,2025-08-02T06:00:00-07:00,3.583333333333333,PFMVEF_202508020925.txt,-1.0,1.0
2025-08-03,106.0,2025-08-03 15:56:00-07:00,27,0.875,0.0,False,23.0,84.0,27.0,0.0,0.0,22.0,90.0,25.0,0.0,3.0,16.0,94.0,24.0,0.25,4.0,12.0,98.0,21.0,0.25,6.0,8.0,101.0,23.0,0.875,8.0,5.0,102.0,18.0,0.875,5.0,4.0,104.0,15.0,0.0,10.0,2.0,105.0,16.0,0.25,0.0,1.0,106.0,15.0,0.25,5.0,0.0,106.0,17.0,0.5,7.0,0.0,104.0,14.0,0.5,16.0,2.0,2025-08-03 15:56:00-07:00,15.933333333333334,0.48863636363636365,0.45454545454545453,0.45454545454545453,0.31512605042016806,120.0,120.0,476.0,0.375,60.0,0.0,0.0,0.0,0.0,25000.0,2025-08-03T11:56:00-07:00,2025-08-03T11:56:00-07:00,240.0,0.0,0.0,0.0,False,False,,,False,False,False,False,1.0,2025-08-03T12:08:00-07:00,120.0,21.0,False,,0.0,0.0,0.0,,25.0,False,10.0,7.0,3.0,2.0,False,3,107.0,3:44 PM,,YESTERDAY,2025-08-04T01:41:00-07:00,CLILAS_202508040841.txt,True,23.0,17.0,13.0,9.0,6.0,5.0,3.0,2.0,1.0,1.0,3.0,-1.0,True,107,2025-08-03T02:25:00-07:00,2025-08-03T06:00:00-07:00,3.583333333333333,PFMVEF_202508030925.txt,0.0,0.0
2025-08-04,102.0,2025-08-04 15:56:00-07:00,28,1.0,0.0,False,29.0,86.0,29.0,0.5,8.0,16.0,89.0,32.0,0.5,11.0,13.0,92.0,31.0,0.875,7.0,10.0,95.0,26.0,0.875,14.0,7.0,97.0,26.0,0.875,13.0,5.0,99.0,23.0,0.875,15.0,3.0,100.0,22.0,0.875,18.0,2.0,101.0,19.0,0.875,17.0,1.0,102.0,24.0,0.875,16.0,0.0,101.0,20.0,0.875,18.0,1.0,100.0,22.0,0.875,15.0,2.0,2025-08-04 15:56:00-07:00,15.933333333333334,0.8125,1.0,0.8333333333333334,0.805672268907563,476.0,388.0,476.0,0.875,180.0,0.2547268907563025,122.0,0.726890756302521,416.0,0.0,2025-08-04T08:56:00-07:00,2025-08-04T09:28:00-07:00,420.0,0.0,0.0,0.0,False,False,,,False,False,False,False,0.0,,20.0,27.0,False,,0.0,0.0,0.0,,32.0,False,6.0,5.0,3.0,2.0,False,3,102.0,3:23 PM,,YESTERDAY,2025-08-05T01:22:00-07:00,CLILAS_202508050822.txt,True,16.0,13.0,10.0,7.0,5.0,3.0,2.0,1.0,0.0,1.0,2.0,0.0,True,105,2025-08-04T02:25:00-07:00,2025-08-04T06:00:00-07:00,3.583333333333333,PFMVEF_202508040925.txt,3.0,3.0
2025-08-05,106.0,2025-08-05 15:56:00-07:00,24,1.0,0.0,False,23.0,87.0,29.0,0.875,11.0,19.0,90.0,25.0,0.875,12.0,16.0,93.0,24.0,0.875,11.0,13.0,97.0,21.0,0.875,10.0,9.0,99.0,15.0,0.5,10.0,7.0,102.0,16.0,0.875,14.0,4.0,105.0,15.0,0.5,13.0,1.0,104.0,15.0,0.5,9.0,2.0,106.0,12.0,0.5,6.0,0.0,105.0,10.0,0.25,14.0,1.0,104.0,12.0,0.25,14.0,2.0,2025-08-05 15:56:00-07:00,15.933333333333334,0.6875,1.0,0.5,0.7331932773109243,476.0,296.0,476.0,0.625,180.0,0.40756302521008403,300.0,0.6418067226890757,476.0,20000.0,2025-08-05T08:56:00-07:00,2025-08-05T08:56:00-07:00,420.0,0.0,0.0,0.0,False,False,,,False,False,False,False,1.0,2025-08-05T14:56:00-07:00,40.0,23.0,False,,0.0,0.0,0.0,,25.0,False,6.0,6.0,6.0,1.0,False,3,107.0,3:29 PM,,YESTERDAY,2025-08-06T01:23:00-07:00,CLILAS_202508060823.txt,True,20.0,17.0,14.0,10.0,8.0,5.0,2.0,3.0,1.0,2.0,3.0,-1.0,True,107,2025-08-05T02:25:00-07:00,2025-08-05T06:00:00-07:00,3.583333333333333,PFMVEF_202508050925.txt,0.0,0.0
2025-08-06,107.0,2025-08-06 14:56:00-07:00,24,0.25,0.0,False,25.0,89.0,36.0,0.25,8.0,18.0,93.0,35.0,0.25,5.0,14.0,97.0,31.0,0.25,8.0,10.0,100.0,25.0,0.25,9.0,7.0,102.0,21.0,0.25,10.0,5.0,105.0,19.0,0.25,16.0,2.0,106.0,25.0,0.25,14.0,1.0,107.0,22.0,0.25,9.0,0.0,107.0,25.0,0.25,11.0,0.0,106.0,23.0,0.25,10.0,1.0,105.0,26.0,0.25,15.0,2.0,2025-08-06 14:56:00-07:00,14.933333333333334,0.25,0.0,0.0,0.25,0.0,0.0,416.0,0.25,0.0,0.03365384615384615,0.0,0.25,0.0,,,,,0.0,0.0,0.0,False,False,,,False,False,False,False,0.0,,20.0,25.0,False,,0.0,0.0,0.0,,35.0,False,8.0,5.0,4.0,1.0,False,4,108.0,3:34 PM,,YESTERDAY,2025-08-07T01:25:00-07:00,CLILAS_202508070825.txt,True,19.0,15.0,11.0,8.0,6.0,3.0,2.0,1.0,1.0,2.0,3.0,-1.0,True,108,2025-08-06T02:25:00-07:00,2025-08-06T06:00:00-07:00,3.583333333333333,PFMVEF_202508060925.txt,0.0,0.0
2025-08-07,107.0,2025-08-07 14:56:00-07:00,24,0.5,0.0,False,35.0,92.0,32.0,0.5,12.0,15.0,96.0,31.0,0.25,8.0,11.0,99.0,33.0,0.25,12.0,8.0,102.0,33.0,0.25,13.0,5.0,103.0,35.0,0.25,13.0,4.0,105.0,35.0,0.25,14.0,2.0,105.0,32.0,0.25,15.0,2.0,107.0,29.0,0.25,19.0,0.0,106.0,30.0,0.5,17.0,1.0,106.0,29.0,0.25,13.0,1.0,104.0,31.0,0.25,14.0,3.0,2025-08-07 14:56:00-07:00,14.933333333333334,0.25,0.0,0.0,0.28365384615384615,56.0,0.0,416.0,0.25,0.0,0.0,0.0,0.0,0.0,,,,,0.0,0.0,0.0,False,False,,,False,False,False,False,0.0,,40.0,35.0,False,,0.0,0.0,0.0,,35.0,False,7.0,4.0,2.0,1.0,False,4,107.0,4:04 PM,,YESTERDAY,2025-08-08T01:24:00-07:00,CLILAS_202508080824.txt,True,15.0,11.0,8.0,5.0,4.0,2.0,2.0,0.0,1.0,1.0,3.0,0.0,True,109,2025-08-07T02:25:00-07:00,2025-08-07T06:00:00-07:00,3.583333333333333,PFMVEF_202508070925.txt,2.0,2.0
2025-08-08,108.0,2025-08-08 13:56:00-07:00,25,0.5,0.0,False,31.0,93.0,31.0,0.25,10.0,15.0,97.0,27.0,0.25,7.0,11.0,101.0,16.0,0.25,13.0,7.0,104.0,13.0,0.25,15.0,4.0,106.0,14.0,0.25,17.0,2.0,106.0,19.0,0.0,21.0,2.0,108.0,21.0,0.0,19.0,0.0,108.0,25.0,0.0,19.0,0.0,108.0,28.0,0.0,18.0,0.0,107.0,30.0,0.0,14.0,1.0,107.0,30.0,0.0,16.0,1.0,2025-08-08 13:56:00-07:00,13.933333333333334,0.16666666666666666,0.0,0.0,0.20786516853932585,0.0,0.0,356.0,0.16666666666666666,0.0,0.20786516853932585,0.0,0.20786516853932585,0.0,,,,,0.0,0.0,0.0,False,False,,,False,False,False,False,0.0,,30.0,30.0,False,,0.0,0.0,0.0,,27.0,False,8.0,5.0,2.0,0.0,False,6,110.0,2:18 PM,,YESTERDAY,2025-08-09T01:44:00-07:00,CLILAS_202508090844.txt,True,17.0,13.0,9.0,6.0,4.0,4.0,2.0,2.0,2.0,3.0,3.0,-2.0,True,109,2025-08-08T02:25:00-07:00,2025-08-08T06:00:00-07:00,3.583333333333333,PFMVEF_202508080925.txt,-1.0,1.0
2025-08-09,108.0,2025-08-09 13:56:00-07:00,25,0.25,0.0,False,29.0,92.0,33.0,0.0,0.0,16.0,95.0,33.0,0.0,3.0,13.0,97.0,31.0,0.0,0.0,11.0,100.0,30.0,0.0,3.0,8.0,103.0,28.0,0.0,3.0,5.0,107.0,28.0,0.0,12.0,1.0,108.0,29.0,0.25,13.0,0.0,108.0,29.0,0.25,14.0,0.0,108.0,32.0,0.25,11.0,0.0,108.0,32.0,0.25,19.0,0.0,106.0,32.0,0.25,13.0,2.0,2025-08-09 13:56:00-07:00,13.933333333333334,0.041666666666666664,0.0,0.0,0.0,0.0,0.0,356.0,0.0,0.0,0.0,0.0,0.0,0.0,,,,,0.0,0.0,0.0,False,False,,,False,False,False,False,0.0,,10.0,22.0,False,,0.0,0.0,0.0,,33.0,False,5.0,6.0,5.0,0.0,False,6,109.0,2:52 PM,,YESTERDAY,2025-08-10T02:08:00-07:00,CLILAS_202508100908.txt,True,17.0,14.0,12.0,9.0,6.0,2.0,1.0,1.0,1.0,1.0,3.0,-1.0,True,109,2025-08-09T02:26:00-07:00,2025-08-09T06:00:00-07:00,3.566666666666667,PFMVEF_202508090926.txt,0.0,0.0
2025-08-10,109.0,2025-08-10 15:56:00-07:00,26,0.5,0.0,False,14.0,90.0,25.0,0.25,4.0,19.0,94.0,24.0,0.25,9.0,15.0,96.0,25.0,0.5,7.0,13.0,98.0,27.0,0.5,7.0,11.0,101.0,30.0,0.5,7.0,8.0,103.0,31.0,0.5,4.0,6.0,106.0,32.0,0.5,4.0,3.0,106.0,33.0,0.5,3.0,3.0,109.0,28.0,0.5,6.0,0.0,109.0,29.0,0.5,7.0,0.0,108.0,29.0,0.5,6.0,1.0,2025-08-10 15:56:00-07:00,15.933333333333334,0.4722222222222222,0.8888888888888888,0.0,0.43907563025210083,360.0,0.0,476.0,0.5,180.0,0.0,0.0,0.031512605042016806,0.0,,2025-08-10T09:56:00-07:00,,360.0,0.0,0.0,0.0,False,False,,,False,False,False,False,0.0,,150.0,14.0,False,,0.0,0.0,0.0,,33.0,False,6.0,5.0,5.0,3.0,False,3,110.0,3:31 PM,,YESTERDAY,2025-08-11T01:35:00-07:00,CLILAS_202508110835.txt,True,20.0,16.0,14.0,12.0,9.0,7.0,4.0,4.0,1.0,1.0,2.0,-1.0,True,110,2025-08-10T02:25:00-07:00,2025-08-10T06:00:00-07:00,3.583333333333333,PFMVEF_202508100925.txt,0.0,0.0
2025-08-11,108.0,2025-08-11 16:56:00-07:00,24,0.0,0.0,False,,90.0,33.0,0.0,4.0,18.0,93.0,30.0,0.0,0.0,15.0,97.0,31.0,0.0,6.0,11.0,100.0,26.0,0.0,4.0,8.0,101.0,25.0,0.0,3.0,7.0,103.0,25.0,0.0,5.0,5.0,104.0,25.0,0.0,0.0,4.0,106.0,26.0,0.0,5.0,2.0,107.0,27.0,0.0,3.0,1.0,108.0,28.0,0.0,0.0,0.0,108.0,28.0,0.0,0.0,0.0,2025-08-11 16:56:00-07:00,16.933333333333334,0.0,0.0,0.0,0.0,0.0,0.0,536.0,0.0,0.0,0.0,0.0,0.0,0.0,,,,,0.0,0.0,0.0,False,False,,,False,False,False,False,0.0,,140.0,0.0,False,,0.0,0.0,0.0,,31.0,False,7.0,4.0,3.0,3.0,False,2,109.0,5:08 PM,,YESTERDAY,2025-08-12T01:48:00-07:00,CLILAS_202508120848.txt,True,19.0,16.0,12.0,9.0,8.0,6.0,5.0,3.0,2.0,1.0,1.0,-1.0,True,109,2025-08-11T02:25:00-07:00,2025-08-11T06:00:00-07:00,3.583333333333333,PFMVEF_202508110925.txt,0.0,0.0
2025-08-12,112.0,2025-08-12 15:56:00-07:00,24,0.25,0.0,False,,93.0,31.0,0.25,0.0,19.0,96.0,32.0,0.0,0.0,16.0,98.0,34.0,0.0,3.0,14.0,100.0,35.0,0.25,5.0,12.0,103.0,36.0,0.25,5.0,9.0,105.0,37.0,0.25,5.0,7.0,107.0,37.0,0.25,5.0,5.0,108.0,33.0,0.25,4.0,4.0,112.0,30.0,0.25,6.0,0.0,111.0,28.0,0.25,9.0,1.0,109.0,29.0,0.25,5.0,3.0,2025-08-12 15:56:00-07:00,15.933333333333334,0.1875,0.0,0.0,0.1869747899159664,0.0,0.0,476.0,0.25,0.0,0.0,0.0,0.15756302521008403,0.0,,,,,0.0,0.0,0.0,False,False,,,False,False,False,False,0.0,,20.0,0.0,False,,0.0,0.0,0.0,,37.0,False,5.0,5.0,4.0,5.0,False,3,112.0,3:32 PM,,YESTERDAY,2025-08-13T01:30:00-07:00,CLILAS_202508130830.txt,True,19.0,16.0,14.0,12.0,9.0,7.0,5.0,4.0,0.0,1.0,3.0,0.0,True,111,2025-08-12T02:25:00-07:00,2025-08-12T06:00:00-07:00,3.583333333333333,PFMVEF_202508120925.txt,-1.0,1.0
2025-08-13,110.0,2025-08-13 14:00:00-07:00,25,0.5,0.0,False,23.0,92.0,38.0,0.5,3.0,18.0,95.0,37.0,0.25,0.0,15.0,98.0,38.0,0.25,0.0,12.0,103.0,40.0,0.25,5.0,7.0,106.0,39.0,0.25,5.0,4.0,107.0,37.0,0.25,5.0,3.0,110.0,35.0,0.25,9.0,0.0,110.0,34.0,0.25,11.0,0.0,109.0,34.0,0.25,10.0,1.0,109.0,33.0,0.25,12.0,1.0,107.0,32.0,0.25,13.0,3.0,2025-08-13 14:00:00-07:00,14.0,0.25,0.0,0.0,0.28888888888888886,56.0,0.0,360.0,0.25,0.0,0.0,0.0,0.25,0.0,,,,,0.0,0.0,0.0,False,False,,,False,False,False,False,0.0,,70.0,19.0,False,,0.0,0.0,0.0,,40.0,False,6.0,8.0,4.0,-1.0,False,5,111.0,2:52 PM,,YESTERDAY,2025-08-14T01:29:00-07:00,CLILAS_202508140829.txt,True,19.0,16.0,13.0,8.0,5.0,4.0,1.0,1.0,2.0,2.0,4.0,-1.0,True,110,2025-08-13T02:50:00-07:00,2025-08-13T06:00:00-07:00,3.1666666666666665,PFMVEF_202508130950.txt,-1.0,1.0
2025-08-14,106.0,2025-08-14 14:56:00-07:00,24,0.25,0.0,False,23.0,89.0,27.0,0.25,6.0,17.0,94.0,29.0,0.0,6.0,12.0,96.0,35.0,0.0,11.0,10.0,99.0,39.0,0.0,8.0,7.0,100.0,41.0,0.0,7.0,6.0,102.0,40.0,0.25,7.0,4.0,105.0,36.0,0.25,10.0,1.0,106.0,27.0,0.25,9.0,0.0,106.0,28.0,0.25,11.0,0.0,105.0,21.0,0.25,12.0,1.0,103.0,21.0,0.25,15.0,3.0,2025-08-14 14:56:00-07:00,14.933333333333334,0.10714285714285714,0.0,0.0,0.10576923076923077,0.0,0.0,416.0,0.16666666666666666,0.0,0.0,0.0,0.10576923076923077,0.0,,,,,0.0,0.0,0.0,False,False,,,False,False,False,False,0.0,,60.0,20.0,False,,0.0,0.0,0.0,,41.0,False,7.0,4.0,5.0,1.0,False,4,107.0,3:01 PM,,YESTERDAY,2025-08-15T01:24:00-07:00,CLILAS_202508150824.txt,True,18.0,13.0,11.0,8.0,7.0,5.0,2.0,1.0,1.0,2.0,4.0,-1.0,True,107,2025-08-14T02:25:00-07:00,2025-08-14T06:00:00-07:00,3.583333333333333,PFMVEF_202508140925.txt,0.0,0.0
2025-08-15,100.0,2025-08-15 15:56:00-07:00,25,0.5,0.0,False,23.0,87.0,41.0,0.0,9.0,13.0,89.0,40.0,0.0,10.0,11.0,92.0,40.0,0.0,9.0,8.0,93.0,50.0,0.25,10.0,7.0,94.0,52.0,0.25,10.0,6.0,95.0,53.0,0.25,9.0,5.0,97.0,54.0,0.25,12.0,3.0,98.0,54.0,0.25,14.0,2.0,100.0,49.0,0.25,8.0,0.0,100.0,46.0,0.25,13.0,0.0,99.0,46.0,0.5,10.0,1.0,2025-08-15 15:56:00-07:00,15.933333333333334,0.16666666666666666,0.0,0.0,0.15756302521008403,0.0,0.0,476.0,0.25,0.0,0.0,0.0,0.15756302521008403,0.0,,,,,0.0,0.0,0.0,False,False,,,False,False,False,True,0.0,,50.0,23.0,False,,0.0,0.0,0.0,,54.0,True,5.0,2.0,3.0,3.0,False,3,101.0,3:55 PM,,YESTERDAY,2025-08-16T01:23:00-07:00,CLILAS_202508160823.txt,True,14.0,12.0,9.0,8.0,7.0,6.0,4.0,3.0,1.0,1.0,2.0,-1.0,True,102,2025-08-15T02:25:00-07:00,2025-08-15T06:00:00-07:00,3.583333333333333,PFMVEF_202508150925.txt,1.0,1.0
2025-08-16,100.0,2025-08-16 17:56:00-07:00,26,0.875,0.0,False,22.0,84.0,57.0,0.5,7.0,16.0,88.0,54.0,0.5,8.0,12.0,89.0,51.0,0.25,7.0,11.0,92.0,48.0,0.0,6.0,8.0,93.0,48.0,0.25,7.0,7.0,95.0,46.0,0.25,5.0,5.0,97.0,46.0,0.5,7.0,3.0,97.0,43.0,0.5,0.0,3.0,99.0,39.0,0.5,5.0,1.0,99.0,38.0,0.875,3.0,1.0,100.0,38.0,0.875,8.0,0.0,2025-08-16 17:56:00-07:00,17.933333333333334,0.4375,0.5833333333333334,0.16666666666666666,0.41442953020134227,356.0,60.0,596.0,0.625,180.0,0.41442953020134227,356.0,0.41442953020134227,356.0,10000.0,2025-08-16T08:56:00-07:00,2025-08-16T16:56:00-07:00,540.0,0.0,0.0,0.0,False,False,,,False,False,False,False,0.0,,60.0,22.0,False,,0.0,0.0,0.0,,54.0,True,5.0,4.0,4.0,2.0,False,1,100.0,5:13 PM,,YESTERDAY,2025-08-17T01:27:00-07:00,CLILAS_202508170827.txt,True,16.0,12.0,11.0,8.0,7.0,5.0,3.0,3.0,1.0,1.0,0.0,0.0,True,100,2025-08-16T02:25:00-07:00,2025-08-16T06:00:00-07:00,3.583333333333333,PFMVEF_202508160925.txt,0.0,0.0
2025-08-17,100.0,2025-08-17 14:56:00-07:00,24,0.0,0.0,False,21.0,84.0,44.0,0.0,10.0,16.0,87.0,44.0,0.0,9.0,13.0,92.0,40.0,0.0,8.0,8.0,93.0,39.0,0.0,12.0,7.0,95.0,37.0,0.0,4.0,5.0,98.0,36.0,0.0,11.0,2.0,98.0,35.0,0.0,7.0,2.0,100.0,33.0,0.0,8.0,0.0,100.0,30.0,0.0,7.0,0.0,100.0,35.0,0.0,7.0,0.0,100.0,33.0,0.0,9.0,0.0,2025-08-17 14:56:00-07:00,14.933333333333334,0.0,0.0,0.0,0.0,0.0,0.0,416.0,0.0,0.0,0.0,0.0,0.0,0.0,,,,,0.0,0.0,0.0,False,False,,,False,False,False,False,0.0,,50.0,21.0,False,,0.0,0.0,0.0,,44.0,False,8.0,3.0,3.0,2.0,False,4,101.0,3:31 PM,,YESTERDAY,2025-08-18T01:26:00-07:00,CLILAS_202508180826.txt,True,17.0,14.0,9.0,8.0,6.0,3.0,3.0,1.0,1.0,1.0,1.0,-1.0,True,101,2025-08-17T02:25:00-07:00,2025-08-17T06:00:00-07:00,3.583333333333333,PFMVEF_202508170925.txt,0.0,0.0
2025-08-18,103.0,2025-08-18 15:56:00-07:00,24,0.25,0.0,False,23.0,84.0,36.0,0.0,0.0,19.0,87.0,39.0,0.0,3.0,16.0,90.0,39.0,0.0,4.0,13.0,94.0,37.0,0.0,6.0,9.0,96.0,35.0,0.0,4.0,7.0,99.0,33.0,0.0,0.0,4.0,102.0,25.0,0.0,12.0,1.0,101.0,26.0,0.0,3.0,2.0,103.0,26.0,0.0,6.0,0.0,103.0,24.0,0.0,0.0,0.0,102.0,31.0,0.0,5.0,1.0,2025-08-18 15:56:00-07:00,15.933333333333334,0.0,0.0,0.0,0.0,0.0,0.0,476.0,0.0,0.0,0.0,0.0,0.0,0.0,,,,,0.0,0.0,0.0,False,False,,,False,False,False,False,1.0,2025-08-18T14:56:00-07:00,130.0,23.0,False,,0.0,0.0,0.0,,39.0,False,6.0,6.0,6.0,1.0,False,3,104.0,3:16 PM,,YESTERDAY,2025-08-19T01:50:00-07:00,CLILAS_202508190850.txt,True,20.0,17.0,14.0,10.0,8.0,5.0,2.0,3.0,1.0,1.0,2.0,-1.0,True,103,2025-08-18T02:25:00-07:00,2025-08-18T06:00:00-07:00,3.583333333333333,PFMVEF_202508180925.txt,-1.0,1.0
2025-08-19,106.0,2025-08-19 15:56:00-07:00,25,0.875,0.0,False,17.0,88.0,30.0,0.25,0.0,18.0,91.0,26.0,0.25,3.0,15.0,93.0,29.0,0.25,0.0,13.0,96.0,30.0,0.25,3.0,10.0,100.0,37.0,0.25,5.0,6.0,102.0,37.0,0.25,7.0,4.0,104.0,38.0,0.25,8.0,2.0,105.0,38.0,0.25,8.0,1.0,106.0,38.0,0.25,8.0,0.0,105.0,38.0,0.25,4.0,1.0,105.0,39.0,0.25,7.0,1.0,2025-08-19 15:56:00-07:00,15.933333333333334,0.25,0.0,0.0,0.25,0.0,0.0,476.0,0.25,0.0,0.25,0.0,0.25,0.0,,,,,0.0,0.0,0.0,False,False,,,False,False,False,False,0.0,,80.0,17.0,False,,0.0,0.0,0.0,,38.0,False,5.0,7.0,4.0,2.0,False,3,106.0,4:46 PM,,YESTERDAY,2025-08-20T01:27:00-07:00,CLILAS_202508200827.txt,True,18.0,15.0,13.0,10.0,6.0,4.0,2.0,1.0,0.0,1.0,1.0,0.0,True,106,2025-08-19T04:26:00-07:00,2025-08-19T06:00:00-07:00,1.5666666666666669,PFMVEF_202508191126.txt,0.0,0.0
2025-08-20,108.0,2025-08-20 16:56:00-07:00,25,0.875,0.0,False,17.0,90.0,38.0,0.875,0.0,18.0,94.0,35.0,0.5,3.0,14.0,96.0,37.0,0.5,3.0,12.0,99.0,32.0,0.875,3.0,9.0,102.0,34.0,0.875,6.0,6.0,104.0,38.0,0.875,6.0,4.0,105.0,40.0,0.875,8.0,3.0,107.0,41.0,0.875,8.0,1.0,105.0,41.0,0.5,3.0,3.0,108.0,41.0,0.5,10.0,0.0,107.0,41.0,0.5,8.0,1.0,2025-08-20 16:56:00-07:00,16.933333333333334,0.725,1.0,0.6,0.7490671641791045,536.0,356.0,536.0,0.75,180.0,0.0,0.0,0.3041044776119403,116.0,25000.0,2025-08-20T08:56:00-07:00,2025-08-20T10:56:00-07:00,480.0,0.0,0.0,0.0,False,False,,,False,False,False,False,2.0,2025-08-20T15:56:00-07:00,90.0,17.0,False,,0.0,0.0,0.0,,41.0,False,6.0,6.0,3.0,0.0,False,2,109.0,4:26 PM,,YESTERDAY,2025-08-21T01:37:00-07:00,CLILAS_202508210837.txt,True,19.0,15.0,13.0,10.0,7.0,5.0,4.0,2.0,4.0,1.0,2.0,-1.0,True,108,2025-08-20T02:25:00-07:00,2025-08-20T06:00:00-07:00,3.583333333333333,PFMVEF_202508200925.txt,-1.0,1.0
2025-08-21,110.0,2025-08-21 15:56:00-07:00,25,0.875,0.0,False,19.0,92.0,39.0,0.5,0.0,18.0,96.0,36.0,0.5,0.0,14.0,98.0,37.0,0.5,0.0,12.0,102.0,35.0,0.5,0.0,8.0,105.0,40.0,0.5,6.0,5.0,108.0,43.0,0.875,13.0,2.0,109.0,42.0,0.875,9.0,1.0,109.0,42.0,0.875,3.0,1.0,110.0,43.0,0.5,3.0,0.0,108.0,43.0,0.5,0.0,2.0,108.0,43.0,0.5,11.0,2.0,2025-08-21 15:56:00-07:00,15.933333333333334,0.625,1.0,0.3333333333333333,0.6418067226890757,476.0,180.0,476.0,0.875,180.0,0.0,0.0,0.25,0.0,25000.0,2025-08-21T08:56:00-07:00,2025-08-21T12:56:00-07:00,420.0,0.0,0.0,0.0,False,False,,,False,False,False,False,0.0,,130.0,19.0,False,,0.0,0.0,0.0,,43.0,False,6.0,7.0,4.0,1.0,False,3,110.0,4:13 PM,,YESTERDAY,2025-08-22T01:42:00-07:00,CLILAS_202508220842.txt,True,18.0,14.0,12.0,8.0,5.0,2.0,1.0,1.0,0.0,2.0,2.0,0.0,True,110,2025-08-21T02:45:00-07:00,2025-08-21T06:00:00-07:00,3.25,PFMVEF_202508210945.txt,0.0,0.0
2025-08-22,104.0,2025-08-22 12:56:00-07:00,25,0.875,0.0,True,18.0,91.0,47.0,0.5,0.0,13.0,94.0,46.0,0.875,0.0,10.0,98.0,45.0,0.875,0.0,6.0,102.0,45.0,0.875,3.0,2.0,102.0,48.0,0.875,9.0,2.0,104.0,52.0,0.875,15.0,0.0,103.0,50.0,0.875,10.0,1.0,104.0,49.0,0.875,5.0,0.0,103.0,49.0,0.875,8.0,1.0,102.0,50.0,0.875,0.0,2.0,103.0,49.0,0.875,5.0,1.0,2025-08-22 12:56:00-07:00,12.933333333333334,0.875,1.0,1.0,0.8040540540540541,296.0,240.0,296.0,0.875,180.0,0.20270270270270271,120.0,0.652027027027027,296.0,20000.0,2025-08-22T08:56:00-07:00,2025-08-22T08:56:00-07:00,240.0,0.0,0.0,0.0,False,False,,,True,True,False,True,0.0,,30.0,0.0,False,,0.0,0.0,0.0,,52.0,True,7.0,4.0,1.0,0.0,False,7,105.0,12:18 PM,,YESTERDAY,2025-08-23T01:22:00-07:00,CLILAS_202508230822.txt,True,14.0,11.0,7.0,3.0,3.0,1.0,2.0,1.0,2.0,3.0,2.0,-1.0,True,109,2025-08-22T02:25:00-07:00,2025-08-22T06:00:00-07:00,3.583333333333333,PFMVEF_202508220925.txt,4.0,4.0
2025-08-23,106.0,2025-08-23 16:56:00-07:00,24,0.875,0.0,False,18.0,91.0,52.0,0.875,3.0,15.0,95.0,52.0,0.875,3.0,11.0,98.0,50.0,0.875,4.0,8.0,100.0,50.0,0.875,4.0,6.0,101.0,50.0,0.875,3.0,5.0,103.0,51.0,0.875,3.0,3.0,104.0,51.0,0.875,4.0,2.0,104.0,50.0,0.875,6.0,2.0,104.0,49.0,0.875,3.0,2.0,106.0,49.0,0.875,4.0,0.0,104.0,50.0,0.875,11.0,2.0,2025-08-23 16:56:00-07:00,16.933333333333334,0.875,1.0,1.0,0.875,536.0,536.0,536.0,0.875,180.0,0.0,0.0,0.7210820895522388,476.0,19000.0,2025-08-23T08:56:00-07:00,2025-08-23T08:56:00-07:00,480.0,0.0,0.0,0.0,False,False,,,False,False,True,False,0.0,,140.0,0.0,False,,0.0,0.0,0.0,,52.0,True,7.0,3.0,3.0,0.0,False,2,106.0,3:58 PM,,YESTERDAY,2025-08-24T01:23:00-07:00,CLILAS_202508240823.txt,True,15.0,11.0,8.0,6.0,5.0,3.0,2.0,2.0,2.0,0.0,2.0,0.0,True,106,2025-08-23T02:25:00-07:00,2025-08-23T06:00:00-07:00,3.583333333333333,PFMVEF_202508230925.txt,0.0,0.0
2025-08-24,101.0,2025-08-24 12:56:00-07:00,29,0.875,0.0,True,25.0,90.0,52.0,0.5,3.0,11.0,92.0,52.0,0.875,3.0,9.0,94.0,53.0,0.875,5.0,7.0,96.0,53.0,0.875,0.0,5.0,99.0,53.0,0.875,3.0,2.0,101.0,52.0,0.5,0.0,0.0,97.0,48.0,0.875,11.0,4.0,97.0,50.0,0.875,8.0,4.0,101.0,49.0,0.875,9.0,0.0,99.0,49.0,0.875,3.0,2.0,99.0,47.0,0.875,4.0,2.0,2025-08-24 12:56:00-07:00,12.933333333333334,0.8,1.0,0.8,0.8040540540540541,296.0,240.0,296.0,0.875,180.0,0.25,0.0,0.8040540540540541,296.0,20000.0,2025-08-24T08:56:00-07:00,2025-08-24T08:56:00-07:00,240.0,0.0,0.0,0.0,False,False,,,False,True,True,True,0.0,,0.0,0.0,False,,0.0,0.0,0.0,,53.0,True,4.0,5.0,-2.0,4.0,True,10,102.0,11:55 AM,,YESTERDAY,2025-08-25T01:23:00-07:00,CLILAS_202508250823.txt,True,12.0,10.0,8.0,6.0,3.0,1.0,5.0,5.0,1.0,3.0,3.0,-1.0,True,104,2025-08-24T02:25:00-07:00,2025-08-24T06:00:00-07:00,3.583333333333333,PFMVEF_202508240925.txt,2.0,2.0
2025-08-25,92.0,2025-08-25 12:56:00-07:00,24,1.0,0.0,False,26.0,88.0,55.0,0.5,4.0,4.0,90.0,55.0,0.875,0.0,2.0,90.0,56.0,0.875,5.0,2.0,90.0,55.0,0.875,3.0,2.0,91.0,55.0,0.875,3.0,1.0,92.0,55.0,0.875,5.0,0.0,90.0,56.0,1.0,7.0,2.0,87.0,52.0,1.0,10.0,5.0,89.0,51.0,0.875,6.0,3.0,90.0,51.0,0.875,4.0,2.0,89.0,52.0,0.875,5.0,3.0,2025-08-25 12:56:00-07:00,12.933333333333334,0.875,1.0,1.0,0.8040540540540541,296.0,240.0,296.0,0.875,180.0,0.4527027027027027,240.0,0.7280405405405406,296.0,15000.0,2025-08-25T08:56:00-07:00,2025-08-25T08:56:00-07:00,240.0,0.0,0.0,0.0,False,False,,,False,False,True,True,0.0,,50.0,0.0,False,,0.0,0.0,0.0,,56.0,True,2.0,1.0,-1.0,-1.0,True,6,92.0,12:12 PM,,YESTERDAY,2025-08-26T01:23:00-07:00,CLILAS_202508260823.txt,True,4.0,2.0,2.0,2.0,1.0,0.0,2.0,5.0,3.0,2.0,3.0,0.0,True,98,2025-08-25T02:25:00-07:00,2025-08-25T06:00:00-07:00,3.583333333333333,PFMVEF_202508250925.txt,6.0,6.0
2025-08-26,91.0,2025-08-26 13:56:00-07:00,28,1.0,0.0,True,26.0,77.0,61.0,1.0,12.0,14.0,78.0,61.0,0.875,7.0,13.0,79.0,62.0,0.875,0.0,12.0,81.0,62.0,0.875,4.0,10.0,85.0,61.0,0.5,3.0,6.0,88.0,60.0,0.5,5.0,3.0,91.0,57.0,0.5,9.0,0.0,88.0,58.0,0.875,8.0,3.0,87.0,55.0,0.875,10.0,4.0,88.0,58.0,0.875,8.0,3.0,87.0,54.0,0.875,8.0,4.0,2025-08-26 13:56:00-07:00,13.933333333333334,0.6875,1.0,0.5,0.7682584269662921,356.0,236.0,356.0,0.625,180.0,0.7050561797752809,356.0,0.7682584269662921,356.0,11000.0,2025-08-26T08:56:00-07:00,2025-08-26T08:56:00-07:00,300.0,0.0,0.0,0.0,False,False,,,False,True,False,True,0.0,,80.0,0.0,False,,0.0,0.0,0.0,,62.0,True,2.0,6.0,6.0,-4.0,False,7,92.0,1:09 PM,,YESTERDAY,2025-08-27T01:22:00-07:00,CLILAS_202508270822.txt,True,15.0,14.0,13.0,11.0,7.0,4.0,1.0,4.0,5.0,4.0,5.0,-1.0,True,89,2025-08-26T02:25:00-07:00,2025-08-26T06:00:00-07:00,3.583333333333333,PFMVEF_202508260925.txt,-3.0,3.0
2025-08-27,98.0,2025-08-27 15:56:00-07:00,25,0.875,0.0,False,,79.0,59.0,0.25,3.0,19.0,80.0,57.0,0.25,5.0,18.0,82.0,57.0,0.25,4.0,16.0,85.0,56.0,0.25,5.0,13.0,88.0,55.0,0.25,3.0,10.0,89.0,54.0,0.25,3.0,9.0,94.0,50.0,0.25,5.0,4.0,96.0,43.0,0.25,5.0,2.0,98.0,37.0,0.5,9.0,0.0,97.0,33.0,0.5,0.0,1.0,97.0,26.0,0.875,8.0,1.0,2025-08-27 15:56:00-07:00,15.933333333333334,0.28125,0.125,0.0,0.25,0.0,0.0,476.0,0.25,0.0,0.15756302521008403,0.0,0.25,0.0,,2025-08-27T15:56:00-07:00,,0.0,0.0,0.0,0.0,False,False,,,False,False,True,False,0.0,,160.0,0.0,False,,0.0,0.0,0.0,,57.0,True,3.0,6.0,6.0,4.0,False,3,98.0,4:26 PM,,YESTERDAY,2025-08-28T01:22:00-07:00,CLILAS_202508280822.txt,True,19.0,18.0,16.0,13.0,10.0,9.0,4.0,2.0,0.0,1.0,1.0,0.0,True,95,2025-08-27T02:25:00-07:00,2025-08-27T06:00:00-07:00,3.583333333333333,PFMVEF_202508270925.txt,-3.0,3.0
2025-08-28,93.0,2025-08-28 14:56:00-07:00,24,1.0,0.0,False,18.0,80.0,36.0,0.875,4.0,13.0,83.0,38.0,0.875,0.0,10.0,87.0,46.0,0.875,5.0,6.0,89.0,46.0,0.875,4.0,4.0,89.0,46.0,0.875,0.0,4.0,91.0,47.0,0.875,4.0,2.0,92.0,47.0,1.0,4.0,1.0,93.0,44.0,1.0,6.0,0.0,93.0,36.0,1.0,7.0,0.0,91.0,40.0,1.0,10.0,2.0,89.0,44.0,1.0,10.0,4.0,2025-08-28 14:56:00-07:00,14.933333333333334,0.9107142857142857,1.0,1.0,0.8930288461538461,416.0,416.0,416.0,0.9166666666666666,180.0,0.14423076923076922,0.0,0.3762019230769231,120.0,16000.0,2025-08-28T08:56:00-07:00,2025-08-28T08:56:00-07:00,360.0,0.0,0.0,0.0,False,False,,,False,False,False,False,0.0,,60.0,0.0,False,,0.0,0.0,0.0,,47.0,False,7.0,2.0,3.0,1.0,False,4,94.0,3:04 PM,,YESTERDAY,2025-08-29T01:24:00-07:00,CLILAS_202508290824.txt,True,14.0,11.0,7.0,5.0,5.0,3.0,2.0,1.0,1.0,3.0,5.0,-1.0,True,94,2025-08-28T02:25:00-07:00,2025-08-28T06:00:00-07:00,3.583333333333333,PFMVEF_202508280925.txt,0.0,0.0
2025-08-29,93.0,2025-08-29 17:56:00-07:00,24,1.0,0.0,False,17.0,76.0,58.0,0.25,3.0,17.0,79.0,58.0,0.25,0.0,14.0,81.0,57.0,0.25,3.0,12.0,83.0,56.0,0.25,3.0,10.0,85.0,55.0,0.25,4.0,8.0,88.0,53.0,0.25,3.0,5.0,91.0,49.0,0.25,8.0,2.0,90.0,50.0,0.25,0.0,3.0,92.0,51.0,0.25,3.0,1.0,92.0,50.0,0.25,5.0,1.0,93.0,50.0,0.25,5.0,0.0,2025-08-29 17:56:00-07:00,17.933333333333334,0.25,0.0,0.0,0.25,0.0,0.0,596.0,0.25,0.0,0.25,0.0,0.25,0.0,,,,,0.0,0.0,0.0,False,False,,,False,False,False,False,1.0,2025-08-29T14:56:00-07:00,30.0,17.0,False,,0.0,0.0,0.0,,58.0,True,5.0,4.0,6.0,1.0,False,1,93.0,5:25 PM,,YESTERDAY,2025-08-30T01:25:00-07:00,CLILAS_202508300825.txt,True,17.0,14.0,12.0,10.0,8.0,5.0,2.0,3.0,1.0,1.0,0.0,0.0,True,95,2025-08-29T02:25:00-07:00,2025-08-29T06:00:00-07:00,3.583333333333333,PFMVEF_202508290925.txt,2.0,2.0
2025-08-30,99.0,2025-08-30 14:56:00-07:00,25,0.25,0.0,False,14.0,82.0,49.0,0.0,0.0,17.0,85.0,48.0,0.25,0.0,14.0,89.0,50.0,0.25,3.0,10.0,92.0,49.0,0.25,8.0,7.0,94.0,49.0,0.25,7.0,5.0,94.0,49.0,0.25,0.0,5.0,97.0,46.0,0.25,5.0,2.0,99.0,42.0,0.25,9.0,0.0,98.0,42.0,0.25,3.0,1.0,98.0,42.0,0.25,0.0,1.0,99.0,42.0,0.25,4.0,0.0,2025-08-30 14:56:00-07:00,14.933333333333334,0.25,0.0,0.0,0.21634615384615385,0.0,0.0,416.0,0.25,0.0,0.21634615384615385,0.0,0.21634615384615385,0.0,,,,,0.0,0.0,0.0,False,False,,,False,False,False,False,0.0,,30.0,0.0,False,,0.0,0.0,0.0,,50.0,True,7.0,5.0,3.0,1.0,False,5,100.0,4:39 PM,,YESTERDAY,2025-08-31T01:23:00-07:00,CLILAS_202508310823.txt,True,18.0,15.0,11.0,8.0,6.0,6.0,3.0,1.0,2.0,2.0,1.0,-1.0,True,100,2025-08-30T02:25:00-07:00,2025-08-30T06:00:00-07:00,3.583333333333333,PFMVEF_202508300925.txt,0.0,0.0
2025-08-31,102.0,2025-08-31 15:56:00-07:00,24,0.5,0.0,False,,85.0,42.0,0.5,0.0,17.0,88.0,41.0,0.25,0.0,14.0,93.0,40.0,0.25,4.0,9.0,97.0,40.0,0.25,7.0,5.0,97.0,41.0,0.25,5.0,5.0,99.0,41.0,0.25,0.0,3.0,101.0,41.0,0.25,6.0,1.0,101.0,41.0,0.25,4.0,1.0,102.0,41.0,0.25,5.0,0.0,102.0,40.0,0.25,6.0,0.0,102.0,38.0,0.25,6.0,0.0,2025-08-31 15:56:00-07:00,15.933333333333334,0.25,0.0,0.0,0.27941176470588236,56.0,0.0,476.0,0.25,0.0,0.058823529411764705,56.0,0.27941176470588236,56.0,,,,,0.0,0.0,0.0,False,False,,,False,False,False,False,0.0,,140.0,0.0,False,,0.0,0.0,0.0,,41.0,False,8.0,4.0,4.0,1.0,False,3,103.0,4:20 PM,,YESTERDAY,2025-09-01T01:40:00-07:00,CLILAS_202509010840.txt,True,18.0,15.0,10.0,6.0,6.0,4.0,2.0,2.0,1.0,1.0,1.0,-1.0,True,103,2025-08-31T02:25:00-07:00,2025-08-31T06:00:00-07:00,3.583333333333333,PFMVEF_202508310925.txt,0.0,0.0
2025-09-01,105.0,2025-09-01 15:56:00-07:00,25,0.875,0.0,False,16.0,87.0,41.0,0.5,6.0,18.0,91.0,40.0,0.25,3.0,14.0,94.0,39.0,0.25,6.0,11.0,97.0,39.0,0.25,5.0,8.0,99.0,40.0,0.25,3.0,6.0,100.0,42.0,0.25,3.0,5.0,104.0,42.0,0.25,3.0,1.0,104.0,42.0,0.25,6.0,1.0,105.0,44.0,0.25,8.0,0.0,105.0,42.0,0.25,8.0,0.0,104.0,42.0,0.25,3.0,1.0,2025-09-01 15:56:00-07:00,15.933333333333334,0.25,0.0,0.0,0.27941176470588236,56.0,0.0,476.0,0.25,0.0,0.0,0.0,0.27941176470588236,56.0,,,,,0.0,0.0,0.0,False,False,,,False,False,False,False,0.0,,70.0,0.0,False,,0.0,0.0,0.0,,44.0,False,7.0,5.0,5.0,1.0,False,3,106.0,3:02 PM,,YESTERDAY,2025-09-02T01:41:00-07:00,CLILAS_202509020841.txt,True,19.0,15.0,12.0,9.0,7.0,6.0,2.0,2.0,1.0,1.0,2.0,-1.0,True,104,2025-09-01T02:25:00-07:00,2025-09-01T06:00:00-07:00,3.583333333333333,PFMVEF_202509010925.txt,-2.0,2.0
2025-09-02,95.0,2025-09-02 09:56:00-07:00,20,1.0,0.0,False,31.0,89.0,52.0,0.875,9.0,6.0,93.0,49.0,0.875,4.0,2.0,95.0,49.0,1.0,4.0,0.0,92.0,52.0,1.0,20.0,3.0,91.0,53.0,1.0,21.0,4.0,92.0,52.0,1.0,16.0,3.0,93.0,50.0,1.0,13.0,2.0,93.0,49.0,1.0,13.0,2.0,94.0,50.0,1.0,12.0,1.0,,,,,,,,,,,2025-09-02 09:56:00-07:00,9.933333333333334,0.9375,1.0,1.0,0.875,116.0,116.0,116.0,0.875,116.0,0.25,0.0,0.875,116.0,13000.0,2025-09-02T08:56:00-07:00,2025-09-02T08:56:00-07:00,60.0,0.0,0.0,0.0,False,False,,,False,False,False,True,0.0,,0.0,0.0,False,,0.0,0.0,0.0,,49.0,False,6.0,-4.0,2.0,1.0,True,6,96.0,9:26 AM,,YESTERDAY,2025-09-03T01:59:00-07:00,CLILAS_202509030859.txt,True,7.0,3.0,1.0,4.0,5.0,4.0,3.0,3.0,2.0,,,-1.0,True,101,2025-09-02T02:25:00-07:00,2025-09-02T06:00:00-07:00,3.583333333333333,PFMVEF_202509020925.txt,5.0,5.0
2025-09-03,96.0,2025-09-03 15:56:00-07:00,27,1.0,0.0,False,22.0,80.0,57.0,0.875,5.0,16.0,83.0,54.0,0.875,5.0,13.0,83.0,54.0,0.875,0.0,13.0,86.0,54.0,0.875,7.0,10.0,90.0,53.0,0.875,5.0,6.0,91.0,53.0,0.5,4.0,5.0,93.0,52.0,0.5,,3.0,95.0,52.0,0.5,,1.0,96.0,51.0,0.5,,0.0,96.0,50.0,0.5,11.0,0.0,95.0,51.0,0.875,13.0,1.0,2025-09-03 15:56:00-07:00,15.933333333333334,0.6875,1.0,0.5,0.7331932773109243,476.0,296.0,476.0,0.5,180.0,0.582983193277311,420.0,0.7331932773109243,476.0,12000.0,2025-09-03T08:56:00-07:00,2025-09-03T08:56:00-07:00,420.0,0.0,0.0,0.0,False,False,,,False,False,True,True,0.0,,130.0,0.0,False,,0.0,0.0,0.0,,54.0,True,3.0,7.0,3.0,3.0,False,6,97.0,4:00 PM,,YESTERDAY,2025-09-04T01:38:00-07:00,CLILAS_202509040838.txt,True,17.0,14.0,14.0,11.0,7.0,6.0,4.0,2.0,1.0,1.0,2.0,-1.0,True,94,2025-09-03T02:25:00-07:00,2025-09-03T06:00:00-07:00,3.583333333333333,PFMVEF_202509030925.txt,-3.0,3.0
2025-09-04,93.0,2025-09-04 11:56:00-07:00,25,0.875,0.0,False,23.0,83.0,54.0,0.5,3.0,10.0,86.0,54.0,0.5,9.0,7.0,86.0,55.0,0.5,5.0,7.0,88.0,55.0,0.5,0.0,5.0,93.0,56.0,0.5,8.0,0.0,90.0,55.0,0.875,0.0,3.0,91.0,56.0,0.875,6.0,2.0,91.0,55.0,0.875,5.0,2.0,92.0,56.0,0.875,10.0,1.0,93.0,53.0,0.875,8.0,0.0,93.0,54.0,0.5,7.0,0.0,2025-09-04 11:56:00-07:00,11.933333333333334,0.5,1.0,0.0,0.5,236.0,0.0,236.0,0.5,180.0,0.4364406779661017,176.0,0.5,236.0,,2025-09-04T08:56:00-07:00,,180.0,0.0,0.0,0.0,False,False,,,False,False,True,True,0.0,,10.0,15.0,False,,0.0,0.0,0.0,,56.0,True,3.0,7.0,-2.0,1.0,True,8,94.0,4:54 PM,,YESTERDAY,2025-09-05T01:27:00-07:00,CLILAS_202509050827.txt,True,11.0,8.0,8.0,6.0,1.0,4.0,3.0,3.0,2.0,1.0,1.0,-1.0,True,96,2025-09-04T02:25:00-07:00,2025-09-04T06:00:00-07:00,3.583333333333333,PFMVEF_202509040925.txt,2.0,2.0
2025-09-05,93.0,2025-09-05 15:56:00-07:00,27,0.875,0.0,False,31.0,75.0,57.0,0.875,4.0,18.0,79.0,55.0,0.5,5.0,14.0,82.0,54.0,0.5,8.0,11.0,83.0,57.0,0.25,12.0,10.0,86.0,57.0,0.25,13.0,7.0,88.0,57.0,0.5,15.0,5.0,90.0,57.0,0.25,11.0,3.0,92.0,57.0,0.25,10.0,1.0,93.0,57.0,0.25,9.0,0.0,92.0,61.0,0.25,12.0,1.0,93.0,61.0,0.25,9.0,0.0,2025-09-05 15:56:00-07:00,15.933333333333334,0.325,0.3,0.0,0.4180672268907563,236.0,56.0,476.0,0.3333333333333333,60.0,0.27941176470588236,56.0,0.4180672268907563,236.0,,2025-09-05T08:56:00-07:00,,420.0,0.0,0.0,0.0,False,False,,,False,False,True,True,0.0,,50.0,24.0,False,,0.0,0.0,0.0,,57.0,True,7.0,4.0,4.0,3.0,False,3,94.0,3:09 PM,,YESTERDAY,2025-09-06T01:35:00-07:00,CLILAS_202509060835.txt,True,19.0,15.0,12.0,11.0,8.0,6.0,4.0,2.0,1.0,2.0,1.0,-1.0,True,95,2025-09-05T02:25:00-07:00,2025-09-05T06:00:00-07:00,3.583333333333333,PFMVEF_202509050925.txt,1.0,1.0
2025-09-06,94.0,2025-09-06 14:33:00-07:00,29,0.875,0.0,True,20.0,74.0,59.0,0.25,8.0,20.0,77.0,59.0,0.25,3.0,17.0,81.0,58.0,0.25,0.0,13.0,83.0,58.0,0.25,5.0,11.0,86.0,59.0,0.25,5.0,8.0,90.0,61.0,0.5,10.0,4.0,93.0,61.0,0.5,11.0,1.0,94.0,61.0,0.5,12.0,0.0,92.0,57.0,0.5,10.0,2.0,92.0,59.0,0.5,10.0,2.0,92.0,60.0,0.25,8.0,2.0,2025-09-06 14:33:00-07:00,14.55,0.35714285714285715,0.42857142857142855,0.0,0.31170483460559795,97.0,0.0,393.0,0.38472222222222224,97.0,0.1736641221374046,0.0,0.31170483460559795,97.0,,2025-09-06T12:56:00-07:00,,97.0,0.0,0.0,0.0,False,False,,,True,True,True,True,0.0,,60.0,20.0,False,,0.0,0.0,0.0,,61.0,True,7.0,5.0,7.0,-1.0,False,7,95.0,1:53 PM,,YESTERDAY,2025-09-07T01:33:00-07:00,CLILAS_202509070833.txt,True,21.0,18.0,14.0,12.0,9.0,5.0,2.0,1.0,3.0,3.0,3.0,-1.0,True,97,2025-09-06T02:25:00-07:00,2025-09-06T06:00:00-07:00,3.583333333333333,PFMVEF_202509060925.txt,2.0,2.0
2025-09-07,99.0,2025-09-07 14:56:00-07:00,24,0.5,0.0,False,23.0,83.0,45.0,0.0,7.0,16.0,88.0,44.0,0.0,8.0,11.0,90.0,45.0,0.0,8.0,9.0,93.0,48.0,0.25,10.0,6.0,95.0,50.0,0.25,12.0,4.0,97.0,47.0,0.25,15.0,2.0,97.0,45.0,0.25,10.0,2.0,99.0,47.0,0.25,12.0,0.0,99.0,46.0,0.25,9.0,0.0,98.0,44.0,0.25,7.0,1.0,97.0,44.0,0.25,12.0,2.0,2025-09-07 14:56:00-07:00,14.933333333333334,0.17857142857142858,0.0,0.0,0.14423076923076922,0.0,0.0,416.0,0.25,0.0,0.10817307692307693,0.0,0.14423076923076922,0.0,,,,,0.0,0.0,0.0,False,False,,,False,False,False,False,0.0,,60.0,23.0,False,,0.0,0.0,0.0,,50.0,True,7.0,5.0,2.0,2.0,False,4,100.0,3:18 PM,,YESTERDAY,2025-09-08T01:27:00-07:00,CLILAS_202509080827.txt,True,17.0,12.0,10.0,7.0,5.0,3.0,3.0,1.0,1.0,2.0,3.0,-1.0,True,98,2025-09-07T02:20:00-07:00,2025-09-07T06:00:00-07:00,3.6666666666666665,PFMVEF_202509070920.txt,-2.0,2.0
2025-09-08,98.0,2025-09-08 14:56:00-07:00,25,0.25,0.0,False,26.0,84.0,48.0,0.25,8.0,14.0,86.0,47.0,0.25,10.0,12.0,89.0,45.0,0.25,11.0,9.0,92.0,42.0,0.25,11.0,6.0,94.0,38.0,0.25,14.0,4.0,95.0,38.0,0.25,14.0,3.0,97.0,37.0,0.25,12.0,1.0,98.0,36.0,0.25,12.0,0.0,98.0,30.0,0.25,13.0,0.0,97.0,30.0,0.25,11.0,1.0,96.0,21.0,0.25,10.0,2.0,2025-09-08 14:56:00-07:00,14.933333333333334,0.25,0.0,0.0,0.25,0.0,0.0,416.0,0.25,0.0,0.25,0.0,0.25,0.0,,,,,0.0,0.0,0.0,False,False,,,False,False,False,False,0.0,,40.0,26.0,False,,0.0,0.0,0.0,,47.0,False,5.0,5.0,3.0,1.0,False,5,98.0,3:39 PM,,YESTERDAY,2025-09-09T01:28:00-07:00,CLILAS_202509090828.txt,True,14.0,12.0,9.0,6.0,4.0,3.0,1.0,0.0,0.0,1.0,2.0,0.0,True,98,2025-09-08T02:25:00-07:00,2025-09-08T06:00:00-07:00,3.583333333333333,PFMVEF_202509080925.txt,0.0,0.0
2025-09-09,97.0,2025-09-09 15:56:00-07:00,24,0.25,0.0,False,25.0,80.0,34.0,0.25,10.0,17.0,83.0,35.0,0.25,14.0,14.0,86.0,35.0,0.25,13.0,11.0,90.0,31.0,0.25,13.0,7.0,93.0,29.0,0.25,11.0,4.0,94.0,25.0,0.25,16.0,3.0,95.0,21.0,0.25,11.0,2.0,96.0,22.0,0.25,7.0,1.0,97.0,20.0,0.25,12.0,0.0,96.0,20.0,0.25,7.0,1.0,93.0,23.0,0.25,18.0,4.0,2025-09-09 15:56:00-07:00,15.933333333333334,0.25,0.0,0.0,0.25,0.0,0.0,476.0,0.25,0.0,0.0,0.0,0.0,0.0,,,,,0.0,0.0,0.0,False,False,,,False,False,False,False,0.0,,50.0,25.0,False,,0.0,0.0,0.0,,35.0,False,6.0,7.0,2.0,2.0,False,3,97.0,3:05 PM,,YESTERDAY,2025-09-10T01:23:00-07:00,CLILAS_202509100823.txt,True,17.0,14.0,11.0,7.0,4.0,3.0,2.0,1.0,0.0,1.0,4.0,0.0,True,96,2025-09-09T02:25:00-07:00,2025-09-09T06:00:00-07:00,3.583333333333333,PFMVEF_202509090925.txt,-1.0,1.0
2025-09-10,93.0,2025-09-10 14:56:00-07:00,24,0.25,0.0,False,27.0,75.0,43.0,0.25,12.0,18.0,78.0,43.0,0.25,15.0,15.0,82.0,39.0,0.25,13.0,11.0,84.0,36.0,0.25,10.0,9.0,87.0,30.0,0.25,11.0,6.0,89.0,29.0,0.25,14.0,4.0,91.0,27.0,0.25,15.0,2.0,93.0,25.0,0.25,14.0,0.0,93.0,24.0,0.25,15.0,0.0,92.0,23.0,0.25,16.0,1.0,89.0,21.0,0.25,17.0,4.0,2025-09-10 14:56:00-07:00,14.933333333333334,0.25,0.0,0.0,0.25,0.0,0.0,416.0,0.25,0.0,0.0,0.0,0.25,0.0,,,,,0.0,0.0,0.0,False,False,,,False,False,False,False,0.0,,30.0,26.0,False,,0.0,0.0,0.0,,43.0,False,7.0,5.0,4.0,2.0,False,4,94.0,2:31 PM,,YESTERDAY,2025-09-11T01:23:00-07:00,CLILAS_202509110823.txt,True,19.0,16.0,12.0,10.0,7.0,5.0,3.0,1.0,1.0,2.0,5.0,-1.0,True,92,2025-09-10T02:20:00-07:00,2025-09-10T06:00:00-07:00,3.6666666666666665,PFMVEF_202509100920.txt,-2.0,2.0
2025-09-11,92.0,2025-09-11 15:56:00-07:00,24,0.5,0.0,False,20.0,72.0,46.0,0.5,10.0,20.0,76.0,45.0,0.25,12.0,16.0,79.0,42.0,0.25,7.0,13.0,82.0,35.0,0.25,7.0,10.0,85.0,31.0,0.25,13.0,7.0,87.0,29.0,0.25,9.0,5.0,89.0,29.0,0.25,6.0,3.0,91.0,25.0,0.25,9.0,1.0,92.0,25.0,0.25,9.0,0.0,91.0,25.0,0.25,12.0,1.0,89.0,26.0,0.25,9.0,3.0,2025-09-11 15:56:00-07:00,15.933333333333334,0.25,0.0,0.0,0.27941176470588236,56.0,0.0,476.0,0.25,0.0,0.0,0.0,0.27941176470588236,56.0,,,,,0.0,0.0,0.0,False,False,,,False,False,False,False,0.0,,60.0,19.0,False,,0.0,0.0,0.0,,45.0,False,7.0,6.0,4.0,3.0,False,3,92.0,3:37 PM,,YESTERDAY,2025-09-12T01:26:00-07:00,CLILAS_202509120826.txt,True,20.0,16.0,13.0,10.0,7.0,5.0,3.0,1.0,0.0,1.0,3.0,0.0,True,90,2025-09-11T02:25:00-07:00,2025-09-11T06:00:00-07:00,3.583333333333333,PFMVEF_202509110925.txt,-2.0,2.0
2025-09-12,90.0,2025-09-12 15:56:00-07:00,24,0.5,0.0,False,,74.0,38.0,0.25,0.0,16.0,76.0,40.0,0.25,3.0,14.0,80.0,41.0,0.0,0.0,10.0,83.0,39.0,0.0,4.0,7.0,85.0,34.0,0.0,3.0,5.0,87.0,33.0,0.25,4.0,3.0,88.0,34.0,0.25,5.0,2.0,89.0,32.0,0.25,0.0,1.0,90.0,32.0,0.25,7.0,0.0,90.0,32.0,0.25,3.0,0.0,89.0,32.0,0.25,4.0,1.0,2025-09-12 15:56:00-07:00,15.933333333333334,0.15625,0.0,0.0,0.15546218487394958,0.0,0.0,476.0,0.25,0.0,0.0,0.0,0.15546218487394958,0.0,,,,,0.0,0.0,0.0,False,False,,,False,False,False,False,0.0,,90.0,0.0,False,,0.0,0.0,0.0,,41.0,False,6.0,5.0,3.0,2.0,False,3,91.0,2:10 PM,,YESTERDAY,2025-09-13T01:25:00-07:00,CLILAS_202509130825.txt,True,17.0,15.0,11.0,8.0,6.0,4.0,3.0,2.0,1.0,1.0,2.0,-1.0,True,90,2025-09-12T02:20:00-07:00,2025-09-12T06:00:00-07:00,3.6666666666666665,PFMVEF_202509120920.txt,-1.0,1.0
2025-09-13,93.0,2025-09-13 15:56:00-07:00,24,0.25,0.0,False,15.0,77.0,35.0,0.0,5.0,16.0,79.0,35.0,0.25,0.0,14.0,82.0,35.0,0.25,3.0,11.0,84.0,34.0,0.25,5.0,9.0,86.0,34.0,0.25,5.0,7.0,87.0,34.0,0.25,3.0,6.0,91.0,33.0,0.25,5.0,2.0,91.0,31.0,0.25,3.0,2.0,93.0,31.0,0.25,5.0,0.0,93.0,31.0,0.25,8.0,0.0,92.0,30.0,0.0,3.0,1.0,2025-09-13 15:56:00-07:00,15.933333333333334,0.25,0.0,0.0,0.22058823529411764,0.0,0.0,476.0,0.25,0.0,0.0,0.0,0.22058823529411764,0.0,,,,,0.0,0.0,0.0,False,False,,,False,False,False,False,0.0,,50.0,0.0,False,,0.0,0.0,0.0,,35.0,False,5.0,4.0,5.0,2.0,False,3,93.0,4:49 PM,,YESTERDAY,2025-09-14T01:27:00-07:00,CLILAS_202509140827.txt,True,16.0,14.0,11.0,9.0,7.0,6.0,2.0,2.0,0.0,0.0,1.0,0.0,True,92,2025-09-13T02:20:00-07:00,2025-09-13T06:00:00-07:00,3.6666666666666665,PFMVEF_202509130920.txt,-1.0,1.0
2025-09-14,95.0,2025-09-14 15:56:00-07:00,25,0.0,0.0,False,16.0,77.0,37.0,0.0,3.0,18.0,80.0,35.0,0.0,3.0,15.0,83.0,36.0,0.0,0.0,12.0,85.0,36.0,0.0,3.0,10.0,89.0,37.0,0.0,7.0,6.0,91.0,35.0,0.0,4.0,4.0,92.0,35.0,0.0,3.0,3.0,94.0,34.0,0.0,5.0,1.0,95.0,31.0,0.0,3.0,0.0,95.0,30.0,0.0,8.0,0.0,94.0,28.0,0.0,8.0,1.0,2025-09-14 15:56:00-07:00,15.933333333333334,0.0,0.0,0.0,0.0,0.0,0.0,476.0,0.0,0.0,0.0,0.0,0.0,0.0,,,,,0.0,0.0,0.0,False,False,,,False,False,False,False,0.0,,0.0,15.0,False,,0.0,0.0,0.0,,37.0,False,6.0,6.0,3.0,3.0,False,3,96.0,4:30 PM,,YESTERDAY,2025-09-15T01:29:00-07:00,CLILAS_202509150829.txt,True,19.0,16.0,13.0,11.0,7.0,5.0,4.0,2.0,1.0,1.0,2.0,-1.0,True,95,2025-09-14T02:25:00-07:00,2025-09-14T06:00:00-07:00,3.583333333333333,PFMVEF_202509140925.txt,-1.0,1.0
2025-09-15,96.0,2025-09-15 16:56:00-07:00,27,0.0,0.0,False,20.0,77.0,34.0,0.0,0.0,19.0,81.0,34.0,0.0,0.0,15.0,84.0,36.0,0.0,4.0,12.0,87.0,33.0,0.0,3.0,9.0,91.0,33.0,0.0,5.0,5.0,93.0,32.0,0.0,8.0,3.0,93.0,31.0,0.0,4.0,3.0,95.0,30.0,0.0,6.0,1.0,95.0,31.0,0.0,10.0,1.0,96.0,31.0,0.0,3.0,0.0,95.0,31.0,0.0,5.0,1.0,2025-09-15 16:56:00-07:00,16.933333333333334,0.0,0.0,0.0,0.0,0.0,0.0,536.0,0.0,0.0,0.0,0.0,0.0,0.0,,,,,0.0,0.0,0.0,False,False,,,False,False,False,False,0.0,,70.0,16.0,False,,0.0,0.0,0.0,,36.0,False,7.0,7.0,2.0,2.0,False,3,97.0,2:53 PM,,YESTERDAY,2025-09-16T01:32:00-07:00,CLILAS_202509160832.txt,True,20.0,16.0,13.0,10.0,6.0,4.0,4.0,2.0,2.0,1.0,2.0,-1.0,True,96,2025-09-15T02:25:00-07:00,2025-09-15T06:00:00-07:00,3.583333333333333,PFMVEF_202509150925.txt,-1.0,1.0
2025-09-16,98.0,2025-09-16 14:56:00-07:00,24,0.0,0.0,False,,78.0,35.0,0.0,0.0,20.0,81.0,34.0,0.0,3.0,17.0,85.0,34.0,0.0,0.0,13.0,88.0,35.0,0.0,3.0,10.0,90.0,34.0,0.0,0.0,8.0,93.0,35.0,0.0,3.0,5.0,96.0,31.0,0.0,7.0,2.0,98.0,29.0,0.0,4.0,0.0,98.0,28.0,0.0,8.0,0.0,97.0,29.0,0.0,5.0,1.0,97.0,28.0,0.0,5.0,1.0,2025-09-16 14:56:00-07:00,14.933333333333334,0.0,0.0,0.0,0.0,0.0,0.0,416.0,0.0,0.0,0.0,0.0,0.0,0.0,,,,,0.0,0.0,0.0,False,False,,,False,False,False,False,0.0,,0.0,0.0,False,,0.0,0.0,0.0,,35.0,False,7.0,5.0,6.0,2.0,False,4,99.0,2:50 PM,,YESTERDAY,2025-09-17T01:41:00-07:00,CLILAS_202509170841.txt,True,21.0,18.0,14.0,11.0,9.0,6.0,3.0,1.0,1.0,2.0,2.0,-1.0,True,97,2025-09-16T02:25:00-07:00,2025-09-16T06:00:00-07:00,3.583333333333333,PFMVEF_202509160925.txt,-2.0,2.0
2025-09-17,97.0,2025-09-17 14:56:00-07:00,24,0.875,0.0,False,,79.0,34.0,0.0,0.0,18.0,84.0,33.0,0.25,3.0,13.0,87.0,32.0,0.25,4.0,10.0,90.0,32.0,0.25,3.0,7.0,92.0,31.0,0.25,3.0,5.0,95.0,31.0,0.25,3.0,2.0,95.0,31.0,0.5,0.0,2.0,97.0,30.0,0.5,6.0,0.0,97.0,30.0,0.5,0.0,0.0,97.0,29.0,0.5,0.0,0.0,96.0,29.0,0.5,4.0,1.0,2025-09-17 14:56:00-07:00,14.933333333333334,0.32142857142857145,0.2857142857142857,0.0,0.25240384615384615,60.0,0.0,416.0,0.3333333333333333,60.0,0.036057692307692304,0.0,0.036057692307692304,0.0,,2025-09-17T13:56:00-07:00,,60.0,0.0,0.0,0.0,False,False,,,False,False,False,False,0.0,,10.0,0.0,False,,0.0,0.0,0.0,,33.0,False,8.0,5.0,3.0,2.0,False,4,99.0,2:14 PM,,YESTERDAY,2025-09-18T01:32:00-07:00,CLILAS_202509180832.txt,True,20.0,15.0,12.0,9.0,7.0,4.0,4.0,2.0,2.0,2.0,3.0,-2.0,True,99,2025-09-17T02:20:00-07:00,2025-09-17T06:00:00-07:00,3.6666666666666665,PFMVEF_202509170920.txt,0.0,0.0
2025-09-18,86.0,2025-09-18 10:56:00-07:00,25,1.0,0.26,True,29.0,81.0,35.0,1.0,0.0,5.0,82.0,36.0,1.0,0.0,4.0,85.0,34.0,1.0,0.0,1.0,86.0,34.0,1.0,3.0,0.0,85.0,57.0,1.0,16.0,1.0,74.0,62.0,1.0,13.0,12.0,72.0,62.0,1.0,12.0,14.0,69.0,62.0,1.0,3.0,17.0,70.0,62.0,1.0,0.0,16.0,70.0,63.0,1.0,3.0,16.0,71.0,64.0,0.875,3.0,15.0,2025-09-18 10:56:00-07:00,10.933333333333334,1.0,1.0,1.0,1.0,176.0,176.0,176.0,1.0,176.0,0.08522727272727272,0.0,0.875,176.0,18000.0,2025-09-18T08:56:00-07:00,2025-09-18T08:56:00-07:00,120.0,0.24,0.0,0.24000000000000002,False,True,2025-09-18T14:56:00-07:00,,False,True,False,True,0.0,,0.0,0.0,False,,0.0,0.0,0.0,,36.0,False,4.0,0.0,-13.0,-2.0,True,8,88.0,10:33 AM,,YESTERDAY,2025-09-19T01:42:00-07:00,CLILAS_202509190842.txt,True,7.0,6.0,3.0,2.0,3.0,14.0,16.0,19.0,18.0,18.0,17.0,-2.0,True,89,2025-09-18T02:25:00-07:00,2025-09-18T06:00:00-07:00,3.583333333333333,PFMVEF_202509180925.txt,1.0,1.0
2025-09-19,84.0,2025-09-19 15:11:00-07:00,28,0.875,0.0,True,20.0,70.0,63.0,0.875,3.0,14.0,73.0,62.0,0.875,0.0,11.0,75.0,61.0,0.5,0.0,9.0,77.0,60.0,0.875,4.0,7.0,80.0,61.0,0.875,7.0,4.0,81.0,60.0,0.5,3.0,3.0,80.0,64.0,0.875,8.0,4.0,83.0,62.0,0.875,5.0,1.0,83.0,59.0,0.875,13.0,1.0,81.0,61.0,0.875,4.0,3.0,81.0,61.0,0.875,4.0,3.0,2025-09-19 15:11:00-07:00,15.183333333333334,0.8,1.0,0.8,0.8062645011600929,431.0,352.0,431.0,0.8354166666666667,180.0,0.3654292343387471,315.0,0.5,431.0,24000.0,2025-09-19T08:56:00-07:00,2025-09-19T08:56:00-07:00,375.0,0.0,0.0,0.0,False,False,,,True,True,True,True,4.200000000000003,2025-09-19T13:54:00-07:00,90.0,20.0,True,2025-09-19T13:54:00-07:00,4.200000000000003,20.0,10.0,77.0,64.4,True,5.0,5.0,0.0,3.0,True,5,84.0,2:38 PM,,YESTERDAY,2025-09-20T01:42:00-07:00,CLILAS_202509200842.txt,True,14.0,11.0,9.0,7.0,4.0,3.0,4.0,1.0,1.0,3.0,3.0,0.0,True,88,2025-09-19T02:25:00-07:00,2025-09-19T06:00:00-07:00,3.583333333333333,PFMVEF_202509190925.txt,4.0,4.0
2025-09-20,92.0,2025-09-20 16:56:00-07:00,24,0.5,0.0,False,,74.0,59.0,0.25,0.0,18.0,78.0,59.0,0.25,0.0,14.0,80.0,58.0,0.25,3.0,12.0,83.0,58.0,0.25,4.0,9.0,84.0,58.0,0.25,0.0,8.0,87.0,58.0,0.25,3.0,5.0,88.0,56.0,0.25,3.0,4.0,90.0,54.0,0.5,4.0,2.0,91.0,46.0,0.25,6.0,1.0,92.0,44.0,0.25,3.0,0.0,91.0,44.0,0.25,4.0,1.0,2025-09-20 16:56:00-07:00,16.933333333333334,0.2777777777777778,0.1111111111111111,0.0,0.27798507462686567,60.0,0.0,536.0,0.3333333333333333,60.0,0.22201492537313433,0.0,0.22201492537313433,0.0,,2025-09-20T14:56:00-07:00,,120.0,0.0,0.0,0.0,False,False,,,False,False,False,False,0.0,,0.0,0.0,False,,0.0,0.0,0.0,,59.0,True,6.0,4.0,4.0,3.0,False,2,93.0,3:46 PM,,YESTERDAY,2025-09-21T01:45:00-07:00,CLILAS_202509210845.txt,True,19.0,15.0,13.0,10.0,9.0,6.0,5.0,3.0,2.0,1.0,2.0,-1.0,True,92,2025-09-20T02:25:00-07:00,2025-09-20T06:00:00-07:00,3.583333333333333,PFMVEF_202509200925.txt,-1.0,1.0
2025-09-21,92.0,2025-09-21 13:56:00-07:00,24,1.0,0.0,False,14.0,75.0,50.0,0.25,0.0,17.0,80.0,48.0,0.25,0.0,12.0,83.0,48.0,0.25,0.0,9.0,85.0,48.0,0.25,4.0,7.0,88.0,48.0,0.25,3.0,4.0,91.0,44.0,0.5,9.0,1.0,92.0,42.0,0.875,6.0,0.0,92.0,40.0,0.875,10.0,0.0,92.0,41.0,0.875,8.0,0.0,92.0,34.0,0.875,10.0,0.0,89.0,42.0,0.875,10.0,3.0,2025-09-21 13:56:00-07:00,13.933333333333334,0.3958333333333333,0.3333333333333333,0.16666666666666666,0.29213483146067415,60.0,0.0,356.0,0.3333333333333333,60.0,0.0,0.0,0.29213483146067415,60.0,20000.0,2025-09-21T12:56:00-07:00,2025-09-21T13:56:00-07:00,60.0,0.0,0.0,0.0,False,False,,,False,False,False,False,0.0,,90.0,14.0,False,,0.0,0.0,0.0,,48.0,False,8.0,5.0,4.0,0.0,False,5,93.0,2:44 PM,,YESTERDAY,2025-09-22T01:27:00-07:00,CLILAS_202509220827.txt,True,18.0,13.0,10.0,8.0,5.0,2.0,1.0,1.0,1.0,1.0,4.0,-1.0,True,92,2025-09-21T02:25:00-07:00,2025-09-21T06:00:00-07:00,3.583333333333333,PFMVEF_202509210925.txt,-1.0,1.0
2025-09-22,91.0,2025-09-22 14:56:00-07:00,24,1.0,0.0,False,,75.0,47.0,0.25,4.0,16.0,77.0,48.0,0.25,0.0,14.0,79.0,47.0,0.5,4.0,12.0,82.0,46.0,0.25,3.0,9.0,85.0,44.0,0.25,0.0,6.0,88.0,43.0,0.25,6.0,3.0,89.0,42.0,0.25,4.0,2.0,91.0,42.0,0.25,3.0,0.0,91.0,42.0,0.25,4.0,0.0,91.0,41.0,0.25,0.0,0.0,90.0,40.0,0.25,0.0,1.0,2025-09-22 14:56:00-07:00,14.933333333333334,0.2857142857142857,0.14285714285714285,0.0,0.2860576923076923,60.0,0.0,416.0,0.25,0.0,0.14423076923076922,0.0,0.18028846153846154,0.0,,2025-09-22T09:56:00-07:00,,300.0,0.0,0.0,0.0,False,False,,,False,False,False,False,0.0,,80.0,0.0,False,,0.0,0.0,0.0,,48.0,False,4.0,6.0,4.0,2.0,False,4,92.0,2:16 PM,,YESTERDAY,2025-09-23T01:25:00-07:00,CLILAS_202509230825.txt,True,17.0,15.0,13.0,10.0,7.0,4.0,3.0,1.0,1.0,1.0,2.0,-1.0,True,93,2025-09-22T02:25:00-07:00,2025-09-22T06:00:00-07:00,3.583333333333333,PFMVEF_202509220925.txt,1.0,1.0
2025-09-23,93.0,2025-09-23 15:56:00-07:00,22,0.0,0.0,False,20.0,77.0,42.0,0.0,3.0,16.0,81.0,41.0,0.0,9.0,12.0,84.0,41.0,0.0,3.0,9.0,88.0,40.0,0.0,12.0,5.0,88.0,39.0,0.0,11.0,5.0,90.0,39.0,0.0,7.0,3.0,92.0,39.0,0.0,9.0,1.0,92.0,38.0,0.0,7.0,1.0,93.0,37.0,0.0,5.0,0.0,93.0,37.0,0.0,3.0,0.0,92.0,36.0,0.0,7.0,1.0,2025-09-23 15:56:00-07:00,15.933333333333334,0.0,0.0,0.0,0.0,0.0,0.0,476.0,0.0,0.0,0.0,0.0,0.0,0.0,,,,,0.0,0.0,0.0,False,False,,,False,False,False,False,0.0,,30.0,20.0,False,,0.0,0.0,0.0,,41.0,False,7.0,4.0,4.0,1.0,False,3,94.0,2:42 PM,,YESTERDAY,2025-09-24T01:40:00-07:00,CLILAS_202509240840.txt,True,17.0,13.0,10.0,6.0,6.0,4.0,2.0,2.0,1.0,1.0,2.0,-1.0,True,95,2025-09-23T02:20:00-07:00,2025-09-23T06:00:00-07:00,3.6666666666666665,PFMVEF_202509230920.txt,1.0,1.0
2025-09-24,94.0,2025-09-24 15:56:00-07:00,24,0.25,0.0,False,,76.0,33.0,0.0,3.0,18.0,81.0,31.0,0.0,6.0,13.0,85.0,32.0,0.0,12.0,9.0,87.0,33.0,0.0,12.0,7.0,88.0,33.0,0.0,6.0,6.0,90.0,34.0,0.25,7.0,4.0,92.0,34.0,0.25,7.0,2.0,93.0,36.0,0.25,4.0,1.0,94.0,36.0,0.25,6.0,0.0,93.0,39.0,0.25,3.0,1.0,93.0,41.0,0.25,3.0,1.0,2025-09-24 15:56:00-07:00,15.933333333333334,0.125,0.0,0.0,0.09453781512605042,0.0,0.0,476.0,0.25,0.0,0.09453781512605042,0.0,0.09453781512605042,0.0,,,,,0.0,0.0,0.0,False,False,,,False,False,False,False,0.0,,80.0,0.0,False,,0.0,0.0,0.0,,36.0,False,9.0,3.0,4.0,2.0,False,3,94.0,4:32 PM,,YESTERDAY,2025-09-25T01:27:00-07:00,CLILAS_202509250827.txt,True,18.0,13.0,9.0,7.0,6.0,4.0,2.0,1.0,0.0,1.0,1.0,0.0,True,94,2025-09-24T02:20:00-07:00,2025-09-24T06:00:00-07:00,3.6666666666666665,PFMVEF_202509240920.txt,0.0,0.0
2025-09-25,97.0,2025-09-25 15:56:00-07:00,26,0.875,0.0,True,27.0,83.0,40.0,0.5,0.0,14.0,85.0,40.0,0.875,0.0,12.0,88.0,39.0,0.5,5.0,9.0,90.0,38.0,0.5,6.0,7.0,91.0,39.0,0.5,6.0,6.0,94.0,43.0,0.25,6.0,3.0,95.0,44.0,0.5,4.0,2.0,95.0,47.0,0.5,8.0,2.0,97.0,39.0,0.5,14.0,0.0,96.0,28.0,0.5,14.0,1.0,92.0,41.0,0.5,18.0,5.0,2025-09-25 15:56:00-07:00,15.933333333333334,0.5125,0.9,0.1,0.520483193277311,425.0,60.0,476.0,0.42916666666666664,129.0,0.520483193277311,425.0,0.520483193277311,425.0,11000.0,2025-09-25T08:56:00-07:00,2025-09-25T08:56:00-07:00,420.0,0.0,0.0,0.0,False,False,,,True,False,True,True,1.0,2025-09-25T14:56:00-07:00,120.0,27.0,False,,0.0,0.0,0.0,,47.0,False,5.0,3.0,4.0,2.0,False,3,98.0,3:09 PM,,YESTERDAY,2025-09-26T01:25:00-07:00,CLILAS_202509260825.txt,True,15.0,13.0,10.0,8.0,7.0,4.0,3.0,3.0,1.0,2.0,6.0,-1.0,True,95,2025-09-25T02:25:00-07:00,2025-09-25T06:00:00-07:00,3.583333333333333,PFMVEF_202509250925.txt,-3.0,3.0
2025-09-26,89.0,2025-09-26 13:56:00-07:00,28,0.875,0.04,True,42.0,78.0,50.0,0.5,5.0,11.0,80.0,49.0,0.5,3.0,9.0,83.0,49.0,0.5,8.0,6.0,85.0,48.0,0.5,8.0,4.0,86.0,45.0,0.25,4.0,3.0,88.0,47.0,0.25,3.0,1.0,89.0,46.0,0.25,3.0,0.0,89.0,47.0,0.875,0.0,0.0,68.0,61.0,0.875,20.0,21.0,75.0,59.0,0.875,8.0,14.0,76.0,53.0,0.875,0.0,13.0,2025-09-26 13:56:00-07:00,13.933333333333334,0.40625,0.625,0.0,0.4157303370786517,236.0,0.0,356.0,0.3333333333333333,60.0,0.25,0.0,0.4157303370786517,236.0,,2025-09-26T08:56:00-07:00,,300.0,0.04,0.0,0.04,False,True,2025-09-26T15:56:00-07:00,,False,True,True,True,0.0,,40.0,16.0,False,,0.0,0.0,0.0,,49.0,False,5.0,3.0,3.0,-21.0,False,7,90.0,2:23 PM,,YESTERDAY,2025-09-27T01:29:00-07:00,CLILAS_202509270829.txt,True,12.0,10.0,7.0,5.0,4.0,2.0,1.0,1.0,22.0,15.0,14.0,-1.0,True,87,2025-09-26T02:25:00-07:00,2025-09-26T06:00:00-07:00,3.583333333333333,PFMVEF_202509260925.txt,-3.0,3.0
2025-09-27,85.0,2025-09-27 14:56:00-07:00,27,0.875,0.0,True,32.0,72.0,53.0,0.5,0.0,13.0,74.0,52.0,0.5,5.0,11.0,75.0,52.0,0.5,3.0,10.0,76.0,52.0,0.875,7.0,9.0,78.0,52.0,0.875,5.0,7.0,82.0,51.0,0.875,3.0,3.0,82.0,51.0,0.875,3.0,3.0,85.0,50.0,0.875,7.0,0.0,85.0,47.0,0.875,7.0,0.0,84.0,47.0,0.875,7.0,1.0,77.0,55.0,0.875,21.0,8.0,2025-09-27 14:56:00-07:00,14.933333333333334,0.7678571428571429,1.0,0.7142857142857143,0.7163461538461539,416.0,240.0,416.0,0.875,180.0,0.3581730769230769,180.0,0.5,416.0,24000.0,2025-09-27T08:56:00-07:00,2025-09-27T10:56:00-07:00,360.0,0.0,0.0,0.0,False,False,,,False,True,True,True,0.0,,50.0,0.0,False,,0.0,0.0,0.0,,52.0,True,3.0,3.0,4.0,3.0,False,6,86.0,4:38 PM,,YESTERDAY,2025-09-28T01:30:00-07:00,CLILAS_202509280830.txt,True,14.0,12.0,11.0,10.0,8.0,4.0,4.0,1.0,1.0,2.0,9.0,-1.0,True,84,2025-09-27T02:25:00-07:00,2025-09-27T06:00:00-07:00,3.583333333333333,PFMVEF_202509270925.txt,-2.0,2.0
2025-09-28,80.0,2025-09-28 14:56:00-07:00,24,1.0,0.0,False,,70.0,58.0,1.0,7.0,10.0,70.0,58.0,1.0,7.0,10.0,71.0,58.0,1.0,7.0,9.0,73.0,58.0,0.875,3.0,7.0,76.0,57.0,0.875,4.0,4.0,77.0,56.0,0.875,3.0,3.0,78.0,55.0,0.5,5.0,2.0,80.0,54.0,0.875,3.0,0.0,80.0,54.0,0.875,6.0,0.0,79.0,56.0,0.875,8.0,1.0,79.0,55.0,0.875,6.0,1.0,2025-09-28 14:56:00-07:00,14.933333333333334,0.8571428571428571,1.0,0.8571428571428571,0.8737980769230769,416.0,356.0,416.0,0.75,180.0,0.8737980769230769,416.0,0.8737980769230769,416.0,8000.0,2025-09-28T08:56:00-07:00,2025-09-28T08:56:00-07:00,360.0,0.0,0.0,0.0,False,False,,,False,False,True,False,0.0,,30.0,0.0,False,,0.0,0.0,0.0,,58.0,True,1.0,5.0,2.0,2.0,False,4,82.0,1:31 PM,,YESTERDAY,2025-09-29T01:29:00-07:00,CLILAS_202509290829.txt,True,12.0,12.0,11.0,9.0,6.0,5.0,4.0,2.0,2.0,3.0,3.0,-2.0,True,83,2025-09-28T02:25:00-07:00,2025-09-28T06:00:00-07:00,3.583333333333333,PFMVEF_202509280925.txt,1.0,1.0
2025-09-29,85.0,2025-09-29 15:56:00-07:00,25,0.875,0.0,False,15.0,72.0,56.0,0.0,0.0,13.0,74.0,56.0,0.0,3.0,11.0,76.0,55.0,0.25,4.0,9.0,77.0,55.0,0.25,4.0,8.0,79.0,54.0,0.25,5.0,6.0,81.0,54.0,0.25,6.0,4.0,83.0,53.0,0.25,4.0,2.0,84.0,52.0,0.25,8.0,1.0,85.0,51.0,0.25,8.0,0.0,85.0,52.0,0.25,9.0,0.0,84.0,52.0,0.25,8.0,1.0,2025-09-29 15:56:00-07:00,15.933333333333334,0.21875,0.0,0.0,0.18907563025210083,0.0,0.0,476.0,0.25,0.0,0.18907563025210083,0.0,0.18907563025210083,0.0,,,,,0.0,0.0,0.0,False,False,,,False,False,False,False,0.0,,60.0,0.0,False,,0.0,0.0,0.0,,56.0,True,4.0,3.0,4.0,2.0,False,3,86.0,3:38 PM,,YESTERDAY,2025-09-30T01:37:00-07:00,CLILAS_202509300837.txt,True,14.0,12.0,10.0,9.0,7.0,5.0,3.0,2.0,1.0,1.0,2.0,-1.0,True,87,2025-09-29T02:20:00-07:00,2025-09-29T06:00:00-07:00,3.6666666666666665,PFMVEF_202509290920.txt,1.0,1.0
2025-09-30,89.0,2025-09-30 15:56:00-07:00,24,0.875,0.0,False,24.0,75.0,55.0,0.5,7.0,14.0,78.0,53.0,0.25,6.0,11.0,81.0,54.0,0.25,9.0,8.0,84.0,49.0,0.25,12.0,5.0,86.0,40.0,0.25,14.0,3.0,88.0,41.0,0.25,11.0,1.0,88.0,41.0,0.25,14.0,1.0,88.0,37.0,0.25,12.0,1.0,89.0,37.0,0.25,12.0,0.0,88.0,30.0,0.25,15.0,1.0,85.0,30.0,0.25,12.0,4.0,2025-09-30 15:56:00-07:00,15.933333333333334,0.25,0.0,0.0,0.27941176470588236,56.0,0.0,476.0,0.25,0.0,0.25,0.0,0.27941176470588236,56.0,,,,,0.0,0.0,0.0,False,False,,,False,False,False,False,0.0,,20.0,23.0,False,,0.0,0.0,0.0,,54.0,True,6.0,5.0,2.0,1.0,False,3,89.0,3:00 PM,,YESTERDAY,2025-10-01T01:45:00-07:00,CLILAS_202510010845.txt,True,14.0,11.0,8.0,5.0,3.0,1.0,1.0,1.0,0.0,1.0,4.0,0.0,True,88,2025-09-30T02:20:00-07:00,2025-09-30T06:00:00-07:00,3.6666666666666665,PFMVEF_202509300920.txt,-1.0,1.0
2026-06-01,98.0,2026-06-01 16:56:00-07:00,25,0.25,0.0,False,,82.0,24.0,0.25,5.0,16.0,85.0,27.0,0.25,3.0,13.0,87.0,26.0,0.25,0.0,11.0,90.0,26.0,0.25,5.0,8.0,92.0,27.0,0.25,6.0,6.0,94.0,25.0,0.25,4.0,4.0,97.0,24.0,0.25,9.0,1.0,96.0,24.0,0.0,3.0,2.0,97.0,22.0,0.0,3.0,1.0,98.0,23.0,0.25,,0.0,97.0,24.0,0.25,5.0,1.0,2026-06-01 16:56:00-07:00,16.933333333333334,0.19444444444444445,0.0,0.0,0.19402985074626866,0.0,0.0,536.0,0.08333333333333333,0.0,0.08395522388059702,0.0,0.08395522388059702,0.0,,,,,0.0,0.0,0.0,False,False,,,False,False,False,False,1.0,2026-06-01T14:56:00-07:00,70.0,0.0,False,,0.0,0.0,0.0,,27.0,False,5.0,5.0,5.0,0.0,False,3,99.0,3:22 PM,,YESTERDAY,2026-06-02T01:32:00-07:00,CLILAS_202606020832.txt,True,17.0,14.0,12.0,9.0,7.0,5.0,2.0,3.0,2.0,1.0,2.0,-1.0,True,99,2026-06-01T03:00:00-07:00,2026-06-01T06:00:00-07:00,3.0,PFMVEF_202606011000.txt,0.0,0.0
2026-06-02,100.0,2026-06-02 16:56:00-07:00,27,0.875,0.0,False,15.0,82.0,30.0,0.25,4.0,18.0,85.0,30.0,0.25,0.0,15.0,89.0,30.0,0.25,3.0,11.0,92.0,32.0,0.25,4.0,8.0,95.0,31.0,0.25,9.0,5.0,95.0,28.0,0.25,4.0,5.0,96.0,27.0,0.5,4.0,4.0,99.0,26.0,0.875,7.0,1.0,98.0,27.0,0.875,3.0,2.0,100.0,26.0,0.875,6.0,0.0,98.0,26.0,0.875,3.0,2.0,2026-06-02 16:56:00-07:00,16.933333333333334,0.4431818181818182,0.36363636363636365,0.2727272727272727,0.417910447761194,180.0,120.0,536.0,0.75,180.0,0.055970149253731345,0.0,0.08395522388059702,0.0,25000.0,2026-06-02T13:56:00-07:00,2026-06-02T14:56:00-07:00,180.0,0.0,0.0,0.0,False,False,,,False,False,False,False,1.0,2026-06-02T15:56:00-07:00,60.0,15.0,False,,0.0,0.0,0.0,,32.0,False,7.0,6.0,1.0,2.0,False,3,101.0,2:36 PM,,YESTERDAY,2026-06-03T01:36:00-07:00,CLILAS_202606030836.txt,True,19.0,16.0,12.0,9.0,6.0,6.0,5.0,2.0,3.0,1.0,3.0,-1.0,True,101,2026-06-02T03:02:00-07:00,2026-06-02T06:00:00-07:00,2.966666666666667,PFMVEF_202606021002.txt,0.0,0.0
2026-06-03,102.0,2026-06-03 16:56:00-07:00,25,0.875,0.0,False,22.0,84.0,29.0,0.875,0.0,18.0,87.0,29.0,0.875,0.0,15.0,90.0,29.0,0.875,0.0,12.0,94.0,28.0,0.875,4.0,8.0,96.0,27.0,0.875,0.0,6.0,101.0,27.0,0.875,4.0,1.0,101.0,28.0,0.5,7.0,1.0,101.0,26.0,0.25,7.0,1.0,101.0,25.0,0.25,4.0,1.0,102.0,23.0,0.25,4.0,0.0,101.0,24.0,0.25,0.0,1.0,2026-06-03 16:56:00-07:00,16.933333333333334,0.6125,0.7,0.5,0.6930970149253731,416.0,356.0,536.0,0.3333333333333333,60.0,0.0,0.0,0.19402985074626866,60.0,25000.0,2026-06-03T08:56:00-07:00,2026-06-03T08:56:00-07:00,480.0,0.0,0.0,0.0,False,False,,,False,False,False,False,0.0,,120.0,15.0,False,,0.0,0.0,0.0,,29.0,False,6.0,6.0,5.0,0.0,False,2,103.0,4:30 PM,,YESTERDAY,2026-06-04T01:28:00-07:00,CLILAS_202606040828.txt,True,19.0,16.0,13.0,9.0,7.0,2.0,2.0,2.0,2.0,1.0,2.0,-1.0,True,103,2026-06-03T03:01:00-07:00,2026-06-03T06:00:00-07:00,2.9833333333333334,PFMVEF_202606031001.txt,0.0,0.0
2026-06-04,104.0,2026-06-04 15:56:00-07:00,24,0.0,0.0,False,20.0,86.0,29.0,0.0,0.0,18.0,89.0,32.0,0.0,5.0,15.0,93.0,31.0,0.0,5.0,11.0,95.0,32.0,0.0,3.0,9.0,100.0,28.0,0.0,8.0,4.0,101.0,21.0,0.0,6.0,3.0,102.0,22.0,0.0,6.0,2.0,103.0,21.0,0.0,3.0,1.0,104.0,21.0,0.0,10.0,0.0,104.0,22.0,0.0,6.0,0.0,103.0,25.0,0.0,9.0,1.0,2026-06-04 15:56:00-07:00,15.933333333333334,0.0,0.0,0.0,0.0,0.0,0.0,476.0,0.0,0.0,0.0,0.0,0.0,0.0,,,,,0.0,0.0,0.0,False,False,,,False,False,False,False,0.0,,100.0,18.0,False,,0.0,0.0,0.0,,32.0,False,7.0,7.0,2.0,2.0,False,3,105.0,3:06 PM,,YESTERDAY,2026-06-05T01:26:00-07:00,CLILAS_202606050826.txt,True,19.0,16.0,12.0,10.0,5.0,4.0,3.0,2.0,1.0,1.0,2.0,-1.0,True,106,2026-06-04T03:00:00-07:00,2026-06-04T06:00:00-07:00,3.0,PFMVEF_202606041000.txt,1.0,1.0
2026-06-05,104.0,2026-06-05 14:56:00-07:00,24,0.0,0.0,False,23.0,86.0,31.0,0.0,0.0,18.0,89.0,28.0,0.0,0.0,15.0,92.0,29.0,0.0,3.0,12.0,96.0,30.0,0.0,3.0,8.0,99.0,29.0,0.0,8.0,5.0,101.0,19.0,0.0,3.0,3.0,103.0,19.0,0.0,9.0,1.0,104.0,19.0,0.0,13.0,0.0,104.0,16.0,0.0,14.0,0.0,104.0,18.0,0.0,10.0,0.0,102.0,15.0,0.0,15.0,2.0,2026-06-05 14:56:00-07:00,14.933333333333334,0.0,0.0,0.0,0.0,0.0,0.0,416.0,0.0,0.0,0.0,0.0,0.0,0.0,,,,,0.0,0.0,0.0,False,False,,,False,False,False,False,0.0,,60.0,16.0,False,,0.0,0.0,0.0,,30.0,False,6.0,7.0,4.0,1.0,False,4,105.0,2:47 PM,,YESTERDAY,2026-06-06T01:39:00-07:00,CLILAS_202606060839.txt,True,19.0,16.0,13.0,9.0,6.0,4.0,2.0,1.0,1.0,1.0,3.0,-1.0,True,106,2026-06-05T03:02:00-07:00,2026-06-05T06:00:00-07:00,2.966666666666667,PFMVEF_202606051002.txt,1.0,1.0
2026-06-06,100.0,2026-06-06 14:56:00-07:00,24,0.875,0.0,False,36.0,86.0,36.0,0.0,21.0,14.0,89.0,37.0,0.0,14.0,11.0,91.0,34.0,0.0,15.0,9.0,94.0,32.0,0.0,15.0,6.0,95.0,31.0,0.0,13.0,5.0,98.0,28.0,0.0,12.0,2.0,99.0,23.0,0.25,20.0,1.0,100.0,23.0,0.25,18.0,0.0,100.0,23.0,0.5,14.0,0.0,99.0,21.0,0.5,22.0,1.0,97.0,20.0,0.5,11.0,3.0,2026-06-06 14:56:00-07:00,14.933333333333334,0.07142857142857142,0.0,0.0,0.036057692307692304,0.0,0.0,416.0,0.08333333333333333,0.0,0.0,0.0,0.036057692307692304,0.0,,,,,0.0,0.0,0.0,False,False,,,False,False,False,False,0.0,,30.0,32.0,False,,0.0,0.0,0.0,,37.0,False,5.0,4.0,4.0,1.0,False,4,101.0,2:16 PM,,YESTERDAY,2026-06-07T01:36:00-07:00,CLILAS_202606070836.txt,True,15.0,12.0,10.0,7.0,6.0,3.0,2.0,1.0,1.0,2.0,4.0,-1.0,True,102,2026-06-06T03:06:00-07:00,2026-06-06T06:00:00-07:00,2.9,PFMVEF_202606061006.txt,1.0,1.0
2026-06-07,97.0,2026-06-07 14:56:00-07:00,24,0.875,0.0,False,29.0,83.0,31.0,0.25,14.0,14.0,87.0,29.0,0.25,13.0,10.0,89.0,28.0,0.25,17.0,8.0,91.0,27.0,0.25,16.0,6.0,93.0,20.0,0.25,17.0,4.0,94.0,16.0,0.25,14.0,3.0,95.0,12.0,0.25,14.0,2.0,97.0,11.0,0.25,17.0,0.0,97.0,12.0,0.25,16.0,0.0,97.0,15.0,0.25,13.0,0.0,96.0,17.0,0.0,16.0,1.0,2026-06-07 14:56:00-07:00,14.933333333333334,0.25,0.0,0.0,0.25,0.0,0.0,416.0,0.25,0.0,0.0,0.0,0.25,0.0,,,,,0.0,0.0,0.0,False,False,,,False,False,False,False,0.0,,30.0,29.0,False,,0.0,0.0,0.0,,29.0,False,6.0,4.0,2.0,2.0,False,4,97.0,4:42 PM,,YESTERDAY,2026-06-08T01:21:00-07:00,CLILAS_202606080821.txt,True,14.0,10.0,8.0,6.0,4.0,3.0,2.0,0.0,0.0,0.0,1.0,0.0,True,98,2026-06-07T03:02:00-07:00,2026-06-07T06:00:00-07:00,2.966666666666667,PFMVEF_202606071002.txt,1.0,1.0
2026-06-08,96.0,2026-06-08 15:56:00-07:00,24,1.0,0.0,False,25.0,81.0,31.0,0.25,7.0,15.0,84.0,29.0,0.5,6.0,12.0,86.0,30.0,0.5,6.0,10.0,88.0,33.0,0.5,6.0,8.0,90.0,32.0,0.875,6.0,6.0,92.0,31.0,0.875,7.0,4.0,94.0,27.0,0.875,10.0,2.0,95.0,28.0,0.875,15.0,1.0,96.0,27.0,0.875,17.0,0.0,95.0,22.0,0.875,9.0,1.0,93.0,24.0,0.875,12.0,3.0,2026-06-08 15:56:00-07:00,15.933333333333334,0.734375,1.0,0.625,0.6596638655462185,420.0,240.0,476.0,0.875,180.0,0.0,0.0,0.4096638655462185,240.0,20000.0,2026-06-08T08:56:00-07:00,2026-06-08T11:56:00-07:00,420.0,0.0,0.0,0.0,False,False,,,False,False,False,False,0.0,,40.0,25.0,False,,0.0,0.0,0.0,,33.0,False,5.0,4.0,4.0,2.0,False,3,97.0,3:35 PM,,YESTERDAY,2026-06-09T01:22:00-07:00,CLILAS_202606090822.txt,True,16.0,13.0,11.0,9.0,7.0,5.0,3.0,2.0,1.0,2.0,4.0,-1.0,True,98,2026-06-08T03:01:00-07:00,2026-06-08T06:00:00-07:00,2.9833333333333334,PFMVEF_202606081001.txt,1.0,1.0
2026-06-09,98.0,2026-06-09 16:56:00-07:00,24,0.875,0.0,False,22.0,79.0,28.0,0.0,11.0,19.0,83.0,29.0,0.0,7.0,15.0,86.0,31.0,0.0,10.0,12.0,88.0,32.0,0.0,7.0,10.0,90.0,34.0,0.0,7.0,8.0,92.0,36.0,0.0,8.0,6.0,94.0,37.0,0.0,11.0,4.0,96.0,37.0,0.0,9.0,2.0,97.0,37.0,0.0,8.0,1.0,98.0,37.0,0.0,13.0,0.0,97.0,36.0,0.0,12.0,1.0,2026-06-09 16:56:00-07:00,16.933333333333334,0.0,0.0,0.0,0.0,0.0,0.0,536.0,0.0,0.0,0.0,0.0,0.0,0.0,,,,,0.0,0.0,0.0,False,False,,,False,False,False,False,0.0,,30.0,20.0,False,,0.0,0.0,0.0,,37.0,False,7.0,4.0,4.0,3.0,False,2,98.0,4:55 PM,,YESTERDAY,2026-06-10T01:50:00-07:00,CLILAS_202606100850.txt,True,19.0,15.0,12.0,10.0,8.0,6.0,4.0,2.0,1.0,0.0,1.0,0.0,True,99,2026-06-09T03:00:00-07:00,2026-06-09T06:00:00-07:00,3.0,PFMVEF_202606091000.txt,1.0,1.0
2026-06-10,105.0,2026-06-10 15:56:00-07:00,27,0.0,0.0,False,21.0,85.0,43.0,0.0,3.0,20.0,88.0,41.0,0.0,3.0,17.0,91.0,36.0,0.0,3.0,14.0,94.0,36.0,0.0,4.0,11.0,97.0,37.0,0.0,6.0,8.0,99.0,37.0,0.0,3.0,6.0,102.0,40.0,0.0,12.0,3.0,104.0,39.0,0.0,12.0,1.0,105.0,36.0,0.0,8.0,0.0,105.0,34.0,0.0,6.0,0.0,104.0,36.0,0.0,8.0,1.0,2026-06-10 15:56:00-07:00,15.933333333333334,0.0,0.0,0.0,0.0,0.0,0.0,476.0,0.0,0.0,0.0,0.0,0.0,0.0,,,,,0.0,0.0,0.0,False,False,,,False,False,False,False,1.0,2026-06-10T14:05:00-07:00,120.0,20.0,False,,0.0,0.0,0.0,,41.0,False,6.0,6.0,5.0,3.0,False,3,106.0,3:48 PM,,YESTERDAY,2026-06-11T01:21:00-07:00,CLILAS_202606110821.txt,True,21.0,18.0,15.0,12.0,9.0,7.0,4.0,2.0,1.0,1.0,2.0,-1.0,True,106,2026-06-10T03:01:00-07:00,2026-06-10T06:00:00-07:00,2.9833333333333334,PFMVEF_202606101001.txt,0.0,0.0
2026-06-11,101.0,2026-06-11 17:56:00-07:00,24,0.875,0.0,False,22.0,86.0,22.0,0.0,17.0,15.0,88.0,23.0,0.0,14.0,13.0,90.0,23.0,0.0,15.0,11.0,92.0,23.0,0.0,12.0,9.0,93.0,23.0,0.0,6.0,8.0,95.0,23.0,0.0,4.0,6.0,98.0,24.0,0.0,7.0,3.0,99.0,25.0,0.0,3.0,2.0,99.0,26.0,0.25,3.0,2.0,100.0,28.0,0.25,4.0,1.0,101.0,29.0,0.25,3.0,0.0,2026-06-11 17:56:00-07:00,17.933333333333334,0.075,0.0,0.0,0.050335570469798654,0.0,0.0,596.0,0.16666666666666666,0.0,0.0,0.0,0.0,0.0,,,,,0.0,0.0,0.0,False,False,,,False,False,False,False,0.0,,70.0,22.0,False,,0.0,0.0,0.0,,29.0,False,4.0,3.0,5.0,1.0,False,1,102.0,4:43 PM,,YESTERDAY,2026-06-12T01:27:00-07:00,CLILAS_202606120827.txt,True,16.0,14.0,12.0,10.0,9.0,7.0,4.0,3.0,3.0,2.0,1.0,-1.0,True,104,2026-06-11T03:02:00-07:00,2026-06-11T06:00:00-07:00,2.966666666666667,PFMVEF_202606111002.txt,2.0,2.0
2026-06-12,107.0,2026-06-12 14:56:00-07:00,26,0.875,0.0,False,24.0,88.0,36.0,0.5,0.0,19.0,91.0,36.0,0.5,0.0,16.0,94.0,37.0,0.5,3.0,13.0,98.0,39.0,0.5,5.0,9.0,101.0,39.0,0.5,3.0,6.0,104.0,36.0,0.5,4.0,3.0,106.0,35.0,0.5,7.0,1.0,107.0,37.0,0.5,10.0,0.0,106.0,38.0,0.5,14.0,1.0,106.0,42.0,0.5,12.0,1.0,105.0,41.0,0.5,12.0,2.0,2026-06-12 14:56:00-07:00,14.933333333333334,0.4375,0.875,0.0,0.49759615384615385,414.0,0.0,416.0,0.5,180.0,0.21514423076923078,0.0,0.2848557692307692,60.0,,2026-06-12T08:58:00-07:00,,358.0,0.0,0.0,0.0,False,False,,,False,False,False,False,0.0,,40.0,16.0,False,,0.0,0.0,0.0,,39.0,False,6.0,7.0,5.0,0.0,False,4,108.0,2:39 PM,,YESTERDAY,2026-06-13T01:34:00-07:00,CLILAS_202606130834.txt,True,20.0,17.0,14.0,10.0,7.0,4.0,2.0,1.0,2.0,2.0,3.0,-1.0,True,106,2026-06-12T03:02:00-07:00,2026-06-12T06:00:00-07:00,2.966666666666667,PFMVEF_202606121002.txt,-2.0,2.0
2026-06-13,107.0,2026-06-13 13:56:00-07:00,24,0.5,0.0,False,23.0,90.0,40.0,0.25,5.0,17.0,93.0,40.0,0.25,0.0,14.0,97.0,39.0,0.25,3.0,10.0,101.0,37.0,0.25,5.0,6.0,104.0,40.0,0.25,3.0,3.0,105.0,39.0,0.25,10.0,2.0,107.0,38.0,0.0,14.0,0.0,105.0,37.0,0.5,5.0,2.0,105.0,37.0,0.5,3.0,2.0,106.0,34.0,0.5,11.0,1.0,105.0,31.0,0.5,14.0,2.0,2026-06-13 13:56:00-07:00,13.933333333333334,0.20833333333333334,0.0,0.0,0.25,0.0,0.0,356.0,0.25,0.0,0.21067415730337077,0.0,0.25,0.0,,,,,0.0,0.0,0.0,False,False,,,False,False,False,False,0.0,,60.0,20.0,False,,0.0,0.0,0.0,,40.0,False,7.0,7.0,3.0,-2.0,False,5,108.0,2:48 PM,,YESTERDAY,2026-06-14T01:28:00-07:00,CLILAS_202606140828.txt,True,18.0,15.0,11.0,7.0,4.0,3.0,1.0,3.0,3.0,2.0,3.0,-1.0,True,107,2026-06-13T03:01:00-07:00,2026-06-13T06:00:00-07:00,2.9833333333333334,PFMVEF_202606131001.txt,-1.0,1.0
2026-06-14,105.0,2026-06-14 13:56:00-07:00,24,0.25,0.0,False,31.0,91.0,44.0,0.25,9.0,14.0,94.0,43.0,0.25,9.0,11.0,97.0,40.0,0.25,13.0,8.0,99.0,37.0,0.25,10.0,6.0,101.0,36.0,0.25,13.0,4.0,103.0,34.0,0.25,11.0,2.0,105.0,28.0,0.25,21.0,0.0,105.0,26.0,0.25,17.0,0.0,105.0,19.0,0.25,16.0,0.0,104.0,23.0,0.25,18.0,1.0,104.0,25.0,0.25,15.0,1.0,2026-06-14 13:56:00-07:00,13.933333333333334,0.25,0.0,0.0,0.25,0.0,0.0,356.0,0.25,0.0,0.21067415730337077,0.0,0.25,0.0,,,,,0.0,0.0,0.0,False,False,,,False,False,False,False,0.0,,40.0,31.0,False,,0.0,0.0,0.0,,43.0,False,6.0,4.0,4.0,0.0,False,5,105.0,3:39 PM,,YESTERDAY,2026-06-15T01:31:00-07:00,CLILAS_202606150831.txt,True,14.0,11.0,8.0,6.0,4.0,2.0,0.0,0.0,0.0,1.0,1.0,0.0,True,106,2026-06-14T03:00:00-07:00,2026-06-14T06:00:00-07:00,3.0,PFMVEF_202606141000.txt,1.0,1.0
2026-06-15,106.0,2026-06-15 14:56:00-07:00,26,0.25,0.0,False,23.0,90.0,37.0,0.25,0.0,16.0,93.0,39.0,0.25,5.0,13.0,95.0,39.0,0.25,5.0,11.0,97.0,38.0,0.25,3.0,9.0,100.0,38.0,0.25,3.0,6.0,103.0,37.0,0.25,4.0,3.0,105.0,37.0,0.25,7.0,1.0,106.0,35.0,0.25,11.0,0.0,106.0,33.0,0.25,13.0,0.0,106.0,31.0,0.25,16.0,0.0,104.0,32.0,0.25,10.0,2.0,2026-06-15 14:56:00-07:00,14.933333333333334,0.25,0.0,0.0,0.25,0.0,0.0,416.0,0.25,0.0,0.0,0.0,0.25,0.0,,,,,0.0,0.0,0.0,False,False,,,False,False,False,False,0.0,,130.0,17.0,False,,0.0,0.0,0.0,,39.0,False,5.0,5.0,5.0,1.0,False,5,107.0,4:08 PM,,YESTERDAY,2026-06-16T01:41:00-07:00,CLILAS_202606160841.txt,True,17.0,14.0,12.0,10.0,7.0,4.0,2.0,1.0,1.0,1.0,3.0,-1.0,True,106,2026-06-15T03:00:00-07:00,2026-06-15T06:00:00-07:00,3.0,PFMVEF_202606151000.txt,-1.0,1.0
2026-06-16,108.0,2026-06-16 15:56:00-07:00,25,0.875,0.0,False,25.0,93.0,36.0,0.5,0.0,15.0,95.0,36.0,0.5,4.0,13.0,99.0,30.0,0.5,0.0,9.0,101.0,30.0,0.5,0.0,7.0,104.0,33.0,0.875,5.0,4.0,105.0,35.0,0.875,10.0,3.0,107.0,33.0,0.875,4.0,1.0,107.0,34.0,0.5,7.0,1.0,108.0,34.0,0.5,13.0,0.0,107.0,32.0,0.5,8.0,1.0,107.0,29.0,0.5,11.0,1.0,2026-06-16 15:56:00-07:00,15.933333333333334,0.6666666666666666,1.0,0.4444444444444444,0.6418067226890757,476.0,180.0,476.0,0.75,180.0,0.0,0.0,0.6418067226890757,476.0,20000.0,2026-06-16T08:56:00-07:00,2026-06-16T11:56:00-07:00,420.0,0.0,0.0,0.0,False,False,,,False,False,False,False,0.0,,60.0,25.0,False,,0.0,0.0,0.0,,36.0,False,6.0,5.0,3.0,1.0,False,3,109.0,2:45 PM,,YESTERDAY,2026-06-17T01:37:00-07:00,CLILAS_202606170837.txt,True,16.0,14.0,10.0,8.0,5.0,4.0,2.0,2.0,1.0,2.0,2.0,-1.0,True,109,2026-06-16T03:00:00-07:00,2026-06-16T06:00:00-07:00,3.0,PFMVEF_202606161000.txt,0.0,0.0
2026-06-17,108.0,2026-06-17 15:56:00-07:00,25,0.875,0.0,False,23.0,92.0,41.0,0.5,9.0,16.0,97.0,40.0,0.25,4.0,11.0,99.0,39.0,0.25,5.0,9.0,103.0,38.0,0.5,4.0,5.0,105.0,35.0,0.5,5.0,3.0,107.0,31.0,0.5,11.0,1.0,106.0,36.0,0.5,11.0,2.0,106.0,34.0,0.5,6.0,2.0,108.0,30.0,0.5,13.0,0.0,107.0,29.0,0.5,12.0,1.0,106.0,28.0,0.5,12.0,2.0,2026-06-17 15:56:00-07:00,15.933333333333334,0.4444444444444444,0.7777777777777778,0.0,0.4369747899159664,356.0,0.0,476.0,0.5,180.0,0.0,0.0,0.4369747899159664,356.0,,2026-06-17T10:56:00-07:00,,300.0,0.0,0.0,0.0,False,False,,,False,False,False,False,1.0,2026-06-17T13:56:00-07:00,110.0,23.0,False,,0.0,0.0,0.0,,40.0,False,7.0,6.0,1.0,2.0,False,3,108.0,4:03 PM,,YESTERDAY,2026-06-18T01:40:00-07:00,CLILAS_202606180840.txt,True,16.0,11.0,9.0,5.0,3.0,1.0,2.0,2.0,0.0,1.0,2.0,0.0,True,108,2026-06-17T03:01:00-07:00,2026-06-17T06:00:00-07:00,2.9833333333333334,PFMVEF_202606171001.txt,0.0,0.0
2026-06-18,105.0,2026-06-18 14:56:00-07:00,28,0.875,0.0,False,20.0,90.0,38.0,0.5,9.0,15.0,94.0,36.0,0.5,7.0,11.0,97.0,34.0,0.5,5.0,8.0,100.0,28.0,0.5,7.0,5.0,102.0,28.0,0.5,12.0,3.0,103.0,30.0,0.5,6.0,2.0,104.0,32.0,0.5,3.0,1.0,105.0,32.0,0.5,10.0,0.0,105.0,33.0,0.25,13.0,0.0,105.0,33.0,0.25,10.0,0.0,103.0,32.0,0.25,12.0,2.0,2026-06-18 14:56:00-07:00,14.933333333333334,0.5,1.0,0.0,0.5,416.0,0.0,416.0,0.5,180.0,0.0,0.0,0.5,416.0,,2026-06-18T08:56:00-07:00,,360.0,0.0,0.0,0.0,False,False,,,False,False,False,False,0.0,,40.0,20.0,False,,0.0,0.0,0.0,,36.0,False,7.0,5.0,2.0,1.0,False,7,106.0,3:22 PM,,YESTERDAY,2026-06-19T01:31:00-07:00,CLILAS_202606190831.txt,True,16.0,12.0,9.0,6.0,4.0,3.0,2.0,1.0,1.0,1.0,3.0,-1.0,True,107,2026-06-18T03:01:00-07:00,2026-06-18T06:00:00-07:00,2.9833333333333334,PFMVEF_202606181001.txt,1.0,1.0
2026-06-19,101.0,2026-06-19 14:56:00-07:00,22,0.25,0.0,True,27.0,,,,,,,,,,,,,,,,,,,,,95.0,32.0,0.0,7.0,6.0,98.0,31.0,0.0,10.0,3.0,99.0,29.0,0.0,8.0,2.0,101.0,27.0,0.0,7.0,0.0,101.0,27.0,0.0,9.0,0.0,101.0,30.0,0.0,15.0,0.0,101.0,28.0,0.0,17.0,0.0,2026-06-19 14:56:00-07:00,14.933333333333334,0.0,0.0,0.0,0.0,0.0,0.0,206.0,0.0,0.0,0.0,0.0,0.0,0.0,,,,,0.0,0.0,0.0,False,False,,,False,True,False,False,0.0,,10.0,27.0,False,,0.0,0.0,0.0,,32.0,False,,,4.0,2.0,False,5,102.0,4:05 PM,,YESTERDAY,2026-06-20T01:41:00-07:00,CLILAS_202606200841.txt,True,,,,,7.0,4.0,3.0,1.0,1.0,1.0,1.0,-1.0,True,103,2026-06-19T03:00:00-07:00,2026-06-19T06:00:00-07:00,3.0,PFMVEF_202606191000.txt,1.0,1.0
2026-06-20,102.0,2026-06-20 15:56:00-07:00,24,0.0,0.0,False,22.0,82.0,33.0,0.0,12.0,20.0,85.0,29.0,0.0,10.0,17.0,89.0,26.0,0.0,3.0,13.0,92.0,20.0,0.0,6.0,10.0,94.0,14.0,0.0,8.0,8.0,98.0,18.0,0.0,12.0,4.0,100.0,11.0,0.0,12.0,2.0,100.0,10.0,0.0,9.0,2.0,102.0,12.0,0.0,13.0,0.0,102.0,13.0,0.0,10.0,0.0,100.4,17.6,0.0,13.0,1.5999999999999943,2026-06-20 15:56:00-07:00,15.933333333333334,0.0,0.0,0.0,0.0,0.0,0.0,476.0,0.0,0.0,0.0,0.0,0.0,0.0,,,,,0.0,0.0,0.0,False,False,,,False,False,False,False,0.0,,70.0,21.0,False,,0.0,0.0,0.0,,29.0,False,7.0,5.0,6.0,2.0,False,3,102.0,4:26 PM,,YESTERDAY,2026-06-21T01:39:00-07:00,CLILAS_202606210839.txt,True,20.0,17.0,13.0,10.0,8.0,4.0,2.0,2.0,0.0,0.0,1.5999999999999943,0.0,True,102,2026-06-20T03:00:00-07:00,2026-06-20T06:00:00-07:00,3.0,PFMVEF_202606201000.txt,0.0,0.0
2026-06-21,102.0,2026-06-21 15:56:00-07:00,26,0.25,0.0,False,17.0,84.0,27.0,0.25,5.0,18.0,86.0,25.0,0.25,3.0,16.0,89.0,25.0,0.0,4.0,13.0,93.0,25.0,0.0,3.0,9.0,96.0,27.0,0.0,3.0,6.0,97.0,24.0,0.0,3.0,5.0,101.0,20.0,0.0,9.0,1.0,100.0,17.0,0.0,3.0,2.0,102.0,16.0,0.0,6.0,0.0,102.0,14.0,0.0,3.0,0.0,102.0,16.0,0.0,0.0,0.0,2026-06-21 15:56:00-07:00,15.933333333333334,0.025,0.0,0.0,0.06092436974789916,0.0,0.0,476.0,0.0,0.0,0.0,0.0,0.0,0.0,,,,,0.0,0.0,0.0,False,False,,,False,False,False,False,1.0,2026-06-21T14:56:00-07:00,80.0,0.0,False,,0.0,0.0,0.0,,27.0,False,5.0,7.0,5.0,1.0,False,3,103.0,4:48 PM,,YESTERDAY,2026-06-22T01:26:00-07:00,CLILAS_202606220826.txt,True,19.0,17.0,14.0,10.0,7.0,6.0,2.0,3.0,1.0,1.0,1.0,-1.0,True,103,2026-06-21T03:02:00-07:00,2026-06-21T06:00:00-07:00,2.966666666666667,PFMVEF_202606211002.txt,0.0,0.0
2026-06-22,104.0,2026-06-22 16:56:00-07:00,25,0.25,0.0,False,22.0,84.0,21.0,0.0,5.0,20.0,87.0,22.0,0.0,3.0,17.0,91.0,24.0,0.0,4.0,13.0,95.0,27.0,0.0,8.0,9.0,97.0,23.0,0.0,9.0,7.0,99.0,21.0,0.0,5.0,5.0,101.0,22.0,0.0,5.0,3.0,102.0,23.0,0.0,9.0,2.0,103.0,18.0,0.0,3.0,1.0,104.0,16.0,0.0,5.0,0.0,104.0,16.0,0.0,7.0,0.0,2026-06-22 16:56:00-07:00,16.933333333333334,0.0,0.0,0.0,0.0,0.0,0.0,536.0,0.0,0.0,0.0,0.0,0.0,0.0,,,,,0.0,0.0,0.0,False,False,,,False,False,False,False,0.0,,80.0,16.0,False,,0.0,0.0,0.0,,27.0,False,7.0,6.0,4.0,2.0,False,2,106.0,4:05 PM,,YESTERDAY,2026-06-23T01:27:00-07:00,CLILAS_202606230827.txt,True,22.0,19.0,15.0,11.0,9.0,7.0,5.0,4.0,3.0,2.0,2.0,-2.0,True,106,2026-06-22T03:00:00-07:00,2026-06-22T06:00:00-07:00,3.0,PFMVEF_202606221000.txt,0.0,0.0
2026-06-23,108.0,2026-06-23 16:56:00-07:00,24,0.875,0.0,False,26.0,87.0,23.0,0.25,3.0,21.0,90.0,24.0,0.25,0.0,18.0,94.0,25.0,0.25,5.0,14.0,97.0,27.0,0.25,6.0,11.0,100.0,28.0,0.25,4.0,8.0,104.0,33.0,0.25,0.0,4.0,107.0,34.0,0.25,11.0,1.0,107.0,33.0,0.25,9.0,1.0,106.0,33.0,0.25,4.0,2.0,108.0,37.0,0.25,10.0,0.0,108.0,38.0,0.25,14.0,0.0,2026-06-23 16:56:00-07:00,16.933333333333334,0.25,0.0,0.0,0.25,0.0,0.0,536.0,0.25,0.0,0.19402985074626866,0.0,0.25,0.0,,,,,0.0,0.0,0.0,False,False,,,False,False,False,False,1.0,2026-06-23T15:56:00-07:00,140.0,23.0,False,,0.0,0.0,0.0,,37.0,False,7.0,6.0,7.0,-1.0,False,2,109.0,4:40 PM,,YESTERDAY,2026-06-24T01:26:00-07:00,CLILAS_202606240826.txt,True,22.0,19.0,15.0,12.0,9.0,5.0,2.0,2.0,3.0,1.0,1.0,-1.0,True,109,2026-06-23T03:02:00-07:00,2026-06-23T06:00:00-07:00,2.966666666666667,PFMVEF_202606231002.txt,0.0,0.0
2026-06-24,97.0,2026-06-24 16:56:00-07:00,29,1.0,0.02,True,23.0,88.0,58.0,1.0,15.0,9.0,84.0,61.0,1.0,6.0,13.0,84.0,61.0,0.875,3.0,13.0,87.0,57.0,0.875,4.0,10.0,87.0,57.0,0.875,5.0,10.0,90.0,55.0,0.875,0.0,7.0,94.0,55.0,0.875,6.0,3.0,95.0,54.0,0.875,9.0,2.0,96.0,53.0,0.5,14.0,1.0,97.0,54.0,0.5,14.0,0.0,97.0,54.0,0.25,8.0,0.0,2026-06-24 16:56:00-07:00,16.933333333333334,0.775,1.0,0.7,0.8600746268656716,536.0,476.0,536.0,0.75,180.0,0.7901119402985075,476.0,0.8600746268656716,536.0,11000.0,2026-06-24T08:56:00-07:00,2026-06-24T08:56:00-07:00,480.0,0.02,0.02,0.0,True,False,2026-06-24T05:56:00-07:00,660.0,True,False,True,False,0.0,,100.0,23.0,False,,0.0,0.0,0.0,,61.0,True,-4.0,3.0,7.0,2.0,False,2,97.0,6:24 PM,,YESTERDAY,2026-06-25T01:34:00-07:00,CLILAS_202606250834.txt,True,9.0,13.0,13.0,10.0,10.0,7.0,3.0,2.0,1.0,0.0,0.0,0.0,True,103,2026-06-24T03:01:00-07:00,2026-06-24T06:00:00-07:00,2.9833333333333334,PFMVEF_202606241001.txt,6.0,6.0
2026-06-25,106.0,2026-06-25 14:56:00-07:00,25,0.25,0.0,False,27.0,88.0,50.0,0.0,3.0,18.0,90.0,47.0,0.0,0.0,16.0,93.0,43.0,0.25,4.0,13.0,95.0,42.0,0.25,5.0,11.0,98.0,45.0,0.25,6.0,8.0,101.0,45.0,0.25,5.0,5.0,103.0,43.0,0.25,5.0,3.0,106.0,38.0,0.25,11.0,0.0,106.0,33.0,0.25,16.0,0.0,106.0,19.0,0.25,19.0,0.0,103.0,18.0,0.25,19.0,3.0,2026-06-25 14:56:00-07:00,14.933333333333334,0.21875,0.0,0.0,0.18028846153846154,0.0,0.0,416.0,0.25,0.0,0.18028846153846154,0.0,0.18028846153846154,0.0,,,,,0.0,0.0,0.0,False,False,,,False,False,False,False,0.0,,60.0,26.0,False,,0.0,0.0,0.0,,47.0,False,5.0,5.0,5.0,3.0,False,4,107.0,3:22 PM,,YESTERDAY,2026-06-26T01:39:00-07:00,CLILAS_202606260839.txt,True,19.0,17.0,14.0,12.0,9.0,6.0,4.0,1.0,1.0,1.0,4.0,-1.0,True,105,2026-06-25T03:02:00-07:00,2026-06-25T06:00:00-07:00,2.966666666666667,PFMVEF_202606251002.txt,-2.0,2.0
2026-06-26,102.0,2026-06-26 15:56:00-07:00,25,0.875,0.0,False,35.0,87.0,33.0,0.25,10.0,15.0,90.0,31.0,0.25,12.0,12.0,95.0,29.0,0.25,15.0,7.0,97.0,28.0,0.25,19.0,5.0,100.0,22.0,0.25,18.0,2.0,101.0,15.0,0.25,15.0,1.0,101.0,14.0,0.25,21.0,1.0,101.0,9.0,0.5,22.0,1.0,102.0,20.0,0.875,21.0,0.0,101.0,22.0,0.875,12.0,1.0,100.0,19.0,0.875,22.0,2.0,2026-06-26 15:56:00-07:00,15.933333333333334,0.359375,0.25,0.125,0.2815126050420168,60.0,0.0,476.0,0.3333333333333333,60.0,0.0,0.0,0.2815126050420168,60.0,18000.0,2026-06-26T14:56:00-07:00,2026-06-26T15:56:00-07:00,60.0,0.0,0.0,0.0,False,False,,,False,False,False,False,0.0,,30.0,31.0,False,,0.0,0.0,0.0,,31.0,False,8.0,5.0,1.0,1.0,False,3,103.0,1:22 PM,,YESTERDAY,2026-06-27T01:27:00-07:00,CLILAS_202606270827.txt,True,16.0,13.0,8.0,6.0,3.0,2.0,2.0,2.0,1.0,2.0,3.0,-1.0,True,101,2026-06-26T03:00:00-07:00,2026-06-26T06:00:00-07:00,3.0,PFMVEF_202606261000.txt,-2.0,2.0
2026-06-27,95.0,2026-06-27 15:56:00-07:00,24,0.25,0.0,False,44.0,81.0,41.0,0.25,13.0,14.0,84.0,41.0,0.25,12.0,11.0,87.0,41.0,0.25,17.0,8.0,89.0,39.0,0.0,15.0,6.0,91.0,39.0,0.0,13.0,4.0,92.0,39.0,0.25,20.0,3.0,93.0,41.0,0.25,19.0,2.0,94.0,42.0,0.25,16.0,1.0,95.0,39.0,0.25,22.0,0.0,95.0,35.0,0.0,19.0,0.0,94.0,31.0,0.0,19.0,1.0,2026-06-27 15:56:00-07:00,15.933333333333334,0.1875,0.0,0.0,0.1869747899159664,0.0,0.0,476.0,0.25,0.0,0.0,0.0,0.09243697478991597,0.0,,,,,0.0,0.0,0.0,False,False,,,False,False,False,False,0.0,,20.0,30.0,False,,0.0,0.0,0.0,,42.0,False,6.0,4.0,2.0,2.0,False,3,96.0,3:24 PM,,YESTERDAY,2026-06-28T01:49:00-07:00,CLILAS_202606280849.txt,True,15.0,12.0,9.0,7.0,5.0,4.0,3.0,2.0,1.0,1.0,2.0,-1.0,True,97,2026-06-27T03:01:00-07:00,2026-06-27T06:00:00-07:00,2.9833333333333334,PFMVEF_202606271001.txt,1.0,1.0
2026-06-28,92.0,2026-06-28 14:56:00-07:00,24,0.25,0.0,False,34.0,77.0,43.0,0.0,7.0,15.0,80.0,41.0,0.0,7.0,12.0,83.0,38.0,0.0,3.0,9.0,84.0,36.0,0.0,4.0,8.0,86.0,36.0,0.0,3.0,6.0,88.0,37.0,0.0,10.0,4.0,90.0,37.0,0.0,7.0,2.0,92.0,35.0,0.25,12.0,0.0,92.0,33.0,0.25,11.0,0.0,92.0,36.0,0.25,11.0,0.0,92.0,35.0,0.25,13.0,0.0,2026-06-28 14:56:00-07:00,14.933333333333334,0.03571428571428571,0.0,0.0,0.0,0.0,0.0,416.0,0.0,0.0,0.0,0.0,0.0,0.0,,,,,0.0,0.0,0.0,False,False,,,False,False,False,False,0.0,,10.0,22.0,False,,0.0,0.0,0.0,,41.0,False,6.0,3.0,4.0,2.0,False,4,93.0,4:57 PM,,YESTERDAY,2026-06-29T01:25:00-07:00,CLILAS_202606290825.txt,True,16.0,13.0,10.0,9.0,7.0,5.0,3.0,1.0,1.0,1.0,1.0,-1.0,True,93,2026-06-28T04:57:00-07:00,2026-06-28T06:00:00-07:00,1.05,PFMVEF_202606281157.txt,0.0,0.0
2026-06-29,92.0,2026-06-29 16:56:00-07:00,25,0.0,0.0,False,23.0,75.0,24.0,0.0,7.0,17.0,77.0,23.0,0.0,7.0,15.0,78.0,23.0,0.0,4.0,14.0,80.0,21.0,0.0,5.0,12.0,82.0,20.0,0.0,6.0,10.0,85.0,21.0,0.0,6.0,7.0,87.0,20.0,0.0,5.0,5.0,88.0,21.0,0.0,4.0,4.0,91.0,21.0,0.0,3.0,1.0,92.0,22.0,0.0,4.0,0.0,92.0,22.0,0.0,6.0,0.0,2026-06-29 16:56:00-07:00,16.933333333333334,0.0,0.0,0.0,0.0,0.0,0.0,536.0,0.0,0.0,0.0,0.0,0.0,0.0,,,,,0.0,0.0,0.0,False,False,,,False,False,False,False,0.0,,100.0,0.0,False,,0.0,0.0,0.0,,23.0,False,3.0,4.0,5.0,4.0,False,2,93.0,4:22 PM,,YESTERDAY,2026-06-30T01:21:00-07:00,CLILAS_202606300821.txt,True,18.0,16.0,15.0,13.0,11.0,8.0,6.0,5.0,2.0,1.0,1.0,-1.0,True,94,2026-06-29T03:00:00-07:00,2026-06-29T06:00:00-07:00,3.0,PFMVEF_202606291000.txt,1.0,1.0
2026-06-30,94.0,2026-06-30 15:56:00-07:00,27,0.25,0.0,False,20.0,79.0,31.0,0.0,5.0,15.0,81.0,40.0,0.0,4.0,13.0,85.0,37.0,0.0,4.0,9.0,86.0,38.0,0.25,6.0,8.0,88.0,36.0,0.25,0.0,6.0,91.0,31.0,0.25,3.0,3.0,92.0,27.0,0.25,5.0,2.0,92.0,23.0,0.25,5.0,2.0,94.0,22.0,0.25,5.0,0.0,94.0,25.0,0.25,6.0,0.0,93.0,26.0,0.25,7.0,1.0,2026-06-30 15:56:00-07:00,15.933333333333334,0.1875,0.0,0.0,0.15756302521008403,0.0,0.0,476.0,0.25,0.0,0.0,0.0,0.15756302521008403,0.0,,,,,0.0,0.0,0.0,False,False,,,False,False,False,False,0.0,,50.0,16.0,False,,0.0,0.0,0.0,,40.0,False,6.0,3.0,4.0,2.0,False,5,95.0,4:40 PM,,YESTERDAY,2026-07-01T01:22:00-07:00,CLILAS_202607010822.txt,True,16.0,14.0,10.0,9.0,7.0,4.0,3.0,3.0,1.0,1.0,2.0,-1.0,True,94,2026-06-30T03:00:00-07:00,2026-06-30T06:00:00-07:00,3.0,PFMVEF_202606301000.txt,-1.0,1.0
2026-07-01,97.0,2026-07-01 15:56:00-07:00,25,0.25,0.0,False,19.0,80.0,35.0,0.0,4.0,17.0,83.0,36.0,0.0,5.0,14.0,85.0,34.0,0.0,3.0,12.0,88.0,33.0,0.0,3.0,9.0,92.0,33.0,0.0,11.0,5.0,92.0,33.0,0.25,7.0,5.0,93.0,32.0,0.0,5.0,4.0,95.0,34.0,0.25,4.0,2.0,96.0,33.0,0.25,7.0,1.0,97.0,32.0,0.25,10.0,0.0,97.0,31.0,0.25,12.0,0.0,2026-07-01 15:56:00-07:00,15.933333333333334,0.09375,0.0,0.0,0.06302521008403361,0.0,0.0,476.0,0.16666666666666666,0.0,0.0,0.0,0.06302521008403361,0.0,,,,,0.0,0.0,0.0,False,False,,,False,False,False,False,0.0,,130.0,16.0,False,,0.0,0.0,0.0,,36.0,False,5.0,7.0,1.0,3.0,False,4,98.0,3:33 PM,,YESTERDAY,2026-07-02T01:25:00-07:00,CLILAS_202607020825.txt,True,18.0,15.0,13.0,10.0,6.0,6.0,5.0,3.0,2.0,1.0,1.0,-1.0,True,97,2026-07-01T03:02:00-07:00,2026-07-01T06:00:00-07:00,2.966666666666667,PFMVEF_202607011002.txt,-1.0,1.0
2026-07-02,98.0,2026-07-02 15:59:00-07:00,25,0.25,0.0,False,19.0,83.0,31.0,0.0,12.0,15.0,86.0,30.0,0.0,9.0,12.0,89.0,31.0,0.0,3.0,9.0,91.0,32.0,0.25,8.0,7.0,93.0,32.0,0.25,6.0,5.0,95.0,31.0,0.25,10.0,3.0,96.0,29.0,0.25,3.0,2.0,96.0,26.0,0.25,3.0,2.0,98.0,25.0,0.25,9.0,0.0,98.0,21.0,0.0,7.0,0.0,98.0,21.0,0.25,9.0,0.0,2026-07-02 15:59:00-07:00,15.983333333333333,0.19444444444444445,0.0,0.0,0.1581419624217119,0.0,0.0,479.0,0.25,0.0,0.0,0.0,0.0,0.0,,,,,0.0,0.0,0.0,False,False,,,False,False,False,False,0.0,,110.0,17.0,False,,0.0,0.0,0.0,,32.0,False,6.0,4.0,3.0,2.0,False,3,100.0,3:27 PM,,YESTERDAY,2026-07-03T01:27:00-07:00,CLILAS_202607030827.txt,True,17.0,14.0,11.0,9.0,7.0,5.0,4.0,4.0,2.0,2.0,2.0,-2.0,True,99,2026-07-02T03:00:00-07:00,2026-07-02T06:00:00-07:00,3.0,PFMVEF_202607021000.txt,-1.0,1.0
2026-07-03,102.0,2026-07-03 16:56:00-07:00,26,0.25,0.0,False,22.0,82.0,26.0,0.25,0.0,20.0,85.0,26.0,0.25,0.0,17.0,89.0,26.0,0.25,3.0,13.0,91.0,26.0,0.25,6.0,11.0,94.0,26.0,0.25,3.0,8.0,96.0,26.0,0.0,5.0,6.0,98.0,26.0,0.0,3.0,4.0,99.0,27.0,0.0,4.0,3.0,101.0,26.0,0.25,7.0,1.0,102.0,24.0,0.0,13.0,0.0,101.0,23.0,0.0,13.0,1.0,2026-07-03 16:56:00-07:00,16.933333333333334,0.1388888888888889,0.0,0.0,0.166044776119403,0.0,0.0,536.0,0.08333333333333333,0.0,0.0,0.0,0.0,0.0,,,,,0.0,0.0,0.0,False,False,,,False,False,False,False,0.0,,160.0,22.0,False,,0.0,0.0,0.0,,27.0,False,7.0,5.0,4.0,3.0,False,4,102.0,4:04 PM,,YESTERDAY,2026-07-04T01:27:00-07:00,CLILAS_202607040827.txt,True,20.0,17.0,13.0,11.0,8.0,6.0,4.0,3.0,1.0,0.0,1.0,0.0,True,102,2026-07-03T03:02:00-07:00,2026-07-03T06:00:00-07:00,2.966666666666667,PFMVEF_202607031002.txt,0.0,0.0
2026-07-04,104.0,2026-07-04 16:56:00-07:00,26,0.875,0.0,False,16.0,85.0,26.0,0.25,0.0,19.0,88.0,23.0,0.25,0.0,16.0,91.0,23.0,0.25,5.0,13.0,94.0,26.0,0.25,6.0,10.0,97.0,24.0,0.25,5.0,7.0,100.0,23.0,0.25,11.0,4.0,101.0,22.0,0.25,7.0,3.0,102.0,21.0,0.5,6.0,2.0,103.0,22.0,0.5,8.0,1.0,104.0,23.0,0.875,7.0,0.0,102.0,24.0,0.875,0.0,2.0,2026-07-04 16:56:00-07:00,16.933333333333334,0.3625,0.3,0.1,0.30597014925373134,120.0,0.0,536.0,0.4166666666666667,120.0,0.0,0.0,0.166044776119403,0.0,25000.0,2026-07-04T14:56:00-07:00,2026-07-04T16:56:00-07:00,120.0,0.0,0.0,0.0,False,False,,,False,False,False,False,0.0,,80.0,15.0,False,,0.0,0.0,0.0,,26.0,False,6.0,6.0,4.0,2.0,False,2,104.0,4:04 PM,,YESTERDAY,2026-07-05T01:28:00-07:00,CLILAS_202607050828.txt,True,19.0,16.0,13.0,10.0,7.0,4.0,3.0,2.0,1.0,0.0,2.0,0.0,True,104,2026-07-04T03:01:00-07:00,2026-07-04T06:00:00-07:00,2.9833333333333334,PFMVEF_202607041001.txt,0.0,0.0
2026-07-05,103.0,2026-07-05 16:56:00-07:00,24,0.875,0.0,False,23.0,90.0,43.0,0.875,4.0,13.0,91.0,51.0,0.875,4.0,12.0,95.0,47.0,0.875,6.0,8.0,98.0,44.0,0.875,8.0,5.0,98.0,45.0,0.875,5.0,5.0,101.0,44.0,0.875,14.0,2.0,102.0,44.0,0.875,12.0,1.0,101.0,44.0,0.875,10.0,2.0,101.0,46.0,0.875,3.0,2.0,103.0,44.0,0.875,13.0,0.0,103.0,40.0,0.875,10.0,0.0,2026-07-05 16:56:00-07:00,16.933333333333334,0.875,1.0,1.0,0.875,536.0,536.0,536.0,0.875,180.0,0.0,0.0,0.45802238805970147,356.0,15000.0,2026-07-05T08:56:00-07:00,2026-07-05T08:56:00-07:00,480.0,0.0,0.0,0.0,False,False,,,False,False,False,False,1.0,2026-07-05T14:56:00-07:00,70.0,23.0,False,,0.0,0.0,0.0,,51.0,True,5.0,3.0,4.0,-1.0,False,2,104.0,3:53 PM,,YESTERDAY,2026-07-06T01:40:00-07:00,CLILAS_202607060840.txt,True,14.0,13.0,9.0,6.0,6.0,3.0,2.0,3.0,3.0,1.0,1.0,-1.0,True,105,2026-07-05T03:00:00-07:00,2026-07-05T06:00:00-07:00,3.0,PFMVEF_202607051000.txt,1.0,1.0
2026-07-06,106.0,2026-07-06 15:56:00-07:00,25,0.25,0.0,False,24.0,89.0,49.0,0.25,5.0,17.0,91.0,48.0,0.0,3.0,15.0,95.0,47.0,0.25,5.0,11.0,98.0,46.0,0.25,8.0,8.0,101.0,42.0,0.25,9.0,5.0,104.0,42.0,0.25,11.0,2.0,105.0,42.0,0.25,15.0,1.0,105.0,43.0,0.25,9.0,1.0,106.0,38.0,0.25,6.0,0.0,106.0,40.0,0.25,11.0,0.0,105.0,41.0,0.25,11.0,1.0,2026-07-06 15:56:00-07:00,15.933333333333334,0.21875,0.0,0.0,0.2184873949579832,0.0,0.0,476.0,0.25,0.0,0.0,0.0,0.2184873949579832,0.0,,,,,0.0,0.0,0.0,False,False,,,False,False,False,False,0.0,,40.0,24.0,False,,0.0,0.0,0.0,,48.0,False,6.0,6.0,4.0,1.0,False,4,107.0,1:31 PM,,YESTERDAY,2026-07-07T01:33:00-07:00,CLILAS_202607070833.txt,True,18.0,16.0,12.0,9.0,6.0,3.0,2.0,2.0,1.0,1.0,2.0,-1.0,True,107,2026-07-06T03:00:00-07:00,2026-07-06T06:00:00-07:00,3.0,PFMVEF_202607061000.txt,0.0,0.0
2026-07-07,107.0,2026-07-07 15:56:00-07:00,25,0.25,0.0,False,27.0,91.0,37.0,0.0,3.0,16.0,94.0,39.0,0.0,3.0,13.0,97.0,39.0,0.0,4.0,10.0,102.0,39.0,0.0,8.0,5.0,104.0,37.0,0.0,15.0,3.0,105.0,36.0,0.25,11.0,2.0,105.0,36.0,0.25,9.0,2.0,106.0,36.0,0.25,12.0,1.0,107.0,35.0,0.25,17.0,0.0,106.0,31.0,0.25,15.0,1.0,105.0,31.0,0.0,16.0,2.0,2026-07-07 15:56:00-07:00,15.933333333333334,0.1388888888888889,0.0,0.0,0.09453781512605042,0.0,0.0,476.0,0.25,0.0,0.0,0.0,0.09453781512605042,0.0,,,,,0.0,0.0,0.0,False,False,,,False,False,False,False,0.0,,70.0,27.0,False,,0.0,0.0,0.0,,39.0,False,6.0,7.0,1.0,2.0,False,3,108.0,3:37 PM,,YESTERDAY,2026-07-08T01:57:00-07:00,CLILAS_202607080857.txt,True,17.0,14.0,11.0,6.0,4.0,3.0,3.0,2.0,1.0,2.0,3.0,-1.0,True,108,2026-07-07T03:02:00-07:00,2026-07-07T06:00:00-07:00,2.966666666666667,PFMVEF_202607071002.txt,0.0,0.0
2026-07-08,109.0,2026-07-08 14:56:00-07:00,24,0.0,0.0,False,28.0,91.0,35.0,0.0,0.0,18.0,94.0,36.0,0.0,4.0,15.0,99.0,35.0,0.0,5.0,10.0,102.0,35.0,0.0,9.0,7.0,104.0,31.0,0.0,13.0,5.0,106.0,27.0,0.0,15.0,3.0,107.0,23.0,0.0,9.0,2.0,109.0,21.0,0.0,12.0,0.0,108.0,20.0,0.0,13.0,1.0,108.0,16.0,0.0,14.0,1.0,107.0,12.0,0.0,16.0,2.0,2026-07-08 14:56:00-07:00,14.933333333333334,0.0,0.0,0.0,0.0,0.0,0.0,416.0,0.0,0.0,0.0,0.0,0.0,0.0,,,,,0.0,0.0,0.0,False,False,,,False,False,False,False,0.0,,20.0,28.0,False,,0.0,0.0,0.0,,36.0,False,8.0,5.0,3.0,1.0,False,4,109.0,3:46 PM,,YESTERDAY,2026-07-09T01:56:00-07:00,CLILAS_202607090856.txt,True,18.0,15.0,10.0,7.0,5.0,3.0,2.0,0.0,1.0,1.0,2.0,0.0,True,109,2026-07-08T03:02:00-07:00,2026-07-08T06:00:00-07:00,2.966666666666667,PFMVEF_202607081002.txt,0.0,0.0
2026-07-09,111.0,2026-07-09 15:56:00-07:00,25,0.0,0.0,False,26.0,90.0,26.0,0.0,5.0,21.0,93.0,26.0,0.0,0.0,18.0,99.0,26.0,0.0,4.0,12.0,102.0,26.0,0.0,6.0,9.0,105.0,29.0,0.0,5.0,6.0,107.0,22.0,0.0,8.0,4.0,109.0,17.0,0.0,12.0,2.0,110.0,11.0,0.0,13.0,1.0,111.0,13.0,0.0,17.0,0.0,110.0,18.0,0.0,14.0,1.0,109.0,13.0,0.0,14.0,2.0,2026-07-09 15:56:00-07:00,15.933333333333334,0.0,0.0,0.0,0.0,0.0,0.0,476.0,0.0,0.0,0.0,0.0,0.0,0.0,,,,,0.0,0.0,0.0,False,False,,,False,False,False,False,0.0,,120.0,26.0,False,,0.0,0.0,0.0,,29.0,False,9.0,6.0,4.0,2.0,False,3,111.0,3:54 PM,,YESTERDAY,2026-07-10T01:53:00-07:00,CLILAS_202607100853.txt,True,21.0,18.0,12.0,9.0,6.0,4.0,2.0,1.0,0.0,1.0,2.0,0.0,True,110,2026-07-09T03:01:00-07:00,2026-07-09T06:00:00-07:00,2.9833333333333334,PFMVEF_202607091001.txt,-1.0,1.0
2026-07-10,110.0,2026-07-10 16:56:00-07:00,24,0.0,0.0,False,23.0,90.0,25.0,0.0,0.0,20.0,93.0,23.0,0.0,3.0,17.0,97.0,24.0,0.0,6.0,13.0,100.0,24.0,0.0,6.0,10.0,102.0,21.0,0.0,3.0,8.0,105.0,21.0,0.0,9.0,5.0,106.0,18.0,0.0,7.0,4.0,108.0,22.0,0.0,9.0,2.0,108.0,22.0,0.0,6.0,2.0,110.0,22.0,0.0,9.0,0.0,109.0,20.0,0.0,6.0,1.0,2026-07-10 16:56:00-07:00,16.933333333333334,0.0,0.0,0.0,0.0,0.0,0.0,536.0,0.0,0.0,0.0,0.0,0.0,0.0,,,,,0.0,0.0,0.0,False,False,,,False,False,False,False,0.0,,40.0,17.0,False,,0.0,0.0,0.0,,24.0,False,7.0,5.0,4.0,2.0,False,2,110.0,4:36 PM,,YESTERDAY,2026-07-11T01:35:00-07:00,CLILAS_202607110835.txt,True,20.0,17.0,13.0,10.0,8.0,5.0,4.0,2.0,2.0,0.0,1.0,0.0,True,110,2026-07-10T03:00:00-07:00,2026-07-10T06:00:00-07:00,3.0,PFMVEF_202607101000.txt,0.0,0.0
2026-07-11,109.0,2026-07-11 16:56:00-07:00,24,0.875,0.0,False,20.0,90.0,36.0,0.0,0.0,19.0,94.0,38.0,0.25,5.0,15.0,98.0,42.0,0.0,3.0,11.0,101.0,44.0,0.0,5.0,8.0,104.0,44.0,0.0,9.0,5.0,106.0,44.0,0.0,7.0,3.0,107.0,45.0,0.25,10.0,2.0,107.0,45.0,0.875,12.0,2.0,108.0,45.0,0.875,9.0,1.0,109.0,46.0,0.5,10.0,0.0,107.0,45.0,0.25,13.0,2.0,2026-07-11 16:56:00-07:00,16.933333333333334,0.3055555555555556,0.3333333333333333,0.2222222222222222,0.251865671641791,120.0,120.0,536.0,0.6666666666666666,120.0,0.0,0.0,0.055970149253731345,0.0,25000.0,2026-07-11T14:56:00-07:00,2026-07-11T14:56:00-07:00,120.0,0.0,0.0,0.0,False,False,,,False,False,False,False,0.0,,60.0,20.0,False,,0.0,0.0,0.0,,46.0,False,8.0,6.0,3.0,1.0,False,2,110.0,3:35 PM,,YESTERDAY,2026-07-12T01:32:00-07:00,CLILAS_202607120832.txt,True,20.0,16.0,12.0,9.0,6.0,4.0,3.0,3.0,2.0,1.0,3.0,-1.0,True,110,2026-07-11T03:00:00-07:00,2026-07-11T06:00:00-07:00,3.0,PFMVEF_202607111000.txt,0.0,0.0
2026-07-12,106.0,2026-07-12 14:56:00-07:00,25,0.875,0.0,False,23.0,92.0,55.0,0.875,11.0,14.0,95.0,55.0,0.5,12.0,11.0,97.0,56.0,0.5,8.0,9.0,101.0,51.0,0.5,7.0,5.0,103.0,48.0,0.875,9.0,3.0,104.0,48.0,0.875,15.0,2.0,105.0,50.0,0.875,13.0,1.0,106.0,50.0,0.5,13.0,0.0,105.0,50.0,0.875,8.0,1.0,105.0,50.0,0.875,7.0,1.0,106.0,48.0,0.875,12.0,0.0,2026-07-12 14:56:00-07:00,14.933333333333334,0.6875,1.0,0.5,0.7127403846153846,416.0,236.0,416.0,0.875,180.0,0.0,0.0,0.25,120.0,25000.0,2026-07-12T08:06:00-07:00,2026-07-12T08:06:00-07:00,410.0,0.0,0.0,0.0,False,False,,,False,False,False,True,0.0,,40.0,23.0,False,,0.0,0.0,0.0,,56.0,True,5.0,6.0,2.0,0.0,False,4,107.0,2:22 PM,,YESTERDAY,2026-07-13T01:31:00-07:00,CLILAS_202607130831.txt,True,15.0,12.0,10.0,6.0,4.0,3.0,2.0,1.0,2.0,2.0,1.0,-1.0,True,108,2026-07-12T03:02:00-07:00,2026-07-12T06:00:00-07:00,2.966666666666667,PFMVEF_202607121002.txt,1.0,1.0
2026-07-13,102.0,2026-07-13 16:56:00-07:00,24,1.0,0.0,False,23.0,92.0,52.0,1.0,9.0,10.0,92.0,52.0,1.0,9.0,10.0,95.0,52.0,1.0,5.0,7.0,96.0,53.0,1.0,8.0,6.0,97.0,54.0,1.0,9.0,5.0,98.0,55.0,0.875,15.0,4.0,100.0,56.0,0.875,9.0,2.0,101.0,56.0,0.875,9.0,1.0,101.0,55.0,0.875,9.0,1.0,102.0,54.0,0.875,7.0,0.0,100.0,55.0,0.875,9.0,2.0,2026-07-13 16:56:00-07:00,16.933333333333334,0.9305555555555556,1.0,1.0,0.9440298507462687,536.0,536.0,536.0,0.875,180.0,0.683768656716418,480.0,0.9440298507462687,536.0,10000.0,2026-07-13T08:56:00-07:00,2026-07-13T08:56:00-07:00,480.0,0.0,0.0,0.0,False,False,,,False,False,True,False,0.0,,70.0,23.0,False,,0.0,0.0,0.0,,56.0,True,3.0,2.0,3.0,1.0,False,2,103.0,3:28 PM,,YESTERDAY,2026-07-14T01:34:00-07:00,CLILAS_202607140834.txt,True,11.0,11.0,8.0,7.0,6.0,5.0,3.0,2.0,2.0,1.0,3.0,-1.0,True,104,2026-07-13T03:02:00-07:00,2026-07-13T06:00:00-07:00,2.966666666666667,PFMVEF_202607131002.txt,1.0,1.0
2026-07-14,102.0,2026-07-14 17:56:00-07:00,26,1.0,0.0,False,15.0,91.0,55.0,0.875,0.0,11.0,92.0,55.0,1.0,0.0,10.0,93.0,55.0,1.0,0.0,9.0,96.0,56.0,1.0,3.0,6.0,98.0,56.0,1.0,4.0,4.0,100.0,56.0,0.875,3.0,2.0,100.0,55.0,0.875,4.0,2.0,101.0,55.0,0.875,3.0,1.0,101.0,55.0,0.875,4.0,1.0,101.0,53.0,0.875,9.0,1.0,102.0,52.0,0.875,3.0,0.0,2026-07-14 17:56:00-07:00,17.933333333333334,0.9166666666666666,1.0,1.0,0.9253355704697986,596.0,596.0,596.0,0.875,180.0,0.25,0.0,0.9253355704697986,596.0,14000.0,2026-07-14T08:56:00-07:00,2026-07-14T08:56:00-07:00,540.0,0.0,0.0,0.0,False,False,,,False,False,True,True,1.0,2026-07-14T14:00:00-07:00,0.0,15.0,False,,0.0,0.0,0.0,,56.0,True,2.0,5.0,2.0,1.0,False,1,103.0,5:27 PM,,YESTERDAY,2026-07-15T01:34:00-07:00,CLILAS_202607150834.txt,True,12.0,11.0,10.0,7.0,5.0,3.0,3.0,2.0,2.0,2.0,1.0,-1.0,True,104,2026-07-14T03:00:00-07:00,2026-07-14T06:00:00-07:00,3.0,PFMVEF_202607141000.txt,1.0,1.0
2026-07-15,110.0,2026-07-15 15:56:00-07:00,24,0.875,0.0,False,21.0,94.0,51.0,0.25,3.0,16.0,95.0,52.0,0.25,0.0,15.0,100.0,52.0,0.25,4.0,10.0,100.0,52.0,0.25,3.0,10.0,104.0,52.0,0.25,8.0,6.0,106.0,51.0,0.25,9.0,4.0,107.0,50.0,0.25,7.0,3.0,108.0,49.0,0.25,6.0,2.0,110.0,47.0,0.5,8.0,0.0,109.0,50.0,0.5,5.0,1.0,105.0,52.0,0.5,11.0,5.0,2026-07-15 15:56:00-07:00,15.933333333333334,0.2777777777777778,0.1111111111111111,0.0,0.25,0.0,0.0,476.0,0.25,0.0,0.0,0.0,0.25,0.0,,2026-07-15T15:56:00-07:00,,0.0,0.0,0.0,0.0,False,False,,,False,False,True,True,0.0,,110.0,21.0,False,,0.0,0.0,0.0,,52.0,True,6.0,4.0,3.0,3.0,False,4,110.0,3:38 PM,,YESTERDAY,2026-07-16T01:30:00-07:00,CLILAS_202607160830.txt,True,16.0,15.0,10.0,10.0,6.0,4.0,3.0,2.0,0.0,1.0,5.0,0.0,True,108,2026-07-15T03:01:00-07:00,2026-07-15T06:00:00-07:00,2.9833333333333334,PFMVEF_202607151001.txt,-2.0,2.0
2026-07-16,107.0,2026-07-16 15:56:00-07:00,24,0.875,0.0,False,33.0,91.0,49.0,0.875,6.0,16.0,94.0,53.0,0.5,3.0,13.0,96.0,53.0,0.25,0.0,11.0,100.0,51.0,0.25,4.0,7.0,103.0,51.0,0.5,7.0,4.0,103.0,52.0,0.875,3.0,4.0,104.0,56.0,0.875,8.0,3.0,106.0,51.0,0.875,9.0,1.0,107.0,54.0,0.875,14.0,0.0,107.0,56.0,0.875,12.0,0.0,103.0,60.0,0.875,13.0,4.0,2026-07-16 15:56:00-07:00,15.933333333333334,0.625,0.75,0.5,0.6228991596638656,356.0,236.0,476.0,0.875,180.0,0.25,0.0,0.4180672268907563,236.0,22000.0,2026-07-16T08:56:00-07:00,2026-07-16T12:56:00-07:00,420.0,0.0,0.0,0.0,False,False,,,False,False,True,True,0.0,,40.0,24.0,False,,0.0,0.0,0.0,,56.0,True,5.0,7.0,1.0,3.0,False,3,108.0,3:10 PM,,YESTERDAY,2026-07-17T01:27:00-07:00,CLILAS_202607170827.txt,True,17.0,14.0,12.0,8.0,5.0,5.0,4.0,2.0,1.0,1.0,5.0,-1.0,True,108,2026-07-16T03:00:00-07:00,2026-07-16T06:00:00-07:00,3.0,PFMVEF_202607161000.txt,0.0,0.0
2026-07-17,96.0,2026-07-17 13:20:00-07:00,28,1.0,0.0,False,22.0,85.0,63.0,0.875,5.0,11.0,86.0,64.0,0.875,6.0,10.0,88.0,63.0,0.875,3.0,8.0,89.0,64.0,0.875,10.0,7.0,89.0,66.0,0.875,12.0,7.0,92.0,65.0,0.875,11.0,4.0,96.0,64.0,0.875,14.0,0.0,94.0,63.0,0.875,13.0,2.0,91.0,63.0,0.875,10.0,5.0,90.0,61.0,0.875,13.0,6.0,88.0,61.0,0.875,11.0,8.0,2026-07-17 13:20:00-07:00,13.333333333333334,0.875,1.0,1.0,0.875,320.0,320.0,320.0,0.875,180.0,0.315625,84.0,0.875,320.0,15000.0,2026-07-17T08:56:00-07:00,2026-07-17T08:56:00-07:00,264.0,0.0,0.0,0.0,False,False,,,False,False,True,True,0.0,,20.0,19.0,False,,0.0,0.0,0.0,,66.0,True,3.0,1.0,7.0,-5.0,False,9,97.0,12:52 PM,,YESTERDAY,2026-07-18T01:25:00-07:00,CLILAS_202607180825.txt,True,12.0,11.0,9.0,8.0,8.0,5.0,1.0,3.0,6.0,7.0,9.0,-1.0,True,100,2026-07-17T03:02:00-07:00,2026-07-17T06:00:00-07:00,2.966666666666667,PFMVEF_202607171002.txt,3.0,3.0
2026-07-18,105.0,2026-07-18 16:56:00-07:00,27,0.875,0.0,False,17.0,82.0,66.0,0.875,3.0,23.0,85.0,66.0,0.25,5.0,20.0,88.0,64.0,0.5,3.0,17.0,91.0,62.0,0.5,4.0,14.0,94.0,61.0,0.5,3.0,11.0,97.0,62.0,0.5,5.0,8.0,100.0,60.0,0.5,7.0,5.0,101.0,59.0,0.5,3.0,4.0,104.0,55.0,0.5,6.0,1.0,105.0,55.0,0.5,10.0,0.0,104.0,57.0,0.5,7.0,1.0,2026-07-18 16:56:00-07:00,16.933333333333334,0.4722222222222222,0.8888888888888888,0.0,0.5111940298507462,476.0,56.0,536.0,0.5,180.0,0.22388059701492538,0.0,0.36007462686567165,236.0,,2026-07-18T09:56:00-07:00,,420.0,0.0,0.0,0.0,False,False,,,False,False,False,False,0.0,,120.0,17.0,False,,0.0,0.0,0.0,,66.0,True,6.0,6.0,6.0,4.0,False,5,106.0,3:45 PM,,YESTERDAY,2026-07-19T01:22:00-07:00,CLILAS_202607190822.txt,True,24.0,21.0,18.0,15.0,12.0,9.0,6.0,5.0,2.0,1.0,2.0,-1.0,True,102,2026-07-18T03:02:00-07:00,2026-07-18T06:00:00-07:00,2.966666666666667,PFMVEF_202607181002.txt,-4.0,4.0
2026-07-19,104.0,2026-07-19 14:56:00-07:00,27,0.875,0.0,False,20.0,91.0,53.0,0.875,4.0,13.0,92.0,53.0,0.875,7.0,12.0,92.0,56.0,0.875,6.0,12.0,89.0,62.0,0.875,6.0,15.0,94.0,59.0,0.875,6.0,10.0,97.0,57.0,0.5,3.0,7.0,101.0,56.0,0.5,4.0,3.0,104.0,55.0,0.5,3.0,0.0,104.0,53.0,0.5,7.0,0.0,104.0,52.0,0.5,9.0,0.0,104.0,53.0,0.5,5.0,0.0,2026-07-19 14:56:00-07:00,14.933333333333334,0.7142857142857143,1.0,0.5714285714285714,0.7668269230769231,416.0,296.0,416.0,0.625,180.0,0.5048076923076923,300.0,0.7668269230769231,416.0,10000.0,2026-07-19T08:56:00-07:00,2026-07-19T08:56:00-07:00,360.0,0.0,0.0,0.0,False,False,,,False,False,False,False,3.0,2026-07-19T10:56:00-07:00,170.0,0.0,True,2026-07-19T10:56:00-07:00,3.0,0.0,170.0,240.0,62.0,True,1.0,2.0,7.0,3.0,False,4,105.0,5:00 PM,,YESTERDAY,2026-07-20T01:22:00-07:00,CLILAS_202607200822.txt,True,14.0,13.0,13.0,16.0,11.0,8.0,4.0,1.0,1.0,1.0,1.0,-1.0,True,104,2026-07-19T03:00:00-07:00,2026-07-19T06:00:00-07:00,3.0,PFMVEF_202607191000.txt,-1.0,1.0
2026-07-20,106.0,2026-07-20 17:08:00-07:00,24,1.0,0.0,False,19.0,94.0,54.0,0.875,4.0,12.0,97.0,52.0,0.875,4.0,9.0,99.0,49.0,0.5,5.0,7.0,100.0,50.0,0.5,3.0,6.0,102.0,51.0,0.5,5.0,4.0,103.0,51.0,0.25,6.0,3.0,104.0,52.0,0.5,3.0,2.0,103.0,52.0,0.5,3.0,3.0,,,,,,105.0,51.0,0.5,3.0,1.0,105.0,51.0,0.5,4.0,1.0,2026-07-20 17:08:00-07:00,17.133333333333333,0.5138888888888888,0.8888888888888888,0.1111111111111111,0.555019305019305,458.0,116.0,518.0,0.5,150.0,0.29343629343629346,90.0,0.5492277992277992,446.0,15000.0,2026-07-20T08:56:00-07:00,2026-07-20T08:56:00-07:00,492.0,0.0,0.0,0.0,False,False,,,False,False,False,True,1.0,2026-07-20T14:56:00-07:00,20.0,16.0,False,,0.0,0.0,0.0,,52.0,True,5.0,3.0,2.0,,False,2,107.0,1:40 PM,,YESTERDAY,2026-07-21T01:37:00-07:00,CLILAS_202607210837.txt,True,13.0,10.0,8.0,7.0,5.0,4.0,3.0,4.0,,2.0,2.0,-1.0,True,105,2026-07-20T03:02:00-07:00,2026-07-20T06:00:00-07:00,2.966666666666667,PFMVEF_202607201002.txt,-2.0,2.0
2026-07-21,102.0,2026-07-21 12:56:00-07:00,24,1.0,0.0,False,24.0,92.0,51.0,0.875,0.0,10.0,95.0,51.0,0.875,4.0,7.0,97.0,52.0,0.875,3.0,5.0,98.0,52.0,0.875,7.0,4.0,100.0,56.0,0.875,14.0,2.0,102.0,57.0,0.875,15.0,0.0,102.0,56.0,0.875,13.0,0.0,101.0,57.0,0.875,12.0,1.0,101.0,57.0,0.875,12.0,1.0,102.0,56.0,0.5,10.0,0.0,101.0,55.0,0.5,10.0,1.0,2026-07-21 12:56:00-07:00,12.933333333333334,0.875,1.0,1.0,0.875,296.0,296.0,296.0,0.875,180.0,0.30067567567567566,60.0,0.875,296.0,14000.0,2026-07-21T08:56:00-07:00,2026-07-21T08:56:00-07:00,240.0,0.0,0.0,0.0,False,False,,,False,False,True,False,0.0,,40.0,24.0,False,,0.0,0.0,0.0,,57.0,True,5.0,3.0,2.0,-1.0,False,6,103.0,2:27 PM,,YESTERDAY,2026-07-22T01:24:00-07:00,CLILAS_202607220824.txt,True,11.0,8.0,6.0,5.0,3.0,1.0,1.0,2.0,2.0,1.0,2.0,-1.0,True,104,2026-07-21T03:00:00-07:00,2026-07-21T06:00:00-07:00,3.0,PFMVEF_202607211000.txt,1.0,1.0
2026-07-22,107.0,2026-07-22 17:56:00-07:00,25,0.875,0.0,False,17.0,90.0,56.0,0.25,0.0,17.0,93.0,56.0,0.25,3.0,14.0,95.0,55.0,0.25,3.0,12.0,98.0,50.0,0.25,0.0,9.0,100.0,50.0,0.25,8.0,7.0,102.0,50.0,0.25,4.0,5.0,104.0,51.0,0.25,3.0,3.0,105.0,50.0,0.25,3.0,2.0,106.0,51.0,0.25,5.0,1.0,106.0,49.0,0.25,0.0,1.0,107.0,49.0,0.25,10.0,0.0,2026-07-22 17:56:00-07:00,17.933333333333334,0.25,0.0,0.0,0.25,0.0,0.0,596.0,0.25,0.0,0.22651006711409397,0.0,0.25,0.0,,,,,0.0,0.0,0.0,False,False,,,False,False,False,False,1.0,2026-07-22T14:58:00-07:00,100.0,16.0,False,,0.0,0.0,0.0,,56.0,True,5.0,5.0,4.0,2.0,False,1,108.0,4:53 PM,,YESTERDAY,2026-07-23T01:24:00-07:00,CLILAS_202607230824.txt,True,18.0,15.0,13.0,10.0,8.0,6.0,4.0,3.0,2.0,2.0,1.0,-1.0,True,106,2026-07-22T04:42:00-07:00,2026-07-22T06:00:00-07:00,1.3,PFMVEF_202607221142.txt,-2.0,2.0
2026-07-23,110.0,2026-07-23 14:56:00-07:00,25,0.875,0.0,True,18.0,93.0,53.0,0.0,0.0,17.0,96.0,52.0,0.0,0.0,14.0,98.0,52.0,0.25,0.0,12.0,102.0,52.0,0.25,4.0,8.0,104.0,52.0,0.25,3.0,6.0,107.0,50.0,0.25,9.0,3.0,108.0,50.0,0.25,7.0,2.0,110.0,50.0,0.25,11.0,0.0,110.0,50.0,0.25,9.0,0.0,110.0,50.0,0.25,3.0,0.0,110.0,51.0,0.5,9.0,0.0,2026-07-23 14:56:00-07:00,14.933333333333334,0.21428571428571427,0.0,0.0,0.18028846153846154,0.0,0.0,416.0,0.25,0.0,0.0,0.0,0.18028846153846154,0.0,,,,,0.0,0.0,0.0,False,False,,,False,True,False,True,0.0,,100.0,18.0,False,,0.0,0.0,0.0,,52.0,True,5.0,6.0,4.0,2.0,False,4,112.0,2:46 PM,,YESTERDAY,2026-07-24T01:23:00-07:00,CLILAS_202607240823.txt,True,19.0,16.0,14.0,10.0,8.0,5.0,4.0,2.0,2.0,2.0,2.0,-2.0,True,110,2026-07-23T03:00:00-07:00,2026-07-23T06:00:00-07:00,3.0,PFMVEF_202607231000.txt,-2.0,2.0
2026-07-24,114.0,2026-07-24 15:56:00-07:00,27,0.875,0.0,False,24.0,99.0,53.0,0.25,4.0,15.0,103.0,53.0,0.25,4.0,11.0,105.0,54.0,0.25,4.0,9.0,107.0,54.0,0.25,4.0,7.0,107.0,54.0,0.25,5.0,7.0,104.0,56.0,0.5,10.0,10.0,108.0,58.0,0.5,9.0,6.0,112.0,55.0,0.5,9.0,2.0,114.0,50.0,0.5,18.0,0.0,113.0,48.0,0.5,14.0,1.0,112.0,47.0,0.5,10.0,2.0,2026-07-24 15:56:00-07:00,15.933333333333334,0.36363636363636365,0.45454545454545453,0.0,0.3445378151260504,180.0,0.0,476.0,0.5,180.0,0.22058823529411764,60.0,0.2815126050420168,60.0,,2026-07-24T12:56:00-07:00,,180.0,0.0,0.0,0.0,False,False,,,False,False,True,False,4.0,2026-07-24T12:56:00-07:00,70.0,24.0,True,2026-07-24T12:56:00-07:00,4.0,21.0,50.0,180.0,58.0,True,6.0,2.0,1.0,6.0,False,3,114.0,3:29 PM,,YESTERDAY,2026-07-25T01:38:00-07:00,CLILAS_202607250838.txt,True,15.0,11.0,9.0,7.0,7.0,10.0,6.0,2.0,0.0,1.0,2.0,0.0,True,110,2026-07-24T03:01:00-07:00,2026-07-24T06:00:00-07:00,2.9833333333333334,PFMVEF_202607241001.txt,-4.0,4.0
2026-07-25,113.0,2026-07-25 15:56:00-07:00,26,0.25,0.0,False,26.0,96.0,54.0,0.25,5.0,17.0,100.0,53.0,0.25,8.0,13.0,103.0,52.0,0.25,8.0,10.0,106.0,51.0,0.25,3.0,7.0,109.0,49.0,0.25,8.0,4.0,110.0,48.0,0.25,11.0,3.0,111.0,48.0,0.25,9.0,2.0,112.0,49.0,0.25,4.0,1.0,113.0,48.0,0.25,13.0,0.0,111.0,47.0,0.25,8.0,2.0,111.0,48.0,0.25,11.0,2.0,2026-07-25 15:56:00-07:00,15.933333333333334,0.25,0.0,0.0,0.25,0.0,0.0,476.0,0.25,0.0,0.18907563025210083,0.0,0.18907563025210083,0.0,,,,,0.0,0.0,0.0,False,False,,,False,False,False,False,0.0,,60.0,26.0,False,,0.0,0.0,0.0,,53.0,True,7.0,6.0,2.0,2.0,False,4,113.0,4:18 PM,,YESTERDAY,2026-07-26T01:24:00-07:00,CLILAS_202607260824.txt,True,17.0,13.0,10.0,7.0,4.0,3.0,2.0,1.0,0.0,2.0,2.0,0.0,True,114,2026-07-25T05:17:00-07:00,2026-07-25T06:00:00-07:00,0.7166666666666667,PFMVEF_202607251217.txt,1.0,1.0
2026-07-26,110.0,2026-07-26 14:56:00-07:00,24,0.875,0.0,False,27.0,95.0,46.0,0.5,12.0,15.0,98.0,46.0,0.5,11.0,12.0,102.0,45.0,0.5,11.0,8.0,105.0,44.0,0.5,13.0,5.0,107.0,43.0,0.5,11.0,3.0,106.0,43.0,0.5,6.0,4.0,109.0,43.0,0.5,13.0,1.0,110.0,44.0,0.875,12.0,0.0,106.0,44.0,0.875,16.0,4.0,103.0,51.0,0.875,16.0,7.0,103.0,50.0,0.875,10.0,7.0,2026-07-26 14:56:00-07:00,14.933333333333334,0.5535714285714286,1.0,0.14285714285714285,0.5,416.0,0.0,416.0,0.5,180.0,0.25,0.0,0.42788461538461536,296.0,20000.0,2026-07-26T08:56:00-07:00,2026-07-26T14:56:00-07:00,360.0,0.0,0.0,0.0,False,False,,,False,False,False,False,1.0,2026-07-26T12:56:00-07:00,30.0,27.0,False,,0.0,0.0,0.0,,46.0,False,7.0,5.0,2.0,-3.0,False,4,111.0,1:55 PM,,YESTERDAY,2026-07-27T01:22:00-07:00,CLILAS_202607270822.txt,True,16.0,13.0,9.0,6.0,4.0,5.0,2.0,1.0,5.0,8.0,8.0,-1.0,True,111,2026-07-26T04:27:00-07:00,2026-07-26T06:00:00-07:00,1.55,PFMVEF_202607261127.txt,0.0,0.0
2026-07-27,109.0,2026-07-27 15:56:00-07:00,23,0.875,0.0,False,25.0,94.0,45.0,0.25,8.0,15.0,98.0,48.0,0.25,10.0,11.0,100.0,49.0,0.25,12.0,9.0,102.0,51.0,0.25,12.0,7.0,104.0,50.0,0.25,10.0,5.0,106.0,47.0,0.25,14.0,3.0,108.0,45.0,0.25,11.0,1.0,108.0,43.0,0.25,8.0,1.0,109.0,38.0,0.25,10.0,0.0,109.0,36.0,0.25,11.0,0.0,108.0,31.0,0.25,14.0,1.0,2026-07-27 15:56:00-07:00,15.933333333333334,0.25,0.0,0.0,0.25,0.0,0.0,476.0,0.25,0.0,0.22058823529411764,0.0,0.25,0.0,,,,,0.0,0.0,0.0,False,False,,,False,False,False,False,0.0,,30.0,25.0,False,,0.0,0.0,0.0,,51.0,True,6.0,4.0,4.0,1.0,False,3,110.0,4:10 PM,,YESTERDAY,2026-07-28T01:27:00-07:00,CLILAS_202607280827.txt,True,16.0,12.0,10.0,8.0,6.0,4.0,2.0,2.0,1.0,1.0,2.0,-1.0,True,109,2026-07-27T04:52:00-07:00,2026-07-27T06:00:00-07:00,1.1333333333333333,PFMVEF_202607271152.txt,-1.0,1.0
2026-07-28,110.0,2026-07-28 15:56:00-07:00,24,0.875,0.0,False,21.0,93.0,40.0,0.5,7.0,17.0,98.0,38.0,0.25,7.0,12.0,101.0,39.0,0.25,5.0,9.0,104.0,41.0,0.5,7.0,6.0,106.0,45.0,0.875,7.0,4.0,106.0,48.0,0.875,9.0,4.0,106.0,47.0,0.5,4.0,4.0,108.0,47.0,0.5,10.0,2.0,110.0,48.0,0.5,12.0,0.0,108.0,46.0,0.5,9.0,2.0,107.0,45.0,0.5,9.0,3.0,2026-07-28 15:56:00-07:00,15.933333333333334,0.53125,0.75,0.25,0.5315126050420168,356.0,120.0,476.0,0.625,180.0,0.15756302521008403,0.0,0.1869747899159664,0.0,22000.0,2026-07-28T10:56:00-07:00,2026-07-28T11:56:00-07:00,300.0,0.0,0.0,0.0,False,False,,,False,False,False,True,0.0,,60.0,21.0,False,,0.0,0.0,0.0,,48.0,False,8.0,5.0,0.0,4.0,True,3,110.0,3:17 PM,,YESTERDAY,2026-07-29T01:40:00-07:00,CLILAS_202607290840.txt,True,17.0,12.0,9.0,6.0,4.0,4.0,4.0,2.0,0.0,2.0,3.0,0.0,True,110,2026-07-28T03:01:00-07:00,2026-07-28T06:00:00-07:00,2.9833333333333334,PFMVEF_202607281001.txt,0.0,0.0
2026-07-29,108.0,2026-07-29 14:56:00-07:00,24,0.25,0.0,False,23.0,93.0,36.0,0.25,7.0,15.0,96.0,34.0,0.25,9.0,12.0,99.0,37.0,0.25,7.0,9.0,101.0,46.0,0.25,10.0,7.0,103.0,48.0,0.25,7.0,5.0,105.0,46.0,0.25,6.0,3.0,107.0,44.0,0.25,12.0,1.0,108.0,43.0,0.25,13.0,0.0,108.0,43.0,0.25,8.0,0.0,108.0,43.0,0.25,12.0,0.0,108.0,40.0,0.25,12.0,0.0,2026-07-29 14:56:00-07:00,14.933333333333334,0.25,0.0,0.0,0.25,0.0,0.0,416.0,0.25,0.0,0.25,0.0,0.25,0.0,,,,,0.0,0.0,0.0,False,False,,,False,False,True,True,0.0,,50.0,23.0,False,,0.0,0.0,0.0,,48.0,False,6.0,4.0,4.0,1.0,False,4,109.0,3:43 PM,,YESTERDAY,2026-07-30T01:25:00-07:00,CLILAS_202607300825.txt,True,16.0,13.0,10.0,8.0,6.0,4.0,2.0,1.0,1.0,1.0,1.0,-1.0,True,109,2026-07-29T03:01:00-07:00,2026-07-29T06:00:00-07:00,2.9833333333333334,PFMVEF_202607291001.txt,0.0,0.0
2026-07-30,110.0,2026-07-30 15:56:00-07:00,25,0.25,0.0,False,19.0,90.0,33.0,0.25,3.0,20.0,95.0,31.0,0.25,3.0,15.0,97.0,33.0,0.25,3.0,13.0,100.0,32.0,0.25,3.0,10.0,103.0,31.0,0.25,0.0,7.0,104.0,35.0,0.25,4.0,6.0,108.0,34.0,0.25,3.0,2.0,109.0,34.0,0.25,6.0,1.0,110.0,32.0,0.25,5.0,0.0,110.0,29.0,0.0,7.0,0.0,110.0,28.0,0.0,9.0,0.0,2026-07-30 15:56:00-07:00,15.933333333333334,0.2222222222222222,0.0,0.0,0.22321428571428573,0.0,0.0,476.0,0.17916666666666667,0.0,0.22321428571428573,0.0,0.22321428571428573,0.0,,,,,0.0,0.0,0.0,False,False,,,False,False,False,False,0.0,,0.0,19.0,False,,0.0,0.0,0.0,,35.0,False,7.0,6.0,5.0,2.0,False,3,111.0,4:10 PM,,YESTERDAY,2026-07-31T01:28:00-07:00,CLILAS_202607310828.txt,True,21.0,16.0,14.0,11.0,8.0,7.0,3.0,2.0,1.0,1.0,1.0,-1.0,True,110,2026-07-30T03:01:00-07:00,2026-07-30T06:00:00-07:00,2.9833333333333334,PFMVEF_202607301001.txt,-1.0,1.0
2026-07-31,112.0,2026-07-31 15:56:00-07:00,26,0.25,0.0,False,21.0,91.0,24.0,0.25,0.0,21.0,96.0,23.0,0.25,3.0,16.0,99.0,24.0,0.25,3.0,13.0,103.0,23.0,0.25,3.0,9.0,106.0,22.0,0.25,8.0,6.0,108.0,26.0,0.25,3.0,4.0,110.0,28.0,0.25,6.0,2.0,111.0,33.0,0.0,7.0,1.0,112.0,35.0,0.0,14.0,0.0,111.0,38.0,0.25,10.0,1.0,111.0,39.0,0.0,8.0,1.0,2026-07-31 15:56:00-07:00,15.933333333333334,0.19444444444444445,0.0,0.0,0.2184873949579832,0.0,0.0,476.0,0.16666666666666666,0.0,0.0,0.0,0.0,0.0,,,,,0.0,0.0,0.0,False,False,,,False,False,False,False,1.0,2026-07-31T14:01:00-07:00,70.0,21.0,False,,0.0,0.0,0.0,,35.0,False,8.0,7.0,4.0,2.0,False,4,113.0,4:20 PM,,YESTERDAY,2026-08-01T01:22:00-07:00,CLILAS_202608010822.txt,True,22.0,17.0,14.0,10.0,7.0,5.0,3.0,2.0,1.0,2.0,2.0,-1.0,True,113,2026-07-31T03:37:00-07:00,2026-07-31T06:00:00-07:00,2.3833333333333333,PFMVEF_202607311037.txt,0.0,0.0
2026-08-01,115.0,2026-08-01 15:56:00-07:00,25,0.25,0.0,False,22.0,93.0,28.0,0.25,0.0,22.0,99.0,27.0,0.25,3.0,16.0,100.0,31.0,0.25,5.0,15.0,104.0,29.0,0.25,5.0,11.0,106.0,28.0,0.25,3.0,9.0,111.0,28.0,0.25,3.0,4.0,113.0,31.0,0.25,6.0,2.0,113.0,32.0,0.25,6.0,2.0,115.0,30.0,0.25,12.0,0.0,115.0,31.0,0.25,8.0,0.0,113.0,35.0,0.25,13.0,2.0,2026-08-01 15:56:00-07:00,15.933333333333334,0.25,0.0,0.0,0.25,0.0,0.0,476.0,0.25,0.0,0.12605042016806722,0.0,0.12605042016806722,0.0,,,,,0.0,0.0,0.0,False,False,,,False,False,False,False,0.0,,110.0,22.0,False,,0.0,0.0,0.0,,32.0,False,7.0,6.0,7.0,2.0,False,3,115.0,4:02 PM,,YESTERDAY,2026-08-02T01:25:00-07:00,CLILAS_202608020825.txt,True,22.0,16.0,15.0,11.0,9.0,4.0,2.0,2.0,0.0,0.0,2.0,0.0,True,115,2026-08-01T03:02:00-07:00,2026-08-01T06:00:00-07:00,2.966666666666667,PFMVEF_202608011002.txt,0.0,0.0
2026-08-02,113.0,2026-08-02 15:56:00-07:00,25,0.25,0.0,False,28.0,97.0,25.0,0.0,9.0,16.0,101.0,27.0,0.0,7.0,12.0,105.0,24.0,0.0,11.0,8.0,107.0,25.0,0.0,11.0,6.0,110.0,32.0,0.0,13.0,3.0,111.0,27.0,0.25,13.0,2.0,112.0,28.0,0.25,16.0,1.0,112.0,31.0,0.25,19.0,1.0,113.0,34.0,0.25,16.0,0.0,111.0,34.0,0.0,18.0,2.0,111.0,34.0,0.0,14.0,2.0,2026-08-02 15:56:00-07:00,15.933333333333334,0.1388888888888889,0.0,0.0,0.09453781512605042,0.0,0.0,476.0,0.25,0.0,0.09453781512605042,0.0,0.09453781512605042,0.0,,,,,0.0,0.0,0.0,False,False,,,False,False,False,False,0.0,,20.0,26.0,False,,0.0,0.0,0.0,,34.0,False,8.0,5.0,2.0,1.0,False,3,113.0,3:47 PM,,YESTERDAY,2026-08-03T01:32:00-07:00,CLILAS_202608030832.txt,True,16.0,12.0,8.0,6.0,3.0,2.0,1.0,1.0,0.0,2.0,2.0,0.0,True,114,2026-08-02T03:01:00-07:00,2026-08-02T06:00:00-07:00,2.9833333333333334,PFMVEF_202608021001.txt,1.0,1.0
2026-08-03,113.0,2026-08-03 13:56:00-07:00,24,0.0,0.0,False,30.0,95.0,31.0,0.0,5.0,18.0,97.0,33.0,0.0,4.0,16.0,101.0,30.0,0.0,3.0,12.0,105.0,21.0,0.0,8.0,8.0,109.0,19.0,0.0,10.0,4.0,111.0,16.0,0.0,14.0,2.0,113.0,18.0,0.0,12.0,0.0,113.0,20.0,0.0,14.0,0.0,112.0,19.0,0.0,21.0,1.0,112.0,23.0,0.0,12.0,1.0,111.0,23.0,0.0,16.0,2.0,2026-08-03 13:56:00-07:00,13.933333333333334,0.0,0.0,0.0,0.0,0.0,0.0,356.0,0.0,0.0,0.0,0.0,0.0,0.0,,,,,0.0,0.0,0.0,False,False,,,False,False,False,False,0.0,,40.0,24.0,False,,0.0,0.0,0.0,,33.0,False,6.0,8.0,4.0,-1.0,False,5,113.0,2:50 PM,,YESTERDAY,2026-08-04T01:33:00-07:00,CLILAS_202608040833.txt,True,18.0,16.0,12.0,8.0,4.0,2.0,0.0,0.0,1.0,1.0,2.0,0.0,True,113,2026-08-03T03:02:00-07:00,2026-08-03T06:00:00-07:00,2.966666666666667,PFMVEF_202608031002.txt,0.0,0.0
2026-08-04,111.0,2026-08-04 14:56:00-07:00,26,0.0,0.0,False,23.0,93.0,34.0,0.0,4.0,18.0,97.0,36.0,0.0,4.0,14.0,99.0,36.0,0.0,0.0,12.0,103.0,30.0,0.0,6.0,8.0,105.0,26.0,0.0,3.0,6.0,109.0,19.0,0.0,10.0,2.0,109.0,16.0,0.0,7.0,2.0,111.0,16.0,0.0,8.0,0.0,111.0,18.0,0.0,11.0,0.0,111.0,21.0,0.0,13.0,0.0,110.0,20.0,0.0,14.0,1.0,2026-08-04 14:56:00-07:00,14.933333333333334,0.0,0.0,0.0,0.0,0.0,0.0,416.0,0.0,0.0,0.0,0.0,0.0,0.0,,,,,0.0,0.0,0.0,False,False,,,False,False,False,False,0.0,,170.0,18.0,False,,0.0,0.0,0.0,,36.0,False,6.0,6.0,4.0,2.0,False,4,112.0,3:51 PM,,YESTERDAY,2026-08-05T01:35:00-07:00,CLILAS_202608050835.txt,True,19.0,15.0,13.0,9.0,7.0,3.0,3.0,1.0,1.0,1.0,2.0,-1.0,True,112,2026-08-04T03:01:00-07:00,2026-08-04T06:00:00-07:00,2.9833333333333334,PFMVEF_202608041001.txt,0.0,0.0
2026-08-05,112.0,2026-08-05 15:13:00-07:00,31,0.25,0.0,False,22.0,95.0,35.0,0.25,0.0,17.0,98.0,37.0,0.25,5.0,14.0,101.0,44.0,0.25,8.0,11.0,103.0,45.0,0.25,6.0,9.0,105.0,46.0,0.25,7.0,7.0,110.0,34.0,0.0,10.0,2.0,110.0,33.0,0.0,8.0,2.0,111.0,30.0,0.0,7.0,1.0,112.0,28.0,0.0,9.0,0.0,112.0,29.0,0.25,7.0,0.0,111.0,29.0,0.25,7.0,1.0,2026-08-05 15:13:00-07:00,15.216666666666667,0.07142857142857142,0.0,0.0,0.1426096997690531,0.0,0.0,433.0,0.0,0.0,0.0,0.0,0.1426096997690531,0.0,,,,,0.0,0.0,0.0,False,False,,,False,False,False,True,1.0,2026-08-05T14:56:00-07:00,70.0,22.0,False,,0.0,0.0,0.0,,47.0,False,6.0,4.0,5.0,2.0,False,4,113.0,3:43 PM,R,YESTERDAY,2026-08-06T01:38:00-07:00,CLILAS_202608060838.txt,True,18.0,15.0,12.0,10.0,8.0,3.0,3.0,2.0,1.0,1.0,2.0,-1.0,True,112,2026-08-05T03:01:00-07:00,2026-08-05T06:00:00-07:00,2.9833333333333334,PFMVEF_202608051001.txt,-1.0,1.0
2026-08-06,107.0,2026-08-06 14:56:00-07:00,25,0.5,0.0,False,23.0,93.0,61.0,0.25,11.0,14.0,95.0,61.0,0.0,9.0,12.0,97.0,59.0,0.0,0.0,10.0,100.0,58.0,0.25,5.0,7.0,103.0,59.0,0.25,6.0,4.0,104.0,58.0,0.25,12.0,3.0,106.0,58.0,0.25,7.0,1.0,107.0,55.0,0.25,4.0,0.0,107.0,53.0,0.5,5.0,0.0,107.0,50.0,0.5,3.0,0.0,106.0,50.0,0.5,5.0,1.0,2026-08-06 14:56:00-07:00,14.933333333333334,0.1875,0.0,0.0,0.1778846153846154,0.0,0.0,416.0,0.25,0.0,0.14423076923076922,0.0,0.1778846153846154,0.0,,,,,0.0,0.0,0.0,False,False,,,False,False,True,True,0.0,,80.0,18.0,False,,0.0,0.0,0.0,,61.0,True,4.0,6.0,3.0,1.0,False,4,108.0,4:51 PM,,YESTERDAY,2026-08-07T01:30:00-07:00,CLILAS_202608070830.txt,True,15.0,13.0,11.0,8.0,5.0,4.0,2.0,1.0,1.0,1.0,2.0,-1.0,True,111,2026-08-06T03:01:00-07:00,2026-08-06T06:00:00-07:00,2.9833333333333334,PFMVEF_202608061001.txt,3.0,3.0
2026-08-07,108.0,2026-08-07 15:56:00-07:00,24,0.875,0.0,False,,93.0,59.0,0.875,0.0,15.0,93.0,59.0,0.875,3.0,15.0,95.0,59.0,0.875,0.0,13.0,97.0,58.0,0.5,0.0,11.0,101.0,58.0,0.25,5.0,7.0,104.0,58.0,0.25,3.0,4.0,107.0,57.0,0.25,7.0,1.0,106.0,57.0,0.5,3.0,2.0,108.0,56.0,0.5,6.0,0.0,107.0,53.0,0.5,0.0,1.0,107.0,53.0,0.5,3.0,1.0,2026-08-07 15:56:00-07:00,15.933333333333334,0.5,0.625,0.25,0.5441176470588235,296.0,176.0,476.0,0.3333333333333333,60.0,0.15756302521008403,0.0,0.4810924369747899,176.0,20000.0,2026-08-07T08:56:00-07:00,2026-08-07T08:56:00-07:00,420.0,0.0,0.0,0.0,False,False,,,False,False,True,True,1.0,2026-08-07T14:56:00-07:00,160.0,0.0,False,,0.0,0.0,0.0,,59.0,True,2.0,6.0,6.0,1.0,False,3,109.0,3:29 PM,,YESTERDAY,2026-08-08T01:27:00-07:00,CLILAS_202608080827.txt,True,16.0,16.0,14.0,12.0,8.0,5.0,2.0,3.0,1.0,2.0,2.0,-1.0,True,110,2026-08-07T03:01:00-07:00,2026-08-07T06:00:00-07:00,2.9833333333333334,PFMVEF_202608071001.txt,1.0,1.0
2026-08-08,112.0,2026-08-08 16:56:00-07:00,28,0.5,0.0,True,34.0,95.0,54.0,0.25,3.0,17.0,97.0,54.0,0.25,3.0,15.0,100.0,54.0,0.25,3.0,12.0,103.0,52.0,0.25,6.0,9.0,108.0,44.0,0.25,6.0,4.0,108.0,44.0,0.25,8.0,4.0,110.0,46.0,0.25,5.0,2.0,111.0,46.0,0.25,9.0,1.0,111.0,45.0,0.25,7.0,1.0,112.0,45.0,0.25,8.0,0.0,110.0,45.0,0.25,0.0,2.0,2026-08-08 16:56:00-07:00,16.933333333333334,0.25,0.0,0.0,0.25,0.0,0.0,536.0,0.25,0.0,0.22388059701492538,0.0,0.25,0.0,,,,,0.0,0.0,0.0,False,False,,,False,True,True,True,0.0,,50.0,20.0,False,,0.0,0.0,0.0,,54.0,True,5.0,8.0,2.0,1.0,False,2,113.0,2:13 PM,,YESTERDAY,2026-08-09T01:21:00-07:00,CLILAS_202608090821.txt,True,18.0,16.0,13.0,10.0,5.0,5.0,3.0,2.0,2.0,1.0,3.0,-1.0,True,112,2026-08-08T04:22:00-07:00,2026-08-08T06:00:00-07:00,1.6333333333333333,PFMVEF_202608081122.txt,-1.0,1.0
2026-08-09,110.0,2026-08-09 13:56:00-07:00,29,0.875,0.0,True,40.0,94.0,52.0,0.25,3.0,16.0,98.0,51.0,0.25,0.0,12.0,102.0,49.0,0.5,4.0,8.0,103.0,50.0,0.25,0.0,7.0,107.0,46.0,0.875,6.0,3.0,109.0,47.0,0.5,8.0,1.0,110.0,47.0,0.5,4.0,0.0,105.0,42.0,0.5,21.0,5.0,105.0,45.0,0.875,8.0,5.0,108.0,45.0,0.875,8.0,2.0,106.0,49.0,0.5,6.0,4.0,2026-08-09 13:56:00-07:00,13.933333333333334,0.48214285714285715,0.7142857142857143,0.14285714285714285,0.4396067415730337,180.0,60.0,356.0,0.5416666666666666,120.0,0.0,0.0,0.2984550561797753,69.0,25000.0,2026-08-09T09:56:00-07:00,2026-08-09T11:56:00-07:00,240.0,0.0,0.0,0.0,False,False,,,True,True,True,True,0.0,,20.0,0.0,False,,0.0,0.0,0.0,,51.0,True,8.0,5.0,3.0,-5.0,False,8,110.0,12:57 PM,,YESTERDAY,2026-08-10T01:25:00-07:00,CLILAS_202608100825.txt,True,16.0,12.0,8.0,7.0,3.0,1.0,0.0,5.0,5.0,2.0,4.0,0.0,True,111,2026-08-09T03:02:00-07:00,2026-08-09T06:00:00-07:00,2.966666666666667,PFMVEF_202608091002.txt,1.0,1.0
2026-08-10,104.0,2026-08-10 14:02:00-07:00,27,1.0,0.0,False,28.0,92.0,59.0,0.875,0.0,12.0,95.0,60.0,0.875,8.0,9.0,101.0,52.0,0.875,7.0,3.0,103.0,51.0,0.875,0.0,1.0,101.0,53.0,1.0,7.0,3.0,100.0,58.0,0.875,7.0,4.0,104.0,57.0,0.875,8.0,0.0,102.0,58.0,0.875,9.0,2.0,99.0,50.0,0.875,17.0,5.0,99.0,50.0,0.875,10.0,5.0,100.0,47.0,0.875,7.0,4.0,2026-08-10 14:02:00-07:00,14.033333333333333,0.8928571428571429,1.0,1.0,0.8957182320441989,362.0,362.0,362.0,0.9166666666666666,180.0,0.0,0.0,0.3784530386740331,186.0,23000.0,2026-08-10T08:56:00-07:00,2026-08-10T08:56:00-07:00,306.0,0.0,0.0,0.0,False,False,,,False,False,True,True,2.0,2026-08-10T11:56:00-07:00,70.0,16.0,False,,0.0,0.0,0.0,,60.0,True,9.0,0.0,3.0,-5.0,True,7,104.0,1:19 PM,,YESTERDAY,2026-08-11T01:26:00-07:00,CLILAS_202608110826.txt,True,12.0,9.0,3.0,1.0,3.0,4.0,0.0,2.0,5.0,5.0,4.0,0.0,True,109,2026-08-10T03:02:00-07:00,2026-08-10T06:00:00-07:00,2.966666666666667,PFMVEF_202608101002.txt,5.0,5.0
2026-08-11,101.0,2026-08-11 16:56:00-07:00,24,1.0,0.0,False,25.0,90.0,52.0,0.875,11.0,11.0,91.0,58.0,0.875,9.0,10.0,96.0,56.0,0.875,14.0,5.0,96.0,55.0,0.875,11.0,5.0,96.0,55.0,1.0,9.0,5.0,99.0,55.0,1.0,11.0,2.0,98.0,57.0,1.0,7.0,3.0,98.0,56.0,1.0,5.0,3.0,98.0,57.0,0.875,11.0,3.0,101.0,54.0,0.875,7.0,0.0,99.0,50.0,0.875,8.0,2.0,2026-08-11 16:56:00-07:00,16.933333333333334,0.9305555555555556,1.0,1.0,0.9309701492537313,536.0,536.0,536.0,0.9583333333333334,180.0,0.1958955223880597,0.0,0.9309701492537313,536.0,15000.0,2026-08-11T08:56:00-07:00,2026-08-11T08:56:00-07:00,480.0,0.0,0.0,0.0,False,False,,,False,False,True,True,1.0,2026-08-11T13:56:00-07:00,50.0,25.0,False,,0.0,0.0,0.0,,58.0,True,6.0,0.0,2.0,0.0,True,2,101.0,4:23 PM,,YESTERDAY,2026-08-12T01:29:00-07:00,CLILAS_202608120829.txt,True,11.0,10.0,5.0,5.0,5.0,2.0,3.0,3.0,3.0,0.0,2.0,0.0,True,102,2026-08-11T03:02:00-07:00,2026-08-11T06:00:00-07:00,2.966666666666667,PFMVEF_202608111002.txt,1.0,1.0
2026-08-12,100.0,2026-08-12 12:56:00-07:00,30,1.0,0.0,True,25.0,88.0,58.0,0.25,3.0,12.0,90.0,58.0,0.25,4.0,10.0,94.0,56.0,0.25,4.0,6.0,96.0,55.0,0.5,6.0,4.0,98.0,54.0,0.5,9.0,2.0,100.0,51.0,0.875,7.0,0.0,93.0,61.0,0.875,9.0,7.0,96.0,61.0,0.875,13.0,4.0,97.0,56.0,0.875,13.0,3.0,94.0,58.0,0.875,18.0,6.0,92.0,55.0,0.875,14.0,8.0,2026-08-12 12:56:00-07:00,12.933333333333334,0.4791666666666667,0.6666666666666666,0.16666666666666666,0.35135135135135137,120.0,0.0,296.0,0.4166666666666667,120.0,0.20270270270270271,0.0,0.35135135135135137,120.0,25000.0,2026-08-12T10:56:00-07:00,2026-08-12T12:56:00-07:00,120.0,0.0,0.0,0.0,False,False,,,False,True,True,True,0.0,,60.0,18.0,False,,0.0,0.0,0.0,,58.0,True,6.0,4.0,-5.0,4.0,True,9,101.0,12:17 PM,,YESTERDAY,2026-08-13T01:24:00-07:00,CLILAS_202608130824.txt,True,13.0,11.0,7.0,5.0,3.0,1.0,8.0,5.0,4.0,7.0,9.0,-1.0,True,99,2026-08-12T03:01:00-07:00,2026-08-12T06:00:00-07:00,2.9833333333333334,PFMVEF_202608121001.txt,-2.0,2.0
2026-08-13,91.0,2026-08-13 17:56:00-07:00,27,1.0,0.02,True,36.0,79.0,64.0,0.875,3.0,12.0,82.0,63.0,0.875,0.0,9.0,83.0,63.0,0.875,3.0,8.0,87.0,62.0,0.875,3.0,4.0,90.0,62.0,1.0,9.0,1.0,88.0,63.0,1.0,5.0,3.0,77.0,62.0,1.0,21.0,14.0,78.0,61.0,0.875,5.0,13.0,85.0,58.0,0.875,8.0,6.0,88.0,60.0,0.875,3.0,3.0,91.0,58.0,0.875,9.0,0.0,2026-08-13 17:56:00-07:00,17.933333333333334,0.9134615384615384,1.0,1.0,0.912751677852349,596.0,596.0,596.0,0.875,180.0,0.33976510067114096,180.0,0.912751677852349,596.0,11000.0,2026-08-13T08:56:00-07:00,2026-08-13T08:56:00-07:00,540.0,0.02,0.02,0.0,True,False,2026-08-13T01:56:00-07:00,960.0,True,False,True,False,11.0,2026-08-13T13:56:00-07:00,80.0,36.0,True,2026-08-13T13:56:00-07:00,11.0,36.0,20.0,240.0,63.0,True,4.0,7.0,-13.0,8.0,True,1,91.0,5:25 PM,,YESTERDAY,2026-08-14T01:28:00-07:00,CLILAS_202608140828.txt,True,12.0,9.0,8.0,4.0,1.0,3.0,14.0,13.0,6.0,3.0,0.0,0.0,True,95,2026-08-13T03:01:00-07:00,2026-08-13T06:00:00-07:00,2.9833333333333334,PFMVEF_202608131001.txt,4.0,4.0
2026-08-14,96.0,2026-08-14 12:56:00-07:00,36,1.0,0.27,True,25.0,84.0,59.0,0.875,0.0,12.0,86.0,59.0,0.5,3.0,10.0,88.0,55.0,0.5,6.0,8.0,91.0,56.0,0.5,8.0,5.0,93.0,53.0,0.5,5.0,3.0,96.0,51.0,0.5,5.0,0.0,94.0,55.0,0.5,9.0,2.0,90.0,60.0,0.875,17.0,6.0,89.0,56.0,0.875,21.0,7.0,86.0,57.0,0.875,18.0,10.0,85.0,57.0,0.875,19.0,11.0,2026-08-14 12:56:00-07:00,12.933333333333334,0.5,1.0,0.0,0.5709459459459459,296.0,56.0,296.0,0.5,180.0,0.19932432432432431,0.0,0.2972972972972973,56.0,,2026-08-14T08:56:00-07:00,,240.0,0.09,0.0,0.09,False,True,2026-08-14T14:56:00-07:00,,False,True,True,True,0.0,,90.0,0.0,False,,0.0,0.0,0.0,,59.0,True,4.0,5.0,1.0,-5.0,False,7,97.0,12:27 PM,,YESTERDAY,2026-08-15T01:39:00-07:00,CLILAS_202608150839.txt,True,13.0,11.0,9.0,6.0,4.0,1.0,3.0,7.0,8.0,11.0,12.0,-1.0,True,93,2026-08-14T03:01:00-07:00,2026-08-14T06:00:00-07:00,2.9833333333333334,PFMVEF_202608141001.txt,-4.0,4.0
