date,raw_peak_f,raw_peak_time,obs_count,max_cloud_fraction,precip_total_in,thunder_observed,max_wind_gust_kt,h08_temp_f,h08_dewpoint_f,h08_cloud_fraction,h08_wind_speed_kt,h08_heating_remaining_raw_f,h09_temp_f,h09_dewpoint_f,h09_cloud_fraction,h09_wind_speed_kt,h09_heating_remaining_raw_f,h10_temp_f,h10_dewpoint_f,h10_cloud_fraction,h10_wind_speed_kt,h10_heating_remaining_raw_f,h11_temp_f,h11_dewpoint_f,h11_cloud_fraction,h11_wind_speed_kt,h11_heating_remaining_raw_f,h12_temp_f,h12_dewpoint_f,h12_cloud_fraction,h12_wind_speed_kt,h12_heating_remaining_raw_f,h13_temp_f,h13_dewpoint_f,h13_cloud_fraction,h13_wind_speed_kt,h13_heating_remaining_raw_f,h14_temp_f,h14_dewpoint_f,h14_cloud_fraction,h14_wind_speed_kt,h14_heating_remaining_raw_f,h15_temp_f,h15_dewpoint_f,h15_cloud_fraction,h15_wind_speed_kt,h15_heating_remaining_raw_f,h16_temp_f,h16_dewpoint_f,h16_cloud_fraction,h16_wind_speed_kt,h16_heating_remaining_raw_f,h17_temp_f,h17_dewpoint_f,h17_cloud_fraction,h17_wind_speed_kt,h17_heating_remaining_raw_f,h18_temp_f,h18_dewpoint_f,h18_cloud_fraction,h18_wind_speed_kt,h18_heating_remaining_raw_f,raw_peak_time_proxy,raw_peak_hour_local,cloud_mean_pre_peak,cloudy_obs_fraction_pre_peak,overcast_obs_fraction_pre_peak,cloud_burden_timeweighted_pre_peak,cloudy_minutes_pre_peak,overcast_minutes_pre_peak,cloud_covered_minutes_pre_peak,cloud_burden_last3h_pre_peak,cloudy_minutes_last3h_pre_peak,cloud_burden_below_12000_pre_peak,cloudy_minutes_below_12000_pre_peak,cloud_burden_below_20000_pre_peak,cloudy_minutes_below_20000_pre_peak,lowest_bkn_ovc_ft_pre_peak,first_cloudy_time,first_overcast_time,cloud_onset_minutes_before_peak,precip_total_dedup_in,precip_pre_peak_dedup_in,precip_post_peak_dedup_in,precip_before_peak,precip_after_peak,first_precip_time,precip_onset_minutes_before_peak,thunder_before_peak,thunder_after_peak,convective_cloud_before_peak,convective_cloud_after_peak,largest_pre_peak_temp_drop_90m_f,largest_pre_peak_temp_drop_time,max_pre_peak_wind_shift_deg,max_pre_peak_gust_kt,outflow_candidate,outflow_event_time,outflow_event_drop_f,outflow_event_gust_kt,outflow_event_wind_shift_deg,outflow_minutes_before_peak,max_pre_peak_dewpoint_f,elevated_moisture_signal,heat_08_10_f,heat_10_12_f,heat_12_14_f,heat_14_16_f,midday_stall_signal,post_peak_obs_count,actual_cli_high_f,cli_peak_time_text,cli_peak_time_flags,cli_period_label,cli_issued_at,cli_source_filename,cli_is_final,h08_heating_remaining_cli_f,h09_heating_remaining_cli_f,h10_heating_remaining_cli_f,h11_heating_remaining_cli_f,h12_heating_remaining_cli_f,h13_heating_remaining_cli_f,h14_heating_remaining_cli_f,h15_heating_remaining_cli_f,h16_heating_remaining_cli_f,h17_heating_remaining_cli_f,h18_heating_remaining_cli_f,asos_minus_cli_f,day_complete,nws_am_forecast_high_f,nws_am_issued_at,nws_am_cutoff_local,nws_am_lead_hours,pfm_source_filename,nws_am_error_f,nws_am_abs_error_f
2022-06-01,99.0,2022-06-01 15:51:00-07:00,25,0.0,0.0,False,18.0,80.0,32.0,0.0,4.0,19.0,85.0,27.0,0.0,3.0,14.0,88.0,24.1,0.0,4.0,11.0,92.0,23.0,0.0,4.0,7.0,93.0,23.0,0.0,3.0,6.0,95.0,26.1,0.0,4.0,4.0,98.0,26.1,0.0,0.0,1.0,97.0,26.1,0.0,5.0,2.0,99.0,23.0,0.0,11.0,0.0,98.0,21.9,0.0,5.0,1.0,98.0,21.9,0.0,13.0,1.0,2022-06-01 15:51:00-07:00,15.85,0.0,0.0,0.0,0.0,0.0,0.0,471.0,0.0,0.0,0.0,0.0,0.0,0.0,,,,,0.0,0.0,0.0,False,False,,,False,False,False,False,1.0,2022-06-01T14:51:00-07:00,120.0,0.0,False,,0.0,0.0,0.0,,27.0,False,8.0,5.0,5.0,1.0,False,3,100.0,5:24 PM,,YESTERDAY,2022-06-02T01:18:00-07:00,CLIPHX_202206020818.txt,True,20.0,15.0,12.0,8.0,7.0,5.0,2.0,3.0,1.0,2.0,2.0,-1.0,True,101,2022-06-01T04:00:00-07:00,2022-06-01T06:00:00-07:00,2.0,PFMPSR_202206011100.txt,1.0,1.0
2022-06-02,101.0,2022-06-02 15:51:00-07:00,24,0.25,0.0,False,16.0,80.0,33.0,0.0,6.0,21.0,84.0,34.0,0.0,4.0,17.0,89.0,30.9,0.0,0.0,12.0,92.0,28.0,0.0,3.0,9.0,95.0,26.1,0.0,4.0,6.0,99.0,25.0,0.0,5.0,2.0,98.0,25.0,0.25,4.0,3.0,100.0,25.0,0.25,3.0,1.0,101.0,25.0,0.25,4.0,0.0,101.0,23.0,0.25,0.0,0.0,101.0,21.0,0.25,10.0,0.0,2022-06-02 15:51:00-07:00,15.85,0.09375,0.0,0.0,0.06369426751592357,0.0,0.0,471.0,0.16666666666666666,0.0,0.0,0.0,0.0,0.0,,,,,0.0,0.0,0.0,False,False,,,False,False,False,False,1.0,2022-06-02T13:51:00-07:00,120.0,0.0,False,,0.0,0.0,0.0,,34.0,False,9.0,6.0,3.0,3.0,False,3,103.0,4:02 PM,,YESTERDAY,2022-06-03T01:14:00-07:00,CLIPHX_202206030814.txt,True,23.0,19.0,14.0,11.0,8.0,4.0,5.0,3.0,2.0,2.0,2.0,-2.0,True,103,2022-06-02T04:00:00-07:00,2022-06-02T06:00:00-07:00,2.0,PFMPSR_202206021100.txt,0.0,0.0
2022-06-03,102.0,2022-06-03 15:51:00-07:00,24,0.875,0.0,False,26.0,83.0,30.0,0.25,6.0,19.0,86.0,30.9,0.25,6.0,16.0,90.0,32.0,0.25,7.0,12.0,92.0,33.0,0.25,4.0,10.0,96.0,33.0,0.25,3.0,6.0,98.0,25.0,0.25,0.0,4.0,99.0,27.0,0.25,5.0,3.0,100.0,27.0,0.25,8.0,2.0,102.0,27.0,0.25,9.0,0.0,100.0,28.0,0.875,10.0,2.0,100.0,28.9,0.875,16.0,2.0,2022-06-03 15:51:00-07:00,15.85,0.25,0.0,0.0,0.25,0.0,0.0,471.0,0.25,0.0,0.0,0.0,0.0,0.0,,,,,0.0,0.0,0.0,False,False,,,False,False,False,False,0.0,,100.0,15.0,False,,0.0,0.0,0.0,,33.0,False,7.0,6.0,3.0,3.0,False,3,103.0,3:50 PM,,YESTERDAY,2022-06-04T01:21:00-07:00,CLIPHX_202206040821.txt,True,20.0,17.0,13.0,11.0,7.0,5.0,4.0,3.0,1.0,3.0,3.0,-1.0,True,104,2022-06-03T04:00:00-07:00,2022-06-03T06:00:00-07:00,2.0,PFMPSR_202206031100.txt,1.0,1.0
2022-06-04,100.0,2022-06-04 16:51:00-07:00,24,0.875,0.0,False,24.0,81.0,34.0,0.5,6.0,19.0,85.0,30.0,0.5,5.0,15.0,89.0,30.0,0.5,5.0,11.0,91.0,28.0,0.5,3.0,9.0,94.0,30.9,0.5,5.0,6.0,95.0,30.9,0.5,4.0,5.0,98.0,32.0,0.875,3.0,2.0,99.0,30.9,0.875,3.0,1.0,99.0,30.0,0.875,9.0,1.0,100.0,28.9,0.875,5.0,0.0,100.0,28.0,0.875,11.0,0.0,2022-06-04 16:51:00-07:00,16.85,0.6666666666666666,1.0,0.4444444444444444,0.6271186440677966,531.0,180.0,531.0,0.875,180.0,0.0,0.0,0.3347457627118644,180.0,25000.0,2022-06-04T08:51:00-07:00,2022-06-04T13:51:00-07:00,480.0,0.0,0.0,0.0,False,False,,,False,False,False,False,0.0,,160.0,0.0,False,,0.0,0.0,0.0,,32.0,False,8.0,5.0,4.0,1.0,False,2,101.0,4:36 PM,,YESTERDAY,2022-06-05T01:18:00-07:00,CLIPHX_202206050818.txt,True,20.0,16.0,12.0,10.0,7.0,6.0,3.0,2.0,2.0,1.0,1.0,-1.0,True,102,2022-06-04T04:00:00-07:00,2022-06-04T06:00:00-07:00,2.0,PFMPSR_202206041100.txt,1.0,1.0
2022-06-05,101.0,2022-06-05 15:51:00-07:00,24,0.875,0.0,False,21.0,83.0,40.0,0.875,4.0,18.0,87.0,41.0,0.5,6.0,14.0,89.0,40.0,0.25,0.0,12.0,92.0,39.0,0.25,4.0,9.0,94.0,40.0,0.25,0.0,7.0,98.0,41.0,0.25,6.0,3.0,98.0,40.0,0.5,4.0,3.0,99.0,39.0,0.875,3.0,2.0,101.0,38.0,0.875,12.0,0.0,101.0,39.0,0.875,14.0,0.0,100.0,39.0,0.875,10.0,1.0,2022-06-05 15:51:00-07:00,15.85,0.46875,0.5,0.25,0.4609872611464968,231.0,111.0,471.0,0.5416666666666666,120.0,0.0,0.0,0.0,0.0,25000.0,2022-06-05T08:51:00-07:00,2022-06-05T14:51:00-07:00,420.0,0.0,0.0,0.0,False,False,,,False,False,False,False,0.0,,120.0,21.0,False,,0.0,0.0,0.0,,41.0,False,6.0,5.0,4.0,3.0,False,3,102.0,4:28 PM,,YESTERDAY,2022-06-06T01:17:00-07:00,CLIPHX_202206060817.txt,True,19.0,15.0,13.0,10.0,8.0,4.0,4.0,3.0,1.0,1.0,2.0,-1.0,True,103,2022-06-05T04:14:00-07:00,2022-06-05T06:00:00-07:00,1.7666666666666666,PFMPSR_202206051114.txt,1.0,1.0
2022-06-06,104.0,2022-06-06 14:51:00-07:00,24,0.25,0.0,False,24.0,86.0,40.0,0.25,5.0,18.0,89.0,40.0,0.0,5.0,15.0,93.0,42.0,0.0,0.0,11.0,95.0,43.0,0.0,4.0,9.0,98.0,44.0,0.0,5.0,6.0,101.0,44.0,0.0,5.0,3.0,100.0,43.0,0.0,5.0,4.0,104.0,43.0,0.0,4.0,0.0,104.0,41.0,0.0,4.0,0.0,104.0,40.0,0.0,12.0,0.0,104.0,37.0,0.0,13.0,0.0,2022-06-06 14:51:00-07:00,14.85,0.0,0.0,0.0,0.03102189781021898,0.0,0.0,411.0,0.0,0.0,0.0,0.0,0.0,0.0,,,,,0.0,0.0,0.0,False,False,,,False,False,False,False,1.0,2022-06-06T13:51:00-07:00,120.0,0.0,False,,0.0,0.0,0.0,,44.0,False,7.0,5.0,2.0,4.0,False,4,105.0,5:30 PM,,YESTERDAY,2022-06-07T01:21:00-07:00,CLIPHX_202206070821.txt,True,19.0,16.0,12.0,10.0,7.0,4.0,5.0,1.0,1.0,1.0,1.0,-1.0,True,105,2022-06-06T04:21:00-07:00,2022-06-06T06:00:00-07:00,1.65,PFMPSR_202206061121.txt,0.0,0.0
2022-06-07,106.0,2022-06-07 13:51:00-07:00,25,0.25,0.0,False,16.0,87.0,43.0,0.25,5.0,19.0,91.0,44.0,0.25,0.0,15.0,93.0,44.0,0.25,0.0,13.0,99.0,44.0,0.25,8.0,7.0,98.0,44.0,0.25,0.0,8.0,102.0,44.0,0.25,10.0,4.0,106.0,43.0,0.25,5.0,0.0,104.0,42.0,0.25,3.0,2.0,104.0,42.0,0.25,9.0,2.0,105.0,39.0,0.25,5.0,1.0,105.0,41.0,0.25,12.0,1.0,2022-06-07 13:51:00-07:00,13.85,0.25,0.0,0.0,0.25,0.0,0.0,351.0,0.25,0.0,0.0,0.0,0.0,0.0,,,,,0.0,0.0,0.0,False,False,,,False,False,False,False,1.0,2022-06-07T11:51:00-07:00,30.0,0.0,False,,0.0,0.0,0.0,,44.0,False,6.0,5.0,8.0,-2.0,False,6,107.0,3:29 PM,,YESTERDAY,2022-06-19T07:36:00-07:00,CLIPHX_202206191436.txt,True,20.0,16.0,14.0,8.0,9.0,5.0,1.0,3.0,3.0,2.0,2.0,-1.0,True,107,2022-06-07T04:32:00-07:00,2022-06-07T06:00:00-07:00,1.4666666666666666,PFMPSR_202206071132.txt,0.0,0.0
2022-06-08,108.0,2022-06-08 14:55:00-07:00,25,0.875,0.0,False,,89.0,46.0,0.25,6.0,19.0,93.0,44.0,0.25,9.0,15.0,97.0,44.0,0.5,4.0,11.0,99.0,43.0,0.5,3.0,9.0,103.0,42.0,0.875,3.0,5.0,103.0,41.0,0.875,0.0,5.0,106.0,40.0,0.875,6.0,2.0,108.0,39.0,0.875,3.0,0.0,108.0,38.0,0.875,4.0,0.0,108.0,40.0,0.875,8.0,0.0,107.0,38.0,0.875,6.0,1.0,2022-06-08 14:55:00-07:00,14.916666666666666,0.703125,0.875,0.625,0.5993975903614458,304.0,184.0,415.0,0.875,180.0,0.0746987951807229,0.0,0.0746987951807229,0.0,25000.0,2022-06-08T09:51:00-07:00,2022-06-08T11:51:00-07:00,304.0,0.0,0.0,0.0,False,False,,,False,False,False,False,0.0,,110.0,0.0,False,,0.0,0.0,0.0,,44.0,False,8.0,6.0,3.0,2.0,False,4,110.0,4:01 PM,,YESTERDAY,2022-06-09T01:33:00-07:00,CLIPHX_202206090833.txt,True,21.0,17.0,13.0,11.0,7.0,7.0,4.0,2.0,2.0,2.0,3.0,-2.0,True,109,2022-06-08T04:18:00-07:00,2022-06-08T06:00:00-07:00,1.7,PFMPSR_202206081118.txt,-1.0,1.0
2022-06-09,108.0,2022-06-09 15:51:00-07:00,24,0.875,0.0,False,17.0,93.0,41.0,0.5,3.0,15.0,95.0,40.0,0.25,0.0,13.0,98.0,41.0,0.5,3.0,10.0,101.0,42.0,0.875,3.0,7.0,103.0,45.0,0.875,4.0,5.0,106.0,45.0,0.875,8.0,2.0,106.0,46.0,0.875,7.0,2.0,107.0,44.0,0.875,6.0,1.0,108.0,44.0,0.5,11.0,0.0,108.0,43.0,0.5,6.0,0.0,107.0,44.0,0.5,7.0,1.0,2022-06-09 15:51:00-07:00,15.85,0.703125,0.875,0.625,0.7070063694267515,411.0,300.0,471.0,0.875,180.0,0.12738853503184713,0.0,0.4251592356687898,240.0,17000.0,2022-06-09T09:51:00-07:00,2022-06-09T10:51:00-07:00,360.0,0.0,0.0,0.0,False,False,,,False,False,False,False,0.0,,30.0,16.0,False,,0.0,0.0,0.0,,46.0,False,5.0,5.0,3.0,2.0,False,3,109.0,5:03 PM,,YESTERDAY,2022-06-10T01:26:00-07:00,CLIPHX_202206100826.txt,True,16.0,14.0,11.0,8.0,6.0,3.0,3.0,2.0,1.0,1.0,2.0,-1.0,True,110,2022-06-09T04:18:00-07:00,2022-06-09T06:00:00-07:00,1.7,PFMPSR_202206091118.txt,1.0,1.0
2022-06-10,112.0,2022-06-10 15:51:00-07:00,25,0.875,0.0,False,22.0,93.0,49.0,0.25,3.0,19.0,95.0,48.0,0.25,6.0,17.0,98.0,48.0,0.25,6.0,14.0,100.0,48.0,0.25,6.0,12.0,104.0,47.0,0.25,8.0,8.0,107.0,45.0,0.25,7.0,5.0,110.0,45.0,0.25,9.0,2.0,111.0,43.0,0.25,11.0,1.0,112.0,43.0,0.25,15.0,0.0,112.0,42.0,0.25,12.0,0.0,112.0,38.0,0.25,11.0,0.0,2022-06-10 15:51:00-07:00,15.85,0.25,0.0,0.0,0.25,0.0,0.0,471.0,0.25,0.0,0.1910828025477707,0.0,0.25,0.0,,,,,0.0,0.0,0.0,False,False,,,False,False,True,False,0.0,,50.0,20.0,False,,0.0,0.0,0.0,,48.0,False,5.0,6.0,6.0,2.0,False,3,113.0,4:43 PM,R,YESTERDAY,2022-06-11T01:19:00-07:00,CLIPHX_202206110819.txt,True,20.0,18.0,15.0,13.0,9.0,6.0,3.0,2.0,1.0,1.0,1.0,-1.0,True,112,2022-06-10T04:00:00-07:00,2022-06-10T06:00:00-07:00,2.0,PFMPSR_202206101100.txt,-1.0,1.0
2022-06-11,114.0,2022-06-11 15:51:00-07:00,25,0.875,0.0,False,37.0,94.0,55.0,0.25,5.0,20.0,98.0,53.0,0.25,3.0,16.0,101.0,52.0,0.25,4.0,13.0,103.0,50.0,0.25,3.0,11.0,107.0,49.0,0.25,0.0,7.0,110.0,46.0,0.25,10.0,4.0,113.0,41.0,0.25,11.0,1.0,113.0,39.0,0.25,17.0,1.0,114.0,36.0,0.25,18.0,0.0,113.0,40.0,0.25,17.0,1.0,110.0,39.0,0.25,27.0,4.0,2022-06-11 15:51:00-07:00,15.85,0.25,0.0,0.0,0.25,0.0,0.0,471.0,0.25,0.0,0.0,0.0,0.25,0.0,,,,,0.0,0.0,0.0,False,False,,,False,False,True,True,0.0,,20.0,25.0,False,,0.0,0.0,0.0,,53.0,True,7.0,6.0,6.0,1.0,False,4,114.0,4:48 PM,R,YESTERDAY,2022-06-12T01:38:00-07:00,CLIPHX_202206120838.txt,True,20.0,16.0,13.0,11.0,7.0,4.0,1.0,1.0,0.0,1.0,4.0,0.0,True,114,2022-06-11T04:00:00-07:00,2022-06-11T06:00:00-07:00,2.0,PFMPSR_202206111100.txt,0.0,0.0
2022-06-12,112.0,2022-06-12 13:51:00-07:00,24,0.25,0.0,False,26.0,93.0,49.0,0.0,6.0,19.0,98.0,50.0,0.0,4.0,14.0,102.0,50.0,0.0,3.0,10.0,106.0,50.0,0.0,4.0,6.0,105.0,48.0,0.25,5.0,7.0,110.0,43.0,0.25,12.0,2.0,112.0,45.0,0.25,9.0,0.0,110.0,44.0,0.25,17.0,2.0,112.0,44.0,0.25,14.0,0.0,111.0,43.0,0.25,17.0,1.0,109.0,42.0,0.25,11.0,3.0,2022-06-12 13:51:00-07:00,13.85,0.125,0.0,0.0,0.08547008547008547,0.0,0.0,351.0,0.16666666666666666,0.0,0.0,0.0,0.08547008547008547,0.0,,,,,0.0,0.0,0.0,False,False,,,False,False,False,True,1.0,2022-06-12T11:51:00-07:00,170.0,26.0,False,,0.0,0.0,0.0,,50.0,True,9.0,3.0,7.0,0.0,False,5,113.0,3:31 PM,R,YESTERDAY,2022-06-13T01:26:00-07:00,CLIPHX_202206130826.txt,True,20.0,15.0,11.0,7.0,8.0,3.0,1.0,3.0,1.0,2.0,4.0,-1.0,True,113,2022-06-12T04:13:00-07:00,2022-06-12T06:00:00-07:00,1.7833333333333334,PFMPSR_202206121113.txt,0.0,0.0
2022-06-13,107.0,2022-06-13 15:51:00-07:00,24,0.25,0.0,False,28.0,95.0,30.9,0.0,0.0,12.0,97.0,34.0,0.0,7.0,10.0,99.0,27.0,0.0,6.0,8.0,101.0,38.0,0.25,15.0,6.0,103.0,40.0,0.25,12.0,4.0,103.0,41.0,0.25,11.0,4.0,106.0,41.0,0.25,13.0,1.0,105.0,41.0,0.25,9.0,2.0,107.0,38.0,0.25,12.0,0.0,106.0,35.0,0.25,14.0,1.0,104.0,40.0,0.0,18.0,3.0,2022-06-13 15:51:00-07:00,15.85,0.1875,0.0,0.0,0.1592356687898089,0.0,0.0,471.0,0.25,0.0,0.1592356687898089,0.0,0.1592356687898089,0.0,,,,,0.0,0.0,0.0,False,False,,,False,False,False,False,1.0,2022-06-13T14:51:00-07:00,70.0,28.0,False,,0.0,0.0,0.0,,41.0,False,4.0,4.0,3.0,1.0,False,3,108.0,4:29 PM,,YESTERDAY,2022-06-14T01:20:00-07:00,CLIPHX_202206140820.txt,True,13.0,11.0,9.0,7.0,5.0,5.0,2.0,3.0,1.0,2.0,4.0,-1.0,True,107,2022-06-13T04:05:00-07:00,2022-06-13T06:00:00-07:00,1.9166666666666667,PFMPSR_202206131105.txt,-1.0,1.0
2022-06-14,104.0,2022-06-14 15:51:00-07:00,24,0.25,0.0,False,22.0,87.0,45.0,0.25,5.0,17.0,90.0,45.0,0.0,0.0,14.0,92.0,43.0,0.0,0.0,12.0,95.0,42.0,0.0,6.0,9.0,97.0,41.0,0.0,6.0,7.0,101.0,41.0,0.0,6.0,3.0,101.0,39.0,0.0,10.0,3.0,100.0,40.0,0.0,4.0,4.0,104.0,41.0,0.0,8.0,0.0,101.0,41.0,0.0,7.0,3.0,102.0,38.0,0.0,10.0,2.0,2022-06-14 15:51:00-07:00,15.85,0.0,0.0,0.0,0.027070063694267517,0.0,0.0,471.0,0.0,0.0,0.027070063694267517,0.0,0.027070063694267517,0.0,,,,,0.0,0.0,0.0,False,False,,,False,False,False,False,1.0,2022-06-14T14:51:00-07:00,140.0,15.0,False,,0.0,0.0,0.0,,45.0,False,5.0,5.0,4.0,3.0,False,3,105.0,4:25 PM,,YESTERDAY,2022-06-15T01:22:00-07:00,CLIPHX_202206150822.txt,True,18.0,15.0,13.0,10.0,8.0,4.0,4.0,5.0,1.0,4.0,3.0,-1.0,True,105,2022-06-14T05:27:00-07:00,2022-06-14T06:00:00-07:00,0.55,PFMPSR_202206141227.txt,0.0,0.0
2022-06-15,106.0,2022-06-15 17:51:00-07:00,25,0.25,0.0,False,14.0,87.0,37.0,0.0,4.0,19.0,89.0,37.0,0.0,0.0,17.0,93.0,37.0,0.0,0.0,13.0,97.0,38.0,0.0,3.0,9.0,99.0,37.0,0.0,8.0,7.0,103.0,37.0,0.0,6.0,3.0,104.0,34.0,0.0,10.0,2.0,103.0,30.0,0.0,3.0,3.0,104.0,28.9,0.0,3.0,2.0,105.0,28.9,0.0,4.0,1.0,106.0,30.0,0.0,4.0,0.0,2022-06-15 17:51:00-07:00,17.85,0.0,0.0,0.0,0.0,0.0,0.0,591.0,0.0,0.0,0.0,0.0,0.0,0.0,,,,,0.0,0.0,0.0,False,False,,,False,False,False,False,1.0,2022-06-15T14:15:00-07:00,40.0,14.0,False,,0.0,0.0,0.0,,38.0,False,6.0,6.0,5.0,0.0,False,1,107.0,5:08 PM,,YESTERDAY,2022-06-16T01:24:00-07:00,CLIPHX_202206160824.txt,True,20.0,18.0,14.0,10.0,8.0,4.0,3.0,4.0,3.0,2.0,1.0,-1.0,True,106,2022-06-15T04:00:00-07:00,2022-06-15T06:00:00-07:00,2.0,PFMPSR_202206151100.txt,-1.0,1.0
2022-06-16,111.0,2022-06-16 16:51:00-07:00,24,0.875,0.0,False,17.0,88.0,28.9,0.25,6.0,23.0,92.0,27.0,0.25,5.0,19.0,96.0,27.0,0.25,0.0,15.0,100.0,28.0,0.25,0.0,11.0,104.0,28.9,0.25,5.0,7.0,107.0,28.0,0.5,3.0,4.0,109.0,27.0,0.875,3.0,2.0,110.0,27.0,0.875,3.0,1.0,110.0,30.9,0.5,4.0,1.0,111.0,30.0,0.5,5.0,0.0,111.0,28.9,0.5,12.0,0.0,2022-06-16 16:51:00-07:00,16.85,0.4722222222222222,0.5555555555555556,0.2222222222222222,0.4477401129943503,240.0,120.0,531.0,0.75,180.0,0.1370056497175141,0.0,0.4194915254237288,180.0,18000.0,2022-06-16T12:51:00-07:00,2022-06-16T13:51:00-07:00,240.0,0.0,0.0,0.0,False,False,,,False,False,False,False,0.0,,160.0,0.0,False,,0.0,0.0,0.0,,30.9,False,8.0,8.0,5.0,1.0,False,2,113.0,4:48 PM,,YESTERDAY,2022-06-17T01:23:00-07:00,CLIPHX_202206170823.txt,True,25.0,21.0,17.0,13.0,9.0,6.0,4.0,3.0,3.0,2.0,2.0,-2.0,True,112,2022-06-16T04:00:00-07:00,2022-06-16T06:00:00-07:00,2.0,PFMPSR_202206161100.txt,-1.0,1.0
2022-06-17,110.0,2022-06-17 16:51:00-07:00,28,0.875,0.0,False,25.0,93.0,33.0,0.25,8.0,17.0,98.0,30.9,0.5,7.0,12.0,99.0,32.0,0.5,5.0,11.0,105.0,30.9,0.25,12.0,5.0,105.0,30.9,0.875,11.0,5.0,108.0,33.0,0.5,10.0,2.0,108.0,34.0,0.25,11.0,2.0,108.0,34.0,0.5,7.0,2.0,109.0,33.0,0.5,0.0,1.0,110.0,33.0,0.5,12.0,0.0,109.0,42.0,0.5,19.0,1.0,2022-06-17 16:51:00-07:00,16.85,0.5208333333333334,0.8333333333333334,0.16666666666666666,0.461864406779661,360.0,60.0,531.0,0.4166666666666667,120.0,0.0,0.0,0.461864406779661,360.0,14000.0,2022-06-17T08:51:00-07:00,2022-06-17T11:51:00-07:00,480.0,0.0,0.0,0.0,False,False,,,False,False,False,False,1.0,2022-06-17T12:18:00-07:00,90.0,21.0,False,,0.0,0.0,0.0,,34.0,False,6.0,6.0,3.0,1.0,False,2,111.0,4:27 PM,,YESTERDAY,2022-06-18T01:34:00-07:00,CLIPHX_202206180834.txt,True,18.0,13.0,12.0,6.0,6.0,3.0,3.0,3.0,2.0,1.0,2.0,-1.0,True,111,2022-06-17T04:47:00-07:00,2022-06-17T06:00:00-07:00,1.2166666666666666,PFMPSR_202206171147.txt,0.0,0.0
2022-06-18,97.0,2022-06-18 09:51:00-07:00,24,0.875,0.0,False,29.0,91.0,56.0,0.875,8.0,6.0,93.0,57.0,0.875,9.0,4.0,97.0,59.0,0.875,8.0,0.0,97.0,58.0,0.875,14.0,0.0,96.0,60.0,0.875,15.0,1.0,97.0,61.0,0.875,18.0,0.0,97.0,60.0,0.875,10.0,0.0,95.0,62.0,0.875,16.0,2.0,94.0,61.0,0.875,8.0,3.0,93.0,64.0,0.875,14.0,4.0,89.0,61.0,0.875,14.0,8.0,2022-06-18 09:51:00-07:00,9.85,0.875,1.0,1.0,0.875,111.0,111.0,111.0,0.875,111.0,0.875,111.0,0.875,111.0,12000.0,2022-06-18T08:51:00-07:00,2022-06-18T08:51:00-07:00,60.0,0.0,0.0,0.0,False,False,,,False,False,False,True,0.0,,10.0,16.0,False,,0.0,0.0,0.0,,59.0,True,6.0,-1.0,1.0,-3.0,True,9,98.0,11:36 AM,,YESTERDAY,2022-06-19T01:28:00-07:00,CLIPHX_202206190828.txt,True,7.0,5.0,1.0,1.0,2.0,1.0,1.0,3.0,4.0,5.0,9.0,-1.0,True,103,2022-06-18T04:31:00-07:00,2022-06-18T06:00:00-07:00,1.4833333333333334,PFMPSR_202206181131.txt,5.0,5.0
2022-06-19,101.0,2022-06-19 14:51:00-07:00,26,0.875,0.01,False,25.0,86.0,55.0,0.875,8.0,15.0,90.0,49.0,0.875,7.0,11.0,90.0,49.0,0.875,5.0,11.0,93.0,39.0,0.5,,8.0,98.0,36.0,0.5,9.0,3.0,95.0,39.0,0.5,6.0,6.0,96.0,35.0,0.25,8.0,5.0,101.0,34.0,0.25,9.0,0.0,100.0,33.0,0.25,14.0,1.0,98.0,30.9,0.25,14.0,3.0,98.0,24.1,0.25,16.0,3.0,2022-06-19 14:51:00-07:00,14.85,0.5277777777777778,0.7777777777777778,0.2222222222222222,0.6195255474452555,351.0,171.0,411.0,0.4166666666666667,120.0,0.25,0.0,0.6195255474452555,351.0,14000.0,2022-06-19T08:51:00-07:00,2022-06-19T08:51:00-07:00,360.0,0.01,0.01,0.0,True,False,2022-06-19T01:51:00-07:00,780.0,False,False,True,False,3.0,2022-06-19T12:51:00-07:00,160.0,17.0,True,2022-06-19T12:51:00-07:00,3.0,14.0,160.0,120.0,49.0,False,4.0,8.0,-2.0,4.0,True,4,101.0,3:28 PM,,YESTERDAY,2022-06-20T01:13:00-07:00,CLIPHX_202206200813.txt,True,15.0,11.0,11.0,8.0,3.0,6.0,5.0,0.0,1.0,3.0,3.0,0.0,True,101,2022-06-19T04:24:00-07:00,2022-06-19T06:00:00-07:00,1.6,PFMPSR_202206191124.txt,0.0,0.0
2022-06-20,103.0,2022-06-20 15:51:00-07:00,24,0.25,0.0,False,,83.0,36.0,0.25,3.0,20.0,86.0,35.0,0.25,6.0,17.0,90.0,38.0,0.25,7.0,13.0,96.0,34.0,0.25,5.0,7.0,97.0,25.0,0.25,6.0,6.0,100.0,25.0,0.25,6.0,3.0,99.0,23.0,0.25,0.0,4.0,101.0,21.9,0.25,5.0,2.0,103.0,21.9,0.25,8.0,0.0,100.0,21.0,0.25,3.0,3.0,100.0,21.0,0.25,4.0,3.0,2022-06-20 15:51:00-07:00,15.85,0.25,0.0,0.0,0.25,0.0,0.0,471.0,0.25,0.0,0.18630573248407642,0.0,0.18630573248407642,0.0,,,,,0.0,0.0,0.0,False,False,,,False,False,True,False,1.0,2022-06-20T13:51:00-07:00,100.0,0.0,False,,0.0,0.0,0.0,,38.0,False,7.0,7.0,2.0,4.0,False,3,103.0,5:12 PM,,YESTERDAY,2022-06-21T01:18:00-07:00,CLIPHX_202206210818.txt,True,20.0,17.0,13.0,7.0,6.0,3.0,4.0,2.0,0.0,3.0,3.0,0.0,True,104,2022-06-20T04:00:00-07:00,2022-06-20T06:00:00-07:00,2.0,PFMPSR_202206201100.txt,1.0,1.0
2022-06-21,106.0,2022-06-21 15:51:00-07:00,24,1.0,0.0,False,33.0,86.0,33.0,0.25,6.0,20.0,91.0,25.0,0.25,8.0,15.0,95.0,28.9,0.25,5.0,11.0,98.0,27.0,0.25,4.0,8.0,102.0,27.0,0.5,5.0,4.0,104.0,28.9,0.5,5.0,2.0,104.0,36.0,0.875,4.0,2.0,105.0,38.0,0.875,6.0,1.0,106.0,35.0,0.875,5.0,0.0,106.0,34.0,0.875,4.0,0.0,106.0,36.0,0.875,3.0,0.0,2022-06-21 15:51:00-07:00,15.85,0.546875,0.625,0.375,0.4729299363057325,240.0,120.0,471.0,0.75,180.0,0.25,0.0,0.37738853503184716,240.0,25000.0,2022-06-21T11:51:00-07:00,2022-06-21T13:51:00-07:00,240.0,0.0,0.0,0.0,False,False,,,False,False,False,False,0.0,,180.0,0.0,False,,0.0,0.0,0.0,,38.0,False,9.0,7.0,2.0,2.0,False,3,108.0,5:34 PM,,YESTERDAY,2022-06-22T01:51:00-07:00,CLIPHX_202206220851.txt,True,22.0,17.0,13.0,10.0,6.0,4.0,4.0,3.0,2.0,2.0,2.0,-2.0,True,107,2022-06-21T04:00:00-07:00,2022-06-21T06:00:00-07:00,2.0,PFMPSR_202206211100.txt,-1.0,1.0
2022-06-22,106.0,2022-06-22 15:58:00-07:00,25,0.875,0.0,False,18.0,89.0,56.0,0.25,4.0,17.0,90.0,55.0,0.5,7.0,16.0,94.0,55.0,0.5,9.0,12.0,97.0,54.0,0.25,8.0,9.0,99.0,54.0,0.25,5.0,7.0,101.0,53.0,0.5,6.0,5.0,101.0,52.0,0.25,4.0,5.0,102.0,52.0,0.25,3.0,4.0,106.0,52.0,0.25,6.0,0.0,104.0,50.0,0.25,3.0,2.0,104.0,48.0,0.25,5.0,2.0,2022-06-22 15:58:00-07:00,15.966666666666667,0.3333333333333333,0.3333333333333333,0.0,0.34414225941422594,180.0,0.0,478.0,0.3236111111111111,53.0,0.19194560669456068,0.0,0.34414225941422594,180.0,,2022-06-22T08:51:00-07:00,,427.0,0.0,0.0,0.0,False,False,,,False,False,False,False,0.0,,40.0,18.0,False,,0.0,0.0,0.0,,55.0,True,5.0,5.0,2.0,5.0,False,3,107.0,3:45 PM,,YESTERDAY,2022-06-23T01:47:00-07:00,CLIPHX_202206230847.txt,True,18.0,17.0,13.0,10.0,8.0,6.0,6.0,5.0,1.0,3.0,3.0,-1.0,True,106,2022-06-22T04:00:00-07:00,2022-06-22T06:00:00-07:00,2.0,PFMPSR_202206221100.txt,-1.0,1.0
2022-06-23,106.0,2022-06-23 13:51:00-07:00,34,1.0,0.0,True,30.0,94.0,54.0,0.25,13.0,12.0,96.0,54.0,0.25,9.0,10.0,100.0,55.0,0.25,8.0,6.0,101.0,55.0,0.25,8.0,5.0,105.0,53.0,0.25,5.0,1.0,105.0,53.0,0.25,4.0,1.0,105.0,53.0,0.25,4.0,1.0,106.0,53.0,0.5,5.0,0.0,101.0,48.0,0.875,14.0,5.0,85.0,63.0,0.875,12.0,21.0,89.0,62.0,0.875,9.0,17.0,2022-06-23 13:51:00-07:00,13.85,0.25,0.0,0.0,0.25,0.0,0.0,351.0,0.25,0.0,0.17094017094017094,0.0,0.25,0.0,,,,,0.0,0.0,0.0,False,False,,,False,True,True,True,0.0,,40.0,15.0,False,,0.0,0.0,0.0,,55.0,True,6.0,5.0,0.0,-4.0,True,15,108.0,2:38 PM,,YESTERDAY,2022-06-24T01:54:00-07:00,CLIPHX_202206240854.txt,True,14.0,12.0,8.0,7.0,3.0,3.0,3.0,2.0,7.0,23.0,19.0,-2.0,True,110,2022-06-23T04:03:00-07:00,2022-06-23T06:00:00-07:00,1.95,PFMPSR_202206231103.txt,2.0,2.0
2022-06-24,106.0,2022-06-24 15:51:00-07:00,31,0.875,0.0,True,30.0,89.0,53.0,0.875,9.0,17.0,92.0,53.0,0.25,4.0,14.0,96.0,52.0,0.25,5.0,10.0,98.0,52.0,0.25,0.0,8.0,100.0,51.0,0.25,5.0,6.0,102.0,52.0,0.25,5.0,4.0,104.0,52.0,0.25,4.0,2.0,104.0,51.0,0.25,5.0,2.0,106.0,52.0,0.25,7.0,0.0,106.0,51.0,0.25,12.0,0.0,105.0,51.0,0.5,13.0,1.0,2022-06-24 15:51:00-07:00,15.85,0.25,0.0,0.0,0.3176751592356688,51.0,51.0,471.0,0.25,0.0,0.25,0.0,0.3176751592356688,51.0,,,,,0.0,0.0,0.0,False,False,,,True,True,True,True,0.0,,160.0,14.0,False,,0.0,0.0,0.0,,53.0,True,7.0,4.0,4.0,2.0,False,4,108.0,3:25 PM,,YESTERDAY,2022-06-25T01:35:00-07:00,CLIPHX_202206250835.txt,True,19.0,16.0,12.0,10.0,8.0,6.0,4.0,4.0,2.0,2.0,3.0,-2.0,True,108,2022-06-24T04:00:00-07:00,2022-06-24T06:00:00-07:00,2.0,PFMPSR_202206241100.txt,0.0,0.0
2022-06-25,106.0,2022-06-25 15:51:00-07:00,32,1.0,0.36,True,33.0,86.0,61.0,0.5,0.0,20.0,88.0,63.0,0.5,3.0,18.0,91.0,61.0,0.875,6.0,15.0,94.0,58.0,0.5,6.0,12.0,97.0,55.0,0.5,4.0,9.0,98.0,55.0,0.5,6.0,8.0,101.0,55.0,0.5,5.0,5.0,103.0,51.0,0.5,5.0,3.0,106.0,48.0,0.5,8.0,0.0,106.0,46.0,0.5,6.0,0.0,100.0,49.0,0.875,20.0,6.0,2022-06-25 15:51:00-07:00,15.85,0.546875,1.0,0.125,0.5477707006369427,471.0,60.0,471.0,0.5,180.0,0.34076433121019106,171.0,0.5477707006369427,471.0,18000.0,2022-06-25T08:51:00-07:00,2022-06-25T09:51:00-07:00,420.0,0.13,0.13,0.0,True,False,2022-06-25T00:51:00-07:00,900.0,True,False,True,True,0.0,,160.0,0.0,False,,0.0,0.0,0.0,,63.0,True,5.0,6.0,4.0,5.0,False,4,107.0,4:53 PM,,YESTERDAY,2022-06-26T01:22:00-07:00,CLIPHX_202206260822.txt,True,21.0,19.0,16.0,13.0,10.0,9.0,6.0,4.0,1.0,1.0,7.0,-1.0,True,109,2022-06-25T04:00:00-07:00,2022-06-25T06:00:00-07:00,2.0,PFMPSR_202206251100.txt,2.0,2.0
2022-06-26,105.0,2022-06-26 14:51:00-07:00,26,0.875,0.41,True,48.0,90.0,55.0,0.5,7.0,15.0,91.0,55.0,0.875,7.0,14.0,94.0,56.0,0.875,9.0,11.0,97.0,55.0,0.875,10.0,8.0,101.0,54.0,0.875,10.0,4.0,103.0,53.0,0.25,5.0,2.0,104.0,53.0,0.25,10.0,1.0,105.0,51.0,0.5,9.0,0.0,105.0,50.0,0.5,0.0,0.0,93.0,59.0,0.875,26.0,12.0,82.0,65.0,0.875,18.0,23.0,2022-06-26 14:51:00-07:00,14.85,0.6428571428571429,0.7142857142857143,0.5714285714285714,0.6459854014598541,291.0,240.0,411.0,0.4583333333333333,60.0,0.145985401459854,0.0,0.6459854014598541,291.0,16000.0,2022-06-26T08:51:00-07:00,2022-06-26T08:51:00-07:00,360.0,0.18000000000000002,0.0,0.18000000000000002,False,True,2022-06-26T18:23:00-07:00,,False,True,True,True,0.0,,70.0,21.0,False,,0.0,0.0,0.0,,56.0,True,4.0,7.0,3.0,1.0,False,5,107.0,3:55 PM,,YESTERDAY,2022-06-27T01:16:00-07:00,CLIPHX_202206270816.txt,True,17.0,16.0,13.0,10.0,6.0,4.0,3.0,2.0,2.0,14.0,25.0,-2.0,True,106,2022-06-26T04:00:00-07:00,2022-06-26T06:00:00-07:00,2.0,PFMPSR_202206261100.txt,-1.0,1.0
2022-06-27,101.0,2022-06-27 15:51:00-07:00,25,0.875,0.0,False,17.0,84.0,65.0,0.25,9.0,17.0,87.0,63.0,0.25,7.0,14.0,89.0,63.0,0.25,7.0,12.0,91.0,62.0,0.25,6.0,10.0,95.0,60.0,0.25,6.0,6.0,97.0,59.0,0.25,3.0,4.0,98.0,58.0,0.25,6.0,3.0,100.0,58.0,0.25,4.0,1.0,101.0,58.0,0.25,8.0,0.0,100.0,57.0,0.25,3.0,1.0,100.0,57.0,0.25,4.0,1.0,2022-06-27 15:51:00-07:00,15.85,0.25,0.0,0.0,0.25,0.0,0.0,471.0,0.25,0.0,0.25,0.0,0.25,0.0,,,,,0.0,0.0,0.0,False,False,,,False,False,True,True,1.0,2022-06-27T14:14:00-07:00,100.0,17.0,False,,0.0,0.0,0.0,,63.0,True,5.0,6.0,3.0,3.0,False,3,103.0,3:45 PM,,YESTERDAY,2022-06-28T01:17:00-07:00,CLIPHX_202206280817.txt,True,19.0,16.0,14.0,12.0,8.0,6.0,5.0,3.0,2.0,3.0,3.0,-2.0,True,105,2022-06-27T04:14:00-07:00,2022-06-27T06:00:00-07:00,1.7666666666666666,PFMPSR_202206271114.txt,2.0,2.0
2022-06-28,106.0,2022-06-28 15:20:00-07:00,26,0.5,0.0,False,16.0,91.0,60.0,0.25,8.0,15.0,94.0,58.0,0.25,8.0,12.0,97.0,58.0,0.25,9.0,9.0,100.0,58.0,0.25,10.0,6.0,100.0,57.0,0.25,8.0,6.0,103.0,57.0,0.25,5.0,3.0,104.0,56.0,0.25,7.0,2.0,104.0,55.0,0.25,6.0,2.0,106.0,54.0,0.25,8.0,0.0,105.0,53.0,0.25,4.0,1.0,105.0,53.0,0.25,5.0,1.0,2022-06-28 15:20:00-07:00,15.333333333333334,0.25,0.0,0.0,0.25,0.0,0.0,440.0,0.25,0.0,0.25,0.0,0.25,0.0,,,,,0.0,0.0,0.0,False,False,,,False,False,True,True,1.0,2022-06-28T14:51:00-07:00,110.0,16.0,False,,0.0,0.0,0.0,,58.0,True,6.0,3.0,4.0,2.0,False,4,107.0,5:01 PM,,YESTERDAY,2022-06-29T01:20:00-07:00,CLIPHX_202206290820.txt,True,16.0,13.0,10.0,7.0,7.0,4.0,3.0,3.0,1.0,2.0,2.0,-1.0,True,107,2022-06-28T04:00:00-07:00,2022-06-28T06:00:00-07:00,2.0,PFMPSR_202206281100.txt,0.0,0.0
2022-06-29,107.0,2022-06-29 13:51:00-07:00,27,0.875,0.0,True,36.0,93.0,61.0,0.25,9.0,14.0,97.0,60.0,0.25,5.0,10.0,100.0,60.0,0.25,4.0,7.0,101.0,59.0,0.25,3.0,6.0,106.0,60.0,0.25,9.0,1.0,104.0,57.0,0.25,3.0,3.0,107.0,57.0,0.5,4.0,0.0,107.0,57.0,0.875,7.0,0.0,104.0,58.0,0.875,14.0,3.0,103.0,58.0,0.875,10.0,4.0,102.0,57.0,0.875,10.0,5.0,2022-06-29 13:51:00-07:00,13.85,0.2916666666666667,0.16666666666666666,0.0,0.25,0.0,0.0,351.0,0.25,0.0,0.17094017094017094,0.0,0.25,0.0,,2022-06-29T13:51:00-07:00,,0.0,0.0,0.0,0.0,False,False,,,False,True,True,True,2.0,2022-06-29T12:51:00-07:00,50.0,14.0,False,,0.0,0.0,0.0,,60.0,True,7.0,6.0,1.0,-3.0,False,8,109.0,2:33 PM,,YESTERDAY,2022-06-30T01:24:00-07:00,CLIPHX_202206300824.txt,True,16.0,12.0,9.0,8.0,3.0,5.0,2.0,2.0,5.0,6.0,7.0,-2.0,True,108,2022-06-29T05:08:00-07:00,2022-06-29T06:00:00-07:00,0.8666666666666667,PFMPSR_202206291208.txt,-1.0,1.0
2022-06-30,104.0,2022-06-30 15:51:00-07:00,24,0.875,0.0,False,18.0,88.0,61.0,0.875,5.0,16.0,90.0,61.0,0.875,3.0,14.0,93.0,60.0,0.875,3.0,11.0,97.0,59.0,0.5,7.0,7.0,97.0,59.0,0.5,5.0,7.0,99.0,59.0,0.25,0.0,5.0,102.0,57.0,0.25,5.0,2.0,103.0,56.0,0.25,10.0,1.0,104.0,55.0,0.25,8.0,0.0,104.0,56.0,0.25,13.0,0.0,103.0,56.0,0.25,9.0,1.0,2022-06-30 15:51:00-07:00,15.85,0.46875,0.5,0.25,0.5406050955414012,291.0,171.0,471.0,0.25,0.0,0.25,0.0,0.4609872611464968,231.0,13000.0,2022-06-30T08:51:00-07:00,2022-06-30T08:51:00-07:00,420.0,0.0,0.0,0.0,False,False,,,False,False,True,True,0.0,,60.0,15.0,False,,0.0,0.0,0.0,,61.0,True,5.0,4.0,5.0,2.0,False,3,105.0,5:07 PM,,YESTERDAY,2022-07-01T01:14:00-07:00,CLIPHX_202207010814.txt,True,17.0,15.0,12.0,8.0,8.0,6.0,3.0,2.0,1.0,1.0,2.0,-1.0,True,105,2022-06-30T04:41:00-07:00,2022-06-30T06:00:00-07:00,1.3166666666666669,PFMPSR_202206301141.txt,0.0,0.0
2022-07-01,107.0,2022-07-01 16:51:00-07:00,28,1.0,0.0,False,28.0,91.0,60.0,0.25,7.0,16.0,94.0,60.0,0.25,6.0,13.0,97.0,59.0,0.25,8.0,10.0,100.0,57.0,0.25,4.0,7.0,100.0,57.0,0.25,0.0,7.0,103.0,56.0,0.25,4.0,4.0,106.0,55.0,0.25,9.0,1.0,106.0,50.0,0.25,8.0,1.0,106.0,49.0,0.25,13.0,1.0,107.0,48.0,0.25,15.0,0.0,105.0,47.0,0.5,9.0,2.0,2022-07-01 16:51:00-07:00,16.85,0.25,0.0,0.0,0.25,0.0,0.0,531.0,0.25,0.0,0.25,0.0,0.25,0.0,,,,,0.0,0.0,0.0,False,False,,,False,False,True,True,1.0,2022-07-01T15:24:00-07:00,80.0,22.0,False,,0.0,0.0,0.0,,60.0,True,6.0,3.0,6.0,0.0,False,2,108.0,3:33 PM,,YESTERDAY,2022-07-02T01:17:00-07:00,CLIPHX_202207020817.txt,True,17.0,14.0,11.0,8.0,8.0,5.0,2.0,2.0,2.0,1.0,3.0,-1.0,True,106,2022-07-01T04:12:00-07:00,2022-07-01T06:00:00-07:00,1.8,PFMPSR_202207011112.txt,-2.0,2.0
2022-07-02,104.0,2022-07-02 15:51:00-07:00,24,1.0,0.0,False,14.0,90.0,58.0,0.875,7.0,14.0,91.0,58.0,0.875,5.0,13.0,90.0,61.0,0.875,9.0,14.0,93.0,56.0,0.875,4.0,11.0,97.0,55.0,0.875,6.0,7.0,99.0,52.0,0.5,3.0,5.0,102.0,50.0,0.5,6.0,2.0,102.0,49.0,0.5,4.0,2.0,104.0,49.0,0.25,3.0,0.0,104.0,49.0,0.25,4.0,0.0,104.0,51.0,0.25,6.0,0.0,2022-07-02 15:51:00-07:00,15.85,0.65625,0.875,0.5,0.731687898089172,471.0,291.0,471.0,0.5,180.0,0.37261146496815284,231.0,0.731687898089172,471.0,14000.0,2022-07-02T08:51:00-07:00,2022-07-02T08:51:00-07:00,420.0,0.0,0.0,0.0,False,False,,,False,False,True,False,1.0,2022-07-02T09:51:00-07:00,60.0,0.0,False,,0.0,0.0,0.0,,61.0,True,0.0,7.0,5.0,2.0,False,3,105.0,6:17 PM,,YESTERDAY,2022-07-03T01:17:00-07:00,CLIPHX_202207030817.txt,True,15.0,14.0,15.0,12.0,8.0,6.0,3.0,3.0,1.0,1.0,1.0,-1.0,True,107,2022-07-02T04:00:00-07:00,2022-07-02T06:00:00-07:00,2.0,PFMPSR_202207021100.txt,2.0,2.0
2022-07-03,107.0,2022-07-03 12:51:00-07:00,24,0.875,0.0,False,23.0,90.0,50.0,0.875,6.0,17.0,93.0,52.0,0.875,5.0,14.0,97.0,49.0,0.5,0.0,10.0,99.0,47.0,0.5,3.0,8.0,102.0,47.0,0.5,8.0,5.0,107.0,43.0,0.5,9.0,0.0,107.0,42.0,0.5,4.0,0.0,106.0,41.0,0.5,3.0,1.0,107.0,42.0,0.5,8.0,0.0,106.0,41.0,0.5,9.0,1.0,107.0,42.0,0.5,11.0,0.0,2022-07-03 12:51:00-07:00,12.85,0.575,1.0,0.2,0.6430412371134021,291.0,111.0,291.0,0.5,180.0,0.5399484536082474,171.0,0.6430412371134021,291.0,12000.0,2022-07-03T08:51:00-07:00,2022-07-03T08:51:00-07:00,240.0,0.0,0.0,0.0,False,False,,,False,False,True,False,0.0,,180.0,16.0,False,,0.0,0.0,0.0,,52.0,True,7.0,5.0,5.0,0.0,False,6,109.0,2:12 PM,,YESTERDAY,2022-07-04T01:24:00-07:00,CLIPHX_202207040824.txt,True,19.0,16.0,12.0,10.0,7.0,2.0,2.0,3.0,2.0,3.0,2.0,-2.0,True,107,2022-07-03T04:00:00-07:00,2022-07-03T06:00:00-07:00,2.0,PFMPSR_202207031100.txt,-2.0,2.0
2022-07-04,105.0,2022-07-04 15:51:00-07:00,26,0.875,0.0,False,23.0,90.0,41.0,0.875,4.0,15.0,92.0,41.0,0.25,4.0,13.0,93.0,41.0,0.25,5.0,12.0,96.0,43.0,0.25,5.0,9.0,98.0,47.0,0.875,3.0,7.0,101.0,51.0,0.875,9.0,4.0,104.0,52.0,0.875,12.0,1.0,103.0,52.0,0.875,9.0,2.0,105.0,53.0,0.5,10.0,0.0,103.0,55.0,0.5,10.0,2.0,103.0,55.0,0.5,6.0,2.0,2022-07-04 15:51:00-07:00,15.85,0.625,0.6666666666666666,0.5555555555555556,0.6361464968152867,291.0,291.0,471.0,0.875,180.0,0.3176751592356688,51.0,0.4450636942675159,291.0,25000.0,2022-07-04T11:51:00-07:00,2022-07-04T11:51:00-07:00,240.0,0.0,0.0,0.0,False,False,,,False,False,False,False,1.0,2022-07-04T14:51:00-07:00,150.0,20.0,False,,0.0,0.0,0.0,,53.0,True,3.0,5.0,6.0,1.0,False,3,105.0,4:17 PM,,YESTERDAY,2022-07-05T01:13:00-07:00,CLIPHX_202207050813.txt,True,15.0,13.0,12.0,9.0,7.0,4.0,1.0,2.0,0.0,2.0,2.0,0.0,True,104,2022-07-04T05:09:00-07:00,2022-07-04T06:00:00-07:00,0.85,PFMPSR_202207041209.txt,-1.0,1.0
2022-07-05,104.0,2022-07-05 16:51:00-07:00,24,0.875,0.0,False,18.0,90.0,30.0,0.875,6.0,14.0,92.0,32.0,0.875,4.0,12.0,93.0,38.0,0.5,0.0,11.0,96.0,43.0,0.25,4.0,8.0,99.0,55.0,0.25,9.0,5.0,100.0,54.0,0.25,6.0,4.0,102.0,57.0,0.5,10.0,2.0,103.0,56.0,0.5,5.0,1.0,103.0,53.0,0.5,10.0,1.0,104.0,48.0,0.5,12.0,0.0,102.0,45.0,0.5,6.0,2.0,2022-07-05 16:51:00-07:00,16.85,0.4583333333333333,0.6666666666666666,0.1111111111111111,0.4936440677966102,351.0,111.0,531.0,0.5,180.0,0.4576271186440678,351.0,0.4936440677966102,351.0,11000.0,2022-07-05T08:51:00-07:00,2022-07-05T08:51:00-07:00,480.0,0.0,0.0,0.0,False,False,,,False,False,True,True,0.0,,120.0,17.0,False,,0.0,0.0,0.0,,57.0,True,3.0,6.0,3.0,1.0,False,2,105.0,4:53 PM,,YESTERDAY,2022-07-06T01:10:00-07:00,CLIPHX_202207060810.txt,True,15.0,13.0,12.0,9.0,6.0,5.0,3.0,2.0,2.0,1.0,3.0,-1.0,True,104,2022-07-05T04:00:00-07:00,2022-07-05T06:00:00-07:00,2.0,PFMPSR_202207051100.txt,-1.0,1.0
2022-07-06,106.0,2022-07-06 16:51:00-07:00,27,0.25,0.0,False,23.0,92.0,37.0,0.0,7.0,14.0,94.0,39.0,0.0,8.0,12.0,95.0,42.0,0.25,5.0,11.0,98.0,42.0,0.25,6.0,8.0,101.0,41.0,0.25,6.0,5.0,104.0,36.0,0.25,15.0,2.0,104.0,34.0,0.25,12.0,2.0,104.0,34.0,0.25,11.0,2.0,105.0,33.0,0.25,6.0,1.0,106.0,32.0,0.0,6.0,0.0,105.0,30.9,0.0,7.0,1.0,2022-07-06 16:51:00-07:00,16.85,0.20454545454545456,0.0,0.0,0.1977401129943503,0.0,0.0,531.0,0.25,0.0,0.1977401129943503,0.0,0.1977401129943503,0.0,,,,,0.0,0.0,0.0,False,False,,,False,False,False,False,0.0,,130.0,23.0,False,,0.0,0.0,0.0,,42.0,False,3.0,6.0,3.0,1.0,False,2,107.0,4:37 PM,,YESTERDAY,2022-07-07T01:20:00-07:00,CLIPHX_202207070820.txt,True,15.0,13.0,12.0,9.0,6.0,3.0,3.0,3.0,2.0,1.0,2.0,-1.0,True,105,2022-07-06T04:00:00-07:00,2022-07-06T06:00:00-07:00,2.0,PFMPSR_202207061100.txt,-2.0,2.0
2022-07-07,106.0,2022-07-07 15:51:00-07:00,25,0.25,0.0,False,19.0,89.0,36.0,0.25,5.0,17.0,92.0,37.0,0.25,3.0,14.0,95.0,32.0,0.25,3.0,11.0,97.0,30.9,0.25,3.0,9.0,100.0,30.9,0.25,4.0,6.0,102.0,40.0,0.25,10.0,4.0,103.0,40.0,0.25,0.0,3.0,104.0,40.0,0.25,7.0,2.0,106.0,41.0,0.25,6.0,0.0,105.0,40.0,0.25,7.0,1.0,106.0,41.0,0.25,8.0,0.0,2022-07-07 15:51:00-07:00,15.85,0.25,0.0,0.0,0.25,0.0,0.0,471.0,0.25,0.0,0.25,0.0,0.25,0.0,,,,,0.0,0.0,0.0,False,False,,,False,False,False,False,0.0,,60.0,19.0,False,,0.0,0.0,0.0,,41.0,False,6.0,5.0,3.0,3.0,False,4,107.0,4:42 PM,,YESTERDAY,2022-07-08T01:19:00-07:00,CLIPHX_202207080819.txt,True,18.0,15.0,12.0,10.0,7.0,5.0,4.0,3.0,1.0,2.0,1.0,-1.0,True,108,2022-07-07T04:00:00-07:00,2022-07-07T06:00:00-07:00,2.0,PFMPSR_202207071100.txt,1.0,1.0
2022-07-08,112.0,2022-07-08 15:51:00-07:00,24,0.5,0.0,False,21.0,92.0,40.0,0.25,0.0,20.0,94.0,38.0,0.25,4.0,18.0,99.0,37.0,0.25,5.0,13.0,101.0,36.0,0.25,9.0,11.0,104.0,38.0,0.25,6.0,8.0,106.0,37.0,0.25,9.0,6.0,107.0,41.0,0.25,14.0,5.0,109.0,41.0,0.25,11.0,3.0,112.0,40.0,0.25,11.0,0.0,111.0,39.0,0.25,14.0,1.0,110.0,38.0,0.25,15.0,2.0,2022-07-08 15:51:00-07:00,15.85,0.25,0.0,0.0,0.25,0.0,0.0,471.0,0.25,0.0,0.1592356687898089,0.0,0.25,0.0,,,,,0.0,0.0,0.0,False,False,,,False,False,False,False,0.0,,40.0,20.0,False,,0.0,0.0,0.0,,41.0,False,7.0,5.0,3.0,5.0,False,3,112.0,3:51 PM,,YESTERDAY,2022-07-09T01:13:00-07:00,CLIPHX_202207090813.txt,True,20.0,18.0,13.0,11.0,8.0,6.0,5.0,3.0,0.0,1.0,2.0,0.0,True,111,2022-07-08T04:00:00-07:00,2022-07-08T06:00:00-07:00,2.0,PFMPSR_202207081100.txt,-1.0,1.0
2022-07-09,111.0,2022-07-09 16:51:00-07:00,25,1.0,0.0,False,30.0,93.0,47.0,0.25,6.0,18.0,98.0,45.0,0.25,8.0,13.0,100.0,43.0,0.25,6.0,11.0,102.0,38.0,0.25,5.0,9.0,105.0,36.0,0.25,4.0,6.0,108.0,34.0,0.25,4.0,3.0,110.0,33.0,0.5,4.0,1.0,110.0,35.0,0.5,7.0,1.0,110.0,37.0,0.5,8.0,1.0,111.0,38.0,0.5,9.0,0.0,111.0,38.0,0.5,14.0,0.0,2022-07-09 16:51:00-07:00,16.85,0.3611111111111111,0.4444444444444444,0.0,0.3347457627118644,180.0,0.0,531.0,0.5,180.0,0.05649717514124294,0.0,0.25,0.0,,2022-07-09T13:51:00-07:00,,180.0,0.0,0.0,0.0,False,False,,,False,False,True,True,0.0,,100.0,27.0,False,,0.0,0.0,0.0,,45.0,False,7.0,5.0,5.0,0.0,False,2,112.0,5:25 PM,,YESTERDAY,2022-07-10T01:30:00-07:00,CLIPHX_202207100830.txt,True,19.0,14.0,12.0,10.0,7.0,4.0,2.0,2.0,2.0,1.0,1.0,-1.0,True,111,2022-07-09T04:00:00-07:00,2022-07-09T06:00:00-07:00,2.0,PFMPSR_202207091100.txt,-1.0,1.0
2022-07-10,111.0,2022-07-10 15:51:00-07:00,25,1.0,0.0,False,18.0,94.0,57.0,0.875,5.0,17.0,97.0,56.0,0.875,6.0,14.0,100.0,55.0,0.5,7.0,11.0,103.0,55.0,0.875,7.0,8.0,104.0,54.0,0.875,4.0,7.0,106.0,52.0,0.5,3.0,5.0,110.0,50.0,0.5,8.0,1.0,110.0,46.0,0.875,6.0,1.0,111.0,47.0,0.5,4.0,0.0,111.0,46.0,0.5,3.0,0.0,110.0,45.0,0.5,8.0,1.0,2022-07-10 15:51:00-07:00,15.85,0.7083333333333334,1.0,0.5555555555555556,0.731687898089172,471.0,291.0,471.0,0.625,180.0,0.03184713375796178,0.0,0.4681528662420382,411.0,25000.0,2022-07-10T08:51:00-07:00,2022-07-10T08:51:00-07:00,420.0,0.0,0.0,0.0,False,False,,,False,False,True,False,0.0,,130.0,0.0,False,,0.0,0.0,0.0,,56.0,True,6.0,4.0,6.0,1.0,False,3,113.0,3:58 PM,,YESTERDAY,2022-07-11T01:11:00-07:00,CLIPHX_202207110811.txt,True,19.0,16.0,13.0,10.0,9.0,7.0,3.0,3.0,2.0,2.0,3.0,-2.0,True,112,2022-07-10T04:00:00-07:00,2022-07-10T06:00:00-07:00,2.0,PFMPSR_202207101100.txt,-1.0,1.0
2022-07-11,115.0,2022-07-11 14:51:00-07:00,27,0.875,0.0,False,39.0,97.0,50.0,0.25,3.0,18.0,101.0,49.0,0.5,0.0,14.0,106.0,48.0,0.875,4.0,9.0,106.0,47.0,0.875,5.0,9.0,110.0,46.0,0.5,8.0,5.0,112.0,45.0,0.5,6.0,3.0,113.0,45.0,0.25,12.0,2.0,115.0,46.0,0.25,10.0,0.0,114.0,46.0,0.25,10.0,1.0,114.0,46.0,0.25,16.0,1.0,113.0,46.0,0.5,14.0,2.0,2022-07-11 14:51:00-07:00,14.85,0.53125,0.75,0.25,0.541970802919708,300.0,120.0,411.0,0.4166666666666667,120.0,0.177007299270073,0.0,0.541970802919708,300.0,17000.0,2022-07-11T08:51:00-07:00,2022-07-11T09:51:00-07:00,360.0,0.0,0.0,0.0,False,False,,,False,False,False,False,0.0,,20.0,21.0,False,,0.0,0.0,0.0,,49.0,False,9.0,4.0,3.0,1.0,False,4,115.0,4:27 PM,,YESTERDAY,2022-07-12T01:19:00-07:00,CLIPHX_202207120819.txt,True,18.0,14.0,9.0,9.0,5.0,3.0,2.0,0.0,1.0,1.0,2.0,0.0,True,114,2022-07-11T04:00:00-07:00,2022-07-11T06:00:00-07:00,2.0,PFMPSR_202207111100.txt,-1.0,1.0
2022-07-12,110.0,2022-07-12 14:51:00-07:00,24,0.875,0.0,False,28.0,97.0,50.0,0.5,4.0,13.0,99.0,51.0,0.5,3.0,11.0,102.0,50.0,0.25,5.0,8.0,104.0,47.0,0.25,6.0,6.0,106.0,42.0,0.25,5.0,4.0,107.0,47.0,0.5,6.0,3.0,108.0,49.0,0.5,4.0,2.0,110.0,49.0,0.5,11.0,0.0,110.0,49.0,0.5,5.0,0.0,110.0,49.0,0.5,6.0,0.0,109.0,50.0,0.5,4.0,1.0,2022-07-12 14:51:00-07:00,14.85,0.39285714285714285,0.5714285714285714,0.0,0.3905109489051095,231.0,0.0,411.0,0.4166666666666667,120.0,0.145985401459854,0.0,0.25,0.0,,2022-07-12T08:51:00-07:00,,360.0,0.0,0.0,0.0,False,False,,,False,False,True,True,0.0,,50.0,19.0,False,,0.0,0.0,0.0,,51.0,True,5.0,4.0,2.0,2.0,False,4,112.0,4:33 PM,,YESTERDAY,2022-07-13T01:21:00-07:00,CLIPHX_202207130821.txt,True,15.0,13.0,10.0,8.0,6.0,5.0,4.0,2.0,2.0,2.0,3.0,-2.0,True,111,2022-07-12T04:00:00-07:00,2022-07-12T06:00:00-07:00,2.0,PFMPSR_202207121100.txt,-1.0,1.0
2022-07-13,113.0,2022-07-13 15:51:00-07:00,29,0.875,0.0,True,25.0,97.0,58.0,0.875,3.0,16.0,99.0,58.0,0.25,6.0,14.0,103.0,58.0,0.25,4.0,10.0,104.0,58.0,0.5,0.0,9.0,107.0,56.0,0.25,6.0,6.0,107.0,55.0,0.25,3.0,6.0,111.0,54.0,0.25,11.0,2.0,111.0,52.0,0.5,4.0,2.0,113.0,54.0,0.5,8.0,0.0,111.0,55.0,0.5,11.0,2.0,111.0,55.0,0.5,8.0,2.0,2022-07-13 15:51:00-07:00,15.85,0.34375,0.375,0.0,0.38136942675159236,171.0,51.0,471.0,0.3333333333333333,60.0,0.2229299363057325,60.0,0.3495222929936306,111.0,,2022-07-13T10:51:00-07:00,,300.0,0.0,0.0,0.0,False,False,,,False,True,True,True,0.0,,60.0,19.0,False,,0.0,0.0,0.0,,58.0,True,6.0,4.0,4.0,2.0,False,3,113.0,4:04 PM,,YESTERDAY,2022-07-14T01:23:00-07:00,CLIPHX_202207140823.txt,True,16.0,14.0,10.0,9.0,6.0,6.0,2.0,2.0,0.0,2.0,2.0,0.0,True,111,2022-07-13T04:00:00-07:00,2022-07-13T06:00:00-07:00,2.0,PFMPSR_202207131100.txt,-2.0,2.0
2022-07-14,110.0,2022-07-14 16:51:00-07:00,34,1.0,0.0,True,27.0,97.0,59.0,0.875,4.0,13.0,97.0,59.0,0.875,7.0,13.0,99.0,59.0,0.875,7.0,11.0,103.0,58.0,0.875,6.0,7.0,104.0,58.0,0.5,8.0,6.0,105.0,58.0,0.5,4.0,5.0,105.0,58.0,0.5,5.0,5.0,108.0,57.0,0.5,10.0,2.0,109.0,55.0,0.5,11.0,1.0,110.0,54.0,0.5,8.0,0.0,110.0,56.0,0.5,13.0,0.0,2022-07-14 16:51:00-07:00,16.85,0.625,1.0,0.3333333333333333,0.663135593220339,531.0,231.0,531.0,0.5,180.0,0.3305084745762712,171.0,0.663135593220339,531.0,17000.0,2022-07-14T08:51:00-07:00,2022-07-14T08:51:00-07:00,480.0,0.0,0.0,0.0,False,False,,,False,True,True,True,0.0,,100.0,16.0,False,,0.0,0.0,0.0,,59.0,True,2.0,5.0,1.0,4.0,False,2,111.0,4:09 PM,,YESTERDAY,2022-07-15T01:15:00-07:00,CLIPHX_202207150815.txt,True,14.0,14.0,12.0,8.0,7.0,6.0,6.0,3.0,2.0,1.0,1.0,-1.0,True,111,2022-07-14T05:06:00-07:00,2022-07-14T06:00:00-07:00,0.9,PFMPSR_202207141206.txt,0.0,0.0
2022-07-15,111.0,2022-07-15 17:51:00-07:00,24,0.875,0.0,False,18.0,91.0,65.0,0.875,7.0,20.0,94.0,63.0,0.875,4.0,17.0,98.0,60.0,0.875,7.0,13.0,101.0,58.0,0.5,6.0,10.0,103.0,56.0,0.25,3.0,8.0,107.0,57.0,0.25,7.0,4.0,109.0,55.0,0.25,8.0,2.0,109.0,54.0,0.25,9.0,2.0,110.0,54.0,0.25,6.0,1.0,110.0,53.0,0.25,0.0,1.0,111.0,53.0,0.25,11.0,0.0,2022-07-15 17:51:00-07:00,17.85,0.4,0.3,0.2,0.45621827411167515,231.0,171.0,591.0,0.25,0.0,0.19923857868020303,0.0,0.45621827411167515,231.0,19000.0,2022-07-15T08:51:00-07:00,2022-07-15T08:51:00-07:00,540.0,0.0,0.0,0.0,False,False,,,False,False,True,True,0.0,,70.0,18.0,False,,0.0,0.0,0.0,,63.0,True,7.0,5.0,6.0,1.0,False,1,112.0,4:26 PM,,YESTERDAY,2022-07-16T01:12:00-07:00,CLIPHX_202207160812.txt,True,21.0,18.0,14.0,11.0,9.0,5.0,3.0,3.0,2.0,2.0,1.0,-1.0,True,111,2022-07-15T04:00:00-07:00,2022-07-15T06:00:00-07:00,2.0,PFMPSR_202207151100.txt,-1.0,1.0
2022-07-16,113.0,2022-07-16 16:51:00-07:00,31,0.875,0.0,True,53.0,94.0,63.0,0.25,5.0,19.0,98.0,62.0,0.25,3.0,15.0,100.0,60.0,0.25,4.0,13.0,102.0,57.0,0.25,5.0,11.0,104.0,55.0,0.25,6.0,9.0,106.0,55.0,0.25,5.0,7.0,108.0,54.0,0.25,6.0,5.0,111.0,54.0,0.25,8.0,2.0,112.0,53.0,0.25,11.0,1.0,113.0,53.0,0.25,9.0,0.0,113.0,53.0,0.875,13.0,0.0,2022-07-16 16:51:00-07:00,16.85,0.25,0.0,0.0,0.25,0.0,0.0,531.0,0.25,0.0,0.1977401129943503,0.0,0.1977401129943503,0.0,,,,,0.0,0.0,0.0,False,False,,,False,True,True,True,0.0,,80.0,19.0,False,,0.0,0.0,0.0,,62.0,True,6.0,4.0,4.0,4.0,False,2,114.0,6:06 PM,,YESTERDAY,2022-07-17T01:18:00-07:00,CLIPHX_202207170818.txt,True,20.0,16.0,14.0,12.0,10.0,8.0,6.0,3.0,2.0,1.0,1.0,-1.0,True,114,2022-07-16T04:00:00-07:00,2022-07-16T06:00:00-07:00,2.0,PFMPSR_202207161100.txt,0.0,0.0
2022-07-17,111.0,2022-07-17 14:51:00-07:00,28,1.0,0.04,True,40.0,94.0,61.0,0.5,3.0,17.0,96.0,60.0,0.25,4.0,15.0,99.0,61.0,0.25,0.0,12.0,101.0,59.0,0.25,4.0,10.0,107.0,58.0,0.25,7.0,4.0,107.0,58.0,0.25,5.0,4.0,108.0,57.0,0.25,6.0,3.0,111.0,56.0,0.25,16.0,0.0,111.0,56.0,0.25,13.0,0.0,111.0,56.0,0.25,12.0,0.0,110.0,55.0,0.5,14.0,1.0,2022-07-17 14:51:00-07:00,14.85,0.25,0.0,0.0,0.28102189781021897,51.0,0.0,411.0,0.25,0.0,0.25,0.0,0.28102189781021897,51.0,,,,,0.03,0.0,0.03,False,True,2022-07-17T21:33:00-07:00,,False,True,True,True,0.0,,120.0,23.0,False,,0.0,0.0,0.0,,61.0,True,5.0,8.0,1.0,3.0,False,4,112.0,4:29 PM,,YESTERDAY,2022-07-18T01:27:00-07:00,CLIPHX_202207180827.txt,True,18.0,16.0,13.0,11.0,5.0,5.0,4.0,1.0,1.0,1.0,2.0,-1.0,True,111,2022-07-17T04:44:00-07:00,2022-07-17T06:00:00-07:00,1.2666666666666666,PFMPSR_202207171144.txt,-1.0,1.0
2022-07-18,107.0,2022-07-18 16:51:00-07:00,27,1.0,0.01,True,19.0,89.0,66.0,0.875,3.0,18.0,92.0,66.0,0.875,3.0,15.0,96.0,63.0,0.5,5.0,11.0,98.0,61.0,0.25,9.0,9.0,100.0,61.0,0.25,12.0,7.0,101.0,58.0,0.25,10.0,6.0,103.0,60.0,0.25,10.0,4.0,105.0,58.0,0.25,11.0,2.0,105.0,58.0,0.5,13.0,2.0,107.0,59.0,0.5,14.0,0.0,106.0,58.0,0.5,12.0,1.0,2022-07-18 16:51:00-07:00,16.85,0.4027777777777778,0.4444444444444444,0.1111111111111111,0.4371468926553672,231.0,111.0,531.0,0.3333333333333333,60.0,0.14124293785310735,0.0,0.3305084745762712,171.0,25000.0,2022-07-18T08:51:00-07:00,2022-07-18T08:51:00-07:00,480.0,0.01,0.01,0.0,True,False,2022-07-18T02:51:00-07:00,840.0,True,False,True,False,0.0,,70.0,19.0,False,,0.0,0.0,0.0,,66.0,True,7.0,4.0,3.0,2.0,False,2,108.0,4:33 PM,,YESTERDAY,2022-07-19T01:17:00-07:00,CLIPHX_202207190817.txt,True,19.0,16.0,12.0,10.0,8.0,7.0,5.0,3.0,3.0,1.0,2.0,-1.0,True,109,2022-07-18T05:24:00-07:00,2022-07-18T06:00:00-07:00,0.6,PFMPSR_202207181224.txt,1.0,1.0
2022-07-19,110.0,2022-07-19 12:51:00-07:00,24,0.875,0.0,False,26.0,96.0,57.0,0.875,3.0,14.0,101.0,57.0,0.5,7.0,9.0,100.0,57.0,0.5,7.0,10.0,104.0,58.0,0.875,9.0,6.0,108.0,58.0,0.875,15.0,2.0,110.0,58.0,0.875,15.0,0.0,110.0,58.0,0.875,15.0,0.0,109.0,58.0,0.875,17.0,1.0,109.0,57.0,0.875,13.0,1.0,109.0,58.0,0.875,16.0,1.0,108.0,59.0,0.875,13.0,2.0,2022-07-19 12:51:00-07:00,12.85,0.725,1.0,0.6,0.720360824742268,291.0,171.0,291.0,0.75,180.0,0.15463917525773196,0.0,0.19845360824742267,0.0,25000.0,2022-07-19T08:51:00-07:00,2022-07-19T10:51:00-07:00,240.0,0.0,0.0,0.0,False,False,,,False,False,True,True,1.0,2022-07-19T09:51:00-07:00,30.0,26.0,False,,0.0,0.0,0.0,,58.0,True,4.0,8.0,2.0,-1.0,False,6,111.0,2:13 PM,,YESTERDAY,2022-07-20T01:24:00-07:00,CLIPHX_202207200824.txt,True,15.0,10.0,11.0,7.0,3.0,1.0,1.0,2.0,2.0,2.0,3.0,-1.0,True,112,2022-07-19T04:00:00-07:00,2022-07-19T06:00:00-07:00,2.0,PFMPSR_202207191100.txt,1.0,1.0
2022-07-20,110.0,2022-07-20 15:51:00-07:00,24,0.875,0.0,False,27.0,92.0,59.0,0.875,13.0,18.0,94.0,59.0,0.875,11.0,16.0,98.0,58.0,0.875,13.0,12.0,98.0,58.0,0.875,5.0,12.0,100.0,58.0,0.875,6.0,10.0,105.0,58.0,0.875,8.0,5.0,107.0,58.0,0.875,7.0,3.0,108.0,57.0,0.875,8.0,2.0,110.0,55.0,0.875,14.0,0.0,110.0,55.0,0.875,15.0,0.0,110.0,55.0,0.875,17.0,0.0,2022-07-20 15:51:00-07:00,15.85,0.875,1.0,1.0,0.875,471.0,471.0,471.0,0.875,180.0,0.12738853503184713,0.0,0.25,0.0,25000.0,2022-07-20T08:51:00-07:00,2022-07-20T08:51:00-07:00,420.0,0.0,0.0,0.0,False,False,,,False,False,True,True,0.0,,100.0,22.0,False,,0.0,0.0,0.0,,59.0,True,6.0,2.0,7.0,3.0,False,3,111.0,5:22 PM,,YESTERDAY,2022-07-21T01:11:00-07:00,CLIPHX_202207210811.txt,True,19.0,17.0,13.0,13.0,11.0,6.0,4.0,3.0,1.0,1.0,1.0,-1.0,True,109,2022-07-20T04:03:00-07:00,2022-07-20T06:00:00-07:00,1.95,PFMPSR_202207201103.txt,-2.0,2.0
2022-07-21,109.0,2022-07-21 16:51:00-07:00,25,1.0,0.0,False,21.0,91.0,65.0,0.875,11.0,18.0,93.0,64.0,0.875,11.0,16.0,95.0,63.0,0.875,8.0,14.0,97.0,63.0,0.875,6.0,12.0,99.0,61.0,0.875,4.0,10.0,101.0,60.0,0.875,4.0,8.0,104.0,59.0,0.5,5.0,5.0,107.0,59.0,0.5,11.0,2.0,108.0,57.0,0.875,14.0,1.0,109.0,55.0,0.875,11.0,0.0,108.0,54.0,0.875,9.0,1.0,2022-07-21 16:51:00-07:00,16.85,0.8,1.0,0.8,0.7902542372881356,531.0,411.0,531.0,0.625,180.0,0.05649717514124294,0.0,0.2782485875706215,60.0,22000.0,2022-07-21T08:51:00-07:00,2022-07-21T08:51:00-07:00,480.0,0.0,0.0,0.0,False,False,,,False,False,True,True,0.0,,140.0,18.0,False,,0.0,0.0,0.0,,64.0,True,4.0,4.0,5.0,4.0,False,2,110.0,4:44 PM,,YESTERDAY,2022-07-22T01:10:00-07:00,CLIPHX_202207220810.txt,True,19.0,17.0,15.0,13.0,11.0,9.0,6.0,3.0,2.0,1.0,2.0,-1.0,True,113,2022-07-21T05:33:00-07:00,2022-07-21T06:00:00-07:00,0.45,PFMPSR_202207211233.txt,3.0,3.0
2022-07-22,112.0,2022-07-22 13:51:00-07:00,24,0.875,0.0,False,19.0,97.0,57.0,0.875,7.0,15.0,99.0,56.0,0.875,7.0,13.0,103.0,56.0,0.875,6.0,9.0,106.0,56.0,0.875,4.0,6.0,106.0,55.0,0.875,0.0,6.0,110.0,54.0,0.875,6.0,2.0,112.0,54.0,0.875,6.0,0.0,112.0,52.0,0.875,5.0,0.0,112.0,52.0,0.875,9.0,0.0,111.0,52.0,0.875,12.0,1.0,110.0,52.0,0.875,11.0,2.0,2022-07-22 13:51:00-07:00,13.85,0.875,1.0,1.0,0.875,351.0,351.0,351.0,0.875,180.0,0.20726495726495728,0.0,0.39316239316239315,111.0,16000.0,2022-07-22T08:51:00-07:00,2022-07-22T08:51:00-07:00,300.0,0.0,0.0,0.0,False,False,,,False,False,False,True,0.0,,80.0,0.0,False,,0.0,0.0,0.0,,56.0,True,6.0,3.0,6.0,0.0,False,5,114.0,3:23 PM,,YESTERDAY,2022-07-23T01:11:00-07:00,CLIPHX_202207230811.txt,True,17.0,15.0,11.0,8.0,8.0,4.0,2.0,2.0,2.0,3.0,4.0,-2.0,True,114,2022-07-22T04:19:00-07:00,2022-07-22T06:00:00-07:00,1.6833333333333331,PFMPSR_202207221119.txt,0.0,0.0
2022-07-23,106.0,2022-07-23 16:51:00-07:00,24,0.875,0.0,False,36.0,86.0,66.0,0.875,3.0,20.0,87.0,65.0,0.875,10.0,19.0,92.0,64.0,0.875,7.0,14.0,94.0,63.0,0.875,0.0,12.0,99.0,62.0,0.875,4.0,7.0,103.0,60.0,0.875,9.0,3.0,103.0,59.0,0.5,8.0,3.0,103.0,59.0,0.5,3.0,3.0,105.0,60.0,0.5,9.0,1.0,106.0,58.0,0.5,4.0,0.0,106.0,60.0,0.5,9.0,0.0,2022-07-23 16:51:00-07:00,16.85,0.7083333333333334,1.0,0.5555555555555556,0.7478813559322034,531.0,351.0,531.0,0.5,180.0,0.3665254237288136,171.0,0.7478813559322034,531.0,14000.0,2022-07-23T08:51:00-07:00,2022-07-23T08:51:00-07:00,480.0,0.0,0.0,0.0,False,False,,,False,False,True,True,0.0,,110.0,16.0,False,,0.0,0.0,0.0,,65.0,True,6.0,7.0,4.0,2.0,False,2,108.0,4:20 PM,,YESTERDAY,2022-07-24T01:16:00-07:00,CLIPHX_202207240816.txt,True,22.0,21.0,16.0,14.0,9.0,5.0,5.0,5.0,3.0,2.0,2.0,-2.0,True,109,2022-07-23T05:01:00-07:00,2022-07-23T06:00:00-07:00,0.9833333333333332,PFMPSR_202207231201.txt,1.0,1.0
2022-07-24,99.0,2022-07-24 17:51:00-07:00,30,1.0,0.0,False,27.0,80.0,69.0,0.875,0.0,19.0,82.0,67.0,0.875,3.0,17.0,83.0,68.0,1.0,0.0,16.0,86.0,67.0,1.0,0.0,13.0,86.0,65.0,0.875,5.0,13.0,89.0,66.0,0.875,3.0,10.0,92.0,66.0,0.875,6.0,7.0,94.0,64.0,0.875,3.0,5.0,96.0,63.0,0.5,5.0,3.0,98.0,61.0,0.875,5.0,1.0,99.0,60.0,0.875,6.0,0.0,2022-07-24 17:51:00-07:00,17.85,0.8625,1.0,0.9,0.8623096446700508,591.0,531.0,591.0,0.75,180.0,0.5450507614213198,351.0,0.7861675126903553,591.0,11000.0,2022-07-24T08:51:00-07:00,2022-07-24T08:51:00-07:00,540.0,0.0,0.0,0.0,False,False,,,False,False,True,True,0.0,,110.0,0.0,False,,0.0,0.0,0.0,,68.0,True,3.0,3.0,6.0,4.0,False,2,100.0,5:35 PM,,YESTERDAY,2022-07-25T01:18:00-07:00,CLIPHX_202207250818.txt,True,20.0,18.0,17.0,14.0,14.0,11.0,8.0,6.0,4.0,2.0,1.0,-1.0,True,102,2022-07-24T04:04:00-07:00,2022-07-24T06:00:00-07:00,1.9333333333333331,PFMPSR_202207241104.txt,2.0,2.0
2022-07-25,99.0,2022-07-25 13:51:00-07:00,32,0.875,0.0,True,21.0,87.0,65.0,0.875,3.0,12.0,89.0,64.0,0.875,4.0,10.0,90.0,65.0,0.875,0.0,9.0,92.0,63.0,0.875,5.0,7.0,93.0,64.0,0.875,3.0,6.0,96.0,63.0,0.875,6.0,3.0,99.0,62.0,0.5,4.0,0.0,98.0,62.0,0.5,0.0,1.0,97.0,66.0,0.875,10.0,2.0,96.0,64.0,0.875,11.0,3.0,96.0,64.0,0.5,7.0,3.0,2022-07-25 13:51:00-07:00,13.85,0.8125,1.0,0.8333333333333334,0.875,351.0,351.0,351.0,0.875,180.0,0.5641025641025641,351.0,0.875,351.0,9500.0,2022-07-25T08:51:00-07:00,2022-07-25T08:51:00-07:00,300.0,0.0,0.0,0.0,False,False,,,False,True,True,True,0.0,,110.0,15.0,False,,0.0,0.0,0.0,,65.0,True,3.0,3.0,6.0,-2.0,False,8,102.0,2:38 PM,,YESTERDAY,2022-07-26T01:17:00-07:00,CLIPHX_202207260817.txt,True,15.0,13.0,12.0,10.0,9.0,6.0,3.0,4.0,5.0,6.0,6.0,-3.0,True,99,2022-07-25T04:02:00-07:00,2022-07-25T06:00:00-07:00,1.9666666666666663,PFMPSR_202207251102.txt,-3.0,3.0
2022-07-26,97.0,2022-07-26 15:51:00-07:00,26,1.0,0.33,False,17.0,80.0,73.0,0.875,5.0,17.0,82.0,73.0,0.875,0.0,15.0,86.0,71.0,0.875,5.0,11.0,88.0,70.0,0.875,5.0,9.0,91.0,67.0,0.5,8.0,6.0,93.0,66.0,0.5,6.0,4.0,96.0,64.0,0.5,6.0,1.0,96.0,63.0,0.5,12.0,1.0,97.0,62.0,0.5,7.0,0.0,97.0,65.0,0.5,9.0,0.0,96.0,65.0,0.875,12.0,1.0,2022-07-26 15:51:00-07:00,15.85,0.640625,1.0,0.375,0.6839171974522293,471.0,231.0,471.0,0.5,180.0,0.41321656050955413,231.0,0.6520700636942676,411.0,13000.0,2022-07-26T08:51:00-07:00,2022-07-26T08:51:00-07:00,420.0,0.16999999999999998,0.16999999999999998,0.0,True,False,2022-07-26T00:33:00-07:00,918.0,False,False,True,True,0.0,,60.0,17.0,False,,0.0,0.0,0.0,,73.0,True,6.0,5.0,5.0,1.0,False,3,99.0,4:39 PM,,YESTERDAY,2022-07-27T01:18:00-07:00,CLIPHX_202207270818.txt,True,19.0,17.0,13.0,11.0,8.0,6.0,3.0,3.0,2.0,2.0,3.0,-2.0,True,99,2022-07-26T04:00:00-07:00,2022-07-26T06:00:00-07:00,2.0,PFMPSR_202207261100.txt,0.0,0.0
2022-07-27,96.0,2022-07-27 13:51:00-07:00,24,1.0,0.0,False,29.0,84.0,68.0,0.875,0.0,12.0,86.0,68.0,0.875,4.0,10.0,90.0,67.0,0.875,0.0,6.0,92.0,67.0,0.875,8.0,4.0,95.0,64.0,0.875,5.0,1.0,95.0,64.0,0.875,10.0,1.0,96.0,64.0,0.875,11.0,0.0,93.0,65.0,0.875,12.0,3.0,92.0,65.0,0.875,13.0,4.0,93.0,64.0,0.875,10.0,3.0,94.0,65.0,0.875,8.0,2.0,2022-07-27 13:51:00-07:00,13.85,0.875,1.0,1.0,0.875,351.0,351.0,351.0,0.875,180.0,0.41452991452991456,231.0,0.875,351.0,14000.0,2022-07-27T08:51:00-07:00,2022-07-27T08:51:00-07:00,300.0,0.0,0.0,0.0,False,False,,,False,False,True,True,0.0,,160.0,25.0,False,,0.0,0.0,0.0,,68.0,True,6.0,5.0,1.0,-4.0,False,5,98.0,1:02 PM,,YESTERDAY,2022-07-28T01:50:00-07:00,CLIPHX_202207280850.txt,True,14.0,12.0,8.0,6.0,3.0,3.0,2.0,5.0,6.0,5.0,4.0,-2.0,True,97,2022-07-27T04:00:00-07:00,2022-07-27T06:00:00-07:00,2.0,PFMPSR_202207271100.txt,-1.0,1.0
2022-07-28,91.0,2022-07-28 00:51:00-07:00,27,1.0,0.0,True,19.0,86.0,69.0,0.875,5.0,5.0,88.0,71.0,0.875,7.0,3.0,85.0,69.0,0.875,15.0,6.0,85.0,69.0,0.875,4.0,6.0,88.0,69.0,0.875,9.0,3.0,88.0,68.0,0.875,5.0,3.0,88.0,70.0,0.875,11.0,3.0,83.0,71.0,1.0,10.0,8.0,79.0,72.0,0.875,11.0,12.0,83.0,70.0,0.5,12.0,8.0,83.0,68.0,0.5,10.0,8.0,2022-07-28 00:51:00-07:00,0.85,,,,,0.0,0.0,0.0,,0.0,,0.0,,0.0,,,,,0.0,0.0,0.0,False,False,,,False,True,False,True,0.0,,0.0,0.0,False,,0.0,0.0,0.0,,,False,-1.0,3.0,0.0,-9.0,True,14,92.0,1:22 AM,,YESTERDAY,2022-07-29T01:49:00-07:00,CLIPHX_202207290849.txt,True,6.0,4.0,7.0,7.0,4.0,4.0,4.0,9.0,13.0,9.0,9.0,-1.0,True,99,2022-07-28T04:00:00-07:00,2022-07-28T06:00:00-07:00,2.0,PFMPSR_202207281100.txt,7.0,7.0
2022-07-29,98.0,2022-07-29 16:51:00-07:00,24,1.0,0.0,False,,82.0,70.0,0.875,0.0,16.0,87.0,68.0,0.875,5.0,11.0,89.0,67.0,0.5,3.0,9.0,90.0,67.0,0.875,3.0,8.0,94.0,65.0,0.875,4.0,4.0,94.0,64.0,0.875,5.0,4.0,96.0,62.0,0.875,6.0,2.0,96.0,61.0,0.875,6.0,2.0,96.0,60.0,0.875,0.0,2.0,98.0,62.0,0.875,7.0,0.0,96.0,65.0,0.875,12.0,2.0,2022-07-29 16:51:00-07:00,16.85,0.8333333333333334,1.0,0.8888888888888888,0.8326271186440678,531.0,471.0,531.0,0.875,180.0,0.4576271186440678,351.0,0.7902542372881356,531.0,12000.0,2022-07-29T08:51:00-07:00,2022-07-29T08:51:00-07:00,480.0,0.0,0.0,0.0,False,False,,,False,False,True,True,0.0,,110.0,0.0,False,,0.0,0.0,0.0,,68.0,True,7.0,5.0,2.0,0.0,False,2,100.0,3:26 PM,,YESTERDAY,2022-07-30T01:35:00-07:00,CLIPHX_202207300835.txt,True,18.0,13.0,11.0,10.0,6.0,6.0,4.0,4.0,4.0,2.0,4.0,-2.0,True,99,2022-07-29T04:00:00-07:00,2022-07-29T06:00:00-07:00,2.0,PFMPSR_202207291100.txt,-1.0,1.0
2022-07-30,104.0,2022-07-30 16:51:00-07:00,29,0.875,0.0,True,45.0,88.0,67.0,0.5,0.0,16.0,90.0,68.0,0.5,4.0,14.0,92.0,67.0,0.25,3.0,12.0,94.0,66.0,0.5,6.0,10.0,99.0,65.0,0.5,6.0,5.0,102.0,65.0,0.875,4.0,2.0,99.0,65.0,0.875,10.0,5.0,98.0,64.0,0.875,0.0,6.0,102.0,62.0,0.875,6.0,2.0,104.0,61.0,0.875,6.0,0.0,91.0,67.0,0.875,32.0,13.0,2022-07-30 16:51:00-07:00,16.85,0.6805555555555556,0.8888888888888888,0.5555555555555556,0.6412429378531074,471.0,240.0,531.0,0.875,180.0,0.5042372881355932,360.0,0.556497175141243,471.0,10000.0,2022-07-30T08:51:00-07:00,2022-07-30T12:51:00-07:00,480.0,0.0,0.0,0.0,False,False,,,False,True,True,True,3.0,2022-07-30T13:51:00-07:00,40.0,0.0,False,,0.0,0.0,0.0,,68.0,True,4.0,7.0,0.0,3.0,True,7,104.0,4:59 PM,,YESTERDAY,2022-07-31T01:32:00-07:00,CLIPHX_202207310832.txt,True,16.0,14.0,12.0,10.0,5.0,2.0,5.0,6.0,2.0,0.0,13.0,0.0,True,100,2022-07-30T04:00:00-07:00,2022-07-30T06:00:00-07:00,2.0,PFMPSR_202207301100.txt,-4.0,4.0
2022-07-31,102.0,2022-07-31 14:51:00-07:00,24,0.875,0.0,False,23.0,83.0,67.0,0.875,7.0,19.0,86.0,66.0,0.875,4.0,16.0,88.0,67.0,0.875,0.0,14.0,93.0,66.0,0.875,4.0,9.0,96.0,66.0,0.875,4.0,6.0,99.0,66.0,0.25,7.0,3.0,99.0,65.0,0.25,7.0,3.0,102.0,67.0,0.5,12.0,0.0,102.0,61.0,0.5,11.0,0.0,98.0,66.0,0.5,12.0,4.0,97.0,67.0,0.5,16.0,5.0,2022-07-31 14:51:00-07:00,14.85,0.6428571428571429,0.7142857142857143,0.5714285714285714,0.6925182481751825,291.0,291.0,411.0,0.4583333333333333,60.0,0.06751824817518248,0.0,0.6925182481751825,291.0,17000.0,2022-07-31T08:51:00-07:00,2022-07-31T08:51:00-07:00,360.0,0.0,0.0,0.0,False,False,,,False,False,True,True,0.0,,150.0,16.0,False,,0.0,0.0,0.0,,67.0,True,5.0,8.0,3.0,3.0,False,4,103.0,3:47 PM,,YESTERDAY,2022-08-01T01:22:00-07:00,CLIPHX_202208010822.txt,True,20.0,17.0,15.0,10.0,7.0,4.0,4.0,1.0,1.0,5.0,6.0,-1.0,True,101,2022-07-31T04:00:00-07:00,2022-07-31T06:00:00-07:00,2.0,PFMPSR_202207311100.txt,-2.0,2.0
2022-08-01,103.0,2022-08-01 16:51:00-07:00,24,1.0,0.0,False,20.0,88.0,67.0,0.5,0.0,15.0,89.0,67.0,0.5,3.0,14.0,91.0,67.0,0.25,0.0,12.0,94.0,67.0,0.25,8.0,9.0,95.0,67.0,0.25,4.0,8.0,99.0,66.0,0.25,4.0,4.0,99.0,66.0,0.25,9.0,4.0,101.0,65.0,0.25,10.0,2.0,102.0,64.0,0.25,13.0,1.0,103.0,64.0,0.25,8.0,0.0,103.0,63.0,0.25,10.0,0.0,2022-08-01 16:51:00-07:00,16.85,0.2777777777777778,0.1111111111111111,0.0,0.3022598870056497,111.0,0.0,531.0,0.25,0.0,0.1977401129943503,0.0,0.25,0.0,,2022-08-01T08:51:00-07:00,,480.0,0.0,0.0,0.0,False,False,,,False,False,True,True,0.0,,10.0,19.0,False,,0.0,0.0,0.0,,67.0,True,3.0,4.0,4.0,3.0,False,2,105.0,4:16 PM,,YESTERDAY,2022-08-02T01:27:00-07:00,CLIPHX_202208020827.txt,True,17.0,16.0,14.0,11.0,10.0,6.0,6.0,4.0,3.0,2.0,2.0,-2.0,True,104,2022-08-01T04:00:00-07:00,2022-08-01T06:00:00-07:00,2.0,PFMPSR_202208011100.txt,-1.0,1.0
2022-08-02,105.0,2022-08-02 14:51:00-07:00,25,1.0,0.0,False,22.0,92.0,64.0,0.25,9.0,13.0,94.0,64.0,0.25,7.0,11.0,97.0,65.0,0.25,7.0,8.0,98.0,64.0,0.25,0.0,7.0,102.0,64.0,0.25,6.0,3.0,104.0,63.0,0.25,7.0,1.0,103.0,62.0,0.5,5.0,2.0,105.0,61.0,0.5,5.0,0.0,104.0,60.0,0.5,10.0,1.0,104.0,59.0,0.875,10.0,1.0,103.0,59.0,0.875,10.0,2.0,2022-08-02 14:51:00-07:00,14.85,0.34375,0.375,0.0,0.2864963503649635,60.0,0.0,411.0,0.3333333333333333,60.0,0.21897810218978103,0.0,0.21897810218978103,0.0,,2022-08-02T13:51:00-07:00,,60.0,0.0,0.0,0.0,False,False,,,False,False,True,True,2.0,2022-08-02T13:51:00-07:00,50.0,15.0,False,,0.0,0.0,0.0,,65.0,True,5.0,5.0,1.0,1.0,False,4,107.0,4:22 PM,,YESTERDAY,2022-08-03T01:22:00-07:00,CLIPHX_202208030822.txt,True,15.0,13.0,10.0,9.0,5.0,3.0,4.0,2.0,3.0,3.0,4.0,-2.0,True,106,2022-08-02T04:00:00-07:00,2022-08-02T06:00:00-07:00,2.0,PFMPSR_202208021100.txt,-1.0,1.0
2022-08-03,100.0,2022-08-03 16:51:00-07:00,26,1.0,0.0,True,22.0,93.0,59.0,0.875,5.0,7.0,94.0,59.0,0.875,7.0,6.0,95.0,60.0,0.875,12.0,5.0,89.0,62.0,0.875,12.0,11.0,90.0,63.0,0.875,11.0,10.0,92.0,63.0,0.875,3.0,8.0,95.0,60.0,0.875,3.0,5.0,95.0,60.0,0.875,0.0,5.0,98.0,60.0,0.875,6.0,2.0,100.0,59.0,0.875,7.0,0.0,100.0,58.0,0.875,7.0,0.0,2022-08-03 16:51:00-07:00,16.85,0.875,1.0,1.0,0.875,531.0,531.0,531.0,0.875,180.0,0.3064971751412429,120.0,0.7966101694915254,531.0,14000.0,2022-08-03T08:51:00-07:00,2022-08-03T08:51:00-07:00,480.0,0.0,0.0,0.0,False,False,,,True,False,True,True,6.0,2022-08-03T11:02:00-07:00,160.0,22.0,True,2022-08-03T11:02:00-07:00,6.0,22.0,50.0,349.0,63.0,True,2.0,-5.0,5.0,3.0,True,2,101.0,6:30 PM,,YESTERDAY,2022-08-04T01:13:00-07:00,CLIPHX_202208040813.txt,True,8.0,7.0,6.0,12.0,11.0,9.0,6.0,6.0,3.0,1.0,1.0,-1.0,True,105,2022-08-03T04:02:00-07:00,2022-08-03T06:00:00-07:00,1.9666666666666663,PFMPSR_202208031102.txt,4.0,4.0
2022-08-04,93.0,2022-08-04 00:51:00-07:00,30,1.0,1.43,True,30.0,78.0,70.0,0.875,5.0,15.0,78.0,71.0,0.875,7.0,15.0,81.0,69.0,0.875,3.0,12.0,83.0,67.0,0.5,0.0,10.0,86.0,67.0,0.875,4.0,7.0,88.0,66.0,0.875,3.0,5.0,89.0,67.0,0.875,6.0,4.0,91.0,67.0,0.875,4.0,2.0,92.0,67.0,0.875,7.0,1.0,92.0,67.0,0.875,6.0,1.0,91.0,66.0,0.5,5.0,2.0,2022-08-04 00:51:00-07:00,0.85,,,,,0.0,0.0,0.0,,0.0,,0.0,,0.0,,,,,0.58,0.0,0.58,False,True,2022-08-04T04:51:00-07:00,,False,True,True,True,0.0,,0.0,0.0,False,,0.0,0.0,0.0,,,False,3.0,5.0,3.0,3.0,False,12,95.0,12:30 AM,,YESTERDAY,2022-08-05T01:11:00-07:00,CLIPHX_202208050811.txt,True,17.0,17.0,14.0,12.0,9.0,7.0,6.0,4.0,3.0,3.0,4.0,-2.0,True,103,2022-08-04T04:00:00-07:00,2022-08-04T06:00:00-07:00,2.0,PFMPSR_202208041100.txt,8.0,8.0
2022-08-05,102.0,2022-08-05 15:51:00-07:00,26,0.875,0.0,False,,86.0,67.0,0.5,0.0,16.0,88.0,67.0,0.5,0.0,14.0,90.0,66.0,0.5,3.0,12.0,93.0,64.0,0.25,0.0,9.0,96.0,63.0,0.25,3.0,6.0,100.0,62.0,0.25,9.0,2.0,101.0,61.0,0.25,6.0,1.0,100.0,59.0,0.25,5.0,2.0,102.0,58.0,0.25,6.0,0.0,102.0,57.0,0.5,6.0,0.0,101.0,56.0,0.875,7.0,1.0,2022-08-05 15:51:00-07:00,15.85,0.3125,0.25,0.0,0.34076433121019106,171.0,0.0,471.0,0.25,0.0,0.1910828025477707,0.0,0.1910828025477707,0.0,,2022-08-05T08:51:00-07:00,,420.0,0.0,0.0,0.0,False,False,,,False,False,False,False,1.0,2022-08-05T14:51:00-07:00,10.0,0.0,False,,0.0,0.0,0.0,,67.0,True,4.0,6.0,5.0,1.0,False,5,102.0,6:32 PM,,YESTERDAY,2022-08-06T01:10:00-07:00,CLIPHX_202208060810.txt,True,16.0,14.0,12.0,9.0,6.0,2.0,1.0,2.0,0.0,0.0,1.0,0.0,True,104,2022-08-05T04:00:00-07:00,2022-08-05T06:00:00-07:00,2.0,PFMPSR_202208051100.txt,2.0,2.0
2022-08-06,106.0,2022-08-06 13:51:00-07:00,24,0.875,0.0,False,,91.0,61.0,0.875,6.0,15.0,94.0,60.0,0.875,0.0,12.0,96.0,60.0,0.5,0.0,10.0,101.0,61.0,0.5,6.0,5.0,102.0,60.0,0.25,4.0,4.0,104.0,57.0,0.5,3.0,2.0,106.0,57.0,0.5,9.0,0.0,106.0,54.0,0.5,9.0,0.0,106.0,55.0,0.5,6.0,0.0,106.0,55.0,0.5,5.0,0.0,106.0,53.0,0.5,5.0,0.0,2022-08-06 13:51:00-07:00,13.85,0.5208333333333334,0.8333333333333334,0.16666666666666666,0.5758547008547008,291.0,111.0,351.0,0.4166666666666667,120.0,0.25,0.0,0.25,0.0,25000.0,2022-08-06T08:51:00-07:00,2022-08-06T08:51:00-07:00,300.0,0.0,0.0,0.0,False,False,,,False,False,True,True,0.0,,30.0,0.0,False,,0.0,0.0,0.0,,61.0,True,5.0,6.0,4.0,0.0,False,5,108.0,5:12 PM,,YESTERDAY,2022-08-07T01:12:00-07:00,CLIPHX_202208070812.txt,True,17.0,14.0,12.0,7.0,6.0,4.0,2.0,2.0,2.0,2.0,2.0,-2.0,True,108,2022-08-06T04:07:00-07:00,2022-08-06T06:00:00-07:00,1.8833333333333333,PFMPSR_202208061107.txt,0.0,0.0
2022-08-07,103.0,2022-08-07 13:51:00-07:00,28,1.0,0.0,False,31.0,90.0,59.0,0.875,7.0,13.0,90.0,60.0,0.875,7.0,13.0,91.0,60.0,0.875,3.0,12.0,94.0,60.0,0.875,4.0,9.0,98.0,59.0,0.5,3.0,5.0,102.0,59.0,0.875,8.0,1.0,103.0,60.0,0.5,9.0,0.0,103.0,58.0,0.5,10.0,0.0,103.0,60.0,0.5,9.0,0.0,103.0,60.0,0.5,10.0,0.0,102.0,59.0,0.875,11.0,1.0,2022-08-07 13:51:00-07:00,13.85,0.75,1.0,0.6666666666666666,0.8108974358974359,351.0,291.0,351.0,0.75,180.0,0.6185897435897436,351.0,0.6826923076923077,351.0,11000.0,2022-08-07T08:51:00-07:00,2022-08-07T08:51:00-07:00,300.0,0.0,0.0,0.0,False,False,,,False,False,True,True,0.0,,20.0,0.0,False,,0.0,0.0,0.0,,60.0,True,1.0,7.0,5.0,0.0,False,5,105.0,3:34 PM,,YESTERDAY,2022-08-08T01:13:00-07:00,CLIPHX_202208080813.txt,True,15.0,15.0,14.0,11.0,7.0,3.0,2.0,2.0,2.0,2.0,3.0,-2.0,True,104,2022-08-07T04:02:00-07:00,2022-08-07T06:00:00-07:00,1.9666666666666663,PFMPSR_202208071102.txt,-1.0,1.0
2022-08-08,104.0,2022-08-08 13:51:00-07:00,26,1.0,0.0,False,14.0,87.0,62.0,0.875,9.0,17.0,89.0,62.0,0.875,8.0,15.0,92.0,61.0,0.5,0.0,12.0,96.0,61.0,0.5,5.0,8.0,98.0,61.0,0.5,5.0,6.0,99.0,62.0,0.25,4.0,5.0,104.0,63.0,0.25,9.0,0.0,102.0,62.0,0.25,6.0,2.0,101.0,61.0,0.5,4.0,3.0,101.0,61.0,0.5,3.0,3.0,101.0,59.0,0.5,3.0,3.0,2022-08-08 13:51:00-07:00,13.85,0.44642857142857145,0.5714285714285714,0.14285714285714285,0.5758547008547008,291.0,111.0,351.0,0.4166666666666667,120.0,0.25,0.0,0.5758547008547008,291.0,20000.0,2022-08-08T08:51:00-07:00,2022-08-08T08:51:00-07:00,300.0,0.0,0.0,0.0,False,False,,,False,False,True,True,0.0,,130.0,14.0,False,,0.0,0.0,0.0,,63.0,True,5.0,6.0,6.0,-3.0,False,6,104.0,1:53 PM,,YESTERDAY,2022-08-09T01:20:00-07:00,CLIPHX_202208090820.txt,True,17.0,15.0,12.0,8.0,6.0,5.0,0.0,2.0,3.0,3.0,3.0,0.0,True,103,2022-08-08T04:00:00-07:00,2022-08-08T06:00:00-07:00,2.0,PFMPSR_202208081100.txt,-1.0,1.0
2022-08-09,98.0,2022-08-09 15:51:00-07:00,26,1.0,0.16000000000000003,True,55.0,81.0,66.0,0.875,0.0,17.0,81.0,67.0,0.875,0.0,17.0,81.0,69.0,0.875,0.0,17.0,81.0,70.0,0.875,4.0,17.0,84.0,69.0,0.875,3.0,14.0,89.0,66.0,0.875,0.0,9.0,92.0,64.0,0.875,5.0,6.0,95.0,62.0,0.875,5.0,3.0,98.0,60.0,0.875,5.0,0.0,97.0,62.0,0.875,5.0,1.0,97.0,61.0,0.875,5.0,1.0,2022-08-09 15:51:00-07:00,15.85,0.875,1.0,1.0,0.875,471.0,471.0,471.0,0.875,180.0,0.4729299363057325,240.0,0.7157643312101911,351.0,10000.0,2022-08-09T08:51:00-07:00,2022-08-09T08:51:00-07:00,420.0,0.14,0.14,0.0,True,False,2022-08-09T03:51:00-07:00,720.0,True,False,True,True,0.0,,30.0,0.0,False,,0.0,0.0,0.0,,70.0,True,0.0,3.0,8.0,6.0,False,3,98.0,6:05 PM,,YESTERDAY,2022-08-10T01:19:00-07:00,CLIPHX_202208100819.txt,True,17.0,17.0,17.0,17.0,14.0,9.0,6.0,3.0,0.0,1.0,1.0,0.0,True,102,2022-08-09T05:44:00-07:00,2022-08-09T06:00:00-07:00,0.2666666666666666,PFMPSR_202208091244.txt,4.0,4.0
2022-08-10,103.0,2022-08-10 15:51:00-07:00,24,0.875,0.0,False,36.0,86.0,66.0,0.875,6.0,17.0,90.0,66.0,0.875,3.0,13.0,94.0,65.0,0.5,3.0,9.0,94.0,66.0,0.5,6.0,9.0,97.0,65.0,0.5,5.0,6.0,100.0,65.0,0.5,9.0,3.0,101.0,64.0,0.5,0.0,2.0,100.0,63.0,0.5,7.0,3.0,103.0,62.0,0.5,4.0,0.0,101.0,61.0,0.875,3.0,2.0,102.0,61.0,0.875,8.0,1.0,2022-08-10 15:51:00-07:00,15.85,0.546875,1.0,0.125,0.5883757961783439,471.0,111.0,471.0,0.5,180.0,0.1910828025477707,0.0,0.38136942675159236,171.0,21000.0,2022-08-10T08:51:00-07:00,2022-08-10T08:51:00-07:00,420.0,0.0,0.0,0.0,False,False,,,False,False,True,True,1.0,2022-08-10T14:51:00-07:00,90.0,0.0,False,,0.0,0.0,0.0,,66.0,True,8.0,3.0,4.0,2.0,False,3,104.0,3:47 PM,,YESTERDAY,2022-08-11T01:23:00-07:00,CLIPHX_202208110823.txt,True,18.0,14.0,10.0,10.0,7.0,4.0,3.0,4.0,1.0,3.0,2.0,-1.0,True,102,2022-08-10T04:00:00-07:00,2022-08-10T06:00:00-07:00,2.0,PFMPSR_202208101100.txt,-2.0,2.0
2022-08-11,105.0,2022-08-11 16:51:00-07:00,24,0.875,0.0,False,,86.0,67.0,0.875,8.0,19.0,91.0,64.0,0.875,7.0,14.0,95.0,62.0,0.5,5.0,10.0,96.0,61.0,0.875,3.0,9.0,99.0,59.0,0.25,8.0,6.0,102.0,58.0,0.25,7.0,3.0,102.0,57.0,0.25,0.0,3.0,104.0,57.0,0.25,6.0,1.0,104.0,56.0,0.25,0.0,1.0,105.0,56.0,0.5,5.0,0.0,103.0,57.0,0.875,6.0,2.0,2022-08-11 16:51:00-07:00,16.85,0.4444444444444444,0.4444444444444444,0.2222222222222222,0.4795197740112994,231.0,171.0,531.0,0.25,0.0,0.25,0.0,0.3587570621468927,231.0,25000.0,2022-08-11T08:51:00-07:00,2022-08-11T08:51:00-07:00,480.0,0.0,0.0,0.0,False,False,,,False,False,True,True,0.0,,100.0,0.0,False,,0.0,0.0,0.0,,64.0,True,9.0,4.0,3.0,2.0,False,2,105.0,4:54 PM,,YESTERDAY,2022-08-12T01:37:00-07:00,CLIPHX_202208120837.txt,True,19.0,14.0,10.0,9.0,6.0,3.0,3.0,1.0,1.0,0.0,2.0,0.0,True,104,2022-08-11T04:48:00-07:00,2022-08-11T06:00:00-07:00,1.2,PFMPSR_202208111148.txt,-1.0,1.0
2022-08-12,102.0,2022-08-12 11:51:00-07:00,26,1.0,0.0,True,45.0,92.0,66.0,0.875,7.0,10.0,94.0,65.0,0.875,9.0,8.0,98.0,65.0,0.875,8.0,4.0,99.0,64.0,0.5,7.0,3.0,102.0,63.0,0.5,7.0,0.0,102.0,62.0,0.875,0.0,0.0,102.0,62.0,0.875,8.0,0.0,100.0,66.0,0.875,15.0,2.0,84.0,65.0,0.875,33.0,18.0,84.0,65.0,0.875,13.0,18.0,81.0,71.0,0.875,13.0,21.0,2022-08-12 11:51:00-07:00,11.85,0.6875,1.0,0.5,0.7775974025974026,231.0,171.0,231.0,0.75,180.0,0.25,0.0,0.4448051948051948,180.0,25000.0,2022-08-12T08:51:00-07:00,2022-08-12T08:51:00-07:00,180.0,0.0,0.0,0.0,False,False,,,False,True,True,True,0.0,,80.0,0.0,False,,0.0,0.0,0.0,,65.0,True,6.0,4.0,0.0,-18.0,True,9,106.0,12:25 PM,,YESTERDAY,2022-08-13T01:44:00-07:00,CLIPHX_202208130844.txt,True,14.0,12.0,8.0,7.0,4.0,4.0,4.0,6.0,22.0,22.0,25.0,-4.0,True,104,2022-08-12T05:16:00-07:00,2022-08-12T06:00:00-07:00,0.7333333333333333,PFMPSR_202208121216.txt,-2.0,2.0
2022-08-13,104.0,2022-08-13 15:51:00-07:00,29,1.0,0.0,True,33.0,85.0,67.0,0.5,0.0,19.0,88.0,65.0,0.5,6.0,16.0,91.0,65.0,0.5,7.0,13.0,94.0,64.0,0.5,5.0,10.0,96.0,61.0,0.5,4.0,8.0,99.0,59.0,0.5,0.0,5.0,101.0,60.0,0.5,3.0,3.0,102.0,59.0,0.5,5.0,2.0,104.0,58.0,0.5,5.0,0.0,103.0,61.0,0.5,10.0,1.0,103.0,56.0,0.875,5.0,1.0,2022-08-13 15:51:00-07:00,15.85,0.5,1.0,0.0,0.5,471.0,0.0,471.0,0.5,180.0,0.21815286624203822,0.0,0.2770700636942675,51.0,,2022-08-13T08:51:00-07:00,,420.0,0.0,0.0,0.0,False,False,,,False,True,True,True,0.0,,180.0,0.0,False,,0.0,0.0,0.0,,65.0,True,6.0,5.0,5.0,3.0,False,3,104.0,5:40 PM,,YESTERDAY,2022-08-14T01:13:00-07:00,CLIPHX_202208140813.txt,True,19.0,16.0,13.0,10.0,8.0,5.0,3.0,2.0,0.0,1.0,1.0,0.0,True,101,2022-08-13T04:42:00-07:00,2022-08-13T06:00:00-07:00,1.3,PFMPSR_202208131142.txt,-3.0,3.0
2022-08-14,99.0,2022-08-14 14:51:00-07:00,28,1.0,0.01,True,33.0,84.0,68.0,0.875,6.0,15.0,85.0,67.0,0.875,8.0,14.0,87.0,67.0,0.875,5.0,12.0,89.0,66.0,0.875,7.0,10.0,92.0,65.0,0.875,3.0,7.0,94.0,64.0,0.875,4.0,5.0,96.0,64.0,0.5,0.0,3.0,99.0,63.0,0.5,5.0,0.0,99.0,62.0,0.5,0.0,0.0,96.0,60.0,0.875,21.0,3.0,88.0,65.0,0.875,9.0,11.0,2022-08-14 14:51:00-07:00,14.85,0.7678571428571429,1.0,0.7142857142857143,0.8202554744525548,411.0,351.0,411.0,0.75,180.0,0.4324817518248175,300.0,0.8202554744525548,411.0,15000.0,2022-08-14T08:51:00-07:00,2022-08-14T08:51:00-07:00,360.0,0.01,0.0,0.01,False,True,2022-08-14T19:51:00-07:00,,False,True,True,True,0.0,,90.0,0.0,False,,0.0,0.0,0.0,,67.0,True,3.0,5.0,4.0,3.0,False,8,101.0,4:25 PM,,YESTERDAY,2022-08-15T01:20:00-07:00,CLIPHX_202208150820.txt,True,17.0,16.0,14.0,12.0,9.0,7.0,5.0,2.0,2.0,5.0,13.0,-2.0,True,102,2022-08-14T04:00:00-07:00,2022-08-14T06:00:00-07:00,2.0,PFMPSR_202208141100.txt,1.0,1.0
2022-08-15,101.0,2022-08-15 14:51:00-07:00,24,0.875,0.0,False,17.0,83.0,69.0,0.5,4.0,18.0,87.0,66.0,0.25,4.0,14.0,89.0,65.0,0.25,3.0,12.0,95.0,64.0,0.25,3.0,6.0,96.0,62.0,0.5,0.0,5.0,99.0,62.0,0.25,6.0,2.0,99.0,62.0,0.25,6.0,2.0,101.0,62.0,0.25,9.0,0.0,100.0,60.0,0.25,6.0,1.0,100.0,61.0,0.25,3.0,1.0,99.0,62.0,0.25,0.0,2.0,2022-08-15 14:51:00-07:00,14.85,0.2857142857142857,0.14285714285714285,0.0,0.3175182481751825,111.0,0.0,411.0,0.3333333333333333,60.0,0.28102189781021897,51.0,0.3175182481751825,111.0,,2022-08-15T11:51:00-07:00,,180.0,0.0,0.0,0.0,False,False,,,False,False,True,True,0.0,,100.0,17.0,False,,0.0,0.0,0.0,,66.0,True,6.0,7.0,3.0,1.0,False,4,102.0,3:14 PM,,YESTERDAY,2022-08-16T01:12:00-07:00,CLIPHX_202208160812.txt,True,19.0,15.0,13.0,7.0,6.0,3.0,3.0,1.0,2.0,2.0,3.0,-1.0,True,103,2022-08-15T04:00:00-07:00,2022-08-15T06:00:00-07:00,2.0,PFMPSR_202208151100.txt,1.0,1.0
2022-08-16,104.0,2022-08-16 14:51:00-07:00,24,0.875,0.0,False,14.0,89.0,66.0,0.25,4.0,15.0,92.0,65.0,0.25,3.0,12.0,96.0,64.0,0.25,0.0,8.0,98.0,63.0,0.5,5.0,6.0,100.0,63.0,0.875,7.0,4.0,100.0,61.0,0.875,7.0,4.0,101.0,62.0,0.875,6.0,3.0,104.0,60.0,0.875,8.0,0.0,102.0,61.0,0.875,4.0,2.0,104.0,60.0,0.875,6.0,0.0,103.0,61.0,0.875,6.0,1.0,2022-08-16 14:51:00-07:00,14.85,0.6428571428571429,0.7142857142857143,0.5714285714285714,0.5602189781021898,240.0,180.0,411.0,0.875,180.0,0.32299270072992703,120.0,0.46897810218978103,180.0,16000.0,2022-08-16T10:51:00-07:00,2022-08-16T11:51:00-07:00,240.0,0.0,0.0,0.0,False,False,,,False,False,True,True,0.0,,160.0,14.0,False,,0.0,0.0,0.0,,65.0,True,7.0,4.0,1.0,1.0,False,4,105.0,4:23 PM,,YESTERDAY,2022-08-17T01:11:00-07:00,CLIPHX_202208170811.txt,True,16.0,13.0,9.0,7.0,5.0,5.0,4.0,1.0,3.0,1.0,2.0,-1.0,True,104,2022-08-16T04:04:00-07:00,2022-08-16T06:00:00-07:00,1.9333333333333331,PFMPSR_202208161104.txt,-1.0,1.0
2022-08-17,105.0,2022-08-17 13:51:00-07:00,29,0.875,0.0,True,33.0,89.0,65.0,0.25,8.0,16.0,92.0,65.0,0.25,6.0,13.0,96.0,65.0,0.25,3.0,9.0,97.0,64.0,0.25,6.0,8.0,101.0,63.0,0.25,7.0,4.0,101.0,64.0,0.25,3.0,4.0,105.0,65.0,0.25,5.0,0.0,102.0,64.0,0.25,3.0,3.0,104.0,64.0,0.875,8.0,1.0,101.0,62.0,0.875,22.0,4.0,99.0,60.0,0.875,13.0,6.0,2022-08-17 13:51:00-07:00,13.85,0.25,0.0,0.0,0.25,0.0,0.0,351.0,0.25,0.0,0.25,0.0,0.25,0.0,,,,,0.0,0.0,0.0,False,False,,,False,True,True,True,0.0,,150.0,0.0,False,,0.0,0.0,0.0,,65.0,True,7.0,5.0,4.0,-1.0,False,7,106.0,4:05 PM,,YESTERDAY,2022-08-18T01:21:00-07:00,CLIPHX_202208180821.txt,True,17.0,14.0,10.0,9.0,5.0,5.0,1.0,4.0,2.0,5.0,7.0,-1.0,True,105,2022-08-17T04:00:00-07:00,2022-08-17T06:00:00-07:00,2.0,PFMPSR_202208171100.txt,-1.0,1.0
2022-08-18,104.0,2022-08-18 13:51:00-07:00,26,1.0,0.04,True,38.0,86.0,69.0,0.5,0.0,18.0,89.0,67.0,0.5,3.0,15.0,91.0,66.0,0.25,4.0,13.0,96.0,65.0,0.25,3.0,8.0,97.0,65.0,0.25,5.0,7.0,99.0,63.0,0.5,0.0,5.0,104.0,62.0,0.5,3.0,0.0,102.0,61.0,0.5,6.0,2.0,103.0,60.0,0.5,9.0,1.0,104.0,59.0,0.5,3.0,0.0,103.0,59.0,0.5,5.0,1.0,2022-08-18 13:51:00-07:00,13.85,0.375,0.5,0.0,0.3717948717948718,171.0,0.0,351.0,0.3333333333333333,60.0,0.21367521367521367,0.0,0.25,0.0,,2022-08-18T08:51:00-07:00,,300.0,0.04,0.0,0.04,False,True,2022-08-18T19:51:00-07:00,,False,True,True,True,0.0,,0.0,0.0,False,,0.0,0.0,0.0,,67.0,True,5.0,6.0,7.0,-1.0,False,5,105.0,3:38 PM,,YESTERDAY,2022-08-19T01:20:00-07:00,CLIPHX_202208190820.txt,True,19.0,16.0,14.0,9.0,8.0,6.0,1.0,3.0,2.0,1.0,2.0,-1.0,True,102,2022-08-18T04:18:00-07:00,2022-08-18T06:00:00-07:00,1.7,PFMPSR_202208181118.txt,-3.0,3.0
2022-08-19,98.0,2022-08-19 13:51:00-07:00,26,1.0,0.04,True,28.0,79.0,71.0,0.875,4.0,19.0,82.0,71.0,0.875,6.0,16.0,85.0,70.0,0.875,6.0,13.0,89.0,69.0,0.875,3.0,9.0,94.0,67.0,0.875,7.0,4.0,95.0,66.0,0.875,5.0,3.0,98.0,64.0,0.875,6.0,0.0,96.0,66.0,0.875,8.0,2.0,90.0,67.0,0.875,13.0,8.0,88.0,67.0,0.875,8.0,10.0,86.0,67.0,0.875,11.0,12.0,2022-08-19 13:51:00-07:00,13.85,0.875,1.0,1.0,0.875,351.0,351.0,351.0,0.875,180.0,0.6826923076923077,351.0,0.875,351.0,11000.0,2022-08-19T08:51:00-07:00,2022-08-19T08:51:00-07:00,300.0,0.04,0.04,0.0,True,False,2022-08-19T05:51:00-07:00,480.0,False,True,True,True,1.0,2022-08-19T12:54:00-07:00,130.0,0.0,False,,0.0,0.0,0.0,,71.0,True,6.0,9.0,4.0,-8.0,False,6,99.0,1:58 PM,,YESTERDAY,2022-08-20T01:17:00-07:00,CLIPHX_202208200817.txt,True,20.0,17.0,14.0,10.0,5.0,4.0,1.0,3.0,9.0,11.0,13.0,-1.0,True,98,2022-08-19T04:46:00-07:00,2022-08-19T06:00:00-07:00,1.2333333333333334,PFMPSR_202208191146.txt,-1.0,1.0
2022-08-20,96.0,2022-08-20 14:51:00-07:00,28,0.875,0.0,True,17.0,82.0,72.0,0.875,3.0,14.0,85.0,71.0,0.875,5.0,11.0,87.0,71.0,0.875,5.0,9.0,90.0,70.0,0.875,4.0,6.0,92.0,69.0,0.875,7.0,4.0,92.0,69.0,0.875,3.0,4.0,94.0,69.0,0.875,10.0,2.0,96.0,68.0,0.875,9.0,0.0,96.0,68.0,0.875,10.0,0.0,94.0,67.0,0.875,7.0,2.0,94.0,67.0,0.875,10.0,2.0,2022-08-20 14:51:00-07:00,14.85,0.875,1.0,1.0,0.875,411.0,411.0,411.0,0.875,180.0,0.7737226277372263,411.0,0.875,411.0,7000.0,2022-08-20T08:51:00-07:00,2022-08-20T08:51:00-07:00,360.0,0.0,0.0,0.0,False,False,,,False,True,True,True,0.0,,80.0,17.0,False,,0.0,0.0,0.0,,71.0,True,5.0,5.0,2.0,2.0,False,4,97.0,4:29 PM,,YESTERDAY,2022-08-21T01:30:00-07:00,CLIPHX_202208210830.txt,True,15.0,12.0,10.0,7.0,5.0,5.0,3.0,1.0,1.0,3.0,3.0,-1.0,True,95,2022-08-20T04:33:00-07:00,2022-08-20T06:00:00-07:00,1.45,PFMPSR_202208201133.txt,-2.0,2.0
2022-08-21,97.0,2022-08-21 15:51:00-07:00,28,0.875,0.0,True,35.0,83.0,65.0,0.875,5.0,14.0,85.0,66.0,0.5,4.0,12.0,88.0,66.0,0.5,4.0,9.0,88.0,66.0,0.5,3.0,9.0,92.0,66.0,0.5,3.0,5.0,93.0,65.0,0.5,6.0,4.0,95.0,66.0,0.5,4.0,2.0,96.0,68.0,0.5,6.0,1.0,97.0,68.0,0.5,7.0,0.0,96.0,67.0,0.5,11.0,1.0,95.0,67.0,0.875,12.0,2.0,2022-08-21 15:51:00-07:00,15.85,0.5,1.0,0.0,0.5406050955414012,471.0,51.0,471.0,0.5,180.0,0.40923566878980894,300.0,0.5406050955414012,471.0,,2022-08-21T08:51:00-07:00,,420.0,0.0,0.0,0.0,False,False,,,False,True,True,True,0.0,,70.0,0.0,False,,0.0,0.0,0.0,,68.0,True,5.0,4.0,3.0,2.0,False,5,97.0,4:41 PM,,YESTERDAY,2022-08-22T01:30:00-07:00,CLIPHX_202208220830.txt,True,14.0,12.0,9.0,9.0,5.0,4.0,2.0,1.0,0.0,1.0,2.0,0.0,True,96,2022-08-21T04:00:00-07:00,2022-08-21T06:00:00-07:00,2.0,PFMPSR_202208211100.txt,-1.0,1.0
2022-08-22,99.0,2022-08-22 16:51:00-07:00,25,0.5,0.0,False,,81.0,69.0,0.5,4.0,18.0,85.0,69.0,0.25,5.0,14.0,87.0,68.0,0.25,7.0,12.0,90.0,68.0,0.25,4.0,9.0,93.0,67.0,0.25,10.0,6.0,93.0,65.0,0.25,4.0,6.0,95.0,65.0,0.25,6.0,4.0,97.0,63.0,0.25,7.0,2.0,98.0,62.0,0.25,8.0,1.0,99.0,61.0,0.25,4.0,0.0,97.0,62.0,0.25,5.0,2.0,2022-08-22 16:51:00-07:00,16.85,0.25,0.0,0.0,0.2740112994350282,51.0,0.0,531.0,0.25,0.0,0.25,0.0,0.2740112994350282,51.0,,,,,0.0,0.0,0.0,False,False,,,False,False,True,True,0.0,,140.0,0.0,False,,0.0,0.0,0.0,,69.0,True,6.0,6.0,2.0,3.0,False,3,99.0,5:11 PM,,YESTERDAY,2022-08-23T01:23:00-07:00,CLIPHX_202208230823.txt,True,18.0,14.0,12.0,9.0,6.0,6.0,4.0,2.0,1.0,0.0,2.0,0.0,True,98,2022-08-22T04:00:00-07:00,2022-08-22T06:00:00-07:00,2.0,PFMPSR_202208221100.txt,-1.0,1.0
2022-08-23,103.0,2022-08-23 14:51:00-07:00,27,0.875,0.0,False,18.0,89.0,67.0,0.25,7.0,14.0,91.0,66.0,0.25,5.0,12.0,95.0,66.0,0.25,7.0,8.0,97.0,64.0,0.25,0.0,6.0,98.0,64.0,0.25,5.0,5.0,100.0,64.0,0.5,0.0,3.0,101.0,64.0,0.5,4.0,2.0,103.0,62.0,0.5,3.0,0.0,103.0,64.0,0.5,4.0,0.0,102.0,62.0,0.875,8.0,1.0,98.0,61.0,0.875,11.0,5.0,2022-08-23 14:51:00-07:00,14.85,0.35714285714285715,0.42857142857142855,0.0,0.32299270072992703,120.0,0.0,411.0,0.4166666666666667,120.0,0.25,0.0,0.25,0.0,,2022-08-23T12:51:00-07:00,,120.0,0.0,0.0,0.0,False,False,,,False,False,True,True,0.0,,160.0,0.0,False,,0.0,0.0,0.0,,66.0,True,6.0,3.0,3.0,2.0,False,7,105.0,3:02 PM,,YESTERDAY,2022-08-24T01:13:00-07:00,CLIPHX_202208240813.txt,True,16.0,14.0,10.0,8.0,7.0,5.0,4.0,2.0,2.0,3.0,7.0,-2.0,True,103,2022-08-23T04:00:00-07:00,2022-08-23T06:00:00-07:00,2.0,PFMPSR_202208231100.txt,-2.0,2.0
2022-08-24,101.0,2022-08-24 16:51:00-07:00,26,0.875,0.0,False,25.0,87.0,63.0,0.5,9.0,14.0,89.0,62.0,0.875,5.0,12.0,91.0,61.0,0.875,5.0,10.0,93.2,60.8,0.875,10.0,7.799999999999997,98.0,60.0,0.875,6.0,3.0,98.0,61.0,0.25,5.0,3.0,99.0,60.0,0.5,10.0,2.0,99.0,60.0,0.5,8.0,2.0,100.0,60.0,0.5,6.0,1.0,101.0,58.0,0.5,8.0,0.0,100.0,58.0,0.5,0.0,1.0,2022-08-24 16:51:00-07:00,16.85,0.6136363636363636,0.9090909090909091,0.36363636363636365,0.6412429378531074,471.0,240.0,531.0,0.5,180.0,0.25,0.0,0.5324858757062146,240.0,17000.0,2022-08-24T08:51:00-07:00,2022-08-24T08:51:00-07:00,480.0,0.0,0.0,0.0,False,False,,,False,False,True,True,1.4000000000000057,2022-08-24T14:51:00-07:00,90.0,14.0,False,,0.0,0.0,0.0,,62.0,True,4.0,7.0,1.0,1.0,False,2,101.0,5:48 PM,,YESTERDAY,2022-08-25T01:35:00-07:00,CLIPHX_202208250835.txt,True,14.0,12.0,10.0,7.799999999999997,3.0,3.0,2.0,2.0,1.0,0.0,1.0,0.0,True,101,2022-08-24T04:18:00-07:00,2022-08-24T06:00:00-07:00,1.7,PFMPSR_202208241118.txt,0.0,0.0
2022-08-25,102.0,2022-08-25 15:51:00-07:00,24,0.875,0.0,False,16.0,88.0,66.0,0.25,6.0,14.0,91.0,64.0,0.25,6.0,11.0,94.0,65.0,0.5,8.0,8.0,96.0,65.0,0.25,8.0,6.0,99.0,66.0,0.5,7.0,3.0,99.0,65.0,0.875,4.0,3.0,99.0,64.0,0.875,3.0,3.0,99.0,64.0,0.875,6.0,3.0,102.0,63.0,0.875,3.0,0.0,102.0,63.0,0.875,3.0,0.0,100.0,63.0,0.875,6.0,2.0,2022-08-25 15:51:00-07:00,15.85,0.625,0.75,0.5,0.552547770700637,300.0,180.0,471.0,0.875,180.0,0.34554140127388533,180.0,0.34554140127388533,180.0,17000.0,2022-08-25T09:51:00-07:00,2022-08-25T12:51:00-07:00,360.0,0.0,0.0,0.0,False,False,,,False,False,True,True,0.0,,180.0,16.0,False,,0.0,0.0,0.0,,66.0,True,6.0,5.0,0.0,3.0,True,3,103.0,3:53 PM,,YESTERDAY,2022-08-26T01:42:00-07:00,CLIPHX_202208260842.txt,True,15.0,12.0,9.0,7.0,4.0,4.0,4.0,4.0,1.0,1.0,3.0,-1.0,True,102,2022-08-25T04:03:00-07:00,2022-08-25T06:00:00-07:00,1.95,PFMPSR_202208251103.txt,-1.0,1.0
2022-08-26,105.0,2022-08-26 14:51:00-07:00,26,0.875,0.0,False,24.0,89.0,68.0,0.25,5.0,16.0,93.0,68.0,0.25,4.0,12.0,96.0,67.0,0.25,5.0,9.0,96.0,66.0,0.25,3.0,9.0,98.0,65.0,0.25,3.0,7.0,102.0,64.0,0.5,7.0,3.0,104.0,62.0,0.5,8.0,1.0,105.0,59.0,0.5,4.0,0.0,104.0,58.0,0.5,7.0,1.0,105.0,57.0,0.5,10.0,0.0,104.0,58.0,0.5,7.0,1.0,2022-08-26 14:51:00-07:00,14.85,0.35714285714285715,0.42857142857142855,0.0,0.32299270072992703,120.0,0.0,411.0,0.4166666666666667,120.0,0.32299270072992703,120.0,0.32299270072992703,120.0,,2022-08-26T12:51:00-07:00,,120.0,0.0,0.0,0.0,False,False,,,False,False,True,True,0.0,,50.0,16.0,False,,0.0,0.0,0.0,,68.0,True,7.0,2.0,6.0,0.0,False,6,106.0,4:50 PM,,YESTERDAY,2022-08-27T01:28:00-07:00,CLIPHX_202208270828.txt,True,17.0,13.0,10.0,10.0,8.0,4.0,2.0,1.0,2.0,1.0,2.0,-1.0,True,103,2022-08-26T04:20:00-07:00,2022-08-26T06:00:00-07:00,1.6666666666666667,PFMPSR_202208261120.txt,-3.0,3.0
2022-08-27,103.0,2022-08-27 13:51:00-07:00,27,0.875,0.0,False,26.0,89.0,63.0,0.25,5.0,14.0,91.0,64.0,0.25,5.0,12.0,94.0,63.0,0.25,4.0,9.0,97.0,63.0,0.5,3.0,6.0,98.0,61.0,0.875,0.0,5.0,101.0,62.0,0.5,0.0,2.0,103.0,61.0,0.5,6.0,0.0,103.0,62.0,0.875,18.0,0.0,103.0,61.0,0.875,14.0,0.0,101.0,63.0,0.875,6.0,2.0,99.0,61.0,0.875,6.0,4.0,2022-08-27 13:51:00-07:00,13.85,0.4791666666666667,0.6666666666666666,0.16666666666666666,0.4423076923076923,180.0,60.0,351.0,0.625,180.0,0.3782051282051282,180.0,0.4423076923076923,180.0,18000.0,2022-08-27T10:51:00-07:00,2022-08-27T11:51:00-07:00,180.0,0.0,0.0,0.0,False,False,,,False,False,True,True,0.0,,170.0,17.0,False,,0.0,0.0,0.0,,64.0,True,5.0,4.0,5.0,0.0,False,8,106.0,2:23 PM,,YESTERDAY,2022-08-28T01:29:00-07:00,CLIPHX_202208280829.txt,True,17.0,15.0,12.0,9.0,8.0,5.0,3.0,3.0,3.0,5.0,7.0,-3.0,True,104,2022-08-27T04:05:00-07:00,2022-08-27T06:00:00-07:00,1.9166666666666667,PFMPSR_202208271105.txt,-2.0,2.0
2022-08-28,102.0,2022-08-28 13:51:00-07:00,24,0.5,0.0,False,21.0,89.0,64.0,0.0,4.0,13.0,91.0,63.0,0.0,6.0,11.0,93.0,63.0,0.0,3.0,9.0,97.0,63.0,0.25,4.0,5.0,96.0,62.0,0.25,4.0,6.0,99.0,61.0,0.25,5.0,3.0,102.0,61.0,0.25,8.0,0.0,102.0,62.0,0.25,6.0,0.0,102.0,61.0,0.5,3.0,0.0,102.0,60.0,0.5,11.0,0.0,102.0,59.0,0.5,10.0,0.0,2022-08-28 13:51:00-07:00,13.85,0.16666666666666666,0.0,0.0,0.1282051282051282,0.0,0.0,351.0,0.25,0.0,0.1282051282051282,0.0,0.1282051282051282,0.0,,,,,0.0,0.0,0.0,False,False,,,False,False,True,True,1.0,2022-08-28T11:51:00-07:00,70.0,0.0,False,,0.0,0.0,0.0,,63.0,True,4.0,3.0,6.0,0.0,False,5,104.0,4:07 PM,,YESTERDAY,2022-08-29T01:25:00-07:00,CLIPHX_202208290825.txt,True,15.0,13.0,11.0,7.0,8.0,5.0,2.0,2.0,2.0,2.0,2.0,-2.0,True,103,2022-08-28T04:32:00-07:00,2022-08-28T06:00:00-07:00,1.4666666666666666,PFMPSR_202208281132.txt,-1.0,1.0
2022-08-29,107.0,2022-08-29 15:54:00-07:00,25,0.25,0.0,False,18.0,91.0,63.0,0.0,9.0,16.0,94.0,63.0,0.0,10.0,13.0,95.0,63.0,0.0,8.0,12.0,97.0,63.0,0.25,5.0,10.0,99.0,62.0,0.25,5.0,8.0,101.0,62.0,0.25,5.0,6.0,103.0,61.0,0.25,4.0,4.0,105.0,58.0,0.25,7.0,2.0,107.0,59.0,0.25,7.0,0.0,106.0,57.0,0.25,5.0,1.0,106.0,57.0,0.25,11.0,1.0,2022-08-29 15:54:00-07:00,15.9,0.19444444444444445,0.0,0.0,0.15981012658227847,0.0,0.0,474.0,0.25,0.0,0.15981012658227847,0.0,0.15981012658227847,0.0,,,,,0.0,0.0,0.0,False,False,,,False,False,False,True,0.0,,100.0,18.0,False,,0.0,0.0,0.0,,63.0,True,4.0,4.0,4.0,4.0,False,3,108.0,4:41 PM,,YESTERDAY,2022-08-30T01:10:00-07:00,CLIPHX_202208300810.txt,True,17.0,14.0,13.0,11.0,9.0,7.0,5.0,3.0,1.0,2.0,2.0,-1.0,True,108,2022-08-29T04:22:00-07:00,2022-08-29T06:00:00-07:00,1.6333333333333333,PFMPSR_202208291122.txt,0.0,0.0
2022-08-30,110.0,2022-08-30 15:51:00-07:00,24,0.875,0.0,False,26.0,91.0,60.0,0.25,8.0,19.0,93.0,59.0,0.25,6.0,17.0,96.0,60.0,0.0,8.0,14.0,100.0,61.0,0.0,3.0,10.0,103.0,56.0,0.25,4.0,7.0,106.0,56.0,0.25,5.0,4.0,109.0,54.0,0.25,6.0,1.0,109.0,52.0,0.25,3.0,1.0,110.0,50.0,0.25,0.0,0.0,110.0,48.0,0.25,3.0,0.0,110.0,47.0,0.25,4.0,0.0,2022-08-30 15:51:00-07:00,15.85,0.1875,0.0,0.0,0.18630573248407642,0.0,0.0,471.0,0.25,0.0,0.18630573248407642,0.0,0.18630573248407642,0.0,,,,,0.0,0.0,0.0,False,False,,,False,False,False,False,0.0,,30.0,15.0,False,,0.0,0.0,0.0,,61.0,True,5.0,7.0,6.0,1.0,False,3,111.0,5:34 PM,,YESTERDAY,2022-08-31T01:17:00-07:00,CLIPHX_202208310817.txt,True,20.0,18.0,15.0,11.0,8.0,5.0,2.0,2.0,1.0,1.0,1.0,-1.0,True,111,2022-08-30T04:00:00-07:00,2022-08-30T06:00:00-07:00,2.0,PFMPSR_202208301100.txt,0.0,0.0
2022-08-31,108.0,2022-08-31 16:51:00-07:00,24,0.5,0.0,False,16.0,91.0,56.0,0.25,7.0,17.0,95.0,55.0,0.25,8.0,13.0,97.0,54.0,0.25,6.0,11.0,99.0,53.0,0.25,6.0,9.0,102.0,51.0,0.25,0.0,6.0,104.0,50.0,0.25,7.0,4.0,106.0,50.0,0.25,5.0,2.0,107.0,50.0,0.25,6.0,1.0,106.0,50.0,0.25,4.0,2.0,108.0,50.0,0.25,0.0,0.0,107.0,50.0,0.25,9.0,1.0,2022-08-31 16:51:00-07:00,16.85,0.25,0.0,0.0,0.25,0.0,0.0,531.0,0.25,0.0,0.14124293785310735,0.0,0.25,0.0,,,,,0.0,0.0,0.0,False,False,,,False,False,False,False,1.0,2022-08-31T15:51:00-07:00,180.0,16.0,False,,0.0,0.0,0.0,,55.0,True,6.0,5.0,4.0,0.0,False,2,109.0,4:49 PM,,YESTERDAY,2022-09-01T01:16:00-07:00,CLIPHX_202209010816.txt,True,18.0,14.0,12.0,10.0,7.0,5.0,3.0,2.0,3.0,1.0,2.0,-1.0,True,108,2022-08-31T04:00:00-07:00,2022-08-31T06:00:00-07:00,2.0,PFMPSR_202208311100.txt,-1.0,1.0
2022-09-01,106.0,2022-09-01 13:51:00-07:00,26,0.875,0.0,False,22.0,92.0,59.0,0.5,5.0,14.0,94.0,59.0,0.25,11.0,12.0,97.0,60.0,0.25,8.0,9.0,100.0,59.0,0.25,10.0,6.0,101.0,59.0,0.25,7.0,5.0,101.0,58.0,0.25,6.0,5.0,106.0,57.0,0.25,7.0,0.0,105.0,57.0,0.25,4.0,1.0,105.0,55.0,0.25,4.0,1.0,105.0,56.0,0.25,8.0,1.0,104.0,56.0,0.25,0.0,2.0,2022-09-01 13:51:00-07:00,13.85,0.25,0.0,0.0,0.2863247863247863,51.0,0.0,351.0,0.25,0.0,0.1282051282051282,0.0,0.2863247863247863,51.0,,,,,0.0,0.0,0.0,False,False,,,False,False,True,True,0.0,,160.0,0.0,False,,0.0,0.0,0.0,,60.0,True,5.0,4.0,5.0,-1.0,False,5,108.0,4:00 PM,,YESTERDAY,2022-09-02T01:27:00-07:00,CLIPHX_202209020827.txt,True,16.0,14.0,11.0,8.0,7.0,7.0,2.0,3.0,3.0,3.0,4.0,-2.0,True,107,2022-09-01T04:00:00-07:00,2022-09-01T06:00:00-07:00,2.0,PFMPSR_202209011100.txt,-1.0,1.0
2022-09-02,107.0,2022-09-02 14:51:00-07:00,27,0.875,0.0,False,26.0,89.0,63.0,0.25,0.0,18.0,92.0,64.0,0.25,7.0,15.0,95.0,64.0,0.25,7.0,12.0,98.0,63.0,0.25,6.0,9.0,98.0,64.0,0.25,4.0,9.0,101.0,63.0,0.25,0.0,6.0,102.0,62.0,0.25,3.0,5.0,107.0,61.0,0.25,3.0,0.0,107.0,61.0,0.25,5.0,0.0,107.0,55.0,0.5,6.0,0.0,105.0,57.0,0.5,4.0,2.0,2022-09-02 14:51:00-07:00,14.85,0.25,0.0,0.0,0.25,0.0,0.0,411.0,0.25,0.0,0.18248175182481752,0.0,0.25,0.0,,,,,0.0,0.0,0.0,False,False,,,False,False,True,True,0.0,,50.0,0.0,False,,0.0,0.0,0.0,,64.0,True,6.0,3.0,4.0,5.0,False,5,108.0,3:50 PM,,YESTERDAY,2022-09-03T01:16:00-07:00,CLIPHX_202209030816.txt,True,19.0,16.0,13.0,10.0,10.0,7.0,6.0,1.0,1.0,1.0,3.0,-1.0,True,106,2022-09-02T04:00:00-07:00,2022-09-02T06:00:00-07:00,2.0,PFMPSR_202209021100.txt,-2.0,2.0
2022-09-03,107.0,2022-09-03 12:51:00-07:00,24,0.875,0.0,False,25.0,90.0,67.0,0.5,3.0,17.0,92.0,64.0,0.25,7.0,15.0,96.0,66.0,0.25,5.0,11.0,99.0,62.0,0.25,11.0,8.0,103.0,59.0,0.25,11.0,4.0,107.0,49.0,0.25,13.0,0.0,105.0,54.0,0.25,14.0,2.0,106.0,56.0,0.25,16.0,1.0,106.0,57.0,0.25,13.0,1.0,106.0,56.0,0.25,12.0,1.0,105.0,57.0,0.5,13.0,2.0,2022-09-03 12:51:00-07:00,12.85,0.25,0.0,0.0,0.29381443298969073,51.0,0.0,291.0,0.25,0.0,0.20618556701030927,0.0,0.25,0.0,,,,,0.0,0.0,0.0,False,False,,,False,False,False,False,0.0,,30.0,23.0,False,,0.0,0.0,0.0,,66.0,True,6.0,7.0,2.0,1.0,False,6,108.0,2:26 PM,,YESTERDAY,2022-09-04T01:11:00-07:00,CLIPHX_202209040811.txt,True,18.0,16.0,12.0,9.0,5.0,1.0,3.0,2.0,2.0,2.0,3.0,-1.0,True,108,2022-09-03T04:00:00-07:00,2022-09-03T06:00:00-07:00,2.0,PFMPSR_202209031100.txt,0.0,0.0
2022-09-04,108.0,2022-09-04 15:51:00-07:00,24,0.875,0.0,False,17.0,92.0,55.0,0.25,9.0,16.0,97.0,55.0,0.25,13.0,11.0,98.0,55.0,0.25,10.0,10.0,100.0,54.0,0.25,7.0,8.0,103.0,55.0,0.25,7.0,5.0,105.0,53.0,0.25,12.0,3.0,105.0,51.0,0.25,7.0,3.0,106.0,51.0,0.25,5.0,2.0,108.0,52.0,0.25,13.0,0.0,107.0,52.0,0.25,11.0,1.0,107.0,52.0,0.25,11.0,1.0,2022-09-04 15:51:00-07:00,15.85,0.25,0.0,0.0,0.25,0.0,0.0,471.0,0.25,0.0,0.12738853503184713,0.0,0.25,0.0,,,,,0.0,0.0,0.0,False,False,,,False,False,False,False,0.0,,90.0,17.0,False,,0.0,0.0,0.0,,55.0,True,6.0,5.0,2.0,3.0,False,3,109.0,2:45 PM,,YESTERDAY,2022-09-05T01:12:00-07:00,CLIPHX_202209050812.txt,True,17.0,12.0,11.0,9.0,6.0,4.0,4.0,3.0,1.0,2.0,2.0,-1.0,True,108,2022-09-04T04:00:00-07:00,2022-09-04T06:00:00-07:00,2.0,PFMPSR_202209041100.txt,-1.0,1.0
2022-09-05,109.0,2022-09-05 14:51:00-07:00,27,0.25,0.0,False,15.0,92.0,51.0,0.0,4.0,17.0,93.0,52.0,0.0,7.0,16.0,99.0,51.0,0.0,5.0,10.0,100.0,52.0,0.0,6.0,9.0,103.0,51.0,0.0,8.0,6.0,106.0,50.0,0.25,5.0,3.0,107.0,51.0,0.25,3.0,2.0,109.0,51.0,0.25,8.0,0.0,107.0,50.0,0.25,7.0,2.0,107.0,50.0,0.25,3.0,2.0,107.0,50.0,0.25,5.0,2.0,2022-09-05 14:51:00-07:00,14.85,0.09375,0.0,0.0,0.07334963325183375,0.0,0.0,409.0,0.16853932584269662,0.0,0.072992700729927,0.0,0.072992700729927,0.0,,,,,0.0,0.0,0.0,False,False,,,False,False,False,False,0.0,,30.0,15.0,False,,0.0,0.0,0.0,,52.0,True,7.0,4.0,4.0,0.0,False,5,109.0,5:05 PM,,YESTERDAY,2022-09-06T01:17:00-07:00,CLIPHX_202209060817.txt,True,17.0,16.0,10.0,9.0,6.0,3.0,2.0,0.0,2.0,2.0,2.0,0.0,True,109,2022-09-05T04:00:00-07:00,2022-09-05T06:00:00-07:00,2.0,PFMPSR_202209051100.txt,0.0,0.0
2022-09-06,109.0,2022-09-06 15:51:00-07:00,25,0.5,0.0,False,19.0,91.0,50.0,0.0,7.0,18.0,94.0,51.0,0.0,10.0,15.0,100.0,47.0,0.25,12.0,9.0,103.0,47.0,0.25,13.0,6.0,106.0,46.0,0.0,12.0,3.0,106.0,44.0,0.25,8.0,3.0,108.0,45.0,0.25,13.0,1.0,108.0,45.0,0.25,6.0,1.0,109.0,47.0,0.25,10.0,0.0,107.0,47.0,0.5,4.0,2.0,107.0,48.0,0.5,5.0,2.0,2022-09-06 15:51:00-07:00,15.85,0.19444444444444445,0.0,0.0,0.1592356687898089,0.0,0.0,471.0,0.25,0.0,0.1592356687898089,0.0,0.1592356687898089,0.0,,,,,0.0,0.0,0.0,False,False,,,False,False,False,False,0.0,,70.0,19.0,False,,0.0,0.0,0.0,,51.0,True,9.0,6.0,2.0,1.0,False,3,110.0,3:39 PM,,YESTERDAY,2022-09-07T01:32:00-07:00,CLIPHX_202209070832.txt,True,19.0,16.0,10.0,7.0,4.0,4.0,2.0,2.0,1.0,3.0,3.0,-1.0,True,110,2022-09-06T04:17:00-07:00,2022-09-06T06:00:00-07:00,1.7166666666666666,PFMPSR_202209061117.txt,0.0,0.0
2022-09-07,105.0,2022-09-07 14:51:00-07:00,25,1.0,0.0,False,21.0,90.0,70.0,0.25,5.0,15.0,92.0,70.0,0.25,9.0,13.0,94.0,69.0,0.25,7.0,11.0,97.0,66.0,0.25,3.0,8.0,100.0,62.0,0.25,0.0,5.0,101.0,56.0,0.25,5.0,4.0,104.0,54.0,0.25,4.0,1.0,105.0,51.0,0.5,4.0,0.0,103.0,50.0,0.5,7.0,2.0,104.0,47.0,0.5,0.0,1.0,105.0,43.0,0.5,6.0,0.0,2022-09-07 14:51:00-07:00,14.85,0.28125,0.125,0.0,0.25,0.0,0.0,411.0,0.25,0.0,0.072992700729927,0.0,0.072992700729927,0.0,,2022-09-07T14:51:00-07:00,,0.0,0.0,0.0,0.0,False,False,,,False,False,False,False,0.0,,150.0,0.0,False,,0.0,0.0,0.0,,70.0,True,4.0,6.0,4.0,-1.0,False,4,108.0,2:35 PM,,YESTERDAY,2022-09-08T01:18:00-07:00,CLIPHX_202209080818.txt,True,18.0,16.0,14.0,11.0,8.0,7.0,4.0,3.0,5.0,4.0,3.0,-3.0,True,108,2022-09-07T04:06:00-07:00,2022-09-07T06:00:00-07:00,1.9,PFMPSR_202209071106.txt,0.0,0.0
2022-09-08,104.0,2022-09-08 14:51:00-07:00,25,1.0,0.0,False,17.0,87.0,68.0,0.875,5.0,17.0,89.0,68.0,0.875,0.0,15.0,91.0,67.0,1.0,0.0,13.0,93.0,66.0,0.875,0.0,11.0,96.0,65.0,0.875,4.0,8.0,98.0,60.0,0.875,4.0,6.0,101.0,57.0,0.875,6.0,3.0,104.0,56.0,0.875,6.0,0.0,103.0,54.0,0.875,3.0,1.0,102.0,55.0,0.875,3.0,2.0,102.0,54.0,0.875,7.0,2.0,2022-09-08 14:51:00-07:00,14.85,0.8928571428571429,1.0,1.0,0.8932481751824818,411.0,411.0,411.0,0.875,180.0,0.0,0.0,0.583029197080292,291.0,20000.0,2022-09-08T08:51:00-07:00,2022-09-08T08:51:00-07:00,360.0,0.0,0.0,0.0,False,False,,,False,False,False,False,0.0,,10.0,0.0,False,,0.0,0.0,0.0,,68.0,True,4.0,5.0,5.0,2.0,False,5,104.0,5:30 PM,,YESTERDAY,2022-09-09T01:23:00-07:00,CLIPHX_202209090823.txt,True,17.0,15.0,13.0,11.0,8.0,6.0,3.0,0.0,1.0,2.0,2.0,0.0,True,103,2022-09-08T05:09:00-07:00,2022-09-08T06:00:00-07:00,0.85,PFMPSR_202209081209.txt,-1.0,1.0
2022-09-09,101.0,2022-09-09 15:51:00-07:00,24,1.0,0.03,False,22.0,89.0,59.0,0.875,0.0,12.0,90.0,59.0,0.875,4.0,11.0,92.0,59.0,0.875,6.0,9.0,91.0,60.0,0.875,4.0,10.0,96.0,59.0,0.875,0.0,5.0,97.0,58.0,0.875,3.0,4.0,98.0,59.0,0.875,6.0,3.0,99.0,59.0,0.875,5.0,2.0,101.0,59.0,0.875,8.0,0.0,96.0,62.0,0.875,10.0,5.0,88.0,64.0,0.875,15.0,13.0,2022-09-09 15:51:00-07:00,15.85,0.875,1.0,1.0,0.875,471.0,471.0,471.0,0.875,180.0,0.25477707006369427,120.0,0.34554140127388533,180.0,18000.0,2022-09-09T08:51:00-07:00,2022-09-09T08:51:00-07:00,420.0,0.03,0.0,0.03,False,True,2022-09-09T20:51:00-07:00,,False,False,True,True,1.0,2022-09-09T10:51:00-07:00,60.0,14.0,False,,0.0,0.0,0.0,,60.0,True,3.0,4.0,2.0,3.0,False,3,101.0,4:03 PM,,YESTERDAY,2022-09-10T01:25:00-07:00,CLIPHX_202209100825.txt,True,12.0,11.0,9.0,10.0,5.0,4.0,3.0,2.0,0.0,5.0,13.0,0.0,True,97,2022-09-09T04:00:00-07:00,2022-09-09T06:00:00-07:00,2.0,PFMPSR_202209091100.txt,-4.0,4.0
2022-09-10,93.0,2022-09-10 15:51:00-07:00,24,1.0,0.07,False,,78.0,70.0,0.5,3.0,15.0,81.0,68.0,0.875,0.0,12.0,84.0,68.0,0.875,4.0,9.0,86.0,67.0,0.875,4.0,7.0,89.0,65.0,0.875,5.0,4.0,90.0,65.0,0.875,0.0,3.0,92.0,63.0,0.875,6.0,1.0,92.0,64.0,0.875,8.0,1.0,93.0,63.0,0.875,5.0,0.0,93.0,62.0,0.875,5.0,0.0,93.0,63.0,0.875,10.0,0.0,2022-09-10 15:51:00-07:00,15.85,0.875,1.0,1.0,0.8343949044585988,471.0,420.0,471.0,0.875,180.0,0.5,471.0,0.8343949044585988,471.0,16000.0,2022-09-10T08:51:00-07:00,2022-09-10T08:51:00-07:00,420.0,0.07,0.07,0.0,True,False,2022-09-10T00:51:00-07:00,900.0,False,False,True,True,0.0,,140.0,0.0,False,,0.0,0.0,0.0,,68.0,True,6.0,5.0,3.0,1.0,False,3,95.0,1:43 PM,,YESTERDAY,2022-09-11T01:19:00-07:00,CLIPHX_202209110819.txt,True,17.0,14.0,11.0,9.0,6.0,5.0,3.0,3.0,2.0,2.0,2.0,-2.0,True,97,2022-09-10T04:47:00-07:00,2022-09-10T06:00:00-07:00,1.2166666666666666,PFMPSR_202209101147.txt,2.0,2.0
2022-09-11,102.0,2022-09-11 14:51:00-07:00,30,1.0,1.1300000000000001,True,75.0,83.0,66.0,0.875,5.0,19.0,85.0,66.0,0.875,3.0,17.0,90.0,64.0,0.25,3.0,12.0,92.0,62.0,0.25,3.0,10.0,95.0,60.0,0.25,5.0,7.0,99.0,60.0,0.25,10.0,3.0,100.0,61.0,0.25,6.0,2.0,102.0,60.0,0.25,7.0,0.0,102.0,60.0,0.5,3.0,0.0,101.0,59.0,0.5,3.0,1.0,100.0,59.0,0.5,0.0,2.0,2022-09-11 14:51:00-07:00,14.85,0.3392857142857143,0.14285714285714285,0.14285714285714285,0.4187956204379562,111.0,111.0,411.0,0.25,0.0,0.4187956204379562,111.0,0.4187956204379562,111.0,10000.0,2022-09-11T08:51:00-07:00,2022-09-11T08:51:00-07:00,360.0,0.62,0.0,0.62,False,True,2022-09-11T21:39:00-07:00,,False,True,True,True,0.0,,60.0,18.0,False,,0.0,0.0,0.0,,66.0,True,7.0,5.0,5.0,2.0,False,5,103.0,4:20 PM,,YESTERDAY,2022-09-12T01:41:00-07:00,CLIPHX_202209120841.txt,True,20.0,18.0,13.0,11.0,8.0,4.0,3.0,1.0,1.0,2.0,3.0,-1.0,True,102,2022-09-11T04:39:00-07:00,2022-09-11T06:00:00-07:00,1.35,PFMPSR_202209111139.txt,-1.0,1.0
2022-09-12,96.0,2022-09-12 13:51:00-07:00,25,1.0,0.0,True,,79.0,70.0,0.5,5.0,17.0,83.0,66.0,0.5,0.0,13.0,85.0,66.0,0.5,0.0,11.0,88.0,65.0,0.875,0.0,8.0,91.0,62.0,0.875,5.0,5.0,93.0,61.0,0.875,0.0,3.0,96.0,64.0,0.875,6.0,0.0,95.0,64.0,0.875,10.0,1.0,96.0,64.0,0.875,6.0,0.0,95.0,64.0,0.875,11.0,1.0,94.0,63.0,0.5,12.0,2.0,2022-09-12 13:51:00-07:00,13.85,0.75,1.0,0.6666666666666666,0.6923076923076923,351.0,180.0,351.0,0.875,180.0,0.25,0.0,0.5491452991452992,240.0,16000.0,2022-09-12T08:51:00-07:00,2022-09-12T10:51:00-07:00,300.0,0.0,0.0,0.0,False,False,,,True,False,True,True,0.0,,100.0,0.0,False,,0.0,0.0,0.0,,66.0,True,6.0,6.0,5.0,0.0,False,5,96.0,4:38 PM,,YESTERDAY,2022-09-13T01:23:00-07:00,CLIPHX_202209130823.txt,True,17.0,13.0,11.0,8.0,5.0,3.0,0.0,1.0,0.0,1.0,2.0,0.0,True,99,2022-09-12T04:00:00-07:00,2022-09-12T06:00:00-07:00,2.0,PFMPSR_202209121100.txt,3.0,3.0
2022-09-13,95.0,2022-09-13 14:51:00-07:00,24,0.875,0.0,False,19.0,81.0,62.0,0.5,9.0,14.0,84.0,63.0,0.25,9.0,11.0,86.0,63.0,0.5,7.0,9.0,89.0,64.0,0.5,7.0,6.0,90.0,62.0,0.875,4.0,5.0,92.0,62.0,0.875,0.0,3.0,94.0,60.0,0.875,3.0,1.0,95.0,61.0,0.875,8.0,0.0,94.0,61.0,0.875,10.0,1.0,94.0,60.0,0.875,11.0,1.0,94.0,53.0,0.875,12.0,1.0,2022-09-13 14:51:00-07:00,14.85,0.6785714285714286,0.8571428571428571,0.5714285714285714,0.6277372262773723,351.0,180.0,411.0,0.875,180.0,0.354014598540146,171.0,0.6277372262773723,351.0,18000.0,2022-09-13T09:51:00-07:00,2022-09-13T11:51:00-07:00,300.0,0.0,0.0,0.0,False,False,,,False,False,True,True,0.0,,140.0,16.0,False,,0.0,0.0,0.0,,64.0,True,5.0,4.0,4.0,0.0,False,4,97.0,2:35 PM,,YESTERDAY,2022-09-14T01:14:00-07:00,CLIPHX_202209140814.txt,True,16.0,13.0,11.0,8.0,7.0,5.0,3.0,2.0,3.0,3.0,3.0,-2.0,True,96,2022-09-13T05:23:00-07:00,2022-09-13T06:00:00-07:00,0.6166666666666667,PFMPSR_202209131223.txt,-1.0,1.0
2022-09-14,96.0,2022-09-14 14:51:00-07:00,24,0.5,0.0,False,,81.0,62.0,0.25,4.0,15.0,83.0,62.0,0.25,0.0,13.0,88.0,62.0,0.25,5.0,8.0,88.0,61.0,0.25,5.0,8.0,90.0,56.0,0.25,0.0,6.0,92.0,52.0,0.25,3.0,4.0,95.0,49.0,0.25,3.0,1.0,96.0,49.0,0.25,7.0,0.0,96.0,48.0,0.25,5.0,0.0,95.0,46.0,0.25,3.0,1.0,94.0,47.0,0.25,0.0,2.0,2022-09-14 14:51:00-07:00,14.85,0.25,0.0,0.0,0.25,0.0,0.0,411.0,0.25,0.0,0.25,0.0,0.25,0.0,,,,,0.0,0.0,0.0,False,False,,,False,False,False,False,0.0,,50.0,0.0,False,,0.0,0.0,0.0,,62.0,True,7.0,2.0,5.0,1.0,False,4,98.0,4:04 PM,,YESTERDAY,2022-09-15T01:17:00-07:00,CLIPHX_202209150817.txt,True,17.0,15.0,10.0,10.0,8.0,6.0,3.0,2.0,2.0,3.0,4.0,-2.0,True,97,2022-09-14T04:00:00-07:00,2022-09-14T06:00:00-07:00,2.0,PFMPSR_202209141100.txt,-1.0,1.0
2022-09-15,97.0,2022-09-15 14:51:00-07:00,24,0.875,0.0,False,,83.0,56.0,0.25,4.0,14.0,85.0,57.0,0.25,4.0,12.0,87.0,55.0,0.25,4.0,10.0,89.0,55.0,0.25,0.0,8.0,91.0,55.0,0.25,4.0,6.0,92.0,55.0,0.25,5.0,5.0,95.0,54.0,0.25,5.0,2.0,97.0,53.0,0.25,9.0,0.0,97.0,48.0,0.25,0.0,0.0,97.0,49.0,0.25,0.0,0.0,95.0,50.0,0.25,7.0,2.0,2022-09-15 14:51:00-07:00,14.85,0.25,0.0,0.0,0.25,0.0,0.0,411.0,0.25,0.0,0.25,0.0,0.25,0.0,,,,,0.0,0.0,0.0,False,False,,,False,False,False,False,0.0,,120.0,0.0,False,,0.0,0.0,0.0,,57.0,True,4.0,4.0,4.0,2.0,False,4,98.0,4:06 PM,,YESTERDAY,2022-09-16T01:15:00-07:00,CLIPHX_202209160815.txt,True,15.0,13.0,11.0,9.0,7.0,6.0,3.0,1.0,1.0,1.0,3.0,-1.0,True,98,2022-09-15T04:00:00-07:00,2022-09-15T06:00:00-07:00,2.0,PFMPSR_202209151100.txt,0.0,0.0
2022-09-16,97.0,2022-09-16 16:51:00-07:00,24,0.25,0.0,False,,80.0,61.0,0.25,5.0,17.0,83.0,61.0,0.25,3.0,14.0,86.0,60.0,0.25,3.0,11.0,89.0,57.0,0.25,3.0,8.0,91.0,59.0,0.25,0.0,6.0,92.0,57.0,0.25,0.0,5.0,94.0,56.0,0.25,3.0,3.0,93.0,55.0,0.25,3.0,4.0,95.0,55.0,0.25,5.0,2.0,97.0,54.0,0.25,7.0,0.0,94.0,54.0,0.25,4.0,3.0,2022-09-16 16:51:00-07:00,16.85,0.25,0.0,0.0,0.25,0.0,0.0,531.0,0.25,0.0,0.25,0.0,0.25,0.0,,,,,0.0,0.0,0.0,False,False,,,False,False,False,False,1.0,2022-09-16T14:51:00-07:00,30.0,0.0,False,,0.0,0.0,0.0,,61.0,True,6.0,5.0,3.0,1.0,False,2,98.0,4:44 PM,,YESTERDAY,2022-09-17T01:13:00-07:00,CLIPHX_202209170813.txt,True,18.0,15.0,12.0,9.0,7.0,6.0,4.0,5.0,3.0,1.0,4.0,-1.0,True,98,2022-09-16T04:00:00-07:00,2022-09-16T06:00:00-07:00,2.0,PFMPSR_202209161100.txt,0.0,0.0
2022-09-17,99.0,2022-09-17 14:51:00-07:00,25,0.25,0.0,False,14.0,81.0,56.0,0.0,4.0,18.0,84.0,56.0,0.0,4.0,15.0,87.0,55.0,0.0,4.0,12.0,90.0,54.0,0.0,5.0,9.0,93.0,53.0,0.25,4.0,6.0,97.0,43.0,0.0,7.0,2.0,98.0,42.0,0.0,9.0,1.0,98.0,45.0,0.0,4.0,1.0,98.0,46.0,0.0,7.0,1.0,99.0,44.0,0.0,10.0,0.0,97.0,42.0,0.0,6.0,2.0,2022-09-17 14:51:00-07:00,14.85,0.03571428571428571,0.0,0.0,0.0364963503649635,0.0,0.0,411.0,0.08333333333333333,0.0,0.0364963503649635,0.0,0.0364963503649635,0.0,,,,,0.0,0.0,0.0,False,False,,,False,False,False,False,0.0,,30.0,0.0,False,,0.0,0.0,0.0,,56.0,True,6.0,6.0,5.0,0.0,False,5,100.0,3:29 PM,,YESTERDAY,2022-09-18T01:13:00-07:00,CLIPHX_202209180813.txt,True,19.0,16.0,13.0,10.0,7.0,3.0,2.0,2.0,2.0,1.0,3.0,-1.0,True,101,2022-09-17T04:00:00-07:00,2022-09-17T06:00:00-07:00,2.0,PFMPSR_202209171100.txt,1.0,1.0
2022-09-18,101.0,2022-09-18 14:51:00-07:00,24,0.25,0.0,False,18.0,79.0,46.0,0.25,6.0,22.0,83.0,45.0,0.25,5.0,18.0,88.0,45.0,0.25,4.0,13.0,90.0,43.0,0.25,0.0,11.0,95.0,42.0,0.25,5.0,6.0,97.0,40.0,0.25,4.0,4.0,97.0,37.0,0.25,0.0,4.0,101.0,38.0,0.25,6.0,0.0,101.0,39.0,0.25,6.0,0.0,101.0,39.0,0.25,3.0,0.0,100.0,38.0,0.25,7.0,1.0,2022-09-18 14:51:00-07:00,14.85,0.25,0.0,0.0,0.25,0.0,0.0,411.0,0.25,0.0,0.25,0.0,0.25,0.0,,,,,0.0,0.0,0.0,False,False,,,False,False,False,False,0.0,,120.0,0.0,False,,0.0,0.0,0.0,,45.0,False,9.0,7.0,2.0,4.0,False,4,102.0,4:41 PM,,YESTERDAY,2022-09-19T01:13:00-07:00,CLIPHX_202209190813.txt,True,23.0,19.0,14.0,12.0,7.0,5.0,5.0,1.0,1.0,1.0,2.0,-1.0,True,103,2022-09-18T04:22:00-07:00,2022-09-18T06:00:00-07:00,1.6333333333333333,PFMPSR_202209181122.txt,1.0,1.0
2022-09-19,102.0,2022-09-19 15:51:00-07:00,24,0.875,0.0,False,,83.0,46.0,0.0,5.0,19.0,87.0,46.0,0.25,4.0,15.0,91.0,43.0,0.25,0.0,11.0,93.0,43.0,0.25,0.0,9.0,97.0,49.0,0.25,6.0,5.0,100.0,50.0,0.25,6.0,2.0,101.0,49.0,0.25,0.0,1.0,100.0,48.0,0.25,0.0,2.0,102.0,50.0,0.25,0.0,0.0,102.0,50.0,0.25,8.0,0.0,101.0,51.0,0.25,6.0,1.0,2022-09-19 15:51:00-07:00,15.85,0.25,0.0,0.0,0.2229299363057325,0.0,0.0,471.0,0.25,0.0,0.12738853503184713,0.0,0.12738853503184713,0.0,,,,,0.0,0.0,0.0,False,False,,,False,False,False,True,1.0,2022-09-19T14:51:00-07:00,50.0,0.0,False,,0.0,0.0,0.0,,50.0,True,8.0,6.0,4.0,1.0,False,3,104.0,3:55 PM,,YESTERDAY,2022-09-20T01:13:00-07:00,CLIPHX_202209200813.txt,True,21.0,17.0,13.0,11.0,7.0,4.0,3.0,4.0,2.0,2.0,3.0,-2.0,True,104,2022-09-19T04:00:00-07:00,2022-09-19T06:00:00-07:00,2.0,PFMPSR_202209191100.txt,0.0,0.0
2022-09-20,97.0,2022-09-20 15:51:00-07:00,26,1.0,0.0,True,,84.0,55.0,0.875,5.0,13.0,85.0,54.0,0.875,5.0,12.0,87.0,55.0,0.875,5.0,10.0,89.0,56.0,0.875,0.0,8.0,91.0,58.0,0.875,3.0,6.0,93.0,59.0,0.875,3.0,4.0,94.0,59.0,0.875,4.0,3.0,95.0,56.0,0.875,3.0,2.0,97.0,56.0,0.875,8.0,0.0,94.0,59.0,0.875,8.0,3.0,94.0,59.0,0.875,10.0,3.0,2022-09-20 15:51:00-07:00,15.85,0.875,1.0,1.0,0.875,471.0,471.0,471.0,0.875,180.0,0.40445859872611467,291.0,0.8272292993630573,471.0,14000.0,2022-09-20T08:51:00-07:00,2022-09-20T08:51:00-07:00,420.0,0.0,0.0,0.0,False,False,,,False,True,True,True,0.0,,20.0,0.0,False,,0.0,0.0,0.0,,59.0,True,3.0,4.0,3.0,3.0,False,3,97.0,3:59 PM,,YESTERDAY,2022-09-21T01:15:00-07:00,CLIPHX_202209210815.txt,True,13.0,12.0,10.0,8.0,6.0,4.0,3.0,2.0,0.0,3.0,3.0,0.0,True,99,2022-09-20T04:00:00-07:00,2022-09-20T06:00:00-07:00,2.0,PFMPSR_202209201100.txt,2.0,2.0
2022-09-21,87.0,2022-09-21 12:51:00-07:00,24,1.0,0.06,False,22.0,80.0,68.0,1.0,4.0,7.0,82.0,68.0,0.875,3.0,5.0,83.0,69.0,0.875,4.0,4.0,83.0,72.0,0.875,7.0,4.0,86.0,68.0,0.875,4.0,1.0,87.0,68.0,0.875,0.0,0.0,85.0,71.0,0.875,10.0,2.0,83.0,72.0,0.875,10.0,4.0,79.0,72.0,0.875,9.0,8.0,80.0,72.0,0.875,5.0,7.0,80.0,71.0,0.875,4.0,7.0,2022-09-21 12:51:00-07:00,12.85,0.875,1.0,1.0,0.8969072164948454,291.0,291.0,291.0,0.875,180.0,0.875,291.0,0.8969072164948454,291.0,7000.0,2022-09-21T08:51:00-07:00,2022-09-21T08:51:00-07:00,240.0,0.06,0.0,0.06,False,True,2022-09-21T15:51:00-07:00,,False,False,True,True,0.0,,170.0,0.0,False,,0.0,0.0,0.0,,72.0,True,3.0,3.0,-1.0,-6.0,True,6,88.0,12:10 PM,,YESTERDAY,2022-09-22T01:16:00-07:00,CLIPHX_202209220816.txt,True,8.0,6.0,5.0,5.0,2.0,1.0,3.0,5.0,9.0,8.0,8.0,-1.0,True,93,2022-09-21T04:00:00-07:00,2022-09-21T06:00:00-07:00,2.0,PFMPSR_202209211100.txt,5.0,5.0
2022-09-22,92.0,2022-09-22 14:51:00-07:00,24,0.875,0.01,False,18.0,79.0,73.0,0.875,3.0,13.0,81.0,72.0,0.875,4.0,11.0,82.0,72.0,0.875,3.0,10.0,85.0,72.0,0.875,3.0,7.0,87.0,70.0,0.875,4.0,5.0,89.0,69.0,0.875,4.0,3.0,90.0,67.0,0.875,5.0,2.0,92.0,66.0,0.875,8.0,0.0,91.0,65.0,0.875,10.0,1.0,92.0,65.0,0.875,6.0,0.0,91.0,64.0,0.875,7.0,1.0,2022-09-22 14:51:00-07:00,14.85,0.875,1.0,1.0,0.875,411.0,411.0,411.0,0.875,180.0,0.25,0.0,0.875,411.0,14000.0,2022-09-22T08:51:00-07:00,2022-09-22T08:51:00-07:00,360.0,0.01,0.01,0.0,True,False,2022-09-22T06:51:00-07:00,480.0,False,False,True,True,0.0,,140.0,0.0,False,,0.0,0.0,0.0,,72.0,True,3.0,5.0,3.0,1.0,False,4,93.0,5:25 PM,,YESTERDAY,2022-09-23T01:15:00-07:00,CLIPHX_202209230815.txt,True,14.0,12.0,11.0,8.0,6.0,4.0,3.0,1.0,2.0,1.0,2.0,-1.0,True,97,2022-09-22T05:05:00-07:00,2022-09-22T06:00:00-07:00,0.9166666666666666,PFMPSR_202209221205.txt,4.0,4.0
2022-09-23,99.0,2022-09-23 14:51:00-07:00,25,0.875,0.0,False,37.0,81.0,66.0,0.875,3.0,18.0,83.0,66.0,0.5,3.0,16.0,87.0,66.0,0.5,3.0,12.0,92.0,65.0,0.5,3.0,7.0,93.0,63.0,0.875,0.0,6.0,97.0,62.0,0.5,4.0,2.0,98.0,61.0,0.5,4.0,1.0,99.0,60.0,0.5,0.0,0.0,99.0,60.0,0.5,7.0,0.0,98.0,60.0,0.5,8.0,1.0,93.0,60.0,0.875,17.0,6.0,2022-09-23 14:51:00-07:00,14.85,0.5535714285714286,1.0,0.14285714285714285,0.6012773722627737,411.0,111.0,411.0,0.625,180.0,0.25,0.0,0.5,411.0,25000.0,2022-09-23T08:51:00-07:00,2022-09-23T11:51:00-07:00,360.0,0.0,0.0,0.0,False,False,,,False,False,True,True,0.0,,110.0,0.0,False,,0.0,0.0,0.0,,66.0,True,6.0,6.0,5.0,1.0,False,5,101.0,4:00 PM,,YESTERDAY,2022-09-24T01:13:00-07:00,CLIPHX_202209240813.txt,True,20.0,18.0,14.0,9.0,8.0,4.0,3.0,2.0,2.0,3.0,8.0,-2.0,True,100,2022-09-23T04:03:00-07:00,2022-09-23T06:00:00-07:00,1.95,PFMPSR_202209231103.txt,-1.0,1.0
2022-09-24,101.0,2022-09-24 15:51:00-07:00,24,0.5,0.0,False,,83.0,60.0,0.25,4.0,18.0,86.0,60.0,0.25,5.0,15.0,89.0,57.0,0.25,6.0,12.0,92.0,56.0,0.25,0.0,9.0,95.0,56.0,0.25,0.0,6.0,97.0,55.0,0.25,0.0,4.0,99.0,53.0,0.25,3.0,2.0,100.0,51.0,0.25,3.0,1.0,101.0,51.0,0.25,6.0,0.0,101.0,50.0,0.25,8.0,0.0,100.0,53.0,0.25,10.0,1.0,2022-09-24 15:51:00-07:00,15.85,0.25,0.0,0.0,0.25,0.0,0.0,471.0,0.25,0.0,0.12738853503184713,0.0,0.15445859872611464,0.0,,,,,0.0,0.0,0.0,False,False,,,False,False,True,True,0.0,,170.0,0.0,False,,0.0,0.0,0.0,,60.0,True,6.0,6.0,4.0,2.0,False,3,103.0,3:42 PM,,YESTERDAY,2022-09-25T01:14:00-07:00,CLIPHX_202209250814.txt,True,20.0,17.0,14.0,11.0,8.0,6.0,4.0,3.0,2.0,2.0,3.0,-2.0,True,103,2022-09-24T04:03:00-07:00,2022-09-24T06:00:00-07:00,1.95,PFMPSR_202209241103.txt,0.0,0.0
2022-09-25,103.0,2022-09-25 12:51:00-07:00,24,0.875,0.0,False,19.0,85.0,41.0,0.25,9.0,18.0,89.0,40.0,0.25,10.0,14.0,93.0,41.0,0.25,6.0,10.0,96.0,37.0,0.25,6.0,7.0,99.0,35.0,0.25,4.0,4.0,103.0,34.0,0.25,4.0,0.0,102.0,33.0,0.25,0.0,1.0,102.0,36.0,0.25,7.0,1.0,102.0,36.0,0.25,3.0,1.0,103.0,34.0,0.25,4.0,0.0,101.0,34.0,0.25,0.0,2.0,2022-09-25 12:51:00-07:00,12.85,0.25,0.0,0.0,0.25,0.0,0.0,291.0,0.25,0.0,0.09536082474226804,0.0,0.19845360824742267,0.0,,,,,0.0,0.0,0.0,False,False,,,False,False,False,False,0.0,,90.0,0.0,False,,0.0,0.0,0.0,,41.0,False,8.0,6.0,3.0,0.0,False,6,104.0,4:29 PM,,YESTERDAY,2022-09-26T01:14:00-07:00,CLIPHX_202209260814.txt,True,19.0,15.0,11.0,8.0,5.0,1.0,2.0,2.0,2.0,1.0,3.0,-1.0,True,104,2022-09-25T04:00:00-07:00,2022-09-25T06:00:00-07:00,2.0,PFMPSR_202209251100.txt,0.0,0.0
2022-09-26,104.0,2022-09-26 12:51:00-07:00,24,0.875,0.0,False,24.0,85.0,44.0,0.5,3.0,19.0,90.0,44.0,0.25,7.0,14.0,94.0,45.0,0.25,6.0,10.0,98.0,47.0,0.25,6.0,6.0,100.0,48.0,0.25,5.0,4.0,104.0,50.0,0.5,11.0,0.0,104.0,51.0,0.5,12.0,0.0,104.0,50.0,0.25,7.0,0.0,104.0,51.0,0.25,9.0,0.0,104.0,51.0,0.25,6.0,0.0,102.0,48.0,0.25,9.0,2.0,2022-09-26 12:51:00-07:00,12.85,0.3,0.2,0.0,0.29381443298969073,51.0,0.0,291.0,0.25,0.0,0.25,0.0,0.29381443298969073,51.0,,2022-09-26T12:51:00-07:00,,0.0,0.0,0.0,0.0,False,False,,,False,False,False,True,0.0,,40.0,23.0,False,,0.0,0.0,0.0,,50.0,True,9.0,6.0,4.0,0.0,False,6,105.0,4:19 PM,,YESTERDAY,2022-09-27T01:31:00-07:00,CLIPHX_202209270831.txt,True,20.0,15.0,11.0,7.0,5.0,1.0,1.0,1.0,1.0,1.0,3.0,-1.0,True,105,2022-09-26T04:03:00-07:00,2022-09-26T06:00:00-07:00,1.95,PFMPSR_202209261103.txt,0.0,0.0
2022-09-27,102.0,2022-09-27 12:51:00-07:00,24,0.5,0.0,False,24.0,89.0,52.0,0.25,11.0,13.0,91.0,52.0,0.25,14.0,11.0,94.0,51.0,0.25,14.0,8.0,97.0,50.0,0.25,16.0,5.0,100.0,49.0,0.25,12.0,2.0,102.0,46.0,0.25,13.0,0.0,101.0,46.0,0.25,13.0,1.0,101.0,46.0,0.25,9.0,1.0,102.0,45.0,0.25,10.0,0.0,102.0,44.0,0.5,10.0,0.0,100.0,41.0,0.5,9.0,2.0,2022-09-27 12:51:00-07:00,12.85,0.25,0.0,0.0,0.25,0.0,0.0,291.0,0.25,0.0,0.05154639175257732,0.0,0.25,0.0,,,,,0.0,0.0,0.0,False,False,,,False,False,False,True,0.0,,50.0,24.0,False,,0.0,0.0,0.0,,52.0,True,5.0,6.0,1.0,1.0,False,6,103.0,4:07 PM,,YESTERDAY,2022-09-28T01:31:00-07:00,CLIPHX_202209280831.txt,True,14.0,12.0,9.0,6.0,3.0,1.0,2.0,2.0,1.0,1.0,3.0,-1.0,True,103,2022-09-27T04:00:00-07:00,2022-09-27T06:00:00-07:00,2.0,PFMPSR_202209271100.txt,0.0,0.0
2022-09-28,101.0,2022-09-28 12:51:00-07:00,24,0.875,0.0,False,19.0,87.0,46.0,0.875,3.0,14.0,89.0,46.0,0.875,4.0,12.0,93.0,48.0,0.875,7.0,8.0,95.0,49.0,0.875,7.0,6.0,98.0,51.0,0.875,11.0,3.0,101.0,51.0,0.875,8.0,0.0,99.0,51.0,0.875,0.0,2.0,101.0,51.0,0.875,8.0,0.0,99.0,49.0,0.875,6.0,2.0,95.0,51.0,0.5,10.0,6.0,95.0,50.0,0.875,6.0,6.0,2022-09-28 12:51:00-07:00,12.85,0.875,1.0,1.0,0.875,291.0,291.0,291.0,0.875,180.0,0.25,0.0,0.25,0.0,25000.0,2022-09-28T08:51:00-07:00,2022-09-28T08:51:00-07:00,240.0,0.0,0.0,0.0,False,False,,,False,False,False,True,0.0,,60.0,18.0,False,,0.0,0.0,0.0,,51.0,True,6.0,5.0,1.0,0.0,False,6,102.0,3:16 PM,,YESTERDAY,2022-09-29T01:44:00-07:00,CLIPHX_202209290844.txt,True,15.0,13.0,9.0,7.0,4.0,1.0,3.0,1.0,3.0,7.0,7.0,-1.0,True,102,2022-09-28T04:00:00-07:00,2022-09-28T06:00:00-07:00,2.0,PFMPSR_202209281100.txt,0.0,0.0
2022-09-29,100.0,2022-09-29 14:51:00-07:00,24,0.875,0.0,False,18.0,81.0,56.0,0.875,3.0,19.0,83.0,55.0,0.875,4.0,17.0,87.0,51.0,0.875,4.0,13.0,91.0,44.0,0.875,5.0,9.0,92.0,41.0,0.875,4.0,8.0,93.0,43.0,0.875,7.0,7.0,96.0,43.0,0.875,6.0,4.0,100.0,41.0,0.875,11.0,0.0,99.0,42.0,0.875,8.0,1.0,97.0,43.0,0.875,3.0,3.0,95.0,47.0,0.875,11.0,5.0,2022-09-29 14:51:00-07:00,14.85,0.875,1.0,1.0,0.875,411.0,411.0,411.0,0.875,180.0,0.145985401459854,0.0,0.21897810218978103,0.0,25000.0,2022-09-29T08:51:00-07:00,2022-09-29T08:51:00-07:00,360.0,0.0,0.0,0.0,False,False,,,False,False,False,False,0.0,,80.0,18.0,False,,0.0,0.0,0.0,,55.0,True,6.0,5.0,4.0,3.0,False,4,101.0,2:49 PM,,YESTERDAY,2022-09-30T01:45:00-07:00,CLIPHX_202209300845.txt,True,20.0,18.0,14.0,10.0,9.0,8.0,5.0,1.0,2.0,4.0,6.0,-1.0,True,98,2022-09-29T04:00:00-07:00,2022-09-29T06:00:00-07:00,2.0,PFMPSR_202209291100.txt,-3.0,3.0
2022-09-30,97.0,2022-09-30 14:51:00-07:00,24,0.25,0.0,False,18.0,79.0,51.0,0.25,7.0,18.0,83.0,52.0,0.25,7.0,14.0,86.0,55.0,0.25,7.0,11.0,88.0,53.0,0.25,3.0,9.0,93.0,53.0,0.25,5.0,4.0,95.0,52.0,0.25,6.0,2.0,94.0,51.0,0.25,5.0,3.0,97.0,50.0,0.25,6.0,0.0,96.0,46.0,0.25,0.0,1.0,96.0,46.0,0.25,6.0,1.0,95.0,46.0,0.25,5.0,2.0,2022-09-30 14:51:00-07:00,14.85,0.25,0.0,0.0,0.25,0.0,0.0,411.0,0.25,0.0,0.21350364963503649,0.0,0.25,0.0,,,,,0.0,0.0,0.0,False,False,,,False,False,True,True,1.0,2022-09-30T13:51:00-07:00,100.0,0.0,False,,0.0,0.0,0.0,,55.0,True,7.0,7.0,1.0,2.0,False,4,98.0,4:02 PM,,YESTERDAY,2022-10-01T01:22:00-07:00,CLIPHX_202210010822.txt,True,19.0,15.0,12.0,10.0,5.0,3.0,4.0,1.0,2.0,2.0,3.0,-1.0,True,98,2022-09-30T04:31:00-07:00,2022-09-30T06:00:00-07:00,1.4833333333333334,PFMPSR_202209301131.txt,0.0,0.0
2023-06-01,91.0,2023-06-01 14:51:00-07:00,25,0.5,0.0,False,14.0,74.0,38.0,0.25,7.0,17.0,77.0,38.0,0.25,0.0,14.0,81.0,39.0,0.25,6.0,10.0,82.0,38.0,0.25,0.0,9.0,87.0,38.0,0.25,6.0,4.0,86.0,36.0,0.25,0.0,5.0,88.0,36.0,0.25,0.0,3.0,91.0,34.0,0.25,0.0,0.0,90.0,32.0,0.25,4.0,1.0,90.0,30.9,0.25,9.0,1.0,90.0,30.0,0.25,5.0,1.0,2023-06-01 14:51:00-07:00,14.85,0.25,0.0,0.0,0.25,0.0,0.0,411.0,0.25,0.0,0.25,0.0,0.25,0.0,,,,,0.0,0.0,0.0,False,False,,,False,False,False,False,3.0,2023-06-01T12:51:00-07:00,20.0,14.0,False,,0.0,0.0,0.0,,39.0,False,7.0,6.0,1.0,2.0,False,4,92.0,5:02 PM,,YESTERDAY,2023-06-02T01:22:00-07:00,CLIPHX_202306020822.txt,True,18.0,15.0,11.0,10.0,5.0,6.0,4.0,1.0,2.0,2.0,2.0,-1.0,True,92,2023-06-01T04:09:00-07:00,2023-06-01T06:00:00-07:00,1.85,PFMPSR_202306011109.txt,0.0,0.0
2023-06-02,94.0,2023-06-02 17:53:00-07:00,25,0.25,0.0,False,,77.0,34.0,0.25,4.0,17.0,79.0,35.0,0.25,0.0,15.0,83.0,36.0,0.25,0.0,11.0,86.0,37.0,0.25,6.0,8.0,87.0,37.0,0.25,0.0,7.0,91.0,38.0,0.25,6.0,3.0,91.0,37.0,0.25,5.0,3.0,92.0,34.0,0.25,8.0,2.0,92.0,32.0,0.25,4.0,2.0,92.0,30.9,0.25,6.0,2.0,94.0,30.9,0.25,8.0,0.0,2023-06-02 17:53:00-07:00,17.883333333333333,0.25,0.0,0.0,0.25,0.0,0.0,593.0,0.25,0.0,0.25,0.0,0.25,0.0,,,,,0.0,0.0,0.0,False,False,,,False,False,False,False,0.0,,140.0,0.0,False,,0.0,0.0,0.0,,38.0,False,6.0,4.0,4.0,1.0,False,1,95.0,4:42 PM,,YESTERDAY,2023-06-03T01:22:00-07:00,CLIPHX_202306030822.txt,True,18.0,16.0,12.0,9.0,8.0,4.0,4.0,3.0,3.0,3.0,1.0,-1.0,True,95,2023-06-02T04:16:00-07:00,2023-06-02T06:00:00-07:00,1.7333333333333334,PFMPSR_202306021116.txt,0.0,0.0
2023-06-03,101.0,2023-06-03 16:51:00-07:00,24,0.25,0.0,False,15.0,81.0,44.0,0.0,6.0,20.0,84.0,44.0,0.25,3.0,17.0,88.0,39.0,0.25,0.0,13.0,89.0,39.0,0.25,3.0,12.0,93.0,38.0,0.25,5.0,8.0,97.0,38.0,0.25,8.0,4.0,100.0,38.0,0.25,7.0,1.0,98.0,37.0,0.25,6.0,3.0,99.0,36.0,0.25,5.0,2.0,101.0,36.0,0.25,6.0,0.0,98.0,34.0,0.25,5.0,3.0,2023-06-03 16:51:00-07:00,16.85,0.25,0.0,0.0,0.22598870056497175,0.0,0.0,531.0,0.25,0.0,0.22598870056497175,0.0,0.22598870056497175,0.0,,,,,0.0,0.0,0.0,False,False,,,False,False,False,False,2.0,2023-06-03T14:51:00-07:00,70.0,15.0,False,,0.0,0.0,0.0,,44.0,False,7.0,5.0,7.0,-1.0,False,2,102.0,2:46 PM,,YESTERDAY,2023-06-04T01:14:00-07:00,CLIPHX_202306040814.txt,True,21.0,18.0,14.0,13.0,9.0,5.0,2.0,4.0,3.0,1.0,4.0,-1.0,True,102,2023-06-03T05:41:00-07:00,2023-06-03T06:00:00-07:00,0.3166666666666666,PFMPSR_202306031241.txt,0.0,0.0
2023-06-04,105.0,2023-06-04 14:51:00-07:00,24,0.875,0.0,False,24.0,83.0,38.0,0.25,4.0,22.0,86.0,35.0,0.25,3.0,19.0,92.0,34.0,0.25,4.0,13.0,94.0,35.0,0.5,0.0,11.0,96.0,35.0,0.25,0.0,9.0,101.0,35.0,0.25,6.0,4.0,100.0,33.0,0.25,5.0,5.0,105.0,32.0,0.25,9.0,0.0,101.0,28.9,0.25,5.0,4.0,102.0,28.0,0.25,3.0,3.0,101.0,25.0,0.25,12.0,4.0,2023-06-04 14:51:00-07:00,14.85,0.2857142857142857,0.14285714285714285,0.0,0.2864963503649635,60.0,0.0,411.0,0.25,0.0,0.18248175182481752,0.0,0.18248175182481752,0.0,,2023-06-04T10:51:00-07:00,,240.0,0.0,0.0,0.0,False,False,,,False,False,False,False,1.0,2023-06-04T13:51:00-07:00,170.0,23.0,False,,0.0,0.0,0.0,,35.0,False,9.0,4.0,4.0,1.0,False,4,105.0,2:53 PM,,YESTERDAY,2023-06-05T01:15:00-07:00,CLIPHX_202306050815.txt,True,22.0,19.0,13.0,11.0,9.0,4.0,5.0,0.0,4.0,3.0,4.0,0.0,True,104,2023-06-04T04:00:00-07:00,2023-06-04T06:00:00-07:00,2.0,PFMPSR_202306041100.txt,-1.0,1.0
2023-06-05,105.0,2023-06-05 15:51:00-07:00,24,0.875,0.0,False,24.0,83.0,37.0,0.875,4.0,22.0,87.0,30.9,0.875,3.0,18.0,91.0,30.0,0.875,6.0,14.0,93.0,26.1,0.875,7.0,12.0,99.0,28.9,0.0,6.0,6.0,100.0,27.0,0.875,6.0,5.0,104.0,28.0,0.875,10.0,1.0,103.0,24.1,0.875,12.0,2.0,105.0,14.0,0.5,9.0,0.0,105.0,8.1,0.5,13.0,0.0,102.0,14.0,0.875,15.0,3.0,2023-06-05 15:51:00-07:00,15.85,0.71875,0.875,0.75,0.7635350318471338,411.0,411.0,471.0,0.875,180.0,0.09554140127388536,0.0,0.09554140127388536,0.0,25000.0,2023-06-05T08:51:00-07:00,2023-06-05T08:51:00-07:00,420.0,0.0,0.0,0.0,False,False,,,False,False,False,False,1.0,2023-06-05T14:51:00-07:00,40.0,19.0,False,,0.0,0.0,0.0,,30.9,False,8.0,8.0,5.0,1.0,False,3,107.0,3:55 PM,,YESTERDAY,2023-06-06T01:25:00-07:00,CLIPHX_202306060825.txt,True,24.0,20.0,16.0,14.0,8.0,7.0,3.0,4.0,2.0,2.0,5.0,-2.0,True,105,2023-06-05T04:00:00-07:00,2023-06-05T06:00:00-07:00,2.0,PFMPSR_202306051100.txt,-2.0,2.0
2023-06-06,99.0,2023-06-06 15:51:00-07:00,24,0.5,0.0,False,27.0,81.0,30.0,0.5,8.0,18.0,86.0,27.0,0.5,4.0,13.0,90.0,24.1,0.5,5.0,9.0,91.0,19.9,0.25,6.0,8.0,95.0,21.9,0.25,10.0,4.0,98.0,24.1,0.25,6.0,1.0,97.0,19.9,0.25,7.0,2.0,98.0,19.9,0.25,11.0,1.0,99.0,19.0,0.25,13.0,0.0,98.0,17.1,0.25,17.0,1.0,96.0,23.0,0.25,19.0,3.0,2023-06-06 15:51:00-07:00,15.85,0.3125,0.25,0.0,0.34076433121019106,171.0,0.0,471.0,0.25,0.0,0.12261146496815287,0.0,0.34076433121019106,171.0,,2023-06-06T08:51:00-07:00,,420.0,0.0,0.0,0.0,False,False,,,False,False,False,False,1.0,2023-06-06T13:51:00-07:00,70.0,24.0,False,,0.0,0.0,0.0,,27.0,False,9.0,5.0,2.0,2.0,False,3,101.0,2:16 PM,,YESTERDAY,2023-06-07T01:13:00-07:00,CLIPHX_202306070813.txt,True,20.0,15.0,11.0,10.0,6.0,3.0,4.0,3.0,2.0,3.0,5.0,-2.0,True,100,2023-06-06T05:54:00-07:00,2023-06-06T06:00:00-07:00,0.1,PFMPSR_202306061254.txt,-1.0,1.0
2023-06-07,97.0,2023-06-07 14:51:00-07:00,30,0.875,0.0,False,22.0,79.0,26.1,0.25,6.0,18.0,81.0,25.0,0.25,3.0,16.0,85.0,26.1,0.25,6.0,12.0,88.0,27.0,0.25,4.0,9.0,92.0,25.0,0.25,12.0,5.0,94.0,26.1,0.25,11.0,3.0,93.0,25.0,0.25,6.0,4.0,97.0,23.0,0.25,10.0,0.0,93.0,21.0,0.25,8.0,4.0,96.0,21.0,0.25,10.0,1.0,94.0,23.0,0.25,11.0,3.0,2023-06-07 14:51:00-07:00,14.85,0.25,0.0,0.0,0.25,0.0,0.0,411.0,0.25,0.0,0.18126520681265207,0.0,0.25,0.0,,,,,0.0,0.0,0.0,False,False,,,False,False,False,False,1.0,2023-06-07T12:51:00-07:00,70.0,18.0,False,,0.0,0.0,0.0,,27.0,False,6.0,7.0,1.0,0.0,False,5,98.0,3:17 PM,,YESTERDAY,2023-06-08T01:14:00-07:00,CLIPHX_202306080814.txt,True,19.0,17.0,13.0,10.0,6.0,4.0,5.0,1.0,5.0,2.0,4.0,-1.0,True,97,2023-06-07T04:00:00-07:00,2023-06-07T06:00:00-07:00,2.0,PFMPSR_202306071100.txt,-1.0,1.0
2023-06-08,95.0,2023-06-08 16:51:00-07:00,24,0.875,0.0,False,23.0,77.0,32.0,0.25,4.0,18.0,82.0,28.9,0.25,5.0,13.0,85.0,24.1,0.5,5.0,10.0,89.0,15.1,0.25,8.0,6.0,93.0,10.9,0.5,10.0,2.0,94.0,10.0,0.875,12.0,1.0,94.0,10.0,0.875,10.0,1.0,93.0,7.0,0.875,6.0,2.0,94.0,5.0,0.875,3.0,1.0,95.0,12.0,0.875,10.0,0.0,93.0,16.0,0.875,11.0,2.0,2023-06-08 16:51:00-07:00,16.85,0.6527777777777778,0.7777777777777778,0.5555555555555556,0.5889830508474576,360.0,240.0,531.0,0.875,180.0,0.0,0.0,0.14124293785310735,0.0,25000.0,2023-06-08T09:51:00-07:00,2023-06-08T12:51:00-07:00,420.0,0.0,0.0,0.0,False,False,,,False,False,False,False,1.0,2023-06-08T14:51:00-07:00,140.0,23.0,False,,0.0,0.0,0.0,,28.9,False,8.0,8.0,1.0,0.0,False,2,98.0,3:30 PM,,YESTERDAY,2023-06-09T01:20:00-07:00,CLIPHX_202306090820.txt,True,21.0,16.0,13.0,9.0,5.0,4.0,4.0,5.0,4.0,3.0,5.0,-3.0,True,97,2023-06-08T04:00:00-07:00,2023-06-08T06:00:00-07:00,2.0,PFMPSR_202306081100.txt,-1.0,1.0
2023-06-09,96.0,2023-06-09 14:51:00-07:00,26,0.875,0.0,False,16.0,77.0,30.0,0.5,8.0,19.0,81.0,28.9,0.5,7.0,15.0,85.0,25.0,0.875,9.0,11.0,87.0,26.1,0.875,6.0,9.0,90.0,28.0,0.875,7.0,6.0,94.0,23.0,0.5,4.0,2.0,93.0,19.9,0.25,4.0,3.0,96.0,15.1,0.25,6.0,0.0,96.0,19.9,0.25,8.0,0.0,94.0,23.0,0.25,4.0,2.0,95.0,21.0,0.25,3.0,1.0,2023-06-09 14:51:00-07:00,14.85,0.546875,0.625,0.375,0.6277372262773723,351.0,180.0,411.0,0.5416666666666666,120.0,0.0364963503649635,0.0,0.395985401459854,240.0,25000.0,2023-06-09T08:51:00-07:00,2023-06-09T09:51:00-07:00,360.0,0.0,0.0,0.0,False,False,,,False,False,False,False,1.0,2023-06-09T13:51:00-07:00,40.0,16.0,False,,0.0,0.0,0.0,,28.9,False,8.0,5.0,3.0,3.0,False,5,97.0,4:46 PM,,YESTERDAY,2023-06-10T01:18:00-07:00,CLIPHX_202306100818.txt,True,20.0,16.0,12.0,10.0,7.0,3.0,4.0,1.0,1.0,3.0,2.0,-1.0,True,97,2023-06-09T04:55:00-07:00,2023-06-09T06:00:00-07:00,1.0833333333333333,PFMPSR_202306091155.txt,0.0,0.0
2023-06-10,100.0,2023-06-10 15:51:00-07:00,26,0.875,0.0,False,23.0,80.0,25.0,0.875,6.0,20.0,82.0,26.1,0.875,5.0,18.0,88.0,28.0,0.5,0.0,12.0,89.0,27.0,0.5,0.0,11.0,95.0,25.0,0.5,7.0,5.0,96.0,21.0,0.5,8.0,4.0,97.0,23.0,0.875,7.0,3.0,98.0,19.0,0.5,9.0,2.0,100.0,19.9,0.5,5.0,0.0,100.0,19.9,0.25,9.0,0.0,98.0,24.1,0.25,12.0,2.0,2023-06-10 15:51:00-07:00,15.85,0.5833333333333334,1.0,0.2222222222222222,0.6361464968152867,471.0,171.0,471.0,0.625,180.0,0.0,0.0,0.5,471.0,25000.0,2023-06-10T08:51:00-07:00,2023-06-10T08:51:00-07:00,420.0,0.0,0.0,0.0,False,False,,,False,False,False,False,0.0,,70.0,19.0,False,,0.0,0.0,0.0,,28.0,False,8.0,7.0,2.0,3.0,False,4,101.0,5:20 PM,,YESTERDAY,2023-06-11T01:31:00-07:00,CLIPHX_202306110831.txt,True,21.0,19.0,13.0,12.0,6.0,5.0,4.0,3.0,1.0,1.0,3.0,-1.0,True,101,2023-06-10T04:00:00-07:00,2023-06-10T06:00:00-07:00,2.0,PFMPSR_202306101100.txt,0.0,0.0
2023-06-11,96.0,2023-06-11 14:51:00-07:00,24,0.875,0.0,False,26.0,81.0,30.9,0.25,6.0,15.0,82.0,30.0,0.25,10.0,14.0,86.0,30.0,0.25,17.0,10.0,89.0,30.0,0.25,14.0,7.0,92.0,26.1,0.25,16.0,4.0,94.0,27.0,0.25,15.0,2.0,93.0,26.1,0.25,14.0,3.0,96.0,30.9,0.25,14.0,0.0,93.0,35.0,0.25,11.0,3.0,93.0,44.0,0.25,18.0,3.0,90.0,43.0,0.25,16.0,6.0,2023-06-11 14:51:00-07:00,14.85,0.25,0.0,0.0,0.25,0.0,0.0,411.0,0.25,0.0,0.0,0.0,0.21350364963503649,0.0,,,,,0.0,0.0,0.0,False,False,,,False,False,False,False,1.0,2023-06-11T13:51:00-07:00,100.0,26.0,False,,0.0,0.0,0.0,,30.9,False,5.0,6.0,1.0,0.0,False,4,96.0,2:53 PM,,YESTERDAY,2023-06-12T01:27:00-07:00,CLIPHX_202306120827.txt,True,15.0,14.0,10.0,7.0,4.0,2.0,3.0,0.0,3.0,3.0,6.0,0.0,True,93,2023-06-11T04:00:00-07:00,2023-06-11T06:00:00-07:00,2.0,PFMPSR_202306111100.txt,-3.0,3.0
2023-06-12,93.0,2023-06-12 15:22:00-07:00,25,0.25,0.0,False,18.0,76.0,41.0,0.0,5.0,17.0,78.0,42.0,0.0,5.0,15.0,82.0,42.0,0.0,10.0,11.0,84.0,41.0,0.25,4.0,9.0,86.0,40.0,0.25,8.0,7.0,86.0,38.0,0.25,4.0,7.0,91.0,37.0,0.25,5.0,2.0,90.0,36.0,0.25,5.0,3.0,91.0,37.0,0.25,14.0,2.0,90.0,37.0,0.25,4.0,3.0,91.0,38.0,0.25,6.0,2.0,2023-06-12 15:22:00-07:00,15.366666666666667,0.1875,0.0,0.0,0.15328054298642535,0.0,0.0,442.0,0.25,0.0,0.15328054298642535,0.0,0.15328054298642535,0.0,,,,,0.0,0.0,0.0,False,False,,,False,False,False,False,1.0,2023-06-12T14:51:00-07:00,70.0,15.0,False,,0.0,0.0,0.0,,42.0,False,6.0,4.0,5.0,0.0,False,4,93.0,5:26 PM,,YESTERDAY,2023-06-13T01:25:00-07:00,CLIPHX_202306130825.txt,True,17.0,15.0,11.0,9.0,7.0,7.0,2.0,3.0,2.0,3.0,2.0,0.0,True,93,2023-06-12T04:18:00-07:00,2023-06-12T06:00:00-07:00,1.7,PFMPSR_202306121118.txt,0.0,0.0
2023-06-13,96.0,2023-06-13 14:53:00-07:00,28,0.25,0.0,False,15.0,78.0,43.0,0.0,3.0,18.0,81.0,44.0,0.0,4.0,15.0,83.0,44.0,0.25,4.0,13.0,86.0,44.0,0.25,7.0,10.0,90.0,42.0,0.25,5.0,6.0,91.0,38.0,0.25,5.0,5.0,91.0,38.0,0.25,0.0,5.0,96.0,39.0,0.25,4.0,0.0,92.0,37.0,0.25,0.0,4.0,94.0,38.0,0.25,9.0,2.0,95.0,38.0,0.25,7.0,1.0,2023-06-13 14:53:00-07:00,14.883333333333333,0.2222222222222222,0.0,0.0,0.18280871670702178,0.0,0.0,413.0,0.25,0.0,0.18280871670702178,0.0,0.18280871670702178,0.0,,,,,0.0,0.0,0.0,False,False,,,False,False,False,False,0.0,,50.0,0.0,False,,0.0,0.0,0.0,,44.0,False,5.0,7.0,1.0,1.0,False,6,96.0,5:42 PM,,YESTERDAY,2023-06-14T01:19:00-07:00,CLIPHX_202306140819.txt,True,18.0,15.0,13.0,10.0,6.0,5.0,5.0,0.0,4.0,2.0,1.0,0.0,True,96,2023-06-13T04:03:00-07:00,2023-06-13T06:00:00-07:00,1.95,PFMPSR_202306131103.txt,0.0,0.0
2023-06-14,100.0,2023-06-14 17:51:00-07:00,28,0.25,0.0,False,23.0,80.0,40.0,0.0,5.0,20.0,84.0,39.0,0.0,4.0,16.0,86.0,39.0,0.0,5.0,14.0,89.0,39.0,0.0,3.0,11.0,93.0,37.0,0.0,4.0,7.0,96.0,37.0,0.25,5.0,4.0,97.0,36.0,0.25,5.0,3.0,97.0,36.0,0.25,0.0,3.0,99.0,35.0,0.25,10.0,1.0,97.0,34.0,0.25,6.0,3.0,100.0,28.0,0.25,15.0,0.0,2023-06-14 17:51:00-07:00,17.85,0.15384615384615385,0.0,0.0,0.12648054145516074,0.0,0.0,591.0,0.25,0.0,0.12648054145516074,0.0,0.12648054145516074,0.0,,,,,0.0,0.0,0.0,False,False,,,False,False,False,False,2.0,2023-06-14T16:51:00-07:00,180.0,23.0,True,2023-06-14T16:51:00-07:00,2.0,21.0,0.0,60.0,39.0,False,6.0,7.0,4.0,2.0,False,2,101.0,3:38 PM,,YESTERDAY,2023-06-15T01:15:00-07:00,CLIPHX_202306150815.txt,True,21.0,17.0,15.0,12.0,8.0,5.0,4.0,4.0,2.0,4.0,1.0,-1.0,True,102,2023-06-14T04:00:00-07:00,2023-06-14T06:00:00-07:00,2.0,PFMPSR_202306141100.txt,1.0,1.0
2023-06-15,99.0,2023-06-15 13:51:00-07:00,24,0.5,0.0,False,20.0,81.0,42.0,0.25,6.0,18.0,85.0,42.0,0.25,6.0,14.0,88.0,41.0,0.25,5.0,11.0,90.0,43.0,0.25,5.0,9.0,93.0,39.0,0.25,0.0,6.0,96.0,38.0,0.25,13.0,3.0,99.0,35.0,0.25,11.0,0.0,98.0,34.0,0.25,3.0,1.0,98.0,36.0,0.5,5.0,1.0,97.0,37.0,0.5,5.0,2.0,96.0,34.0,0.5,8.0,3.0,2023-06-15 13:51:00-07:00,13.85,0.25,0.0,0.0,0.25,0.0,0.0,351.0,0.25,0.0,0.20726495726495728,0.0,0.20726495726495728,0.0,,,,,0.0,0.0,0.0,False,False,,,False,False,False,False,0.0,,110.0,17.0,False,,0.0,0.0,0.0,,43.0,False,7.0,5.0,6.0,-1.0,False,5,101.0,3:17 PM,,YESTERDAY,2023-06-16T01:20:00-07:00,CLIPHX_202306160820.txt,True,20.0,16.0,13.0,11.0,8.0,5.0,2.0,3.0,3.0,4.0,5.0,-2.0,True,101,2023-06-15T04:00:00-07:00,2023-06-15T06:00:00-07:00,2.0,PFMPSR_202306151100.txt,0.0,0.0
2023-06-16,102.0,2023-06-16 15:51:00-07:00,25,0.875,0.0,False,20.0,84.0,38.0,0.5,8.0,18.0,87.0,36.0,0.25,8.0,15.0,90.0,37.0,0.25,6.0,12.0,95.0,35.0,0.25,6.0,7.0,98.0,36.0,0.25,11.0,4.0,100.0,30.0,0.25,7.0,2.0,98.0,25.0,0.25,7.0,4.0,101.0,24.1,0.25,6.0,1.0,101.0,27.0,0.25,12.0,1.0,100.0,28.9,0.25,3.0,2.0,99.0,19.9,0.25,13.0,3.0,2023-06-16 15:51:00-07:00,15.85,0.25,0.0,0.0,0.2770700636942675,51.0,0.0,471.0,0.25,0.0,0.0,0.0,0.25,0.0,,,,,0.0,0.0,0.0,False,False,,,False,False,False,False,2.0,2023-06-16T13:51:00-07:00,100.0,20.0,True,2023-06-16T13:51:00-07:00,2.0,0.0,80.0,120.0,37.0,False,6.0,8.0,0.0,3.0,True,4,104.0,3:00 PM,,YESTERDAY,2023-06-17T01:14:00-07:00,CLIPHX_202306170814.txt,True,20.0,17.0,14.0,9.0,6.0,4.0,6.0,3.0,3.0,4.0,5.0,-2.0,True,104,2023-06-16T04:02:00-07:00,2023-06-16T06:00:00-07:00,1.9666666666666663,PFMPSR_202306161102.txt,0.0,0.0
2023-06-17,104.0,2023-06-17 14:51:00-07:00,24,0.5,0.0,False,,82.0,30.9,0.25,6.0,22.0,88.0,33.0,0.0,5.0,16.0,91.0,35.0,0.0,6.0,13.0,95.0,37.0,0.25,5.0,9.0,98.0,37.0,0.25,0.0,6.0,98.0,38.0,0.25,0.0,6.0,101.0,36.0,0.25,5.0,3.0,104.0,33.0,0.25,7.0,0.0,104.0,32.0,0.25,10.0,0.0,102.0,34.0,0.25,0.0,2.0,101.0,34.0,0.5,0.0,3.0,2023-06-17 14:51:00-07:00,14.85,0.17857142857142858,0.0,0.0,0.177007299270073,0.0,0.0,411.0,0.25,0.0,0.03102189781021898,0.0,0.03102189781021898,0.0,,,,,0.0,0.0,0.0,False,False,,,False,False,False,False,0.0,,50.0,0.0,False,,0.0,0.0,0.0,,38.0,False,9.0,7.0,3.0,3.0,False,4,106.0,2:31 PM,,YESTERDAY,2023-06-18T01:31:00-07:00,CLIPHX_202306180831.txt,True,24.0,18.0,15.0,11.0,8.0,8.0,5.0,2.0,2.0,4.0,5.0,-2.0,True,105,2023-06-17T04:00:00-07:00,2023-06-17T06:00:00-07:00,2.0,PFMPSR_202306171100.txt,-1.0,1.0
2023-06-18,109.0,2023-06-18 13:51:00-07:00,25,0.875,0.0,False,27.0,87.0,35.0,0.25,8.0,22.0,90.0,33.0,0.25,7.0,19.0,96.0,33.0,0.25,7.0,13.0,96.0,34.0,0.25,0.0,13.0,101.0,30.9,0.25,3.0,8.0,102.0,30.9,0.25,6.0,7.0,109.0,24.1,0.5,13.0,0.0,108.0,23.0,0.25,18.0,1.0,107.0,24.1,0.25,18.0,2.0,106.0,27.0,0.25,15.0,3.0,105.0,23.0,0.25,14.0,4.0,2023-06-18 13:51:00-07:00,13.85,0.2857142857142857,0.14285714285714285,0.0,0.25,0.0,0.0,351.0,0.25,0.0,0.0,0.0,0.0,0.0,,2023-06-18T13:51:00-07:00,,0.0,0.0,0.0,0.0,False,False,,,False,False,False,False,0.0,,80.0,26.0,False,,0.0,0.0,0.0,,34.0,False,9.0,5.0,8.0,-2.0,False,5,109.0,2:39 PM,,YESTERDAY,2023-06-19T01:14:00-07:00,CLIPHX_202306190814.txt,True,22.0,19.0,13.0,13.0,8.0,7.0,0.0,1.0,2.0,3.0,4.0,0.0,True,109,2023-06-18T04:00:00-07:00,2023-06-18T06:00:00-07:00,2.0,PFMPSR_202306181100.txt,0.0,0.0
2023-06-19,104.0,2023-06-19 13:51:00-07:00,26,0.875,0.0,False,23.0,84.0,36.0,0.25,4.0,20.0,90.0,35.0,0.25,3.0,14.0,92.0,33.0,0.25,3.0,12.0,94.0,42.0,0.25,3.0,10.0,97.0,30.9,0.25,4.0,7.0,98.0,32.0,0.25,9.0,6.0,104.0,30.9,0.5,14.0,0.0,103.0,21.9,0.5,12.0,1.0,101.0,19.9,0.5,14.0,3.0,102.0,21.0,0.875,8.0,2.0,101.0,15.1,0.875,12.0,3.0,2023-06-19 13:51:00-07:00,13.85,0.2857142857142857,0.14285714285714285,0.0,0.25,0.0,0.0,351.0,0.25,0.0,0.0,0.0,0.03632478632478633,0.0,,2023-06-19T13:51:00-07:00,,0.0,0.0,0.0,0.0,False,False,,,False,False,False,False,1.0,2023-06-19T10:54:00-07:00,90.0,20.0,False,,0.0,0.0,0.0,,42.0,False,8.0,5.0,7.0,-3.0,False,6,105.0,2:19 PM,,YESTERDAY,2023-06-20T01:36:00-07:00,CLIPHX_202306200836.txt,True,21.0,15.0,13.0,11.0,8.0,7.0,1.0,2.0,4.0,3.0,4.0,-1.0,True,105,2023-06-19T04:00:00-07:00,2023-06-19T06:00:00-07:00,2.0,PFMPSR_202306191100.txt,0.0,0.0
2023-06-20,105.0,2023-06-20 14:51:00-07:00,25,0.875,0.0,False,21.0,87.0,38.0,0.25,3.0,18.0,90.0,38.0,0.25,0.0,15.0,92.0,35.0,0.25,3.0,13.0,97.0,32.0,0.25,5.0,8.0,98.0,30.9,0.25,3.0,7.0,99.0,27.0,0.25,6.0,6.0,104.0,28.0,0.25,4.0,1.0,105.0,25.0,0.25,9.0,0.0,104.0,26.1,0.25,15.0,1.0,102.0,30.9,0.25,11.0,3.0,101.0,30.9,0.25,12.0,4.0,2023-06-20 14:51:00-07:00,14.85,0.25,0.0,0.0,0.25,0.0,0.0,411.0,0.25,0.0,0.0,0.0,0.177007299270073,0.0,,,,,0.0,0.0,0.0,False,False,,,False,False,False,False,0.0,,10.0,20.0,False,,0.0,0.0,0.0,,38.0,False,5.0,6.0,6.0,0.0,False,4,105.0,3:27 PM,,YESTERDAY,2023-06-21T01:25:00-07:00,CLIPHX_202306210825.txt,True,18.0,15.0,13.0,8.0,7.0,6.0,1.0,0.0,1.0,3.0,4.0,0.0,True,104,2023-06-20T04:00:00-07:00,2023-06-20T06:00:00-07:00,2.0,PFMPSR_202306201100.txt,-1.0,1.0
2023-06-21,104.0,2023-06-21 13:51:00-07:00,24,0.875,0.0,False,18.0,86.0,37.0,0.25,6.0,18.0,89.0,36.0,0.25,5.0,15.0,91.0,39.0,0.25,4.0,13.0,98.0,28.9,0.25,4.0,6.0,100.0,27.0,0.25,12.0,4.0,103.0,25.0,0.25,9.0,1.0,104.0,27.0,0.5,5.0,0.0,104.0,21.9,0.875,0.0,0.0,104.0,25.0,0.5,8.0,0.0,104.0,26.1,0.25,6.0,0.0,102.0,26.1,0.25,9.0,2.0,2023-06-21 13:51:00-07:00,13.85,0.2916666666666667,0.16666666666666666,0.0,0.25,0.0,0.0,351.0,0.25,0.0,0.03632478632478633,0.0,0.25,0.0,,2023-06-21T13:51:00-07:00,,0.0,0.0,0.0,0.0,False,False,,,False,False,False,False,0.0,,60.0,18.0,False,,0.0,0.0,0.0,,39.0,False,5.0,9.0,4.0,0.0,False,5,,,,,,,,,,,,,,,,,,,,False,107,2023-06-21T04:00:00-07:00,2023-06-21T06:00:00-07:00,2.0,PFMPSR_202306211100.txt,,
2023-06-22,105.0,2023-06-22 17:51:00-07:00,24,0.25,0.0,False,16.0,83.0,30.0,0.25,6.0,22.0,86.0,26.1,0.25,0.0,19.0,92.0,18.0,0.25,5.0,13.0,95.0,12.0,0.25,5.0,10.0,98.0,8.1,0.25,3.0,7.0,98.0,12.0,0.25,6.0,7.0,103.0,16.0,0.25,7.0,2.0,101.0,17.1,0.25,0.0,4.0,101.0,16.0,0.25,0.0,4.0,104.0,17.1,0.25,4.0,1.0,105.0,21.9,0.25,9.0,0.0,2023-06-22 17:51:00-07:00,17.85,0.25,0.0,0.0,0.25,0.0,0.0,591.0,0.25,0.0,0.021573604060913704,0.0,0.07233502538071065,0.0,,,,,0.0,0.0,0.0,False,False,,,False,False,False,False,2.0,2023-06-22T14:51:00-07:00,150.0,16.0,False,,0.0,0.0,0.0,,26.1,False,9.0,6.0,5.0,-2.0,False,1,,,,,,,,,,,,,,,,,,,,False,105,2023-06-22T04:00:00-07:00,2023-06-22T06:00:00-07:00,2.0,PFMPSR_202306221100.txt,,
2023-06-23,101.0,2023-06-23 15:51:00-07:00,24,0.25,0.0,False,14.0,83.0,26.1,0.25,4.0,18.0,86.0,18.0,0.25,3.0,15.0,88.0,19.0,0.25,5.0,13.0,92.0,17.1,0.25,4.0,9.0,93.0,16.0,0.25,0.0,8.0,94.0,16.0,0.25,4.0,7.0,99.0,17.1,0.25,6.0,2.0,98.0,16.0,0.25,0.0,3.0,101.0,6.0,0.25,12.0,0.0,99.0,6.0,0.25,7.0,2.0,97.0,7.0,0.25,0.0,4.0,2023-06-23 15:51:00-07:00,15.85,0.25,0.0,0.0,0.25,0.0,0.0,471.0,0.25,0.0,0.0589171974522293,0.0,0.0589171974522293,0.0,,,,,0.0,0.0,0.0,False,False,,,False,False,False,False,1.0,2023-06-23T14:51:00-07:00,80.0,0.0,False,,0.0,0.0,0.0,,19.0,False,5.0,5.0,6.0,2.0,False,3,103.0,3:02 PM,,YESTERDAY,2023-06-24T01:26:00-07:00,CLIPHX_202306240826.txt,True,20.0,17.0,15.0,11.0,10.0,9.0,4.0,5.0,2.0,4.0,6.0,-2.0,True,100,2023-06-23T04:42:00-07:00,2023-06-23T06:00:00-07:00,1.3,PFMPSR_202306231142.txt,-3.0,3.0
2023-06-24,105.0,2023-06-24 15:51:00-07:00,24,0.25,0.0,False,14.0,82.0,17.1,0.25,6.0,23.0,85.0,18.0,0.25,4.0,20.0,90.0,14.0,0.25,5.0,15.0,94.0,10.0,0.0,3.0,11.0,99.0,4.0,0.0,0.0,6.0,101.0,-3.0,0.0,0.0,4.0,101.0,-0.9,0.0,6.0,4.0,103.0,1.9,0.0,6.0,2.0,105.0,0.0,0.0,10.0,0.0,102.0,-0.9,0.0,3.0,3.0,102.0,-4.0,0.0,4.0,3.0,2023-06-24 15:51:00-07:00,15.85,0.0625,0.0,0.0,0.09076433121019108,0.0,0.0,471.0,0.0,0.0,0.0589171974522293,0.0,0.0589171974522293,0.0,,,,,0.0,0.0,0.0,False,False,,,False,False,False,False,0.0,,180.0,14.0,False,,0.0,0.0,0.0,,18.0,False,8.0,9.0,2.0,4.0,False,3,106.0,4:16 PM,,YESTERDAY,2023-06-25T01:32:00-07:00,CLIPHX_202306250832.txt,True,24.0,21.0,16.0,12.0,7.0,5.0,5.0,3.0,1.0,4.0,4.0,-1.0,True,105,2023-06-24T04:00:00-07:00,2023-06-24T06:00:00-07:00,2.0,PFMPSR_202306241100.txt,-1.0,1.0
2023-06-25,109.0,2023-06-25 15:51:00-07:00,24,0.25,0.0,False,,87.0,19.9,0.0,5.0,22.0,91.0,19.9,0.0,5.0,18.0,94.0,21.0,0.0,4.0,15.0,99.0,12.0,0.0,4.0,10.0,103.0,8.1,0.0,0.0,6.0,103.0,9.0,0.25,0.0,6.0,105.0,10.9,0.0,7.0,4.0,107.0,15.1,0.0,5.0,2.0,109.0,19.9,0.0,7.0,0.0,107.0,21.9,0.0,10.0,2.0,107.0,21.9,0.0,8.0,2.0,2023-06-25 15:51:00-07:00,15.85,0.03125,0.0,0.0,0.03184713375796178,0.0,0.0,471.0,0.08333333333333333,0.0,0.0,0.0,0.0,0.0,,,,,0.0,0.0,0.0,False,False,,,False,False,False,False,0.0,,100.0,0.0,False,,0.0,0.0,0.0,,21.0,False,7.0,9.0,2.0,4.0,False,3,111.0,3:15 PM,,YESTERDAY,2023-06-26T01:31:00-07:00,CLIPHX_202306260831.txt,True,24.0,20.0,17.0,12.0,8.0,8.0,6.0,4.0,2.0,4.0,4.0,-2.0,True,111,2023-06-25T04:00:00-07:00,2023-06-25T06:00:00-07:00,2.0,PFMPSR_202306251100.txt,0.0,0.0
2023-06-26,111.0,2023-06-26 15:51:00-07:00,24,0.5,0.0,False,15.0,89.0,38.0,0.25,0.0,22.0,93.0,33.0,0.25,3.0,18.0,97.0,12.9,0.25,7.0,14.0,100.0,10.9,0.25,0.0,11.0,103.0,7.0,0.25,4.0,8.0,105.0,8.1,0.5,5.0,6.0,107.0,10.0,0.5,7.0,4.0,108.0,12.0,0.5,0.0,3.0,111.0,14.0,0.5,9.0,0.0,110.0,14.0,0.5,9.0,1.0,110.0,17.1,0.5,11.0,1.0,2023-06-26 15:51:00-07:00,15.85,0.375,0.5,0.0,0.34554140127388533,180.0,0.0,471.0,0.5,180.0,0.09554140127388536,60.0,0.31369426751592355,120.0,,2023-06-26T12:51:00-07:00,,180.0,0.0,0.0,0.0,False,False,,,False,False,False,False,0.0,,30.0,15.0,False,,0.0,0.0,0.0,,33.0,False,8.0,6.0,4.0,4.0,False,3,112.0,3:50 PM,,YESTERDAY,2023-06-27T01:27:00-07:00,CLIPHX_202306270827.txt,True,23.0,19.0,15.0,12.0,9.0,7.0,5.0,4.0,1.0,2.0,2.0,-1.0,True,112,2023-06-26T04:00:00-07:00,2023-06-26T06:00:00-07:00,2.0,PFMPSR_202306261100.txt,0.0,0.0
2023-06-27,110.0,2023-06-27 15:51:00-07:00,26,0.25,0.0,False,20.0,89.0,26.1,0.0,3.0,21.0,92.0,25.0,0.0,5.0,18.0,98.0,21.9,0.0,8.0,12.0,100.0,21.9,0.25,7.0,10.0,102.0,21.9,0.0,4.0,8.0,107.0,18.0,0.0,7.0,3.0,107.0,19.0,0.0,9.0,3.0,108.0,15.1,0.0,10.0,2.0,110.0,15.1,0.0,11.0,0.0,107.0,14.0,0.0,8.0,3.0,106.0,12.9,0.25,6.0,4.0,2023-06-27 15:51:00-07:00,15.85,0.025,0.0,0.0,0.03131634819532909,0.0,0.0,471.0,0.0,0.0,0.03131634819532909,0.0,0.03131634819532909,0.0,,,,,0.0,0.0,0.0,False,False,,,False,False,False,False,0.0,,150.0,17.0,False,,0.0,0.0,0.0,,25.0,False,9.0,4.0,5.0,3.0,False,3,111.0,4:00 PM,,YESTERDAY,2023-06-28T01:18:00-07:00,CLIPHX_202306280818.txt,True,22.0,19.0,13.0,11.0,9.0,4.0,4.0,3.0,1.0,4.0,5.0,-1.0,True,109,2023-06-27T04:10:00-07:00,2023-06-27T06:00:00-07:00,1.8333333333333333,PFMPSR_202306271110.txt,-2.0,2.0
2023-06-28,107.0,2023-06-28 16:51:00-07:00,24,0.25,0.0,False,24.0,87.0,39.0,0.0,4.0,20.0,92.0,37.0,0.0,5.0,15.0,94.0,34.0,0.0,5.0,13.0,97.0,33.0,0.0,0.0,10.0,100.0,35.0,0.0,6.0,7.0,103.0,38.0,0.0,6.0,4.0,106.0,39.0,0.0,7.0,1.0,106.0,40.0,0.0,6.0,1.0,106.0,39.0,0.0,10.0,1.0,107.0,35.0,0.0,9.0,0.0,105.0,33.0,0.0,12.0,2.0,2023-06-28 16:51:00-07:00,16.85,0.0,0.0,0.0,0.0,0.0,0.0,531.0,0.0,0.0,0.0,0.0,0.0,0.0,,,,,0.0,0.0,0.0,False,False,,,False,False,False,False,0.0,,100.0,17.0,False,,0.0,0.0,0.0,,40.0,False,7.0,6.0,6.0,0.0,False,2,108.0,5:10 PM,,YESTERDAY,2023-06-29T01:23:00-07:00,CLIPHX_202306290823.txt,True,21.0,16.0,14.0,11.0,8.0,5.0,2.0,2.0,2.0,1.0,3.0,-1.0,True,109,2023-06-28T04:00:00-07:00,2023-06-28T06:00:00-07:00,2.0,PFMPSR_202306281100.txt,1.0,1.0
2023-06-29,106.0,2023-06-29 14:51:00-07:00,24,0.25,0.0,False,20.0,86.0,28.0,0.0,5.0,20.0,90.0,28.0,0.0,5.0,16.0,94.0,32.0,0.0,5.0,12.0,96.0,34.0,0.0,4.0,10.0,99.0,28.0,0.0,6.0,7.0,103.0,27.0,0.0,11.0,3.0,104.0,25.0,0.25,4.0,2.0,106.0,25.0,0.25,7.0,0.0,106.0,21.9,0.25,5.0,0.0,105.0,21.0,0.25,4.0,1.0,106.0,19.0,0.0,8.0,0.0,2023-06-29 14:51:00-07:00,14.85,0.07142857142857142,0.0,0.0,0.0364963503649635,0.0,0.0,411.0,0.08333333333333333,0.0,0.0364963503649635,0.0,0.0364963503649635,0.0,,,,,0.0,0.0,0.0,False,False,,,False,False,False,False,0.0,,140.0,18.0,False,,0.0,0.0,0.0,,34.0,False,8.0,5.0,5.0,2.0,False,4,108.0,4:12 PM,,YESTERDAY,2023-06-30T01:19:00-07:00,CLIPHX_202306300819.txt,True,22.0,18.0,14.0,12.0,9.0,5.0,4.0,2.0,2.0,3.0,2.0,-2.0,True,107,2023-06-29T04:00:00-07:00,2023-06-29T06:00:00-07:00,2.0,PFMPSR_202306291100.txt,-1.0,1.0
2023-06-30,108.0,2023-06-30 14:52:00-07:00,25,0.25,0.0,False,18.0,86.0,32.0,0.0,9.0,22.0,90.0,34.0,0.0,4.0,18.0,94.0,34.0,0.0,3.0,14.0,98.0,33.0,0.0,0.0,10.0,102.0,32.0,0.0,3.0,6.0,104.0,28.0,0.0,4.0,4.0,106.0,26.1,0.0,3.0,2.0,108.0,19.0,0.25,5.0,0.0,108.0,21.0,0.25,7.0,0.0,107.0,25.0,0.25,6.0,1.0,107.0,25.0,0.25,0.0,1.0,2023-06-30 14:52:00-07:00,14.866666666666667,0.0625,0.0,0.0,0.0006067961165048543,0.0,0.0,412.0,0.001388888888888889,0.0,0.0006067961165048543,0.0,0.0006067961165048543,0.0,,,,,0.0,0.0,0.0,False,False,,,False,False,False,False,0.0,,170.0,18.0,False,,0.0,0.0,0.0,,34.0,False,8.0,8.0,4.0,2.0,False,4,110.0,4:23 PM,,YESTERDAY,2023-07-01T01:27:00-07:00,CLIPHX_202307010827.txt,True,24.0,20.0,16.0,12.0,8.0,6.0,4.0,2.0,2.0,3.0,3.0,-2.0,True,110,2023-06-30T04:02:00-07:00,2023-06-30T06:00:00-07:00,1.9666666666666663,PFMPSR_202306301102.txt,0.0,0.0
2023-07-01,113.0,2023-07-01 15:51:00-07:00,24,0.25,0.0,False,,90.0,34.0,0.25,8.0,23.0,93.0,33.0,0.0,4.0,20.0,98.0,34.0,0.0,5.0,15.0,102.0,33.0,0.0,0.0,11.0,103.0,33.0,0.0,3.0,10.0,108.0,30.9,0.25,0.0,5.0,111.0,30.9,0.25,5.0,2.0,111.0,28.9,0.25,9.0,2.0,113.0,28.9,0.25,11.0,0.0,112.0,28.0,0.25,10.0,1.0,112.0,25.0,0.25,11.0,1.0,2023-07-01 15:51:00-07:00,15.85,0.125,0.0,0.0,0.12261146496815287,0.0,0.0,471.0,0.25,0.0,0.0589171974522293,0.0,0.12261146496815287,0.0,,,,,0.0,0.0,0.0,False,False,,,False,False,False,False,0.0,,150.0,0.0,False,,0.0,0.0,0.0,,34.0,False,8.0,5.0,8.0,2.0,False,3,114.0,3:53 PM,,YESTERDAY,2023-07-02T01:30:00-07:00,CLIPHX_202307020830.txt,True,24.0,21.0,16.0,12.0,11.0,6.0,3.0,3.0,1.0,2.0,2.0,-1.0,True,113,2023-07-01T04:06:00-07:00,2023-07-01T06:00:00-07:00,1.9,PFMPSR_202307011106.txt,-1.0,1.0
2023-07-02,115.0,2023-07-02 14:51:00-07:00,24,0.25,0.0,False,24.0,92.0,37.0,0.25,5.0,23.0,97.0,37.0,0.25,5.0,18.0,100.0,36.0,0.25,4.0,15.0,104.0,35.0,0.25,6.0,11.0,109.0,34.0,0.25,7.0,6.0,110.0,32.0,0.25,6.0,5.0,112.0,30.0,0.25,10.0,3.0,115.0,28.0,0.25,16.0,0.0,114.0,28.0,0.25,17.0,1.0,115.0,28.0,0.25,14.0,0.0,114.0,26.1,0.25,17.0,1.0,2023-07-02 14:51:00-07:00,14.85,0.25,0.0,0.0,0.25,0.0,0.0,411.0,0.25,0.0,0.0,0.0,0.25,0.0,,,,,0.0,0.0,0.0,False,False,,,False,False,False,False,0.0,,110.0,24.0,False,,0.0,0.0,0.0,,37.0,False,8.0,9.0,3.0,2.0,False,4,115.0,5:27 PM,,YESTERDAY,2023-07-03T01:17:00-07:00,CLIPHX_202307030817.txt,True,23.0,18.0,15.0,11.0,6.0,5.0,3.0,0.0,1.0,0.0,1.0,0.0,True,115,2023-07-02T04:06:00-07:00,2023-07-02T06:00:00-07:00,1.9,PFMPSR_202307021106.txt,0.0,0.0
2023-07-03,115.0,2023-07-03 15:51:00-07:00,24,0.25,0.0,False,24.0,93.0,49.0,0.25,5.0,22.0,98.0,49.0,0.25,5.0,17.0,101.0,47.0,0.0,0.0,14.0,103.0,45.0,0.0,3.0,12.0,106.0,40.0,0.25,6.0,9.0,108.0,36.0,0.25,10.0,7.0,113.0,33.0,0.25,10.0,2.0,114.0,34.0,0.25,14.0,1.0,115.0,32.0,0.25,18.0,0.0,115.0,30.0,0.25,17.0,0.0,113.0,32.0,0.25,16.0,2.0,2023-07-03 15:51:00-07:00,15.85,0.1875,0.0,0.0,0.18630573248407642,0.0,0.0,471.0,0.25,0.0,0.09076433121019108,0.0,0.18630573248407642,0.0,,,,,0.0,0.0,0.0,False,False,,,False,False,False,False,0.0,,170.0,23.0,False,,0.0,0.0,0.0,,49.0,False,8.0,5.0,7.0,2.0,False,3,116.0,4:50 PM,,YESTERDAY,2023-07-04T01:17:00-07:00,CLIPHX_202307040817.txt,True,23.0,18.0,15.0,13.0,10.0,8.0,3.0,2.0,1.0,1.0,3.0,-1.0,True,116,2023-07-03T04:00:00-07:00,2023-07-03T06:00:00-07:00,2.0,PFMPSR_202307031100.txt,0.0,0.0
2023-07-04,112.0,2023-07-04 15:51:00-07:00,24,0.25,0.0,False,19.0,92.0,45.0,0.25,4.0,20.0,96.0,46.0,0.25,4.0,16.0,99.0,44.0,0.25,7.0,13.0,101.0,44.0,0.25,3.0,11.0,106.0,42.0,0.25,5.0,6.0,106.0,40.0,0.25,4.0,6.0,110.0,36.0,0.25,5.0,2.0,111.0,37.0,0.0,11.0,1.0,112.0,35.0,0.0,12.0,0.0,110.0,35.0,0.0,9.0,2.0,109.0,34.0,0.0,8.0,3.0,2023-07-04 15:51:00-07:00,15.85,0.1875,0.0,0.0,0.21815286624203822,0.0,0.0,471.0,0.16666666666666666,0.0,0.12261146496815287,0.0,0.18630573248407642,0.0,,,,,0.0,0.0,0.0,False,False,,,False,False,False,False,0.0,,160.0,19.0,False,,0.0,0.0,0.0,,46.0,False,7.0,7.0,4.0,2.0,False,3,113.0,5:13 PM,,YESTERDAY,2023-07-05T01:18:00-07:00,CLIPHX_202307050818.txt,True,21.0,17.0,14.0,12.0,7.0,7.0,3.0,2.0,1.0,3.0,4.0,-1.0,True,114,2023-07-04T04:00:00-07:00,2023-07-04T06:00:00-07:00,2.0,PFMPSR_202307041100.txt,1.0,1.0
2023-07-05,109.0,2023-07-05 13:51:00-07:00,24,0.25,0.0,False,22.0,94.0,43.0,0.0,4.0,15.0,96.0,46.0,0.0,6.0,13.0,100.0,48.0,0.0,8.0,9.0,104.0,43.0,0.0,9.0,5.0,105.0,42.0,0.0,3.0,4.0,106.0,39.0,0.0,5.0,3.0,109.0,28.9,0.0,8.0,0.0,109.0,33.0,0.0,7.0,0.0,109.0,34.0,0.0,8.0,0.0,109.0,36.0,0.0,14.0,0.0,107.0,37.0,0.0,7.0,2.0,2023-07-05 13:51:00-07:00,13.85,0.0,0.0,0.0,0.0,0.0,0.0,351.0,0.0,0.0,0.0,0.0,0.0,0.0,,,,,0.0,0.0,0.0,False,False,,,False,False,False,False,0.0,,90.0,18.0,False,,0.0,0.0,0.0,,48.0,False,6.0,5.0,4.0,0.0,False,5,111.0,4:00 PM,,YESTERDAY,2023-07-06T01:30:00-07:00,CLIPHX_202307060830.txt,True,17.0,15.0,11.0,7.0,6.0,5.0,2.0,2.0,2.0,2.0,4.0,-2.0,True,111,2023-07-05T04:00:00-07:00,2023-07-05T06:00:00-07:00,2.0,PFMPSR_202307051100.txt,0.0,0.0
2023-07-06,113.0,2023-07-06 15:51:00-07:00,27,0.25,0.0,False,20.0,92.0,44.0,0.0,7.0,21.0,96.0,42.0,0.0,6.0,17.0,101.0,44.0,0.0,6.0,12.0,103.0,44.0,0.0,4.0,10.0,106.0,43.0,0.0,11.0,7.0,111.0,41.0,0.25,11.0,2.0,111.0,41.0,0.25,8.0,2.0,111.0,38.0,0.25,0.0,2.0,113.0,39.0,0.25,11.0,0.0,112.0,36.0,0.25,8.0,1.0,112.0,36.0,0.25,9.0,1.0,2023-07-06 15:51:00-07:00,15.85,0.1388888888888889,0.0,0.0,0.09554140127388536,0.0,0.0,471.0,0.25,0.0,0.0,0.0,0.03184713375796178,0.0,,,,,0.0,0.0,0.0,False,False,,,False,False,False,False,0.0,,70.0,17.0,False,,0.0,0.0,0.0,,44.0,False,9.0,5.0,5.0,2.0,False,5,115.0,3:34 PM,,YESTERDAY,2023-07-07T01:30:00-07:00,CLIPHX_202307070830.txt,True,23.0,19.0,14.0,12.0,9.0,4.0,4.0,4.0,2.0,3.0,3.0,-2.0,True,113,2023-07-06T05:08:00-07:00,2023-07-06T06:00:00-07:00,0.8666666666666667,PFMPSR_202307061208.txt,-2.0,2.0
2023-07-07,111.0,2023-07-07 14:51:00-07:00,24,0.25,0.0,False,17.0,92.0,42.0,0.25,5.0,19.0,95.0,38.0,0.25,4.0,16.0,98.0,39.0,0.25,0.0,13.0,101.0,36.0,0.25,4.0,10.0,102.0,36.0,0.25,3.0,9.0,107.0,33.0,0.25,5.0,4.0,108.0,30.0,0.25,0.0,3.0,111.0,30.9,0.25,6.0,0.0,109.0,32.0,0.25,0.0,2.0,109.0,33.0,0.25,6.0,2.0,110.0,38.0,0.0,11.0,1.0,2023-07-07 14:51:00-07:00,14.85,0.25,0.0,0.0,0.25,0.0,0.0,411.0,0.25,0.0,0.10401459854014598,0.0,0.25,0.0,,,,,0.0,0.0,0.0,False,False,,,False,False,False,False,0.0,,170.0,0.0,False,,0.0,0.0,0.0,,39.0,False,6.0,4.0,6.0,1.0,False,4,112.0,4:24 PM,,YESTERDAY,2023-07-08T01:27:00-07:00,CLIPHX_202307080827.txt,True,20.0,17.0,14.0,11.0,10.0,5.0,4.0,1.0,3.0,3.0,2.0,-1.0,True,112,2023-07-07T04:00:00-07:00,2023-07-07T06:00:00-07:00,2.0,PFMPSR_202307071100.txt,0.0,0.0
2023-07-08,112.0,2023-07-08 15:51:00-07:00,24,0.25,0.0,False,16.0,92.0,34.0,0.25,0.0,20.0,96.0,33.0,0.0,6.0,16.0,97.0,35.0,0.25,4.0,15.0,101.0,32.0,0.25,3.0,11.0,103.0,30.0,0.25,0.0,9.0,106.0,28.9,0.25,0.0,6.0,109.0,34.0,0.25,0.0,3.0,109.0,36.0,0.25,4.0,3.0,112.0,35.0,0.25,7.0,0.0,111.0,34.0,0.25,11.0,1.0,110.0,36.0,0.25,8.0,2.0,2023-07-08 15:51:00-07:00,15.85,0.21875,0.0,0.0,0.21815286624203822,0.0,0.0,471.0,0.25,0.0,0.027070063694267517,0.0,0.0589171974522293,0.0,,,,,0.0,0.0,0.0,False,False,,,False,False,False,False,0.0,,90.0,0.0,False,,0.0,0.0,0.0,,36.0,False,5.0,6.0,6.0,3.0,False,3,113.0,3:52 PM,,YESTERDAY,2023-07-09T01:18:00-07:00,CLIPHX_202307090818.txt,True,21.0,17.0,16.0,12.0,10.0,7.0,4.0,4.0,1.0,2.0,3.0,-1.0,True,113,2023-07-08T04:00:00-07:00,2023-07-08T06:00:00-07:00,2.0,PFMPSR_202307081100.txt,0.0,0.0
2023-07-09,111.0,2023-07-09 15:51:00-07:00,24,0.25,0.0,False,,94.0,33.0,0.25,6.0,17.0,98.0,30.9,0.25,7.0,13.0,101.0,30.9,0.25,3.0,10.0,103.0,25.0,0.25,3.0,8.0,104.0,24.1,0.25,0.0,7.0,108.0,25.0,0.25,7.0,3.0,109.0,27.0,0.25,6.0,2.0,109.0,28.9,0.25,0.0,2.0,111.0,30.9,0.25,6.0,0.0,110.0,32.0,0.25,5.0,1.0,110.0,35.0,0.25,6.0,1.0,2023-07-09 15:51:00-07:00,15.85,0.25,0.0,0.0,0.25,0.0,0.0,471.0,0.25,0.0,0.21815286624203822,0.0,0.25,0.0,,,,,0.0,0.0,0.0,False,False,,,False,False,False,False,0.0,,40.0,0.0,False,,0.0,0.0,0.0,,30.9,False,7.0,3.0,5.0,2.0,False,3,112.0,5:32 PM,,YESTERDAY,2023-07-10T01:24:00-07:00,CLIPHX_202307100824.txt,True,18.0,14.0,11.0,9.0,8.0,4.0,3.0,3.0,1.0,2.0,2.0,-1.0,True,112,2023-07-09T04:00:00-07:00,2023-07-09T06:00:00-07:00,2.0,PFMPSR_202307091100.txt,0.0,0.0
2023-07-10,108.0,2023-07-10 14:51:00-07:00,24,0.875,0.0,False,20.0,94.0,48.0,0.25,7.0,14.0,96.0,49.0,0.25,5.0,12.0,98.0,48.0,0.25,0.0,10.0,102.0,47.0,0.25,3.0,6.0,102.0,48.0,0.5,3.0,6.0,102.0,50.0,0.875,3.0,6.0,106.0,50.0,0.875,6.0,2.0,108.0,51.0,0.5,7.0,0.0,107.0,51.0,0.5,6.0,1.0,108.0,54.0,0.25,11.0,0.0,108.0,53.0,0.25,9.0,0.0,2023-07-10 14:51:00-07:00,14.85,0.5,0.5714285714285714,0.2857142857142857,0.46897810218978103,180.0,120.0,411.0,0.75,180.0,0.10401459854014598,0.0,0.46897810218978103,180.0,16000.0,2023-07-10T11:51:00-07:00,2023-07-10T12:51:00-07:00,180.0,0.0,0.0,0.0,False,False,,,False,False,False,False,0.0,,0.0,0.0,False,,0.0,0.0,0.0,,51.0,True,4.0,4.0,4.0,1.0,False,4,110.0,5:14 PM,,YESTERDAY,2023-07-11T01:26:00-07:00,CLIPHX_202307110826.txt,True,16.0,14.0,12.0,8.0,8.0,8.0,4.0,2.0,3.0,2.0,2.0,-2.0,True,111,2023-07-10T04:00:00-07:00,2023-07-10T06:00:00-07:00,2.0,PFMPSR_202307101100.txt,1.0,1.0
2023-07-11,109.0,2023-07-11 15:51:00-07:00,24,0.875,0.0,False,18.0,93.0,63.0,0.875,3.0,16.0,96.0,63.0,0.875,3.0,13.0,98.0,62.0,0.875,0.0,11.0,100.0,62.0,0.875,0.0,9.0,103.0,62.0,0.875,7.0,6.0,104.0,61.0,0.875,5.0,5.0,108.0,61.0,0.875,8.0,1.0,108.0,61.0,0.5,7.0,1.0,109.0,60.0,0.5,9.0,0.0,109.0,59.0,0.5,9.0,0.0,108.0,58.0,0.25,8.0,1.0,2023-07-11 15:51:00-07:00,15.85,0.78125,1.0,0.75,0.8272292993630573,471.0,411.0,471.0,0.75,180.0,0.21815286624203822,0.0,0.8272292993630573,471.0,15000.0,2023-07-11T08:51:00-07:00,2023-07-11T08:51:00-07:00,420.0,0.0,0.0,0.0,False,False,,,False,False,True,False,0.0,,110.0,18.0,False,,0.0,0.0,0.0,,63.0,True,5.0,5.0,5.0,1.0,False,3,111.0,3:39 PM,,YESTERDAY,2023-07-12T01:20:00-07:00,CLIPHX_202307120820.txt,True,18.0,15.0,13.0,11.0,8.0,7.0,3.0,3.0,2.0,2.0,3.0,-2.0,True,111,2023-07-11T04:00:00-07:00,2023-07-11T06:00:00-07:00,2.0,PFMPSR_202307111100.txt,0.0,0.0
2023-07-12,110.0,2023-07-12 14:51:00-07:00,24,0.875,0.0,False,16.0,96.0,58.0,0.875,8.0,14.0,97.0,58.0,0.875,6.0,13.0,99.0,57.0,0.875,0.0,11.0,103.0,58.0,0.875,4.0,7.0,102.0,58.0,0.875,6.0,8.0,105.0,58.0,0.875,8.0,5.0,106.0,58.0,0.5,6.0,4.0,110.0,56.0,0.5,8.0,0.0,108.0,56.0,0.25,10.0,2.0,109.0,57.0,0.25,13.0,1.0,108.0,57.0,0.25,6.0,2.0,2023-07-12 14:51:00-07:00,14.85,0.7678571428571429,1.0,0.7142857142857143,0.8202554744525548,411.0,351.0,411.0,0.75,180.0,0.32755474452554745,51.0,0.7290145985401459,351.0,14000.0,2023-07-12T08:51:00-07:00,2023-07-12T08:51:00-07:00,360.0,0.0,0.0,0.0,False,False,,,False,False,False,True,1.0,2023-07-12T11:51:00-07:00,140.0,15.0,False,,0.0,0.0,0.0,,58.0,True,3.0,3.0,4.0,2.0,False,4,111.0,4:59 PM,,YESTERDAY,2023-07-13T01:11:00-07:00,CLIPHX_202307130811.txt,True,15.0,14.0,12.0,8.0,9.0,6.0,5.0,1.0,3.0,2.0,3.0,-1.0,True,113,2023-07-12T04:00:00-07:00,2023-07-12T06:00:00-07:00,2.0,PFMPSR_202307121100.txt,2.0,2.0
2023-07-13,114.0,2023-07-13 16:51:00-07:00,24,0.875,0.0,False,20.0,97.0,57.0,0.25,7.0,17.0,99.0,56.0,0.25,6.0,15.0,102.0,55.0,0.5,7.0,12.0,105.0,55.0,0.5,3.0,9.0,107.0,55.0,0.25,4.0,7.0,110.0,55.0,0.25,12.0,4.0,112.0,53.0,0.25,10.0,2.0,113.0,54.0,0.5,12.0,1.0,112.0,54.0,0.25,8.0,2.0,114.0,54.0,0.25,11.0,0.0,111.0,53.0,0.25,13.0,3.0,2023-07-13 16:51:00-07:00,16.85,0.3333333333333333,0.3333333333333333,0.0,0.3347457627118644,180.0,0.0,531.0,0.3333333333333333,60.0,0.25,0.0,0.3064971751412429,120.0,,2023-07-13T09:51:00-07:00,,420.0,0.0,0.0,0.0,False,False,,,False,False,True,False,1.0,2023-07-13T15:51:00-07:00,80.0,20.0,False,,0.0,0.0,0.0,,56.0,True,5.0,5.0,5.0,0.0,False,2,114.0,5:07 PM,R,YESTERDAY,2023-07-14T01:15:00-07:00,CLIPHX_202307140815.txt,True,17.0,15.0,12.0,9.0,7.0,4.0,2.0,1.0,2.0,0.0,3.0,0.0,True,114,2023-07-13T04:00:00-07:00,2023-07-13T06:00:00-07:00,2.0,PFMPSR_202307131100.txt,0.0,0.0
2023-07-14,115.0,2023-07-14 15:51:00-07:00,24,0.875,0.0,False,20.0,97.0,57.0,0.5,5.0,18.0,100.0,58.0,0.5,3.0,15.0,103.0,56.0,0.5,6.0,12.0,106.0,56.0,0.5,6.0,9.0,107.0,56.0,0.5,4.0,8.0,112.0,54.0,0.5,9.0,3.0,112.0,52.0,0.5,6.0,3.0,114.0,51.0,0.875,9.0,1.0,115.0,49.0,0.875,14.0,0.0,115.0,48.0,0.5,12.0,0.0,114.0,46.0,0.5,8.0,1.0,2023-07-14 15:51:00-07:00,15.85,0.59375,1.0,0.25,0.5477707006369427,471.0,60.0,471.0,0.625,180.0,0.03184713375796178,0.0,0.25,0.0,30000.0,2023-07-14T08:51:00-07:00,2023-07-14T14:51:00-07:00,420.0,0.0,0.0,0.0,False,False,,,False,False,False,False,0.0,,60.0,20.0,False,,0.0,0.0,0.0,,58.0,True,6.0,4.0,5.0,3.0,False,3,116.0,4:40 PM,R,YESTERDAY,2023-07-15T01:18:00-07:00,CLIPHX_202307150818.txt,True,19.0,16.0,13.0,10.0,9.0,4.0,4.0,2.0,1.0,1.0,2.0,-1.0,True,117,2023-07-14T04:08:00-07:00,2023-07-14T06:00:00-07:00,1.8666666666666667,PFMPSR_202307141108.txt,1.0,1.0
2023-07-15,117.0,2023-07-15 15:51:00-07:00,24,0.5,0.0,False,20.0,97.0,61.0,0.25,4.0,20.0,102.0,58.0,0.25,0.0,15.0,105.0,57.0,0.25,5.0,12.0,108.0,56.0,0.5,8.0,9.0,112.0,55.0,0.5,12.0,5.0,112.0,54.0,0.25,10.0,5.0,114.0,51.0,0.25,9.0,3.0,116.0,50.0,0.25,10.0,1.0,117.0,48.0,0.25,10.0,0.0,115.0,46.0,0.25,11.0,2.0,117.0,42.0,0.25,14.0,0.0,2023-07-15 15:51:00-07:00,15.85,0.3125,0.25,0.0,0.31369426751592355,120.0,0.0,471.0,0.25,0.0,0.1592356687898089,0.0,0.25,0.0,,2023-07-15T10:51:00-07:00,,300.0,0.0,0.0,0.0,False,False,,,False,False,False,False,0.0,,90.0,19.0,False,,0.0,0.0,0.0,,58.0,True,8.0,7.0,2.0,3.0,False,3,118.0,6:01 PM,R,YESTERDAY,2023-07-16T01:17:00-07:00,CLIPHX_202307160817.txt,True,21.0,16.0,13.0,10.0,6.0,6.0,4.0,2.0,1.0,3.0,1.0,-1.0,True,118,2023-07-15T04:00:00-07:00,2023-07-15T06:00:00-07:00,2.0,PFMPSR_202307151100.txt,0.0,0.0
2023-07-16,113.0,2023-07-16 16:51:00-07:00,24,0.875,0.0,False,18.0,98.0,61.0,0.5,4.0,15.0,100.0,61.0,0.875,4.0,13.0,102.0,60.0,0.875,8.0,11.0,104.0,60.0,0.875,11.0,9.0,107.0,60.0,0.875,11.0,6.0,110.0,60.0,0.875,10.0,3.0,111.0,60.0,0.875,12.0,2.0,110.0,59.0,0.875,6.0,3.0,111.0,58.0,0.5,6.0,2.0,113.0,58.0,0.5,6.0,0.0,113.0,56.0,0.5,6.0,0.0,2023-07-16 16:51:00-07:00,16.85,0.7916666666666666,1.0,0.7777777777777778,0.7966101694915254,531.0,420.0,531.0,0.75,180.0,0.14124293785310735,0.0,0.3629943502824859,240.0,25000.0,2023-07-16T08:51:00-07:00,2023-07-16T08:51:00-07:00,480.0,0.0,0.0,0.0,False,False,,,False,False,False,False,1.0,2023-07-16T14:51:00-07:00,150.0,18.0,False,,0.0,0.0,0.0,,61.0,True,4.0,5.0,4.0,0.0,False,2,114.0,4:29 PM,,YESTERDAY,2023-07-17T01:31:00-07:00,CLIPHX_202307170831.txt,True,16.0,14.0,12.0,10.0,7.0,4.0,3.0,4.0,3.0,1.0,1.0,-1.0,True,118,2023-07-16T04:06:00-07:00,2023-07-16T06:00:00-07:00,1.9,PFMPSR_202307161106.txt,4.0,4.0
2023-07-17,115.0,2023-07-17 14:51:00-07:00,28,0.875,0.0,False,43.0,98.0,59.0,0.5,5.0,17.0,100.0,60.0,0.5,4.0,15.0,102.0,58.0,0.5,0.0,13.0,105.0,58.0,0.5,4.0,10.0,109.0,58.0,0.5,7.0,6.0,110.0,57.0,0.5,6.0,5.0,114.0,57.0,0.5,10.0,1.0,115.0,56.0,0.5,9.0,0.0,114.0,56.0,0.25,7.0,1.0,115.0,52.0,0.25,12.0,0.0,114.0,53.0,0.5,9.0,1.0,2023-07-17 14:51:00-07:00,14.85,0.5,1.0,0.0,0.5,411.0,0.0,411.0,0.5,180.0,0.0,0.0,0.072992700729927,0.0,,2023-07-17T08:51:00-07:00,,360.0,0.0,0.0,0.0,False,False,,,False,False,True,True,0.0,,130.0,17.0,False,,0.0,0.0,0.0,,60.0,True,4.0,7.0,5.0,0.0,False,4,116.0,5:10 PM,R,YESTERDAY,2023-07-18T01:23:00-07:00,CLIPHX_202307180823.txt,True,18.0,16.0,14.0,11.0,7.0,6.0,2.0,1.0,2.0,1.0,2.0,-1.0,True,116,2023-07-17T04:03:00-07:00,2023-07-17T06:00:00-07:00,1.95,PFMPSR_202307171103.txt,0.0,0.0
2023-07-18,118.0,2023-07-18 16:51:00-07:00,25,0.875,0.0,False,26.0,97.0,60.0,0.875,6.0,21.0,102.0,59.0,0.875,3.0,16.0,105.0,57.0,0.875,0.0,13.0,107.0,56.0,0.5,0.0,11.0,109.0,56.0,0.5,4.0,9.0,112.0,57.0,0.5,8.0,6.0,114.0,56.0,0.25,8.0,4.0,116.0,53.0,0.25,7.0,2.0,116.0,53.0,0.25,7.0,2.0,118.0,51.0,0.25,16.0,0.0,116.0,49.0,0.875,11.0,2.0,2023-07-18 16:51:00-07:00,16.85,0.4722222222222222,0.5555555555555556,0.2222222222222222,0.5360169491525424,351.0,171.0,531.0,0.25,0.0,0.19350282485875706,0.0,0.25,0.0,29000.0,2023-07-18T08:51:00-07:00,2023-07-18T08:51:00-07:00,480.0,0.0,0.0,0.0,False,False,,,False,False,True,True,0.0,,100.0,23.0,False,,0.0,0.0,0.0,,59.0,True,8.0,4.0,5.0,2.0,False,3,118.0,5:03 PM,R,YESTERDAY,2023-07-19T01:32:00-07:00,CLIPHX_202307190832.txt,True,21.0,16.0,13.0,11.0,9.0,6.0,4.0,2.0,2.0,0.0,2.0,0.0,True,117,2023-07-18T04:00:00-07:00,2023-07-18T06:00:00-07:00,2.0,PFMPSR_202307181100.txt,-1.0,1.0
2023-07-19,118.0,2023-07-19 16:51:00-07:00,24,0.875,0.0,False,27.0,100.0,58.0,0.0,4.0,18.0,102.0,56.0,0.0,6.0,16.0,107.0,56.0,0.0,3.0,11.0,109.0,54.0,0.0,3.0,9.0,113.0,53.0,0.25,3.0,5.0,116.0,51.0,0.25,10.0,2.0,116.0,49.0,0.25,5.0,2.0,117.0,48.0,0.25,11.0,1.0,117.0,47.0,0.25,12.0,1.0,118.0,49.0,0.25,8.0,0.0,117.0,47.0,0.5,14.0,1.0,2023-07-19 16:51:00-07:00,16.85,0.16666666666666666,0.0,0.0,0.14124293785310735,0.0,0.0,531.0,0.25,0.0,0.11299435028248588,0.0,0.14124293785310735,0.0,,,,,0.0,0.0,0.0,False,False,,,False,False,False,False,0.0,,170.0,27.0,False,,0.0,0.0,0.0,,56.0,True,7.0,6.0,3.0,1.0,False,2,119.0,2:42 PM,R,YESTERDAY,2023-07-20T01:31:00-07:00,CLIPHX_202307200831.txt,True,19.0,17.0,12.0,10.0,6.0,3.0,3.0,2.0,2.0,1.0,2.0,-1.0,True,118,2023-07-19T04:00:00-07:00,2023-07-19T06:00:00-07:00,2.0,PFMPSR_202307191100.txt,-1.0,1.0
2023-07-20,119.0,2023-07-20 15:51:00-07:00,24,0.5,0.0,False,21.0,97.0,55.0,0.25,4.0,22.0,101.0,54.0,0.25,5.0,18.0,106.0,53.0,0.25,6.0,13.0,109.0,52.0,0.25,5.0,10.0,111.0,52.0,0.25,7.0,8.0,115.0,51.0,0.25,10.0,4.0,116.0,44.0,0.25,14.0,3.0,118.0,40.0,0.25,13.0,1.0,119.0,46.0,0.25,11.0,0.0,118.0,46.0,0.25,14.0,1.0,116.0,44.0,0.25,16.0,3.0,2023-07-20 15:51:00-07:00,15.85,0.25,0.0,0.0,0.25,0.0,0.0,471.0,0.25,0.0,0.15445859872611464,0.0,0.25,0.0,,,,,0.0,0.0,0.0,False,False,,,False,False,False,False,0.0,,40.0,21.0,False,,0.0,0.0,0.0,,54.0,True,9.0,5.0,5.0,3.0,False,3,119.0,3:53 PM,R,YESTERDAY,2023-07-21T01:19:00-07:00,CLIPHX_202307210819.txt,True,22.0,18.0,13.0,10.0,8.0,4.0,3.0,1.0,0.0,1.0,3.0,0.0,True,119,2023-07-20T04:11:00-07:00,2023-07-20T06:00:00-07:00,1.8166666666666669,PFMPSR_202307201111.txt,0.0,0.0
2023-07-21,115.0,2023-07-21 16:51:00-07:00,25,0.875,0.0,False,39.0,95.0,63.0,0.25,14.0,20.0,96.0,62.0,0.25,13.0,19.0,100.0,61.0,0.25,6.0,15.0,105.0,58.0,0.25,5.0,10.0,107.0,56.0,0.5,6.0,8.0,109.0,56.0,0.5,7.0,6.0,113.0,56.0,0.5,6.0,2.0,114.0,52.0,0.5,7.0,1.0,114.0,51.0,0.5,14.0,1.0,115.0,49.0,0.5,8.0,0.0,114.0,43.0,0.5,12.0,1.0,2023-07-21 16:51:00-07:00,16.85,0.4166666666666667,0.6666666666666666,0.0,0.3912429378531073,300.0,0.0,531.0,0.5,180.0,0.14124293785310735,0.0,0.25,0.0,,2023-07-21T11:51:00-07:00,,300.0,0.0,0.0,0.0,False,False,,,False,False,True,True,0.0,,70.0,21.0,False,,0.0,0.0,0.0,,62.0,True,5.0,7.0,6.0,1.0,False,2,117.0,5:28 PM,,YESTERDAY,2023-07-22T01:29:00-07:00,CLIPHX_202307220829.txt,True,22.0,21.0,17.0,12.0,10.0,8.0,4.0,3.0,3.0,2.0,3.0,-2.0,True,119,2023-07-21T04:13:00-07:00,2023-07-21T06:00:00-07:00,1.7833333333333334,PFMPSR_202307211113.txt,2.0,2.0
2023-07-22,116.0,2023-07-22 14:51:00-07:00,28,0.875,0.0,True,34.0,100.0,55.0,0.875,5.0,16.0,102.0,55.0,0.875,4.0,14.0,104.0,54.0,0.875,3.0,12.0,108.0,52.0,0.875,0.0,8.0,108.0,52.0,0.875,0.0,8.0,111.0,50.0,0.875,4.0,5.0,115.0,49.0,0.875,5.0,1.0,116.0,49.0,0.875,6.0,0.0,116.0,49.0,0.5,11.0,0.0,115.0,49.0,0.5,11.0,1.0,115.0,47.0,0.5,8.0,1.0,2023-07-22 14:51:00-07:00,14.85,0.875,1.0,1.0,0.875,411.0,411.0,411.0,0.875,180.0,0.0,0.0,0.7655109489051095,411.0,20000.0,2023-07-22T08:51:00-07:00,2023-07-22T08:51:00-07:00,360.0,0.0,0.0,0.0,False,False,,,False,True,True,True,0.0,,150.0,0.0,False,,0.0,0.0,0.0,,55.0,True,4.0,4.0,7.0,1.0,False,4,118.0,3:16 PM,R,YESTERDAY,2023-07-23T01:16:00-07:00,CLIPHX_202307230816.txt,True,18.0,16.0,14.0,10.0,10.0,7.0,3.0,2.0,2.0,3.0,3.0,-2.0,True,115,2023-07-22T04:05:00-07:00,2023-07-22T06:00:00-07:00,1.9166666666666667,PFMPSR_202307221105.txt,-3.0,3.0
2023-07-23,114.0,2023-07-23 15:51:00-07:00,24,0.875,0.0,False,27.0,96.0,59.0,0.875,4.0,18.0,98.0,59.0,0.875,0.0,16.0,102.0,58.0,0.875,6.0,12.0,106.0,57.0,0.5,9.0,8.0,108.0,56.0,0.5,5.0,6.0,110.0,55.0,0.5,10.0,4.0,113.0,53.0,0.875,6.0,1.0,113.0,54.0,0.875,9.0,1.0,114.0,52.0,0.875,11.0,0.0,111.0,54.0,0.875,7.0,3.0,111.0,53.0,0.875,5.0,3.0,2023-07-23 15:51:00-07:00,15.85,0.734375,1.0,0.625,0.731687898089172,471.0,291.0,471.0,0.75,180.0,0.37738853503184716,240.0,0.5406050955414012,471.0,23000.0,2023-07-23T08:51:00-07:00,2023-07-23T08:51:00-07:00,420.0,0.0,0.0,0.0,False,False,,,False,False,True,False,0.0,,100.0,16.0,False,,0.0,0.0,0.0,,59.0,True,6.0,6.0,5.0,1.0,False,3,114.0,3:51 PM,,YESTERDAY,2023-07-24T01:37:00-07:00,CLIPHX_202307240837.txt,True,18.0,16.0,12.0,8.0,6.0,4.0,1.0,1.0,0.0,3.0,3.0,0.0,True,116,2023-07-23T04:00:00-07:00,2023-07-23T06:00:00-07:00,2.0,PFMPSR_202307231100.txt,2.0,2.0
2023-07-24,115.0,2023-07-24 15:51:00-07:00,20,0.875,0.0,False,23.0,98.0,57.0,0.5,6.0,17.0,101.0,58.0,0.5,5.0,14.0,103.0,57.0,0.5,0.0,12.0,,,,,,,,,,,,,,,,,,,,,113.0,54.0,0.5,6.0,2.0,115.0,53.0,0.5,0.0,0.0,114.0,53.0,0.5,0.0,1.0,113.0,51.0,0.875,9.0,2.0,2023-07-24 15:51:00-07:00,15.85,0.5,1.0,0.0,0.5,261.0,0.0,261.0,0.5,60.0,0.05747126436781609,0.0,0.41379310344827586,171.0,,2023-07-24T08:51:00-07:00,,420.0,0.0,0.0,0.0,False,False,,,False,False,True,True,0.0,,160.0,0.0,False,,0.0,0.0,0.0,,58.0,True,5.0,,,,False,3,116.0,3:36 PM,R,YESTERDAY,2023-07-25T01:26:00-07:00,CLIPHX_202307250826.txt,True,18.0,15.0,13.0,,,,,3.0,1.0,2.0,3.0,-1.0,True,115,2023-07-24T04:08:00-07:00,2023-07-24T06:00:00-07:00,1.8666666666666667,PFMPSR_202307241108.txt,-1.0,1.0
2023-07-25,117.0,2023-07-25 15:51:00-07:00,23,0.875,0.0,False,17.0,97.0,59.0,0.25,3.0,20.0,100.0,58.0,0.25,3.0,17.0,103.0,55.0,0.25,4.0,14.0,107.0,55.0,0.25,5.0,10.0,109.0,54.0,0.25,4.0,8.0,112.0,54.0,0.25,5.0,5.0,114.0,53.0,0.25,3.0,3.0,114.0,51.0,0.5,4.0,3.0,117.0,50.0,0.5,5.0,0.0,116.0,49.0,0.5,8.0,1.0,115.0,49.0,0.5,9.0,2.0,2023-07-25 15:51:00-07:00,15.85,0.3125,0.25,0.0,0.2818471337579618,60.0,0.0,471.0,0.3333333333333333,60.0,0.25,0.0,0.25,0.0,,2023-07-25T14:51:00-07:00,,60.0,0.0,0.0,0.0,False,False,,,False,False,True,True,0.0,,150.0,0.0,False,,0.0,0.0,0.0,,58.0,True,6.0,6.0,5.0,3.0,False,3,119.0,4:42 PM,R,YESTERDAY,2023-07-26T01:27:00-07:00,CLIPHX_202307260827.txt,True,22.0,19.0,16.0,12.0,10.0,7.0,5.0,5.0,2.0,3.0,4.0,-2.0,True,118,2023-07-25T04:00:00-07:00,2023-07-25T06:00:00-07:00,2.0,PFMPSR_202307251100.txt,-1.0,1.0
2023-07-26,117.0,2023-07-26 14:51:00-07:00,30,1.0,0.0,True,37.0,99.0,54.0,0.5,6.0,18.0,101.0,56.0,0.25,0.0,16.0,105.0,53.0,0.25,0.0,12.0,110.0,52.0,0.25,7.0,7.0,111.0,52.0,0.25,5.0,6.0,115.0,53.0,0.5,11.0,2.0,115.0,55.0,0.25,14.0,2.0,117.0,56.0,0.25,10.0,0.0,117.0,52.0,0.25,17.0,0.0,117.0,50.0,0.25,11.0,0.0,114.0,50.0,0.25,14.0,3.0,2023-07-26 14:51:00-07:00,14.85,0.2857142857142857,0.14285714285714285,0.0,0.3175182481751825,111.0,0.0,411.0,0.3333333333333333,60.0,0.177007299270073,0.0,0.25,0.0,,2023-07-26T12:51:00-07:00,,120.0,0.0,0.0,0.0,False,False,,,False,True,True,True,0.0,,50.0,25.0,False,,0.0,0.0,0.0,,56.0,True,6.0,6.0,4.0,2.0,False,4,118.0,4:32 PM,R,YESTERDAY,2023-07-27T01:24:00-07:00,CLIPHX_202307270824.txt,True,19.0,17.0,13.0,8.0,7.0,3.0,3.0,1.0,1.0,1.0,4.0,-1.0,True,119,2023-07-26T04:12:00-07:00,2023-07-26T06:00:00-07:00,1.8,PFMPSR_202307261112.txt,1.0,1.0
2023-07-27,115.0,2023-07-27 15:51:00-07:00,25,0.875,0.0,False,22.0,95.0,64.0,0.5,9.0,20.0,98.0,60.0,0.5,6.0,17.0,102.0,58.0,0.5,6.0,13.0,104.0,58.0,0.5,3.0,11.0,107.0,57.0,0.5,3.0,8.0,109.0,57.0,0.5,4.0,6.0,111.0,54.0,0.5,7.0,4.0,112.0,53.0,0.5,3.0,3.0,115.0,52.0,0.5,10.0,0.0,114.0,51.0,0.5,15.0,1.0,114.0,54.0,0.5,12.0,1.0,2023-07-27 15:51:00-07:00,15.85,0.5,1.0,0.0,0.5,471.0,0.0,471.0,0.5,180.0,0.25,0.0,0.3089171974522293,111.0,,2023-07-27T08:51:00-07:00,,420.0,0.0,0.0,0.0,False,False,,,False,False,True,True,0.0,,180.0,21.0,False,,0.0,0.0,0.0,,60.0,True,7.0,5.0,4.0,4.0,False,3,115.0,5:20 PM,,YESTERDAY,2023-07-28T01:19:00-07:00,CLIPHX_202307280819.txt,True,20.0,17.0,13.0,11.0,8.0,6.0,4.0,3.0,0.0,1.0,1.0,0.0,True,116,2023-07-27T04:00:00-07:00,2023-07-27T06:00:00-07:00,2.0,PFMPSR_202307271100.txt,1.0,1.0
2023-07-28,115.0,2023-07-28 15:51:00-07:00,25,0.875,0.0,False,23.0,99.0,61.0,0.875,5.0,16.0,100.0,60.0,0.875,3.0,15.0,103.0,59.0,0.875,7.0,12.0,106.0,64.0,0.875,11.0,9.0,107.0,61.0,0.5,8.0,8.0,108.0,60.0,0.5,3.0,7.0,113.0,57.0,0.875,4.0,2.0,112.0,56.0,0.875,10.0,3.0,115.0,55.0,0.875,10.0,0.0,114.0,54.0,0.875,8.0,1.0,113.0,53.0,0.875,10.0,2.0,2023-07-28 15:51:00-07:00,15.85,0.78125,1.0,0.75,0.7794585987261147,471.0,351.0,471.0,0.75,180.0,0.31369426751592355,120.0,0.4450636942675159,291.0,25000.0,2023-07-28T08:51:00-07:00,2023-07-28T08:51:00-07:00,420.0,0.0,0.0,0.0,False,False,,,False,False,True,True,1.0,2023-07-28T14:51:00-07:00,170.0,16.0,False,,0.0,0.0,0.0,,64.0,True,4.0,4.0,6.0,2.0,False,3,116.0,4:31 PM,,YESTERDAY,2023-07-29T01:15:00-07:00,CLIPHX_202307290815.txt,True,17.0,16.0,13.0,10.0,9.0,8.0,3.0,4.0,1.0,2.0,3.0,-1.0,True,115,2023-07-28T04:00:00-07:00,2023-07-28T06:00:00-07:00,2.0,PFMPSR_202307281100.txt,-1.0,1.0
2023-07-29,113.0,2023-07-29 14:51:00-07:00,24,1.0,0.0,False,17.0,99.0,57.0,1.0,4.0,14.0,101.0,57.0,1.0,0.0,12.0,102.0,58.0,0.875,6.0,11.0,104.0,57.0,0.875,5.0,9.0,107.0,56.0,0.5,5.0,6.0,110.0,56.0,0.5,6.0,3.0,111.0,56.0,0.5,3.0,2.0,113.0,56.0,0.5,8.0,0.0,113.0,55.0,0.5,10.0,0.0,113.0,55.0,0.5,10.0,0.0,113.0,54.0,0.5,9.0,0.0,2023-07-29 14:51:00-07:00,14.85,0.6785714285714286,1.0,0.42857142857142855,0.7445255474452555,411.0,231.0,411.0,0.5,180.0,0.06751824817518248,0.0,0.656021897810219,411.0,20000.0,2023-07-29T08:51:00-07:00,2023-07-29T08:51:00-07:00,360.0,0.0,0.0,0.0,False,False,,,False,False,True,True,0.0,,60.0,17.0,False,,0.0,0.0,0.0,,58.0,True,3.0,5.0,4.0,2.0,False,4,115.0,4:22 PM,R,YESTERDAY,2023-07-30T01:15:00-07:00,CLIPHX_202307300815.txt,True,16.0,14.0,13.0,11.0,8.0,5.0,4.0,2.0,2.0,2.0,2.0,-2.0,True,116,2023-07-29T04:00:00-07:00,2023-07-29T06:00:00-07:00,2.0,PFMPSR_202307291100.txt,1.0,1.0
2023-07-30,111.0,2023-07-30 16:51:00-07:00,25,0.875,0.0,False,33.0,96.0,62.0,0.875,9.0,15.0,97.0,62.0,0.875,13.0,14.0,100.0,61.0,0.875,11.0,11.0,102.0,63.0,0.875,8.0,9.0,101.0,64.0,0.875,9.0,10.0,104.0,60.0,0.875,9.0,7.0,106.0,58.0,0.875,3.0,5.0,108.0,57.0,0.5,5.0,3.0,108.0,56.0,0.5,4.0,3.0,111.0,55.0,0.5,9.0,0.0,111.0,52.0,0.875,7.0,0.0,2023-07-30 16:51:00-07:00,16.85,0.75,1.0,0.6666666666666666,0.7902542372881356,531.0,411.0,531.0,0.625,180.0,0.2740112994350282,51.0,0.7055084745762712,531.0,14000.0,2023-07-30T08:51:00-07:00,2023-07-30T08:51:00-07:00,480.0,0.0,0.0,0.0,False,False,,,False,False,True,True,1.0,2023-07-30T11:51:00-07:00,50.0,19.0,False,,0.0,0.0,0.0,,64.0,True,4.0,1.0,5.0,2.0,False,2,112.0,5:12 PM,,YESTERDAY,2023-07-31T01:38:00-07:00,CLIPHX_202307310838.txt,True,16.0,15.0,12.0,10.0,11.0,8.0,6.0,4.0,4.0,1.0,1.0,-1.0,True,113,2023-07-30T04:20:00-07:00,2023-07-30T06:00:00-07:00,1.6666666666666667,PFMPSR_202307301120.txt,1.0,1.0
2023-07-31,107.0,2023-07-31 14:51:00-07:00,31,0.875,0.0,True,33.0,89.0,66.0,0.25,4.0,18.0,92.0,65.0,0.25,4.0,15.0,93.0,64.0,0.25,4.0,14.0,95.0,64.0,0.25,0.0,12.0,98.0,63.0,0.25,6.0,9.0,100.0,62.0,0.5,3.0,7.0,104.0,61.0,0.25,5.0,3.0,107.0,61.0,0.25,6.0,0.0,105.0,59.0,0.5,4.0,2.0,107.0,59.0,0.875,6.0,0.0,105.0,57.0,0.875,9.0,2.0,2023-07-31 14:51:00-07:00,14.85,0.2777777777777778,0.1111111111111111,0.0,0.2864963503649635,60.0,0.0,411.0,0.3333333333333333,60.0,0.21350364963503649,0.0,0.25,0.0,,2023-07-31T12:51:00-07:00,,120.0,0.0,0.0,0.0,False,False,,,True,True,True,True,1.0,2023-07-31T08:11:00-07:00,160.0,0.0,False,,0.0,0.0,0.0,,66.0,True,4.0,5.0,6.0,1.0,False,4,108.0,5:03 PM,,YESTERDAY,2023-08-01T01:28:00-07:00,CLIPHX_202308010828.txt,True,19.0,16.0,15.0,13.0,10.0,8.0,4.0,1.0,3.0,1.0,3.0,-1.0,True,108,2023-07-31T05:26:00-07:00,2023-07-31T06:00:00-07:00,0.5666666666666667,PFMPSR_202307311226.txt,0.0,0.0
2023-08-01,109.0,2023-08-01 13:51:00-07:00,25,0.875,0.0,False,19.0,90.0,63.0,0.25,9.0,19.0,93.0,62.0,0.25,6.0,16.0,97.0,60.0,0.25,4.0,12.0,100.0,58.0,0.25,5.0,9.0,103.0,58.0,0.25,6.0,6.0,106.0,59.0,0.25,7.0,3.0,109.0,58.0,0.5,3.0,0.0,107.0,56.0,0.875,7.0,2.0,107.0,57.0,0.5,10.0,2.0,107.0,55.0,0.5,5.0,2.0,105.0,56.0,0.25,5.0,4.0,2023-08-01 13:51:00-07:00,13.85,0.2916666666666667,0.16666666666666666,0.0,0.25,0.0,0.0,351.0,0.25,0.0,0.25,0.0,0.25,0.0,,2023-08-01T13:51:00-07:00,,0.0,0.0,0.0,0.0,False,False,,,False,False,True,True,0.0,,50.0,0.0,False,,0.0,0.0,0.0,,62.0,True,7.0,6.0,6.0,-2.0,False,6,109.0,2:42 PM,,YESTERDAY,2023-08-02T01:20:00-07:00,CLIPHX_202308020820.txt,True,19.0,16.0,12.0,9.0,6.0,3.0,0.0,2.0,2.0,2.0,4.0,0.0,True,109,2023-08-01T04:20:00-07:00,2023-08-01T06:00:00-07:00,1.6666666666666667,PFMPSR_202308011120.txt,0.0,0.0
2023-08-02,110.0,2023-08-02 14:51:00-07:00,25,0.875,0.0,False,22.0,97.0,58.0,0.875,4.0,13.0,99.0,58.0,0.875,0.0,11.0,103.0,59.0,0.875,7.0,7.0,102.0,59.0,0.875,3.0,8.0,103.0,57.0,0.875,7.0,7.0,108.0,57.0,0.875,8.0,2.0,107.0,56.0,0.875,8.0,3.0,110.0,53.0,0.5,5.0,0.0,108.0,53.0,0.5,7.0,2.0,110.0,52.0,0.25,14.0,0.0,108.0,53.0,0.25,13.0,2.0,2023-08-02 14:51:00-07:00,14.85,0.8214285714285714,1.0,0.8571428571428571,0.875,411.0,411.0,411.0,0.875,180.0,0.3594890510948905,240.0,0.5,411.0,22000.0,2023-08-02T08:51:00-07:00,2023-08-02T08:51:00-07:00,360.0,0.0,0.0,0.0,False,False,,,False,False,False,True,1.0,2023-08-02T10:51:00-07:00,170.0,0.0,False,,0.0,0.0,0.0,,59.0,True,6.0,0.0,4.0,1.0,True,5,111.0,4:30 PM,,YESTERDAY,2023-08-03T01:26:00-07:00,CLIPHX_202308030826.txt,True,14.0,12.0,8.0,9.0,8.0,3.0,4.0,1.0,3.0,1.0,3.0,-1.0,True,110,2023-08-02T04:07:00-07:00,2023-08-02T06:00:00-07:00,1.8833333333333333,PFMPSR_202308021107.txt,-1.0,1.0
2023-08-03,110.0,2023-08-03 15:51:00-07:00,25,0.5,0.0,False,16.0,96.0,58.0,0.5,5.0,14.0,97.0,56.0,0.5,3.0,13.0,102.0,55.0,0.5,0.0,8.0,104.0,54.0,0.5,0.0,6.0,105.0,54.0,0.25,3.0,5.0,107.0,54.0,0.25,0.0,3.0,107.0,54.0,0.25,5.0,3.0,109.0,50.0,0.25,9.0,1.0,110.0,47.0,0.25,10.0,0.0,109.0,45.0,0.25,5.0,1.0,110.0,42.0,0.25,8.0,0.0,2023-08-03 15:51:00-07:00,15.85,0.3333333333333333,0.3333333333333333,0.0,0.37261146496815284,231.0,0.0,471.0,0.25,0.0,0.3089171974522293,111.0,0.37261146496815284,231.0,,2023-08-03T08:51:00-07:00,,420.0,0.0,0.0,0.0,False,False,,,False,False,False,False,0.0,,0.0,16.0,False,,0.0,0.0,0.0,,56.0,True,6.0,3.0,2.0,3.0,False,3,113.0,3:44 PM,,YESTERDAY,2023-08-04T09:00:00-07:00,CLIPHX_202308041600.txt,True,17.0,16.0,11.0,9.0,8.0,6.0,6.0,4.0,3.0,4.0,3.0,-3.0,True,112,2023-08-03T04:03:00-07:00,2023-08-03T06:00:00-07:00,1.95,PFMPSR_202308031103.txt,-1.0,1.0
2023-08-04,113.0,2023-08-04 16:51:00-07:00,25,0.25,0.0,False,,92.0,48.0,0.25,6.0,21.0,96.0,43.0,0.25,4.0,17.0,100.0,45.0,0.0,5.0,13.0,103.0,43.0,0.0,0.0,10.0,106.0,39.0,0.0,4.0,7.0,110.0,39.0,0.0,5.0,3.0,112.0,39.0,0.25,5.0,1.0,111.0,37.0,0.25,0.0,2.0,111.0,37.0,0.25,3.0,2.0,113.0,36.0,0.25,0.0,0.0,111.0,36.0,0.25,7.0,2.0,2023-08-04 16:51:00-07:00,16.85,0.15,0.0,0.0,0.1370056497175141,0.0,0.0,531.0,0.25,0.0,0.052259887005649715,0.0,0.052259887005649715,0.0,,,,,0.0,0.0,0.0,False,False,,,False,False,False,False,1.0,2023-08-04T14:51:00-07:00,170.0,0.0,False,,0.0,0.0,0.0,,45.0,False,8.0,6.0,6.0,-1.0,False,2,115.0,4:37 PM,,YESTERDAY,2023-08-05T01:30:00-07:00,CLIPHX_202308050830.txt,True,23.0,19.0,15.0,12.0,9.0,5.0,3.0,4.0,4.0,2.0,4.0,-2.0,True,114,2023-08-04T04:00:00-07:00,2023-08-04T06:00:00-07:00,2.0,PFMPSR_202308041100.txt,-1.0,1.0
2023-08-05,116.0,2023-08-05 14:51:00-07:00,24,0.25,0.0,False,21.0,94.0,46.0,0.0,7.0,22.0,98.0,39.0,0.0,5.0,18.0,103.0,38.0,0.0,5.0,13.0,106.0,38.0,0.0,3.0,10.0,108.0,38.0,0.0,5.0,8.0,111.0,36.0,0.0,0.0,5.0,113.0,33.0,0.0,6.0,3.0,116.0,30.0,0.25,13.0,0.0,113.0,25.0,0.25,3.0,3.0,115.0,27.0,0.25,14.0,1.0,113.0,27.0,0.25,11.0,3.0,2023-08-05 14:51:00-07:00,14.85,0.03571428571428571,0.0,0.0,0.0,0.0,0.0,411.0,0.0,0.0,0.0,0.0,0.0,0.0,,,,,0.0,0.0,0.0,False,False,,,False,False,False,False,0.0,,140.0,0.0,False,,0.0,0.0,0.0,,39.0,False,9.0,5.0,5.0,0.0,False,4,116.0,4:37 PM,R,YESTERDAY,2023-08-06T01:22:00-07:00,CLIPHX_202308060822.txt,True,22.0,18.0,13.0,10.0,8.0,5.0,3.0,0.0,3.0,1.0,3.0,0.0,True,116,2023-08-05T04:11:00-07:00,2023-08-05T06:00:00-07:00,1.8166666666666669,PFMPSR_202308051111.txt,0.0,0.0
2023-08-06,112.0,2023-08-06 14:51:00-07:00,24,0.875,0.0,False,21.0,95.0,42.0,0.25,6.0,17.0,98.0,40.0,0.25,4.0,14.0,100.0,42.0,0.25,0.0,12.0,102.0,46.0,0.25,5.0,10.0,106.0,47.0,0.25,4.0,6.0,108.0,48.0,0.25,7.0,4.0,108.0,55.0,0.5,6.0,4.0,112.0,56.0,0.5,12.0,0.0,111.0,57.0,0.5,15.0,1.0,112.0,61.0,0.5,9.0,0.0,110.0,62.0,0.875,10.0,2.0,2023-08-06 14:51:00-07:00,14.85,0.32142857142857145,0.2857142857142857,0.0,0.2864963503649635,60.0,0.0,411.0,0.3333333333333333,60.0,0.25,0.0,0.2864963503649635,60.0,,2023-08-06T13:51:00-07:00,,60.0,0.0,0.0,0.0,False,False,,,False,False,False,True,0.0,,10.0,20.0,False,,0.0,0.0,0.0,,56.0,True,5.0,6.0,2.0,3.0,False,4,114.0,4:55 PM,R,YESTERDAY,2023-08-07T01:32:00-07:00,CLIPHX_202308070832.txt,True,19.0,16.0,14.0,12.0,8.0,6.0,6.0,2.0,3.0,2.0,4.0,-2.0,True,114,2023-08-06T04:00:00-07:00,2023-08-06T06:00:00-07:00,2.0,PFMPSR_202308061100.txt,0.0,0.0
2023-08-07,111.0,2023-08-07 14:51:00-07:00,25,0.875,0.0,False,22.0,95.0,68.0,0.25,5.0,16.0,96.0,68.0,0.25,3.0,15.0,98.0,66.0,0.25,0.0,13.0,103.0,63.0,0.25,0.0,8.0,105.0,61.0,0.25,4.0,6.0,106.0,59.0,0.25,0.0,5.0,108.0,55.0,0.25,4.0,3.0,111.0,55.0,0.25,5.0,0.0,108.0,55.0,0.25,4.0,3.0,109.0,56.0,0.25,11.0,2.0,110.0,57.0,0.25,14.0,1.0,2023-08-07 14:51:00-07:00,14.85,0.25,0.0,0.0,0.25,0.0,0.0,411.0,0.25,0.0,0.25,0.0,0.25,0.0,,,,,0.0,0.0,0.0,False,False,,,False,False,True,True,0.0,,10.0,16.0,False,,0.0,0.0,0.0,,68.0,True,3.0,7.0,3.0,0.0,False,5,111.0,5:35 PM,,YESTERDAY,2023-08-08T01:30:00-07:00,CLIPHX_202308080830.txt,True,16.0,15.0,13.0,8.0,6.0,5.0,3.0,0.0,3.0,2.0,1.0,0.0,True,111,2023-08-07T04:00:00-07:00,2023-08-07T06:00:00-07:00,2.0,PFMPSR_202308071100.txt,0.0,0.0
2023-08-08,110.0,2023-08-08 15:51:00-07:00,32,0.875,0.0,True,27.0,88.0,68.0,0.875,8.0,22.0,92.0,70.0,0.875,7.0,18.0,98.0,64.0,0.5,7.0,12.0,101.0,63.0,0.5,5.0,9.0,103.0,61.0,0.5,7.0,7.0,107.0,60.0,0.5,7.0,3.0,107.0,60.0,0.5,14.0,3.0,107.0,61.0,0.5,5.0,3.0,110.0,61.0,0.25,14.0,0.0,110.0,60.0,0.25,15.0,0.0,106.0,58.0,0.25,9.0,4.0,2023-08-08 15:51:00-07:00,15.85,0.5138888888888888,0.8888888888888888,0.1111111111111111,0.5883757961783439,471.0,111.0,471.0,0.5,180.0,0.3495222929936306,111.0,0.429140127388535,171.0,16000.0,2023-08-08T08:51:00-07:00,2023-08-08T08:51:00-07:00,420.0,0.0,0.0,0.0,False,False,,,True,False,True,True,1.0,2023-08-08T14:53:00-07:00,100.0,27.0,False,,0.0,0.0,0.0,,70.0,True,10.0,5.0,4.0,3.0,False,3,110.0,5:17 PM,,YESTERDAY,2023-08-09T01:25:00-07:00,CLIPHX_202308090825.txt,True,22.0,18.0,12.0,9.0,7.0,3.0,3.0,3.0,0.0,0.0,4.0,0.0,True,110,2023-08-08T05:47:00-07:00,2023-08-08T06:00:00-07:00,0.2166666666666666,PFMPSR_202308081247.txt,0.0,0.0
2023-08-09,109.0,2023-08-09 14:51:00-07:00,24,0.875,0.0,False,23.0,93.0,63.0,0.875,7.0,16.0,95.0,64.0,0.5,6.0,14.0,98.0,64.0,0.25,3.0,11.0,100.0,64.0,0.25,3.0,9.0,102.0,62.0,0.25,0.0,7.0,104.0,62.0,0.25,0.0,5.0,107.0,62.0,0.25,0.0,2.0,109.0,59.0,0.5,14.0,0.0,109.0,58.0,0.25,12.0,0.0,109.0,57.0,0.25,16.0,0.0,107.0,57.0,0.25,9.0,2.0,2023-08-09 14:51:00-07:00,14.85,0.32142857142857145,0.2857142857142857,0.0,0.36405109489051096,111.0,51.0,411.0,0.25,0.0,0.10948905109489052,0.0,0.32755474452554745,51.0,,2023-08-09T08:51:00-07:00,,360.0,0.0,0.0,0.0,False,False,,,False,False,False,True,0.0,,140.0,23.0,False,,0.0,0.0,0.0,,64.0,True,5.0,4.0,5.0,2.0,False,4,111.0,4:55 PM,,YESTERDAY,2023-08-10T01:23:00-07:00,CLIPHX_202308100823.txt,True,18.0,16.0,13.0,11.0,9.0,7.0,4.0,2.0,2.0,2.0,4.0,-2.0,True,108,2023-08-09T04:09:00-07:00,2023-08-09T06:00:00-07:00,1.85,PFMPSR_202308091109.txt,-3.0,3.0
2023-08-10,106.0,2023-08-10 13:51:00-07:00,25,0.875,0.0,False,21.0,92.0,59.0,0.5,11.0,14.0,96.0,58.0,0.5,8.0,10.0,96.0,59.0,0.5,11.0,10.0,99.0,59.0,0.5,8.0,7.0,100.0,59.0,0.875,0.0,6.0,102.0,58.0,0.875,3.0,4.0,106.0,57.0,0.875,7.0,0.0,104.0,57.0,0.5,4.0,2.0,106.0,56.0,0.5,0.0,0.0,105.0,56.0,0.5,4.0,1.0,106.0,55.0,0.5,10.0,0.0,2023-08-10 13:51:00-07:00,13.85,0.6875,1.0,0.5,0.6282051282051282,351.0,120.0,351.0,0.75,180.0,0.0,0.0,0.3717948717948718,171.0,29000.0,2023-08-10T08:51:00-07:00,2023-08-10T11:51:00-07:00,300.0,0.0,0.0,0.0,False,False,,,False,False,True,True,0.0,,90.0,18.0,False,,0.0,0.0,0.0,,59.0,True,4.0,4.0,6.0,0.0,False,5,109.0,4:21 PM,,YESTERDAY,2023-08-11T01:19:00-07:00,CLIPHX_202308110819.txt,True,17.0,13.0,13.0,10.0,9.0,7.0,3.0,5.0,3.0,4.0,3.0,-3.0,True,108,2023-08-10T05:59:00-07:00,2023-08-10T06:00:00-07:00,0.0166666666666666,PFMPSR_202308101259.txt,-1.0,1.0
2023-08-11,105.0,2023-08-11 14:51:00-07:00,25,0.875,0.0,False,21.0,91.0,57.0,0.5,5.0,14.0,93.0,57.0,0.5,5.0,12.0,96.0,57.0,0.875,5.0,9.0,98.0,57.0,0.875,7.0,7.0,102.0,57.0,0.875,11.0,3.0,102.0,59.0,0.5,12.0,3.0,102.0,59.0,0.5,5.0,3.0,105.0,58.0,0.875,4.0,0.0,104.0,57.0,0.875,6.0,1.0,103.0,57.0,0.875,8.0,2.0,104.0,58.0,0.5,13.0,1.0,2023-08-11 14:51:00-07:00,14.85,0.7142857142857143,1.0,0.5714285714285714,0.6642335766423357,411.0,180.0,411.0,0.625,180.0,0.18248175182481752,0.0,0.3175182481751825,111.0,21000.0,2023-08-11T08:51:00-07:00,2023-08-11T09:51:00-07:00,360.0,0.0,0.0,0.0,False,False,,,False,False,True,True,0.0,,60.0,21.0,False,,0.0,0.0,0.0,,59.0,True,5.0,6.0,0.0,2.0,True,5,108.0,3:25 PM,,YESTERDAY,2023-08-12T01:21:00-07:00,CLIPHX_202308120821.txt,True,17.0,15.0,12.0,10.0,6.0,6.0,6.0,3.0,4.0,5.0,4.0,-3.0,True,107,2023-08-11T04:00:00-07:00,2023-08-11T06:00:00-07:00,2.0,PFMPSR_202308111100.txt,-1.0,1.0
2023-08-12,108.0,2023-08-12 14:51:00-07:00,24,0.875,0.0,False,19.0,90.0,53.0,0.875,6.0,18.0,94.0,53.0,0.875,6.0,14.0,96.0,50.0,0.5,5.0,12.0,100.0,50.0,0.5,6.0,8.0,99.0,50.0,0.5,0.0,9.0,102.0,50.0,0.25,5.0,6.0,105.0,49.0,0.25,4.0,3.0,108.0,48.0,0.25,8.0,0.0,106.0,48.0,0.25,6.0,2.0,105.0,48.0,0.5,4.0,3.0,105.0,48.0,0.5,13.0,3.0,2023-08-12 14:51:00-07:00,14.85,0.44642857142857145,0.5714285714285714,0.14285714285714285,0.5282846715328468,291.0,111.0,411.0,0.3333333333333333,60.0,0.25,0.0,0.3175182481751825,111.0,23000.0,2023-08-12T08:51:00-07:00,2023-08-12T08:51:00-07:00,360.0,0.0,0.0,0.0,False,False,,,False,False,True,True,1.0,2023-08-12T11:51:00-07:00,100.0,0.0,False,,0.0,0.0,0.0,,53.0,True,6.0,3.0,6.0,1.0,False,4,108.0,2:51 PM,,YESTERDAY,2023-08-13T01:24:00-07:00,CLIPHX_202308130824.txt,True,18.0,14.0,12.0,8.0,9.0,6.0,3.0,0.0,2.0,3.0,3.0,0.0,True,107,2023-08-12T04:00:00-07:00,2023-08-12T06:00:00-07:00,2.0,PFMPSR_202308121100.txt,-1.0,1.0
2023-08-13,108.0,2023-08-13 14:51:00-07:00,26,0.875,0.0,False,26.0,92.0,57.0,0.25,7.0,16.0,94.0,56.0,0.25,6.0,14.0,98.0,55.0,0.5,6.0,10.0,100.0,57.0,0.5,3.0,8.0,103.0,56.0,0.5,5.0,5.0,103.0,54.0,0.25,5.0,5.0,107.0,53.0,0.5,8.0,1.0,108.0,50.0,0.5,8.0,0.0,105.0,45.0,0.875,18.0,3.0,104.0,50.0,0.875,11.0,4.0,106.0,45.0,0.875,4.0,2.0,2023-08-13 14:51:00-07:00,14.85,0.42857142857142855,0.7142857142857143,0.0,0.395985401459854,240.0,0.0,411.0,0.4166666666666667,120.0,0.25,0.0,0.3594890510948905,180.0,,2023-08-13T09:51:00-07:00,,300.0,0.0,0.0,0.0,False,False,,,False,False,True,True,0.0,,150.0,16.0,False,,0.0,0.0,0.0,,57.0,True,6.0,5.0,4.0,-2.0,False,6,110.0,2:03 PM,,YESTERDAY,2023-08-14T01:14:00-07:00,CLIPHX_202308140814.txt,True,18.0,16.0,12.0,10.0,7.0,7.0,3.0,2.0,5.0,6.0,4.0,-2.0,True,110,2023-08-13T04:00:00-07:00,2023-08-13T06:00:00-07:00,2.0,PFMPSR_202308131100.txt,0.0,0.0
2023-08-14,104.0,2023-08-14 14:51:00-07:00,25,0.875,0.0,False,18.0,92.0,54.0,0.875,4.0,12.0,92.0,55.0,0.875,5.0,12.0,95.0,54.0,0.875,0.0,9.0,97.0,51.0,0.875,0.0,7.0,101.0,55.0,0.875,11.0,3.0,102.0,53.0,0.875,6.0,2.0,102.0,52.0,0.875,6.0,2.0,104.0,51.0,0.875,9.0,0.0,103.0,51.0,0.875,6.0,1.0,102.0,52.0,0.5,5.0,2.0,104.0,51.0,0.5,7.0,0.0,2023-08-14 14:51:00-07:00,14.85,0.875,1.0,1.0,0.875,411.0,411.0,411.0,0.875,180.0,0.21897810218978103,0.0,0.8202554744525548,411.0,14000.0,2023-08-14T08:51:00-07:00,2023-08-14T08:51:00-07:00,360.0,0.0,0.0,0.0,False,False,,,False,False,False,True,1.0,2023-08-14T13:51:00-07:00,70.0,18.0,False,,0.0,0.0,0.0,,55.0,True,3.0,6.0,1.0,1.0,False,4,106.0,3:24 PM,,YESTERDAY,2023-08-15T01:31:00-07:00,CLIPHX_202308150831.txt,True,14.0,14.0,11.0,9.0,5.0,4.0,4.0,2.0,3.0,4.0,2.0,-2.0,True,111,2023-08-14T04:00:00-07:00,2023-08-14T06:00:00-07:00,2.0,PFMPSR_202308141100.txt,5.0,5.0
2023-08-15,111.0,2023-08-15 14:54:00-07:00,33,1.0,0.0,True,27.0,95.0,60.0,0.875,7.0,16.0,98.0,59.0,0.875,11.0,13.0,100.0,58.0,0.875,17.0,11.0,101.0,58.0,0.875,10.0,10.0,106.0,58.0,0.875,8.0,5.0,108.0,56.0,0.875,14.0,3.0,107.0,55.0,0.875,8.0,4.0,111.0,54.0,0.875,9.0,0.0,108.0,54.0,0.875,0.0,3.0,108.0,54.0,0.875,5.0,3.0,107.0,55.0,0.875,5.0,4.0,2023-08-15 14:54:00-07:00,14.9,0.875,1.0,1.0,0.875,414.0,414.0,414.0,0.875,180.0,0.25,0.0,0.28804347826086957,63.0,25000.0,2023-08-15T08:51:00-07:00,2023-08-15T08:51:00-07:00,363.0,0.0,0.0,0.0,False,False,,,False,True,True,True,1.0,2023-08-15T13:51:00-07:00,50.0,24.0,False,,0.0,0.0,0.0,,59.0,True,5.0,6.0,1.0,1.0,False,4,111.0,3:22 PM,,YESTERDAY,2023-08-16T01:29:00-07:00,CLIPHX_202308160829.txt,True,16.0,13.0,11.0,10.0,5.0,3.0,4.0,0.0,3.0,3.0,4.0,0.0,True,112,2023-08-15T04:00:00-07:00,2023-08-15T06:00:00-07:00,2.0,PFMPSR_202308151100.txt,1.0,1.0
2023-08-16,114.0,2023-08-16 13:51:00-07:00,29,0.875,0.0,True,22.0,92.0,64.0,0.5,0.0,22.0,100.0,61.0,0.5,10.0,14.0,103.0,59.0,0.5,8.0,11.0,105.0,58.0,0.875,8.0,9.0,109.0,58.0,0.875,6.0,5.0,111.0,56.0,0.875,6.0,3.0,114.0,57.0,0.875,3.0,0.0,111.0,55.0,0.5,7.0,3.0,112.0,54.0,0.875,4.0,2.0,110.0,58.0,0.875,16.0,4.0,107.0,57.0,0.875,7.0,7.0,2023-08-16 13:51:00-07:00,13.85,0.75,1.0,0.6666666666666666,0.6923076923076923,351.0,180.0,351.0,0.875,180.0,0.1282051282051282,0.0,0.45726495726495725,291.0,25000.0,2023-08-16T08:51:00-07:00,2023-08-16T10:51:00-07:00,300.0,0.0,0.0,0.0,False,False,,,True,False,True,True,0.0,,40.0,17.0,False,,0.0,0.0,0.0,,61.0,True,11.0,6.0,5.0,-2.0,False,7,115.0,3:31 PM,R,YESTERDAY,2023-08-17T01:26:00-07:00,CLIPHX_202308170826.txt,True,23.0,15.0,12.0,10.0,6.0,4.0,1.0,4.0,3.0,5.0,8.0,-1.0,True,111,2023-08-16T04:07:00-07:00,2023-08-16T06:00:00-07:00,1.8833333333333333,PFMPSR_202308161107.txt,-4.0,4.0
2023-08-17,114.0,2023-08-17 13:51:00-07:00,37,1.0,0.02,True,25.0,97.0,59.0,0.875,5.0,17.0,97.0,59.0,0.875,5.0,17.0,102.0,59.0,0.875,0.0,12.0,103.0,57.0,0.875,5.0,11.0,107.0,56.0,0.5,5.0,7.0,110.0,55.0,0.5,8.0,4.0,114.0,55.0,0.5,8.0,0.0,113.0,55.0,0.5,6.0,1.0,111.0,54.0,0.5,0.0,3.0,113.0,53.0,0.875,9.0,1.0,110.0,53.0,0.875,10.0,4.0,2023-08-17 13:51:00-07:00,13.85,0.6875,1.0,0.5,0.7467948717948718,351.0,231.0,351.0,0.625,180.0,0.25,0.0,0.7467948717948718,351.0,19000.0,2023-08-17T08:51:00-07:00,2023-08-17T08:51:00-07:00,300.0,0.02,0.0,0.02,False,True,2023-08-17T20:51:00-07:00,,True,True,True,True,0.0,,180.0,0.0,False,,0.0,0.0,0.0,,59.0,True,5.0,5.0,7.0,-3.0,False,8,114.0,4:18 PM,,YESTERDAY,2023-08-18T01:21:00-07:00,CLIPHX_202308180821.txt,True,17.0,17.0,12.0,11.0,7.0,4.0,0.0,1.0,3.0,1.0,4.0,0.0,True,113,2023-08-17T04:48:00-07:00,2023-08-17T06:00:00-07:00,1.2,PFMPSR_202308171148.txt,-1.0,1.0
2023-08-18,105.0,2023-08-18 15:51:00-07:00,25,0.875,0.0,False,27.0,89.0,62.0,0.875,13.0,16.0,91.0,62.0,0.875,9.0,14.0,93.0,61.0,0.875,7.0,12.0,93.0,61.0,0.875,4.0,12.0,95.0,62.0,0.875,4.0,10.0,99.0,61.0,0.875,4.0,6.0,103.0,59.0,0.5,4.0,2.0,103.0,58.0,0.875,3.0,2.0,105.0,58.0,0.875,4.0,0.0,105.0,57.0,0.875,3.0,0.0,103.0,56.0,0.875,5.0,2.0,2023-08-18 15:51:00-07:00,15.85,0.8333333333333334,1.0,0.8888888888888888,0.8272292993630573,471.0,411.0,471.0,0.75,180.0,0.25,120.0,0.7794585987261147,471.0,14000.0,2023-08-18T08:51:00-07:00,2023-08-18T08:51:00-07:00,420.0,0.0,0.0,0.0,False,False,,,False,False,True,True,0.0,,110.0,0.0,False,,0.0,0.0,0.0,,62.0,True,4.0,2.0,8.0,2.0,False,3,106.0,4:31 PM,,YESTERDAY,2023-08-19T01:18:00-07:00,CLIPHX_202308190818.txt,True,17.0,15.0,13.0,13.0,11.0,7.0,3.0,3.0,1.0,1.0,3.0,-1.0,True,108,2023-08-18T04:23:00-07:00,2023-08-18T06:00:00-07:00,1.6166666666666667,PFMPSR_202308181123.txt,2.0,2.0
2023-08-19,93.0,2023-08-19 00:51:00-07:00,24,1.0,0.0,False,27.0,88.0,61.0,0.875,4.0,5.0,91.0,62.0,0.875,0.0,2.0,93.0,61.0,0.875,10.0,0.0,91.0,63.0,1.0,18.0,2.0,92.0,64.0,0.875,17.0,1.0,93.0,65.0,0.875,20.0,0.0,92.0,64.0,0.875,16.0,1.0,90.0,65.0,1.0,18.0,3.0,89.0,65.0,1.0,16.0,4.0,87.0,64.0,1.0,12.0,6.0,86.0,64.0,1.0,14.0,7.0,2023-08-19 00:51:00-07:00,0.85,,,,,0.0,0.0,0.0,,0.0,,0.0,,0.0,,,,,0.0,0.0,0.0,False,False,,,False,False,False,True,0.0,,0.0,0.0,False,,0.0,0.0,0.0,,,False,5.0,-1.0,0.0,-3.0,True,11,95.0,12:10 PM,,YESTERDAY,2023-08-20T01:38:00-07:00,CLIPHX_202308200838.txt,True,7.0,4.0,2.0,4.0,3.0,2.0,3.0,5.0,6.0,8.0,9.0,-2.0,True,102,2023-08-19T04:00:00-07:00,2023-08-19T06:00:00-07:00,2.0,PFMPSR_202308191100.txt,7.0,7.0
2023-08-20,102.0,2023-08-20 13:51:00-07:00,24,1.0,0.0,False,39.0,85.0,64.0,0.875,3.0,17.0,87.0,64.0,0.875,9.0,15.0,90.0,64.0,1.0,7.0,12.0,95.0,64.0,0.875,8.0,7.0,96.0,64.0,0.875,6.0,6.0,99.0,61.0,0.875,12.0,3.0,102.0,61.0,0.875,19.0,0.0,100.0,60.0,0.875,23.0,2.0,99.0,61.0,0.875,22.0,3.0,98.0,62.0,0.875,14.0,4.0,94.0,65.0,0.875,23.0,8.0,2023-08-20 13:51:00-07:00,13.85,0.8958333333333334,1.0,1.0,0.8963675213675214,351.0,351.0,351.0,0.875,180.0,0.8108974358974359,351.0,0.8963675213675214,351.0,11000.0,2023-08-20T08:51:00-07:00,2023-08-20T08:51:00-07:00,300.0,0.0,0.0,0.0,False,False,,,False,False,True,False,0.0,,40.0,26.0,False,,0.0,0.0,0.0,,64.0,True,5.0,6.0,6.0,-3.0,False,5,102.0,1:54 PM,,YESTERDAY,2023-08-21T01:44:00-07:00,CLIPHX_202308210844.txt,True,17.0,15.0,12.0,7.0,6.0,3.0,0.0,2.0,3.0,4.0,8.0,0.0,True,104,2023-08-20T04:01:00-07:00,2023-08-20T06:00:00-07:00,1.9833333333333332,PFMPSR_202308201101.txt,2.0,2.0
2023-08-21,90.0,2023-08-21 16:51:00-07:00,27,1.0,0.12,True,,81.0,66.0,0.875,6.0,9.0,82.0,66.0,0.875,5.0,8.0,82.0,67.0,0.875,6.0,8.0,82.0,67.0,0.875,0.0,8.0,84.0,66.0,0.875,5.0,6.0,87.0,65.0,0.875,4.0,3.0,88.0,64.0,0.875,8.0,2.0,89.0,64.0,0.875,10.0,1.0,89.0,63.0,0.875,12.0,1.0,90.0,60.0,0.875,17.0,0.0,90.0,56.0,0.875,13.0,0.0,2023-08-21 16:51:00-07:00,16.85,0.875,1.0,1.0,0.875,531.0,531.0,531.0,0.875,180.0,0.7902542372881356,531.0,0.875,531.0,9500.0,2023-08-21T08:51:00-07:00,2023-08-21T08:51:00-07:00,480.0,0.04,0.0,0.04,False,True,2023-08-21T20:24:00-07:00,,False,True,True,True,0.0,,40.0,0.0,False,,0.0,0.0,0.0,,67.0,True,1.0,2.0,4.0,1.0,False,2,91.0,6:04 PM,,YESTERDAY,2023-08-22T01:30:00-07:00,CLIPHX_202308220830.txt,True,10.0,9.0,9.0,9.0,7.0,4.0,3.0,2.0,2.0,1.0,1.0,-1.0,True,97,2023-08-21T04:13:00-07:00,2023-08-21T06:00:00-07:00,1.7833333333333334,PFMPSR_202308211113.txt,6.0,6.0
2023-08-22,104.0,2023-08-22 14:51:00-07:00,24,0.875,0.0,False,21.0,84.0,64.0,0.875,7.0,20.0,87.0,64.0,0.5,0.0,17.0,89.0,64.0,0.5,3.0,15.0,93.0,64.0,0.5,3.0,11.0,96.0,63.0,0.5,4.0,8.0,100.0,60.0,0.5,3.0,4.0,101.0,62.0,0.5,3.0,3.0,104.0,63.0,0.5,10.0,0.0,101.0,61.0,0.5,9.0,3.0,101.0,60.0,0.5,15.0,3.0,100.0,58.0,0.5,12.0,4.0,2023-08-22 14:51:00-07:00,14.85,0.5,1.0,0.0,0.5465328467153284,411.0,51.0,411.0,0.5,180.0,0.28102189781021897,51.0,0.47354014598540145,291.0,,2023-08-22T08:51:00-07:00,,360.0,0.0,0.0,0.0,False,False,,,False,False,True,True,0.0,,10.0,0.0,False,,0.0,0.0,0.0,,64.0,True,5.0,7.0,5.0,0.0,False,4,105.0,2:50 PM,,YESTERDAY,2023-08-23T01:11:00-07:00,CLIPHX_202308230811.txt,True,21.0,18.0,16.0,12.0,9.0,5.0,4.0,1.0,4.0,4.0,5.0,-1.0,True,104,2023-08-22T04:00:00-07:00,2023-08-22T06:00:00-07:00,2.0,PFMPSR_202308221100.txt,-1.0,1.0
2023-08-23,107.0,2023-08-23 13:51:00-07:00,24,0.875,0.0,False,29.0,90.0,62.0,0.25,3.0,17.0,94.0,60.0,0.5,4.0,13.0,97.0,59.0,0.5,0.0,10.0,101.0,58.0,0.5,10.0,6.0,104.0,58.0,0.5,11.0,3.0,106.0,55.0,0.5,14.0,1.0,107.0,55.0,0.875,12.0,0.0,105.0,54.0,0.875,13.0,2.0,105.0,52.0,0.875,12.0,2.0,103.0,52.0,0.875,16.0,4.0,101.0,53.0,0.875,16.0,6.0,2023-08-23 13:51:00-07:00,13.85,0.5625,1.0,0.16666666666666666,0.4636752136752137,300.0,0.0,351.0,0.5,180.0,0.21367521367521367,0.0,0.33547008547008544,120.0,29000.0,2023-08-23T08:51:00-07:00,2023-08-23T13:51:00-07:00,300.0,0.0,0.0,0.0,False,False,,,False,False,True,True,0.0,,100.0,29.0,False,,0.0,0.0,0.0,,60.0,True,7.0,7.0,3.0,-2.0,False,5,108.0,2:12 PM,,YESTERDAY,2023-08-24T01:16:00-07:00,CLIPHX_202308240816.txt,True,18.0,14.0,11.0,7.0,4.0,2.0,1.0,3.0,3.0,5.0,7.0,-1.0,True,108,2023-08-23T04:00:00-07:00,2023-08-23T06:00:00-07:00,2.0,PFMPSR_202308231100.txt,0.0,0.0
2023-08-24,105.0,2023-08-24 14:51:00-07:00,24,1.0,0.0,False,16.0,89.0,60.0,0.875,11.0,16.0,92.0,60.0,0.875,11.0,13.0,93.0,60.0,0.875,3.0,12.0,97.0,60.0,0.875,6.0,8.0,100.0,60.0,0.5,4.0,5.0,103.0,60.0,0.5,9.0,2.0,103.0,59.0,0.25,3.0,2.0,105.0,58.0,0.25,5.0,0.0,104.0,57.0,0.25,4.0,1.0,104.0,56.0,0.25,0.0,1.0,104.0,54.0,0.25,6.0,1.0,2023-08-24 14:51:00-07:00,14.85,0.5892857142857143,0.7142857142857143,0.42857142857142855,0.6742700729927007,351.0,231.0,411.0,0.4166666666666667,120.0,0.145985401459854,0.0,0.4635036496350365,171.0,19000.0,2023-08-24T08:51:00-07:00,2023-08-24T08:51:00-07:00,360.0,0.0,0.0,0.0,False,False,,,False,False,False,True,0.0,,100.0,16.0,False,,0.0,0.0,0.0,,60.0,True,4.0,7.0,3.0,1.0,False,4,106.0,5:16 PM,,YESTERDAY,2023-08-25T01:30:00-07:00,CLIPHX_202308250830.txt,True,17.0,14.0,13.0,9.0,6.0,3.0,3.0,1.0,2.0,2.0,2.0,-1.0,True,106,2023-08-24T04:11:00-07:00,2023-08-24T06:00:00-07:00,1.8166666666666669,PFMPSR_202308241111.txt,0.0,0.0
2023-08-25,109.0,2023-08-25 14:51:00-07:00,24,0.5,0.0,False,17.0,94.0,60.0,0.25,9.0,15.0,97.0,60.0,0.25,7.0,12.0,100.0,59.0,0.25,0.0,9.0,103.0,59.0,0.25,4.0,6.0,105.0,59.0,0.25,0.0,4.0,107.0,57.0,0.25,3.0,2.0,107.0,54.0,0.25,7.0,2.0,109.0,52.0,0.25,5.0,0.0,109.0,53.0,0.25,,0.0,109.0,54.0,0.25,4.0,0.0,109.0,50.0,0.25,8.0,0.0,2023-08-25 14:51:00-07:00,14.85,0.25,0.0,0.0,0.25,0.0,0.0,411.0,0.25,0.0,0.25,0.0,0.25,0.0,,,,,0.0,0.0,0.0,False,False,,,False,False,True,True,0.0,,120.0,0.0,False,,0.0,0.0,0.0,,60.0,True,6.0,5.0,2.0,2.0,False,4,111.0,5:07 PM,,YESTERDAY,2023-08-26T01:22:00-07:00,CLIPHX_202308260822.txt,True,17.0,14.0,11.0,8.0,6.0,4.0,4.0,2.0,2.0,2.0,2.0,-2.0,True,110,2023-08-25T04:06:00-07:00,2023-08-25T06:00:00-07:00,1.9,PFMPSR_202308251106.txt,-1.0,1.0
2023-08-26,111.0,2023-08-26 16:51:00-07:00,24,0.875,0.0,False,19.0,96.0,59.0,0.5,7.0,15.0,100.0,59.0,0.875,10.0,11.0,101.0,59.0,0.875,10.0,10.0,104.0,59.0,0.875,6.0,7.0,105.0,58.0,0.875,5.0,6.0,108.0,58.0,0.5,4.0,3.0,110.0,58.0,0.25,3.0,1.0,110.0,57.0,0.25,4.0,1.0,109.0,54.0,0.5,3.0,2.0,111.0,53.0,0.5,7.0,0.0,109.0,56.0,0.5,12.0,2.0,2023-08-26 16:51:00-07:00,16.85,0.6111111111111112,0.7777777777777778,0.4444444444444444,0.6129943502824858,411.0,240.0,531.0,0.3333333333333333,60.0,0.2782485875706215,60.0,0.4152542372881356,351.0,23000.0,2023-08-26T08:51:00-07:00,2023-08-26T08:51:00-07:00,480.0,0.0,0.0,0.0,False,False,,,False,False,True,True,1.0,2023-08-26T15:51:00-07:00,170.0,15.0,False,,0.0,0.0,0.0,,59.0,True,5.0,4.0,5.0,-1.0,False,2,113.0,2:59 PM,,YESTERDAY,2023-08-27T01:26:00-07:00,CLIPHX_202308270826.txt,True,17.0,13.0,12.0,9.0,8.0,5.0,3.0,3.0,4.0,2.0,4.0,-2.0,True,113,2023-08-26T04:00:00-07:00,2023-08-26T06:00:00-07:00,2.0,PFMPSR_202308261100.txt,0.0,0.0
2023-08-27,112.0,2023-08-27 15:51:00-07:00,24,1.0,0.0,False,22.0,96.0,60.0,0.5,3.0,16.0,98.0,61.0,0.25,8.0,14.0,101.0,61.0,0.25,5.0,11.0,105.0,60.0,0.25,5.0,7.0,106.0,59.0,0.5,6.0,6.0,109.0,59.0,0.5,9.0,3.0,110.0,58.0,0.5,3.0,2.0,111.0,57.0,0.5,5.0,1.0,112.0,55.0,0.5,5.0,0.0,112.0,55.0,0.875,4.0,0.0,112.0,55.0,0.875,0.0,0.0,2023-08-27 15:51:00-07:00,15.85,0.40625,0.625,0.0,0.40445859872611467,291.0,0.0,471.0,0.5,180.0,0.25,0.0,0.2770700636942675,51.0,,2023-08-27T11:51:00-07:00,,240.0,0.0,0.0,0.0,False,False,,,False,False,False,False,0.0,,90.0,14.0,False,,0.0,0.0,0.0,,61.0,True,5.0,5.0,4.0,2.0,False,3,114.0,4:40 PM,R,YESTERDAY,2023-08-28T01:22:00-07:00,CLIPHX_202308280822.txt,True,18.0,16.0,13.0,9.0,8.0,5.0,4.0,3.0,2.0,2.0,2.0,-2.0,True,113,2023-08-27T04:03:00-07:00,2023-08-27T06:00:00-07:00,1.95,PFMPSR_202308271103.txt,-1.0,1.0
2023-08-28,117.0,2023-08-28 14:51:00-07:00,25,0.875,0.0,False,,98.0,57.0,0.5,9.0,19.0,102.0,56.0,0.5,8.0,15.0,106.0,58.0,0.25,8.0,11.0,108.0,58.0,0.25,5.0,9.0,109.0,57.0,0.25,0.0,8.0,113.0,56.0,0.25,5.0,4.0,113.0,53.0,0.25,3.0,4.0,117.0,53.0,0.25,7.0,0.0,115.0,52.0,0.25,9.0,2.0,114.0,52.0,0.25,8.0,3.0,114.0,51.0,0.5,8.0,3.0,2023-08-28 14:51:00-07:00,14.85,0.2857142857142857,0.14285714285714285,0.0,0.3175182481751825,111.0,0.0,411.0,0.25,0.0,0.25,0.0,0.3175182481751825,111.0,,2023-08-28T08:51:00-07:00,,360.0,0.0,0.0,0.0,False,False,,,False,False,True,True,0.0,,120.0,0.0,False,,0.0,0.0,0.0,,58.0,True,8.0,3.0,4.0,2.0,False,5,117.0,3:14 PM,R,YESTERDAY,2023-08-29T01:20:00-07:00,CLIPHX_202308290820.txt,True,19.0,15.0,11.0,9.0,8.0,4.0,4.0,0.0,2.0,3.0,3.0,0.0,True,116,2023-08-28T04:00:00-07:00,2023-08-28T06:00:00-07:00,2.0,PFMPSR_202308281100.txt,-1.0,1.0
2023-08-29,114.0,2023-08-29 13:51:00-07:00,24,0.875,0.0,False,19.0,96.0,59.0,0.25,8.0,18.0,101.0,58.0,0.25,13.0,13.0,104.0,57.0,0.25,14.0,10.0,107.0,56.0,0.25,12.0,7.0,110.0,56.0,0.25,10.0,4.0,112.0,56.0,0.25,4.0,2.0,114.0,56.0,0.25,9.0,0.0,114.0,54.0,0.25,5.0,0.0,114.0,54.0,0.25,6.0,0.0,114.0,53.0,0.25,3.0,0.0,113.0,52.0,0.25,4.0,1.0,2023-08-29 13:51:00-07:00,13.85,0.25,0.0,0.0,0.25,0.0,0.0,351.0,0.25,0.0,0.0,0.0,0.25,0.0,,,,,0.0,0.0,0.0,False,False,,,False,False,False,True,0.0,,100.0,19.0,False,,0.0,0.0,0.0,,58.0,True,8.0,6.0,4.0,0.0,False,5,116.0,3:38 PM,R,YESTERDAY,2023-08-30T01:30:00-07:00,CLIPHX_202308300830.txt,True,20.0,15.0,12.0,9.0,6.0,4.0,2.0,2.0,2.0,2.0,3.0,-2.0,True,117,2023-08-29T04:00:00-07:00,2023-08-29T06:00:00-07:00,2.0,PFMPSR_202308291100.txt,1.0,1.0
2023-08-30,110.0,2023-08-30 15:51:00-07:00,24,0.875,0.0,False,19.0,93.0,58.0,0.5,0.0,17.0,96.0,59.0,0.5,5.0,14.0,99.0,57.0,0.5,4.0,11.0,104.0,57.0,0.5,7.0,6.0,104.0,57.0,0.25,0.0,6.0,106.0,57.0,0.25,6.0,4.0,107.0,56.0,0.25,4.0,3.0,108.0,55.0,0.25,5.0,2.0,110.0,53.0,0.25,7.0,0.0,110.0,55.0,0.25,5.0,0.0,110.0,55.0,0.25,11.0,0.0,2023-08-30 15:51:00-07:00,15.85,0.34375,0.375,0.0,0.37261146496815284,231.0,0.0,471.0,0.25,0.0,0.18630573248407642,0.0,0.37261146496815284,231.0,,2023-08-30T08:51:00-07:00,,420.0,0.0,0.0,0.0,False,False,,,False,False,True,True,0.0,,140.0,0.0,False,,0.0,0.0,0.0,,59.0,True,6.0,5.0,3.0,3.0,False,3,111.0,5:47 PM,,YESTERDAY,2023-08-31T01:28:00-07:00,CLIPHX_202308310828.txt,True,18.0,15.0,12.0,7.0,7.0,5.0,4.0,3.0,1.0,1.0,1.0,-1.0,True,113,2023-08-30T04:00:00-07:00,2023-08-30T06:00:00-07:00,2.0,PFMPSR_202308301100.txt,2.0,2.0
2023-08-31,108.0,2023-08-31 15:51:00-07:00,39,1.0,0.08,True,63.0,94.0,57.0,0.5,8.0,14.0,96.0,58.0,0.5,6.0,12.0,99.0,57.0,0.5,0.0,9.0,104.0,57.0,0.875,9.0,4.0,107.0,56.0,0.875,11.0,1.0,107.0,54.0,0.875,10.0,1.0,107.0,55.0,0.5,10.0,1.0,107.0,55.0,0.5,11.0,1.0,108.0,57.0,0.5,15.0,0.0,107.0,57.0,0.5,10.0,1.0,106.0,59.0,0.5,12.0,2.0,2023-08-31 15:51:00-07:00,15.85,0.7410714285714286,1.0,0.6428571428571429,0.6711783439490446,471.0,215.0,471.0,0.625,180.0,0.08014861995753715,0.0,0.4410828025477707,360.0,23000.0,2023-08-31T08:51:00-07:00,2023-08-31T10:16:00-07:00,420.0,0.06,0.0,0.06,False,True,2023-08-31T23:12:00-07:00,,True,True,True,True,3.0,2023-08-31T12:28:00-07:00,100.0,23.0,True,2023-08-31T12:28:00-07:00,3.0,16.0,80.0,203.0,58.0,True,5.0,8.0,0.0,1.0,True,3,109.0,4:16 PM,,YESTERDAY,2023-09-01T01:45:00-07:00,CLIPHX_202309010845.txt,True,15.0,13.0,10.0,5.0,2.0,2.0,2.0,2.0,1.0,2.0,3.0,-1.0,True,109,2023-08-31T04:00:00-07:00,2023-08-31T06:00:00-07:00,2.0,PFMPSR_202308311100.txt,0.0,0.0
2023-09-01,88.0,2023-09-01 15:51:00-07:00,25,1.0,0.01,False,28.0,84.0,64.0,0.875,9.0,4.0,85.0,65.0,0.875,10.0,3.0,85.0,65.0,0.875,8.0,3.0,86.0,66.0,0.875,5.0,2.0,85.0,67.0,1.0,12.0,3.0,83.0,69.0,0.875,11.0,5.0,86.0,68.0,0.875,7.0,2.0,87.0,66.0,0.875,5.0,1.0,88.0,66.0,0.875,0.0,0.0,88.0,65.0,0.875,6.0,0.0,87.0,64.0,0.875,6.0,1.0,2023-09-01 15:51:00-07:00,15.85,0.890625,1.0,1.0,0.8909235668789809,471.0,471.0,471.0,0.875,180.0,0.3980891719745223,240.0,0.8431528662420382,471.0,5000.0,2023-09-01T08:51:00-07:00,2023-09-01T08:51:00-07:00,420.0,0.01,0.01,0.0,True,False,2023-09-01T00:51:00-07:00,900.0,False,False,True,True,2.0,2023-09-01T12:51:00-07:00,60.0,17.0,False,,0.0,0.0,0.0,,69.0,True,1.0,0.0,1.0,2.0,True,3,90.0,4:58 PM,,YESTERDAY,2023-09-02T01:37:00-07:00,CLIPHX_202309020837.txt,True,6.0,5.0,5.0,4.0,5.0,7.0,4.0,3.0,2.0,2.0,3.0,-2.0,True,95,2023-09-01T04:00:00-07:00,2023-09-01T06:00:00-07:00,2.0,PFMPSR_202309011100.txt,5.0,5.0
2023-09-02,98.0,2023-09-02 15:51:00-07:00,24,0.875,0.0,False,18.0,83.0,69.0,0.5,6.0,15.0,85.0,68.0,0.5,5.0,13.0,89.0,68.0,0.5,6.0,9.0,90.0,67.0,0.5,4.0,8.0,95.0,66.0,0.875,10.0,3.0,96.0,66.0,0.5,6.0,2.0,97.0,64.0,0.875,7.0,1.0,97.0,65.0,0.875,7.0,1.0,98.0,65.0,0.875,6.0,0.0,97.0,64.0,0.875,4.0,1.0,95.0,64.0,0.875,14.0,3.0,2023-09-02 15:51:00-07:00,15.85,0.6875,1.0,0.5,0.643312101910828,471.0,180.0,471.0,0.75,180.0,0.40445859872611467,291.0,0.5477707006369427,471.0,19000.0,2023-09-02T08:51:00-07:00,2023-09-02T11:51:00-07:00,420.0,0.0,0.0,0.0,False,False,,,False,False,True,True,0.0,,80.0,15.0,False,,0.0,0.0,0.0,,68.0,True,6.0,6.0,2.0,1.0,False,3,99.0,4:30 PM,,YESTERDAY,2023-09-03T01:27:00-07:00,CLIPHX_202309030827.txt,True,16.0,14.0,10.0,9.0,4.0,3.0,2.0,2.0,1.0,2.0,4.0,-1.0,True,98,2023-09-02T04:10:00-07:00,2023-09-02T06:00:00-07:00,1.8333333333333333,PFMPSR_202309021110.txt,-1.0,1.0
2023-09-03,100.0,2023-09-03 15:51:00-07:00,25,0.25,0.0,False,17.0,82.0,66.0,0.25,4.0,18.0,86.0,65.0,0.25,0.0,14.0,90.0,65.0,0.25,0.0,10.0,94.0,63.0,0.25,4.0,6.0,94.0,62.0,0.25,0.0,6.0,98.0,62.0,0.25,10.0,2.0,98.0,59.0,0.25,5.0,2.0,99.0,59.0,0.25,5.0,1.0,100.0,59.0,0.25,11.0,0.0,100.0,57.0,0.25,12.0,0.0,100.0,56.0,0.25,9.0,0.0,2023-09-03 15:51:00-07:00,15.85,0.25,0.0,0.0,0.25,0.0,0.0,471.0,0.25,0.0,0.25,0.0,0.25,0.0,,,,,0.0,0.0,0.0,False,False,,,False,False,True,False,0.0,,60.0,17.0,False,,0.0,0.0,0.0,,65.0,True,8.0,4.0,4.0,2.0,False,3,102.0,3:04 PM,,YESTERDAY,2023-09-04T01:25:00-07:00,CLIPHX_202309040825.txt,True,20.0,16.0,12.0,8.0,8.0,4.0,4.0,3.0,2.0,2.0,2.0,-2.0,True,102,2023-09-03T04:18:00-07:00,2023-09-03T06:00:00-07:00,1.7,PFMPSR_202309031118.txt,0.0,0.0
2023-09-04,102.0,2023-09-04 12:51:00-07:00,25,0.5,0.0,False,19.0,88.0,64.0,0.25,4.0,14.0,89.0,63.0,0.25,3.0,13.0,92.0,64.0,0.25,4.0,10.0,95.0,62.0,0.25,5.0,7.0,97.0,57.0,0.25,12.0,5.0,102.0,55.0,0.25,7.0,0.0,99.0,54.0,0.5,5.0,3.0,101.0,52.0,0.25,6.0,1.0,101.0,54.0,0.25,11.0,1.0,100.0,53.0,0.25,11.0,2.0,99.0,53.0,0.25,12.0,3.0,2023-09-04 12:51:00-07:00,12.85,0.25,0.0,0.0,0.25,0.0,0.0,291.0,0.25,0.0,0.25,0.0,0.25,0.0,,,,,0.0,0.0,0.0,False,False,,,False,False,False,False,0.0,,30.0,0.0,False,,0.0,0.0,0.0,,64.0,True,4.0,5.0,2.0,2.0,False,7,105.0,2:59 PM,,YESTERDAY,2023-09-05T01:26:00-07:00,CLIPHX_202309050826.txt,True,17.0,16.0,13.0,10.0,8.0,3.0,6.0,4.0,4.0,5.0,6.0,-3.0,True,101,2023-09-04T04:00:00-07:00,2023-09-04T06:00:00-07:00,2.0,PFMPSR_202309041100.txt,-4.0,4.0
2023-09-05,104.0,2023-09-05 15:51:00-07:00,25,0.0,0.0,False,17.0,83.0,53.0,0.0,6.0,21.0,86.0,52.0,0.0,7.0,18.0,90.0,49.0,0.0,9.0,14.0,94.0,51.0,0.0,6.0,10.0,98.0,51.0,0.0,7.0,6.0,100.0,47.0,0.0,9.0,4.0,102.0,39.0,0.0,9.0,2.0,101.0,37.0,0.0,4.0,3.0,104.0,35.0,0.0,12.0,0.0,104.0,34.0,0.0,10.0,0.0,102.0,33.0,0.0,7.0,2.0,2023-09-05 15:51:00-07:00,15.85,0.0,0.0,0.0,0.0,0.0,0.0,471.0,0.0,0.0,0.0,0.0,0.0,0.0,,,,,0.0,0.0,0.0,False,False,,,False,False,False,False,1.0,2023-09-05T10:55:00-07:00,60.0,17.0,False,,0.0,0.0,0.0,,52.0,True,7.0,8.0,4.0,2.0,False,3,105.0,3:14 PM,,YESTERDAY,2023-09-06T01:22:00-07:00,CLIPHX_202309060822.txt,True,22.0,19.0,15.0,11.0,7.0,5.0,3.0,4.0,1.0,1.0,3.0,-1.0,True,103,2023-09-05T04:00:00-07:00,2023-09-05T06:00:00-07:00,2.0,PFMPSR_202309051100.txt,-2.0,2.0
2023-09-06,105.0,2023-09-06 14:51:00-07:00,24,0.25,0.0,False,,85.0,43.0,0.0,6.0,20.0,89.0,42.0,0.0,7.0,16.0,92.0,42.0,0.0,7.0,13.0,96.0,43.0,0.0,4.0,9.0,99.0,42.0,0.0,0.0,6.0,101.0,42.0,0.0,4.0,4.0,103.0,41.0,0.0,7.0,2.0,105.0,41.0,0.0,5.0,0.0,104.0,42.0,0.0,3.0,1.0,104.0,41.0,0.0,3.0,1.0,103.0,41.0,0.25,0.0,2.0,2023-09-06 14:51:00-07:00,14.85,0.0,0.0,0.0,0.0,0.0,0.0,411.0,0.0,0.0,0.0,0.0,0.0,0.0,,,,,0.0,0.0,0.0,False,False,,,False,False,False,False,0.0,,140.0,0.0,False,,0.0,0.0,0.0,,43.0,False,7.0,7.0,4.0,1.0,False,4,108.0,3:06 PM,,YESTERDAY,2023-09-07T01:10:00-07:00,CLIPHX_202309070810.txt,True,23.0,19.0,16.0,12.0,9.0,7.0,5.0,3.0,4.0,4.0,5.0,-3.0,True,107,2023-09-06T04:00:00-07:00,2023-09-06T06:00:00-07:00,2.0,PFMPSR_202309061100.txt,-1.0,1.0
2023-09-07,107.0,2023-09-07 14:51:00-07:00,24,0.5,0.0,False,14.0,85.0,40.0,0.25,8.0,22.0,90.0,39.0,0.25,5.0,17.0,94.0,41.0,0.0,5.0,13.0,97.0,41.0,0.0,3.0,10.0,100.0,36.0,0.25,0.0,7.0,102.0,34.0,0.25,0.0,5.0,105.0,35.0,0.25,4.0,2.0,107.0,32.0,0.25,7.0,0.0,107.0,31.0,0.25,6.0,0.0,107.0,30.0,0.25,8.0,0.0,106.0,29.0,0.25,10.0,1.0,2023-09-07 14:51:00-07:00,14.85,0.17857142857142858,0.0,0.0,0.177007299270073,0.0,0.0,411.0,0.25,0.0,0.177007299270073,0.0,0.177007299270073,0.0,,,,,0.0,0.0,0.0,False,False,,,False,False,False,False,0.0,,170.0,0.0,False,,0.0,0.0,0.0,,41.0,False,9.0,6.0,5.0,2.0,False,4,109.0,3:01 PM,,YESTERDAY,2023-09-08T01:19:00-07:00,CLIPHX_202309080819.txt,True,24.0,19.0,15.0,12.0,9.0,7.0,4.0,2.0,2.0,2.0,3.0,-2.0,True,109,2023-09-07T04:00:00-07:00,2023-09-07T06:00:00-07:00,2.0,PFMPSR_202309071100.txt,0.0,0.0
2023-09-08,109.0,2023-09-08 14:51:00-07:00,25,0.875,0.0,False,16.0,91.0,45.0,0.875,0.0,18.0,93.0,46.0,0.875,0.0,16.0,97.0,40.0,0.875,5.0,12.0,100.0,40.0,0.875,6.0,9.0,103.0,44.0,0.5,0.0,6.0,106.0,44.0,0.5,5.0,3.0,107.0,37.0,0.5,5.0,2.0,109.0,38.0,0.875,7.0,0.0,109.0,41.0,0.5,7.0,0.0,109.0,42.0,0.5,10.0,0.0,108.0,43.0,0.5,7.0,1.0,2023-09-08 14:51:00-07:00,14.85,0.734375,1.0,0.625,0.7125912408759124,411.0,233.0,411.0,0.5041666666666667,180.0,0.25,0.0,0.583029197080292,291.0,19000.0,2023-09-08T08:51:00-07:00,2023-09-08T08:51:00-07:00,360.0,0.0,0.0,0.0,False,False,,,False,False,False,False,2.0,2023-09-08T11:53:00-07:00,100.0,16.0,False,,0.0,0.0,0.0,,46.0,False,6.0,6.0,4.0,2.0,False,4,110.0,4:07 PM,R,YESTERDAY,2023-09-09T01:13:00-07:00,CLIPHX_202309090813.txt,True,19.0,17.0,13.0,10.0,7.0,4.0,3.0,1.0,1.0,1.0,2.0,-1.0,True,111,2023-09-08T04:00:00-07:00,2023-09-08T06:00:00-07:00,2.0,PFMPSR_202309081100.txt,1.0,1.0
2023-09-09,113.0,2023-09-09 14:51:00-07:00,24,0.875,0.0,False,,94.0,48.0,0.5,3.0,19.0,97.0,47.0,0.5,4.0,16.0,98.0,48.0,0.5,0.0,15.0,105.0,47.0,0.5,0.0,8.0,106.0,45.0,0.25,0.0,7.0,108.0,44.0,0.5,0.0,5.0,111.0,43.0,0.5,4.0,2.0,113.0,43.0,0.5,6.0,0.0,113.0,42.0,0.5,7.0,0.0,112.0,42.0,0.5,3.0,1.0,111.0,43.0,0.5,6.0,2.0,2023-09-09 14:51:00-07:00,14.85,0.4642857142857143,0.8571428571428571,0.0,0.4635036496350365,351.0,0.0,411.0,0.4166666666666667,120.0,0.25,0.0,0.354014598540146,171.0,,2023-09-09T08:51:00-07:00,,360.0,0.0,0.0,0.0,False,False,,,False,False,True,True,0.0,,110.0,0.0,False,,0.0,0.0,0.0,,48.0,False,4.0,8.0,5.0,2.0,False,4,114.0,4:36 PM,R,YESTERDAY,2023-09-10T01:15:00-07:00,CLIPHX_202309100815.txt,True,20.0,17.0,16.0,9.0,8.0,6.0,3.0,1.0,1.0,2.0,3.0,-1.0,True,114,2023-09-09T04:00:00-07:00,2023-09-09T06:00:00-07:00,2.0,PFMPSR_202309091100.txt,0.0,0.0
2023-09-10,111.0,2023-09-10 13:51:00-07:00,24,1.0,0.0,False,39.0,93.0,49.0,0.875,7.0,18.0,97.0,49.0,0.875,5.0,14.0,101.0,48.0,0.875,7.0,10.0,104.0,47.0,0.875,8.0,7.0,107.0,46.0,0.875,4.0,4.0,110.0,45.0,0.875,0.0,1.0,111.0,44.0,0.875,4.0,0.0,111.0,44.0,0.875,8.0,0.0,111.0,45.0,1.0,19.0,0.0,108.0,46.0,1.0,20.0,3.0,105.0,47.0,1.0,17.0,6.0,2023-09-10 13:51:00-07:00,13.85,0.875,1.0,1.0,0.875,351.0,351.0,351.0,0.875,180.0,0.25,0.0,0.45726495726495725,291.0,22000.0,2023-09-10T08:51:00-07:00,2023-09-10T08:51:00-07:00,300.0,0.0,0.0,0.0,False,False,,,False,False,False,False,0.0,,30.0,0.0,False,,0.0,0.0,0.0,,49.0,False,8.0,6.0,4.0,0.0,False,5,113.0,2:32 PM,R,YESTERDAY,2023-09-11T01:14:00-07:00,CLIPHX_202309110814.txt,True,20.0,16.0,12.0,9.0,6.0,3.0,2.0,2.0,2.0,5.0,8.0,-2.0,True,111,2023-09-10T04:00:00-07:00,2023-09-10T06:00:00-07:00,2.0,PFMPSR_202309101100.txt,-2.0,2.0
2023-09-11,106.0,2023-09-11 15:51:00-07:00,24,1.0,0.0,False,24.0,90.0,53.0,0.875,10.0,16.0,91.0,53.0,0.875,9.0,15.0,96.0,54.0,0.875,7.0,10.0,98.0,52.0,0.875,7.0,8.0,102.0,52.0,0.875,10.0,4.0,102.0,53.0,0.875,6.0,4.0,105.0,52.0,0.875,14.0,1.0,105.0,53.0,0.875,11.0,1.0,106.0,53.0,0.875,13.0,0.0,105.0,53.0,0.875,13.0,1.0,103.0,53.0,0.875,16.0,3.0,2023-09-11 15:51:00-07:00,15.85,0.875,1.0,1.0,0.875,471.0,471.0,471.0,0.875,180.0,0.12261146496815287,0.0,0.6202229299363057,351.0,13000.0,2023-09-11T08:51:00-07:00,2023-09-11T08:51:00-07:00,420.0,0.0,0.0,0.0,False,False,,,False,False,False,False,0.0,,30.0,24.0,False,,0.0,0.0,0.0,,54.0,True,6.0,6.0,3.0,1.0,False,3,106.0,3:52 PM,,YESTERDAY,2023-09-12T01:21:00-07:00,CLIPHX_202309120821.txt,True,16.0,15.0,10.0,8.0,4.0,4.0,1.0,1.0,0.0,1.0,3.0,0.0,True,108,2023-09-11T04:00:00-07:00,2023-09-11T06:00:00-07:00,2.0,PFMPSR_202309111100.txt,2.0,2.0
2023-09-12,99.0,2023-09-12 14:51:00-07:00,34,0.875,0.02,True,30.0,89.0,60.0,0.875,14.0,10.0,91.0,64.0,0.875,11.0,8.0,89.0,66.0,0.875,14.0,10.0,90.0,66.0,0.875,9.0,9.0,94.0,66.0,0.875,9.0,5.0,96.0,62.0,0.5,3.0,3.0,97.0,61.0,0.5,5.0,2.0,99.0,62.0,0.5,5.0,0.0,96.0,63.0,0.875,17.0,3.0,94.0,64.0,0.875,14.0,5.0,94.0,62.0,0.875,6.0,5.0,2023-09-12 14:51:00-07:00,14.85,0.6875,1.0,0.5,0.7655109489051095,411.0,291.0,411.0,0.625,180.0,0.44525547445255476,231.0,0.656021897810219,411.0,12000.0,2023-09-12T08:51:00-07:00,2023-09-12T08:51:00-07:00,360.0,0.02,0.0,0.02,False,True,2023-09-12T20:51:00-07:00,,False,True,True,True,2.0,2023-09-12T09:51:00-07:00,30.0,22.0,True,2023-09-12T09:51:00-07:00,2.0,22.0,10.0,300.0,66.0,True,0.0,5.0,3.0,-1.0,False,4,102.0,2:14 PM,,YESTERDAY,2023-09-13T01:33:00-07:00,CLIPHX_202309130833.txt,True,13.0,11.0,13.0,12.0,8.0,6.0,5.0,3.0,6.0,8.0,8.0,-3.0,True,99,2023-09-12T04:00:00-07:00,2023-09-12T06:00:00-07:00,2.0,PFMPSR_202309121100.txt,-3.0,3.0
2023-09-13,98.0,2023-09-13 14:51:00-07:00,31,0.875,0.0,True,21.0,76.0,65.0,0.875,12.0,22.0,80.0,65.0,0.875,10.0,18.0,83.0,65.0,0.875,12.0,15.0,87.0,65.0,0.875,12.0,11.0,90.0,64.0,0.5,10.0,8.0,94.0,63.0,0.5,13.0,4.0,96.0,62.0,0.5,9.0,2.0,98.0,60.0,0.5,5.0,0.0,98.0,60.0,0.5,5.0,0.0,97.0,61.0,0.5,11.0,1.0,95.0,62.0,0.5,13.0,3.0,2023-09-13 14:51:00-07:00,14.85,0.6607142857142857,1.0,0.42857142857142855,0.7107664233576643,411.0,231.0,411.0,0.5,180.0,0.6012773722627737,231.0,0.7107664233576643,411.0,9000.0,2023-09-13T08:51:00-07:00,2023-09-13T08:51:00-07:00,360.0,0.0,0.0,0.0,False,False,,,True,False,True,True,0.0,,20.0,20.0,False,,0.0,0.0,0.0,,65.0,True,7.0,7.0,6.0,2.0,False,4,99.0,3:40 PM,,YESTERDAY,2023-09-14T01:22:00-07:00,CLIPHX_202309140822.txt,True,23.0,19.0,16.0,12.0,9.0,5.0,3.0,1.0,1.0,2.0,4.0,-1.0,True,101,2023-09-13T04:00:00-07:00,2023-09-13T06:00:00-07:00,2.0,PFMPSR_202309131100.txt,2.0,2.0
2023-09-14,101.0,2023-09-14 14:51:00-07:00,25,0.5,0.0,False,15.0,83.0,60.0,0.5,12.0,18.0,86.0,60.0,0.5,9.0,15.0,91.0,61.0,0.5,9.0,10.0,94.0,61.0,0.5,10.0,7.0,97.0,61.0,0.25,3.0,4.0,98.0,50.0,0.25,0.0,3.0,97.0,55.0,0.25,0.0,4.0,101.0,53.0,0.25,0.0,0.0,101.0,52.0,0.25,3.0,0.0,100.0,51.0,0.25,10.0,1.0,99.0,46.0,0.25,7.0,2.0,2023-09-14 14:51:00-07:00,14.85,0.35714285714285715,0.42857142857142855,0.0,0.3905109489051095,231.0,0.0,411.0,0.25,0.0,0.3905109489051095,231.0,0.3905109489051095,231.0,,2023-09-14T08:51:00-07:00,,360.0,0.0,0.0,0.0,False,False,,,False,False,True,True,1.0,2023-09-14T13:51:00-07:00,80.0,0.0,False,,0.0,0.0,0.0,,61.0,True,8.0,6.0,0.0,4.0,True,5,102.0,3:38 PM,,YESTERDAY,2023-09-15T01:22:00-07:00,CLIPHX_202309150822.txt,True,19.0,16.0,11.0,8.0,5.0,4.0,5.0,1.0,1.0,2.0,3.0,-1.0,True,101,2023-09-14T04:13:00-07:00,2023-09-14T06:00:00-07:00,1.7833333333333334,PFMPSR_202309141113.txt,-1.0,1.0
2023-09-15,103.0,2023-09-15 15:51:00-07:00,25,0.25,0.0,False,,84.0,55.0,0.25,8.0,19.0,88.0,53.0,0.25,7.0,15.0,91.0,53.0,0.25,7.0,12.0,96.0,53.0,0.25,6.0,7.0,98.0,51.0,0.25,3.0,5.0,100.0,51.0,0.25,8.0,3.0,102.0,48.0,0.25,5.0,1.0,101.0,45.0,0.25,3.0,2.0,103.0,42.0,0.25,4.0,0.0,103.0,39.0,0.25,5.0,0.0,101.0,37.0,0.25,5.0,2.0,2023-09-15 15:51:00-07:00,15.85,0.25,0.0,0.0,0.25,0.0,0.0,471.0,0.25,0.0,0.25,0.0,0.25,0.0,,,,,0.0,0.0,0.0,False,False,,,False,False,True,False,1.0,2023-09-15T14:51:00-07:00,110.0,0.0,False,,0.0,0.0,0.0,,53.0,True,7.0,7.0,4.0,1.0,False,3,104.0,2:02 PM,,YESTERDAY,2023-09-16T01:26:00-07:00,CLIPHX_202309160826.txt,True,20.0,16.0,13.0,8.0,6.0,4.0,2.0,3.0,1.0,1.0,3.0,-1.0,True,103,2023-09-15T04:07:00-07:00,2023-09-15T06:00:00-07:00,1.8833333333333333,PFMPSR_202309151107.txt,-1.0,1.0
2023-09-16,105.0,2023-09-16 15:51:00-07:00,25,0.875,0.0,False,,85.0,46.0,0.0,7.0,20.0,88.0,48.0,0.25,6.0,17.0,93.0,45.0,0.25,6.0,12.0,96.0,43.0,0.0,7.0,9.0,99.0,44.0,0.25,5.0,6.0,101.0,41.0,0.25,4.0,4.0,101.0,39.0,0.25,0.0,4.0,103.0,39.0,0.5,4.0,2.0,105.0,36.0,0.875,8.0,0.0,103.0,37.0,0.875,6.0,2.0,102.0,32.0,0.875,4.0,3.0,2023-09-16 15:51:00-07:00,15.85,0.3194444444444444,0.2222222222222222,0.1111111111111111,0.22452229299363058,60.0,0.0,471.0,0.3333333333333333,60.0,0.12898089171974522,0.0,0.1926751592356688,0.0,25000.0,2023-09-16T14:51:00-07:00,2023-09-16T15:51:00-07:00,60.0,0.0,0.0,0.0,False,False,,,False,False,False,False,0.0,,50.0,0.0,False,,0.0,0.0,0.0,,48.0,False,8.0,6.0,2.0,4.0,False,3,107.0,3:34 PM,,YESTERDAY,2023-09-17T01:19:00-07:00,CLIPHX_202309170819.txt,True,22.0,19.0,14.0,11.0,8.0,6.0,6.0,4.0,2.0,4.0,5.0,-2.0,True,105,2023-09-16T04:00:00-07:00,2023-09-16T06:00:00-07:00,2.0,PFMPSR_202309161100.txt,-2.0,2.0
2023-09-17,106.0,2023-09-17 15:51:00-07:00,24,0.875,0.0,False,20.0,83.0,45.0,0.25,8.0,23.0,88.0,44.0,0.25,5.0,18.0,92.0,44.0,0.25,6.0,14.0,96.0,43.0,0.25,5.0,10.0,100.0,41.0,0.25,5.0,6.0,101.0,41.0,0.25,7.0,5.0,101.0,39.0,0.25,5.0,5.0,105.0,37.0,0.25,10.0,1.0,106.0,34.0,0.25,10.0,0.0,104.0,34.0,0.25,10.0,2.0,102.0,35.0,0.25,5.0,4.0,2023-09-17 15:51:00-07:00,15.85,0.25,0.0,0.0,0.25,0.0,0.0,471.0,0.25,0.0,0.1592356687898089,0.0,0.25,0.0,,,,,0.0,0.0,0.0,False,False,,,False,False,False,True,0.0,,40.0,20.0,False,,0.0,0.0,0.0,,44.0,False,9.0,8.0,1.0,5.0,False,3,106.0,4:02 PM,,YESTERDAY,2023-09-18T01:15:00-07:00,CLIPHX_202309180815.txt,True,23.0,18.0,14.0,10.0,6.0,5.0,5.0,1.0,0.0,2.0,4.0,0.0,True,105,2023-09-17T04:00:00-07:00,2023-09-17T06:00:00-07:00,2.0,PFMPSR_202309171100.txt,-1.0,1.0
2023-09-18,102.0,2023-09-18 13:51:00-07:00,24,0.25,0.0,False,16.0,83.0,44.0,0.25,5.0,19.0,87.0,45.0,0.25,3.0,15.0,90.0,45.0,0.25,4.0,12.0,94.0,43.0,0.25,0.0,8.0,98.0,43.0,0.25,5.0,4.0,101.0,39.0,0.25,8.0,1.0,102.0,39.0,0.25,10.0,0.0,102.0,39.0,0.25,7.0,0.0,99.0,40.0,0.25,4.0,3.0,99.0,39.0,0.0,10.0,3.0,98.0,37.0,0.0,8.0,4.0,2023-09-18 13:51:00-07:00,13.85,0.25,0.0,0.0,0.25,0.0,0.0,351.0,0.25,0.0,0.25,0.0,0.25,0.0,,,,,0.0,0.0,0.0,False,False,,,False,False,False,False,0.0,,140.0,0.0,False,,0.0,0.0,0.0,,45.0,False,7.0,8.0,4.0,-3.0,False,5,103.0,2:21 PM,,YESTERDAY,2023-09-19T01:12:00-07:00,CLIPHX_202309190812.txt,True,20.0,16.0,13.0,9.0,5.0,2.0,1.0,1.0,4.0,4.0,5.0,-1.0,True,102,2023-09-18T04:00:00-07:00,2023-09-18T06:00:00-07:00,2.0,PFMPSR_202309181100.txt,-1.0,1.0
2023-09-19,100.0,2023-09-19 13:51:00-07:00,24,0.5,0.0,False,,80.0,42.0,0.0,7.0,20.0,83.0,42.0,0.0,6.0,17.0,88.0,41.0,0.0,5.0,12.0,92.0,42.0,0.0,5.0,8.0,93.0,45.0,0.0,4.0,7.0,96.0,39.0,0.0,9.0,4.0,100.0,22.0,0.0,5.0,0.0,99.0,14.0,0.0,8.0,1.0,99.0,19.0,0.0,6.0,1.0,98.0,20.0,0.0,4.0,2.0,97.0,22.0,0.0,4.0,3.0,2023-09-19 13:51:00-07:00,13.85,0.0,0.0,0.0,0.0,0.0,0.0,351.0,0.0,0.0,0.0,0.0,0.0,0.0,,,,,0.0,0.0,0.0,False,False,,,False,False,False,False,0.0,,40.0,0.0,False,,0.0,0.0,0.0,,45.0,False,8.0,5.0,7.0,-1.0,False,5,102.0,2:42 PM,,YESTERDAY,2023-09-20T01:22:00-07:00,CLIPHX_202309200822.txt,True,22.0,19.0,14.0,10.0,9.0,6.0,2.0,3.0,3.0,4.0,5.0,-2.0,True,100,2023-09-19T04:00:00-07:00,2023-09-19T06:00:00-07:00,2.0,PFMPSR_202309191100.txt,-2.0,2.0
2023-09-20,100.0,2023-09-20 15:51:00-07:00,24,0.875,0.0,False,20.0,78.0,36.0,0.875,5.0,22.0,80.0,34.0,0.875,9.0,20.0,81.0,34.0,0.875,7.0,19.0,86.0,38.0,0.875,8.0,14.0,92.0,38.0,0.875,6.0,8.0,97.0,30.0,0.875,9.0,3.0,99.0,35.0,0.875,13.0,1.0,99.0,35.0,0.875,10.0,1.0,100.0,32.0,0.875,11.0,0.0,99.0,28.0,0.875,9.0,1.0,97.0,25.0,0.875,10.0,3.0,2023-09-20 15:51:00-07:00,15.85,0.875,1.0,1.0,0.875,471.0,471.0,471.0,0.875,180.0,0.12738853503184713,0.0,0.6910828025477707,471.0,17000.0,2023-09-20T08:51:00-07:00,2023-09-20T08:51:00-07:00,420.0,0.0,0.0,0.0,False,False,,,False,False,False,False,0.0,,70.0,20.0,False,,0.0,0.0,0.0,,38.0,False,3.0,11.0,7.0,1.0,False,3,102.0,4:09 PM,,YESTERDAY,2023-09-21T01:20:00-07:00,CLIPHX_202309210820.txt,True,24.0,22.0,21.0,16.0,10.0,5.0,3.0,3.0,2.0,3.0,5.0,-2.0,True,101,2023-09-20T04:00:00-07:00,2023-09-20T06:00:00-07:00,2.0,PFMPSR_202309201100.txt,-1.0,1.0
2023-09-21,97.0,2023-09-21 14:51:00-07:00,24,0.875,0.0,False,18.0,78.0,35.0,0.25,9.0,19.0,83.0,34.0,0.25,4.0,14.0,87.0,34.0,0.25,7.0,10.0,92.0,36.0,0.25,5.0,5.0,94.0,36.0,0.25,12.0,3.0,94.0,37.0,0.25,3.0,3.0,95.0,36.0,0.25,9.0,2.0,97.0,34.0,0.25,3.0,0.0,97.0,32.0,0.5,3.0,0.0,97.0,32.0,0.5,5.0,0.0,96.0,38.0,0.875,7.0,1.0,2023-09-21 14:51:00-07:00,14.85,0.25,0.0,0.0,0.25,0.0,0.0,411.0,0.25,0.0,0.0,0.0,0.177007299270073,0.0,,,,,0.0,0.0,0.0,False,False,,,False,False,False,False,0.0,,140.0,18.0,False,,0.0,0.0,0.0,,37.0,False,9.0,7.0,1.0,2.0,False,4,99.0,3:14 PM,,YESTERDAY,2023-09-22T01:13:00-07:00,CLIPHX_202309220813.txt,True,21.0,16.0,12.0,7.0,5.0,5.0,4.0,2.0,2.0,2.0,3.0,-2.0,True,99,2023-09-21T04:01:00-07:00,2023-09-21T06:00:00-07:00,1.9833333333333332,PFMPSR_202309211101.txt,0.0,0.0
2023-09-22,98.0,2023-09-22 14:51:00-07:00,24,0.875,0.0,False,,77.0,42.0,0.875,4.0,21.0,83.0,38.0,0.875,5.0,15.0,87.0,37.0,0.875,0.0,11.0,90.0,33.0,0.875,0.0,8.0,92.0,28.0,0.875,0.0,6.0,93.0,28.0,0.875,5.0,5.0,93.0,28.0,0.875,5.0,5.0,98.0,27.0,0.875,0.0,0.0,96.0,28.0,0.875,6.0,2.0,95.0,29.0,0.875,7.0,3.0,95.0,26.0,0.875,10.0,3.0,2023-09-22 14:51:00-07:00,14.85,0.875,1.0,1.0,0.875,411.0,411.0,411.0,0.875,180.0,0.177007299270073,0.0,0.49178832116788324,231.0,17000.0,2023-09-22T08:51:00-07:00,2023-09-22T08:51:00-07:00,360.0,0.0,0.0,0.0,False,False,,,False,False,False,False,0.0,,120.0,0.0,False,,0.0,0.0,0.0,,38.0,False,10.0,5.0,1.0,3.0,False,4,99.0,3:08 PM,,YESTERDAY,2023-09-23T01:45:00-07:00,CLIPHX_202309230845.txt,True,22.0,16.0,12.0,9.0,7.0,6.0,6.0,1.0,3.0,4.0,4.0,-1.0,True,97,2023-09-22T04:00:00-07:00,2023-09-22T06:00:00-07:00,2.0,PFMPSR_202309221100.txt,-2.0,2.0
2023-09-23,95.0,2023-09-23 14:51:00-07:00,24,1.0,0.0,False,,80.0,33.0,0.875,6.0,15.0,81.0,34.0,0.875,6.0,14.0,84.0,33.0,0.875,6.0,11.0,87.0,33.0,0.875,5.0,8.0,90.0,34.0,0.875,0.0,5.0,90.0,34.0,0.875,5.0,5.0,93.0,35.0,0.5,5.0,2.0,95.0,36.0,0.875,4.0,0.0,94.0,38.0,0.875,3.0,1.0,94.0,39.0,0.875,5.0,1.0,94.0,39.0,0.5,5.0,1.0,2023-09-23 14:51:00-07:00,14.85,0.8214285714285714,1.0,0.8571428571428571,0.8202554744525548,411.0,351.0,411.0,0.75,180.0,0.4635036496350365,351.0,0.8202554744525548,411.0,14000.0,2023-09-23T08:51:00-07:00,2023-09-23T08:51:00-07:00,360.0,0.0,0.0,0.0,False,False,,,False,False,False,False,0.0,,140.0,0.0,False,,0.0,0.0,0.0,,36.0,False,4.0,6.0,3.0,1.0,False,4,96.0,3:20 PM,,YESTERDAY,2023-09-24T01:26:00-07:00,CLIPHX_202309240826.txt,True,16.0,15.0,12.0,9.0,6.0,6.0,3.0,1.0,2.0,2.0,2.0,-1.0,True,100,2023-09-23T04:06:00-07:00,2023-09-23T06:00:00-07:00,1.9,PFMPSR_202309231106.txt,4.0,4.0
2023-09-24,100.0,2023-09-24 15:51:00-07:00,24,0.25,0.0,False,,79.0,45.0,0.0,0.0,21.0,85.0,44.0,0.0,9.0,15.0,89.0,44.0,0.25,7.0,11.0,92.0,44.0,0.25,4.0,8.0,95.0,45.0,0.25,4.0,5.0,96.0,46.0,0.0,5.0,4.0,95.0,43.0,0.0,6.0,5.0,97.0,40.0,0.0,,3.0,100.0,40.0,0.0,3.0,0.0,97.0,39.0,0.0,3.0,3.0,97.0,40.0,0.0,5.0,3.0,2023-09-24 15:51:00-07:00,15.85,0.09375,0.0,0.0,0.09554140127388536,0.0,0.0,471.0,0.0,0.0,0.0,0.0,0.09554140127388536,0.0,,,,,0.0,0.0,0.0,False,False,,,False,False,False,False,1.0,2023-09-24T13:51:00-07:00,100.0,0.0,False,,0.0,0.0,0.0,,46.0,False,10.0,6.0,0.0,5.0,True,3,100.0,4:30 PM,,YESTERDAY,2023-09-25T01:31:00-07:00,CLIPHX_202309250831.txt,True,21.0,15.0,11.0,8.0,5.0,4.0,5.0,3.0,0.0,3.0,3.0,0.0,True,101,2023-09-24T04:00:00-07:00,2023-09-24T06:00:00-07:00,2.0,PFMPSR_202309241100.txt,1.0,1.0
2023-09-25,102.0,2023-09-25 16:51:00-07:00,24,0.25,0.0,False,22.0,81.0,45.0,0.25,5.0,21.0,85.0,46.0,0.25,7.0,17.0,89.0,42.0,0.25,4.0,13.0,92.0,42.0,0.25,4.0,10.0,96.0,42.0,0.25,0.0,6.0,99.0,40.0,0.25,3.0,3.0,100.0,37.0,0.25,3.0,2.0,101.0,37.0,0.25,0.0,1.0,101.0,39.0,0.25,5.0,1.0,102.0,39.0,0.25,9.0,0.0,100.0,38.0,0.25,8.0,2.0,2023-09-25 16:51:00-07:00,16.85,0.25,0.0,0.0,0.25,0.0,0.0,531.0,0.25,0.0,0.02824858757062147,0.0,0.02824858757062147,0.0,,,,,0.0,0.0,0.0,False,False,,,False,False,False,False,0.0,,160.0,18.0,False,,0.0,0.0,0.0,,46.0,False,8.0,7.0,4.0,1.0,False,2,102.0,4:51 PM,,YESTERDAY,2023-09-26T01:25:00-07:00,CLIPHX_202309260825.txt,True,21.0,17.0,13.0,10.0,6.0,3.0,2.0,1.0,1.0,0.0,2.0,0.0,True,104,2023-09-25T04:00:00-07:00,2023-09-25T06:00:00-07:00,2.0,PFMPSR_202309251100.txt,2.0,2.0
2023-09-26,103.0,2023-09-26 14:51:00-07:00,24,0.25,0.0,False,19.0,81.0,39.0,0.25,3.0,22.0,85.0,40.0,0.25,3.0,18.0,90.0,40.0,0.25,0.0,13.0,93.0,38.0,0.0,3.0,10.0,97.0,37.0,0.0,3.0,6.0,99.0,35.0,0.0,0.0,4.0,102.0,36.0,0.25,5.0,1.0,103.0,33.0,0.25,8.0,0.0,103.0,33.0,0.25,8.0,0.0,102.0,32.0,0.25,10.0,1.0,101.0,34.0,0.0,7.0,2.0,2023-09-26 14:51:00-07:00,14.85,0.14285714285714285,0.0,0.0,0.14051094890510948,0.0,0.0,411.0,0.08333333333333333,0.0,0.14051094890510948,0.0,0.14051094890510948,0.0,,,,,0.0,0.0,0.0,False,False,,,False,False,False,False,0.0,,60.0,0.0,False,,0.0,0.0,0.0,,40.0,False,9.0,7.0,5.0,1.0,False,4,105.0,3:20 PM,,YESTERDAY,2023-09-27T01:22:00-07:00,CLIPHX_202309270822.txt,True,24.0,20.0,15.0,12.0,8.0,6.0,3.0,2.0,2.0,3.0,4.0,-2.0,True,105,2023-09-26T04:00:00-07:00,2023-09-26T06:00:00-07:00,2.0,PFMPSR_202309261100.txt,0.0,0.0
2023-09-27,105.0,2023-09-27 14:51:00-07:00,26,0.875,0.0,False,17.0,82.0,36.0,0.0,3.0,23.0,86.0,37.0,0.0,5.0,19.0,90.0,36.0,0.25,7.0,15.0,95.0,35.0,0.25,5.0,10.0,97.0,33.0,0.25,4.0,8.0,101.0,29.0,0.25,0.0,4.0,102.0,29.0,0.25,0.0,3.0,105.0,30.0,0.25,4.0,0.0,103.0,30.0,0.5,5.0,2.0,103.0,30.0,0.5,4.0,2.0,102.0,30.0,0.5,9.0,3.0,2023-09-27 14:51:00-07:00,14.85,0.21428571428571427,0.0,0.0,0.18248175182481752,0.0,0.0,411.0,0.25,0.0,0.0,0.0,0.0,0.0,,,,,0.0,0.0,0.0,False,False,,,False,False,False,False,0.0,,10.0,0.0,False,,0.0,0.0,0.0,,37.0,False,8.0,7.0,5.0,1.0,False,4,106.0,2:55 PM,,YESTERDAY,2023-09-28T01:30:00-07:00,CLIPHX_202309280830.txt,True,24.0,20.0,16.0,11.0,9.0,5.0,4.0,1.0,3.0,3.0,4.0,-1.0,True,106,2023-09-27T04:00:00-07:00,2023-09-27T06:00:00-07:00,2.0,PFMPSR_202309271100.txt,0.0,0.0
2023-09-28,102.0,2023-09-28 15:51:00-07:00,24,0.875,0.0,False,,78.0,39.0,0.5,8.0,24.0,83.0,41.0,0.5,7.0,19.0,90.0,43.0,0.5,7.0,12.0,94.0,44.0,0.5,4.0,8.0,96.0,43.0,0.875,3.0,6.0,99.0,42.0,0.5,4.0,3.0,99.0,42.0,0.5,7.0,3.0,101.0,42.0,0.5,3.0,1.0,102.0,39.0,0.5,6.0,0.0,101.0,39.0,0.25,3.0,1.0,100.0,39.0,0.25,5.0,2.0,2023-09-28 15:51:00-07:00,15.85,0.546875,1.0,0.125,0.5477707006369427,471.0,60.0,471.0,0.5,180.0,0.3184713375796178,180.0,0.4681528662420382,411.0,25000.0,2023-09-28T08:51:00-07:00,2023-09-28T11:51:00-07:00,420.0,0.0,0.0,0.0,False,False,,,False,False,False,False,0.0,,80.0,0.0,False,,0.0,0.0,0.0,,44.0,False,12.0,6.0,3.0,3.0,False,3,104.0,3:20 PM,,YESTERDAY,2023-09-29T01:18:00-07:00,CLIPHX_202309290818.txt,True,26.0,21.0,14.0,10.0,8.0,5.0,5.0,3.0,2.0,3.0,4.0,-2.0,True,104,2023-09-28T04:00:00-07:00,2023-09-28T06:00:00-07:00,2.0,PFMPSR_202309281100.txt,0.0,0.0
2023-09-29,101.0,2023-09-29 14:59:00-07:00,25,0.25,0.0,False,,78.0,44.0,0.25,7.0,23.0,83.0,44.0,0.0,7.0,18.0,87.0,39.0,0.0,6.0,14.0,92.0,43.0,0.0,7.0,9.0,95.0,37.0,0.0,4.0,6.0,99.0,30.0,0.0,8.0,2.0,100.0,28.0,0.0,7.0,1.0,101.0,29.0,0.0,4.0,0.0,100.0,30.0,0.0,3.0,1.0,100.0,29.0,0.0,3.0,1.0,99.0,25.0,0.0,5.0,2.0,2023-09-29 14:59:00-07:00,14.983333333333333,0.0,0.0,0.0,0.030429594272076373,0.0,0.0,419.0,0.0,0.0,0.030429594272076373,0.0,0.030429594272076373,0.0,,,,,0.0,0.0,0.0,False,False,,,False,False,False,False,0.0,,100.0,0.0,False,,0.0,0.0,0.0,,44.0,False,9.0,8.0,5.0,0.0,False,4,102.0,3:38 PM,,YESTERDAY,2023-09-30T01:18:00-07:00,CLIPHX_202309300818.txt,True,24.0,19.0,15.0,10.0,7.0,3.0,2.0,1.0,2.0,2.0,3.0,-1.0,True,103,2023-09-29T04:14:00-07:00,2023-09-29T06:00:00-07:00,1.7666666666666666,PFMPSR_202309291114.txt,1.0,1.0
2023-09-30,101.0,2023-09-30 14:51:00-07:00,24,0.5,0.0,False,30.0,77.0,34.0,0.25,7.0,24.0,84.0,34.0,0.25,9.0,17.0,88.0,32.0,0.25,8.0,13.0,92.0,32.0,0.25,9.0,9.0,95.0,30.0,0.25,9.0,6.0,98.0,28.0,0.25,9.0,3.0,99.0,28.0,0.25,17.0,2.0,101.0,29.0,0.25,17.0,0.0,99.0,31.0,0.25,14.0,2.0,97.0,41.0,0.25,13.0,4.0,93.0,38.0,0.5,11.0,8.0,2023-09-30 14:51:00-07:00,14.85,0.25,0.0,0.0,0.25,0.0,0.0,411.0,0.25,0.0,0.03102189781021898,0.0,0.03102189781021898,0.0,,,,,0.0,0.0,0.0,False,False,,,False,False,False,False,0.0,,40.0,30.0,False,,0.0,0.0,0.0,,34.0,False,11.0,7.0,4.0,0.0,False,4,101.0,2:53 PM,,YESTERDAY,2023-10-01T01:42:00-07:00,CLIPHX_202310010842.txt,True,24.0,17.0,13.0,9.0,6.0,3.0,2.0,0.0,2.0,4.0,8.0,0.0,True,98,2023-09-30T04:00:00-07:00,2023-09-30T06:00:00-07:00,2.0,PFMPSR_202309301100.txt,-3.0,3.0
2024-06-01,105.0,2024-06-01 14:51:00-07:00,24,0.25,0.0,False,21.0,84.0,26.0,0.0,8.0,21.0,88.0,25.0,0.25,7.0,17.0,94.0,23.0,0.25,6.0,11.0,95.0,20.0,0.0,3.0,10.0,100.0,20.0,0.0,7.0,5.0,103.0,22.0,0.0,7.0,2.0,104.0,18.0,0.0,7.0,1.0,105.0,13.0,0.0,11.0,0.0,104.0,18.0,0.0,11.0,1.0,103.0,17.0,0.0,8.0,2.0,102.0,17.0,0.0,8.0,3.0,2024-06-01 14:51:00-07:00,14.85,0.07142857142857142,0.0,0.0,0.072992700729927,0.0,0.0,411.0,0.0,0.0,0.072992700729927,0.0,0.072992700729927,0.0,,,,,0.0,0.0,0.0,False,False,,,False,False,False,False,0.0,,60.0,21.0,False,,0.0,0.0,0.0,,25.0,False,10.0,6.0,4.0,0.0,False,4,107.0,2:34 PM,,YESTERDAY,2024-06-02T01:22:00-07:00,CLIPHX_202406020822.txt,True,23.0,19.0,13.0,12.0,7.0,4.0,3.0,2.0,3.0,4.0,5.0,-2.0,True,105,2024-06-01T04:08:00-07:00,2024-06-01T06:00:00-07:00,1.8666666666666667,PFMPSR_202406011108.txt,-2.0,2.0
2024-06-02,103.0,2024-06-02 15:51:00-07:00,23,0.25,0.0,False,18.0,83.0,28.0,0.0,9.0,20.0,87.0,26.0,0.0,5.0,16.0,91.0,26.0,0.0,0.0,12.0,94.0,27.0,0.0,4.0,9.0,97.0,27.0,0.25,5.0,6.0,97.0,29.0,0.25,3.0,6.0,102.0,29.0,0.25,0.0,1.0,102.0,29.0,0.25,3.0,1.0,103.0,29.0,0.25,12.0,0.0,102.0,30.0,0.25,3.0,1.0,,,,,,2024-06-02 15:51:00-07:00,15.85,0.15625,0.0,0.0,0.12738853503184713,0.0,0.0,471.0,0.25,0.0,0.06369426751592357,0.0,0.06369426751592357,0.0,,,,,0.0,0.0,0.0,False,False,,,False,False,False,False,0.0,,140.0,18.0,False,,0.0,0.0,0.0,,29.0,False,8.0,6.0,5.0,1.0,False,2,105.0,2:46 PM,,YESTERDAY,2024-06-03T01:19:00-07:00,CLIPHX_202406030819.txt,True,22.0,18.0,14.0,11.0,8.0,8.0,3.0,3.0,2.0,3.0,,-2.0,True,104,2024-06-02T04:00:00-07:00,2024-06-02T06:00:00-07:00,2.0,PFMPSR_202406021100.txt,-1.0,1.0
2024-06-03,101.0,2024-06-03 14:51:00-07:00,23,0.875,0.0,False,19.0,84.0,34.0,0.25,6.0,17.0,87.0,30.0,0.25,6.0,14.0,90.0,31.0,0.25,5.0,11.0,95.0,30.0,0.25,8.0,6.0,96.0,28.0,0.5,4.0,5.0,99.0,26.0,0.5,7.0,2.0,100.0,20.0,0.5,5.0,1.0,101.0,25.0,0.5,7.0,0.0,,,,,,100.0,27.0,0.875,7.0,1.0,101.0,28.0,0.875,12.0,0.0,2024-06-03 14:51:00-07:00,14.85,0.39285714285714285,0.5714285714285714,0.0,0.3594890510948905,180.0,0.0,411.0,0.5,180.0,0.177007299270073,0.0,0.177007299270073,0.0,,2024-06-03T11:51:00-07:00,,180.0,0.0,0.0,0.0,False,False,,,False,False,False,False,0.0,,100.0,0.0,False,,0.0,0.0,0.0,,31.0,False,6.0,6.0,4.0,,False,3,103.0,5:06 PM,,YESTERDAY,2024-06-04T01:11:00-07:00,CLIPHX_202406040811.txt,True,19.0,16.0,13.0,8.0,7.0,4.0,3.0,2.0,,3.0,2.0,-2.0,True,104,2024-06-03T04:00:00-07:00,2024-06-03T06:00:00-07:00,2.0,PFMPSR_202406031100.txt,1.0,1.0
2024-06-04,101.0,2024-06-04 15:51:00-07:00,24,1.0,0.0,False,,83.0,37.0,0.875,7.0,18.0,87.0,34.0,0.875,6.0,14.0,90.0,35.0,0.875,4.0,11.0,92.0,33.0,0.875,3.0,9.0,96.0,30.0,0.875,6.0,5.0,97.0,30.0,0.875,0.0,4.0,100.0,31.0,0.875,0.0,1.0,99.0,31.0,0.875,4.0,2.0,101.0,31.0,0.875,0.0,0.0,101.0,31.0,0.875,4.0,0.0,101.0,30.0,0.5,6.0,0.0,2024-06-04 15:51:00-07:00,15.85,0.875,1.0,1.0,0.875,471.0,471.0,471.0,0.875,180.0,0.03184713375796178,0.0,0.06369426751592357,0.0,25000.0,2024-06-04T08:51:00-07:00,2024-06-04T08:51:00-07:00,420.0,0.0,0.0,0.0,False,False,,,False,False,False,False,1.0,2024-06-04T14:51:00-07:00,50.0,0.0,False,,0.0,0.0,0.0,,35.0,False,7.0,6.0,4.0,1.0,False,3,104.0,3:48 PM,,YESTERDAY,2024-06-05T01:17:00-07:00,CLIPHX_202406050817.txt,True,21.0,17.0,14.0,12.0,8.0,7.0,4.0,5.0,3.0,3.0,3.0,-3.0,True,105,2024-06-04T04:07:00-07:00,2024-06-04T06:00:00-07:00,1.8833333333333333,PFMPSR_202406041107.txt,1.0,1.0
2024-06-05,108.0,2024-06-05 15:51:00-07:00,25,0.25,0.0,False,19.0,86.0,43.0,0.25,6.0,22.0,90.0,42.0,0.25,5.0,18.0,94.0,41.0,0.25,3.0,14.0,98.0,40.0,0.25,4.0,10.0,100.0,39.0,0.25,4.0,8.0,102.0,38.0,0.25,4.0,6.0,103.0,39.0,0.25,9.0,5.0,105.0,37.0,0.25,11.0,3.0,108.0,39.0,0.25,10.0,0.0,108.0,39.0,0.25,13.0,0.0,106.0,38.0,0.0,10.0,2.0,2024-06-05 15:51:00-07:00,15.85,0.25,0.0,0.0,0.25,0.0,0.0,471.0,0.25,0.0,0.03184713375796178,0.0,0.12738853503184713,0.0,,,,,0.0,0.0,0.0,False,False,,,False,False,False,False,2.0,2024-06-05T13:55:00-07:00,160.0,18.0,False,,0.0,0.0,0.0,,42.0,False,8.0,6.0,3.0,5.0,False,3,108.0,5:30 PM,,YESTERDAY,2024-06-06T01:25:00-07:00,CLIPHX_202406060825.txt,True,22.0,18.0,14.0,10.0,8.0,6.0,5.0,3.0,0.0,0.0,2.0,0.0,True,110,2024-06-05T04:00:00-07:00,2024-06-05T06:00:00-07:00,2.0,PFMPSR_202406051100.txt,2.0,2.0
2024-06-06,111.0,2024-06-06 15:51:00-07:00,24,0.875,0.0,False,22.0,89.0,45.0,0.5,4.0,22.0,93.0,44.0,0.25,0.0,18.0,97.0,43.0,0.25,4.0,14.0,100.0,43.0,0.25,3.0,11.0,104.0,42.0,0.25,3.0,7.0,108.0,41.0,0.25,9.0,3.0,110.0,39.0,0.5,10.0,1.0,110.0,38.0,0.875,13.0,1.0,111.0,39.0,0.875,15.0,0.0,111.0,37.0,0.875,11.0,0.0,110.0,37.0,0.875,15.0,1.0,2024-06-06 15:51:00-07:00,15.85,0.4375,0.375,0.25,0.3885350318471338,171.0,60.0,471.0,0.5416666666666666,120.0,0.25,0.0,0.2770700636942675,51.0,29000.0,2024-06-06T13:51:00-07:00,2024-06-06T14:51:00-07:00,120.0,0.0,0.0,0.0,False,False,,,False,False,False,False,0.0,,20.0,22.0,False,,0.0,0.0,0.0,,44.0,False,8.0,7.0,6.0,1.0,False,3,113.0,3:45 PM,R,YESTERDAY,2024-06-07T01:19:00-07:00,CLIPHX_202406070819.txt,True,24.0,20.0,16.0,13.0,9.0,5.0,3.0,3.0,2.0,2.0,3.0,-2.0,True,113,2024-06-06T04:05:00-07:00,2024-06-06T06:00:00-07:00,1.9166666666666667,PFMPSR_202406061105.txt,0.0,0.0
2024-06-07,111.0,2024-06-07 15:51:00-07:00,25,0.875,0.0,False,20.0,90.0,43.0,0.875,0.0,21.0,93.0,43.0,0.875,0.0,18.0,99.0,43.0,0.5,0.0,12.0,101.0,42.0,0.5,6.0,10.0,104.0,41.0,0.25,3.0,7.0,106.0,39.0,0.25,0.0,5.0,109.0,32.0,0.25,6.0,2.0,110.0,32.0,0.25,7.0,1.0,111.0,33.0,0.25,9.0,0.0,109.0,35.0,0.25,6.0,2.0,109.0,31.0,0.25,11.0,2.0,2024-06-07 15:51:00-07:00,15.85,0.3472222222222222,0.3333333333333333,0.1111111111111111,0.45514861995753714,231.0,111.0,471.0,0.23472222222222222,0.0,0.0589171974522293,0.0,0.18152866242038215,51.0,29000.0,2024-06-07T08:51:00-07:00,2024-06-07T08:51:00-07:00,420.0,0.0,0.0,0.0,False,False,,,False,False,False,False,1.0,2024-06-07T14:02:00-07:00,150.0,20.0,False,,0.0,0.0,0.0,,43.0,False,9.0,5.0,5.0,2.0,False,3,113.0,3:28 PM,,YESTERDAY,2024-06-08T01:21:00-07:00,CLIPHX_202406080821.txt,True,23.0,20.0,14.0,12.0,9.0,7.0,4.0,3.0,2.0,4.0,4.0,-2.0,True,111,2024-06-07T04:05:00-07:00,2024-06-07T06:00:00-07:00,1.9166666666666667,PFMPSR_202406071105.txt,-2.0,2.0
2024-06-08,106.0,2024-06-08 13:51:00-07:00,24,0.875,0.0,False,19.0,87.0,41.0,0.875,5.0,19.0,90.0,41.0,0.875,8.0,16.0,95.0,41.0,0.5,5.0,11.0,98.0,41.0,0.5,0.0,8.0,101.0,41.0,0.875,4.0,5.0,105.0,40.0,0.875,10.0,1.0,106.0,38.0,0.875,5.0,0.0,106.0,38.0,0.875,4.0,0.0,106.0,38.0,0.875,3.0,0.0,106.0,38.0,0.5,6.0,0.0,106.0,38.0,0.5,8.0,0.0,2024-06-08 13:51:00-07:00,13.85,0.75,1.0,0.6666666666666666,0.7467948717948718,351.0,231.0,351.0,0.75,180.0,0.03632478632478633,0.0,0.41452991452991456,231.0,25000.0,2024-06-08T08:51:00-07:00,2024-06-08T08:51:00-07:00,300.0,0.0,0.0,0.0,False,False,,,False,False,False,False,0.0,,130.0,14.0,False,,0.0,0.0,0.0,,41.0,False,8.0,6.0,5.0,0.0,False,5,108.0,3:58 PM,,YESTERDAY,2024-06-09T01:16:00-07:00,CLIPHX_202406090816.txt,True,21.0,18.0,13.0,10.0,7.0,3.0,2.0,2.0,2.0,2.0,2.0,-2.0,True,109,2024-06-08T04:00:00-07:00,2024-06-08T06:00:00-07:00,2.0,PFMPSR_202406081100.txt,1.0,1.0
2024-06-09,107.0,2024-06-09 14:51:00-07:00,25,0.875,0.0,False,18.0,87.0,37.0,0.875,11.0,20.0,90.0,38.0,0.875,9.0,17.0,95.0,36.0,0.875,9.0,12.0,97.0,33.0,0.875,10.0,10.0,101.0,27.0,0.875,11.0,6.0,103.0,25.0,0.875,7.0,4.0,105.0,27.0,0.875,6.0,2.0,107.0,22.0,0.875,9.0,0.0,105.0,23.0,0.875,3.0,2.0,106.0,23.0,0.875,11.0,1.0,105.0,24.0,0.875,4.0,2.0,2024-06-09 14:51:00-07:00,14.85,0.875,1.0,1.0,0.875,411.0,411.0,411.0,0.875,180.0,0.18248175182481752,0.0,0.24452554744525548,51.0,25000.0,2024-06-09T08:51:00-07:00,2024-06-09T08:51:00-07:00,360.0,0.0,0.0,0.0,False,False,,,False,False,False,False,0.0,,50.0,18.0,False,,0.0,0.0,0.0,,38.0,False,8.0,6.0,4.0,0.0,False,4,107.0,5:33 PM,,YESTERDAY,2024-06-10T01:20:00-07:00,CLIPHX_202406100820.txt,True,20.0,17.0,12.0,10.0,6.0,4.0,2.0,0.0,2.0,1.0,2.0,0.0,True,106,2024-06-09T04:17:00-07:00,2024-06-09T06:00:00-07:00,1.7166666666666666,PFMPSR_202406091117.txt,-1.0,1.0
2024-06-10,106.0,2024-06-10 16:51:00-07:00,25,0.5,0.0,False,,86.0,36.0,0.25,4.0,20.0,90.0,35.0,0.25,5.0,16.0,94.0,33.0,0.25,3.0,12.0,97.0,28.0,0.25,6.0,9.0,99.0,28.0,0.25,3.0,7.0,103.0,31.0,0.25,3.0,3.0,103.0,32.0,0.5,0.0,3.0,103.0,31.0,0.5,3.0,3.0,104.0,31.0,0.25,5.0,2.0,106.0,30.0,0.25,5.0,0.0,105.0,32.0,0.25,8.0,1.0,2024-06-10 16:51:00-07:00,16.85,0.3055555555555556,0.2222222222222222,0.0,0.3064971751412429,120.0,0.0,531.0,0.4166666666666667,120.0,0.10875706214689265,0.0,0.25,0.0,,2024-06-10T13:51:00-07:00,,180.0,0.0,0.0,0.0,False,False,,,False,False,False,False,0.0,,140.0,0.0,False,,0.0,0.0,0.0,,35.0,False,8.0,5.0,4.0,1.0,False,2,109.0,3:22 PM,,YESTERDAY,2024-06-11T01:26:00-07:00,CLIPHX_202406110826.txt,True,23.0,19.0,15.0,12.0,10.0,6.0,6.0,6.0,5.0,3.0,4.0,-3.0,True,107,2024-06-10T04:00:00-07:00,2024-06-10T06:00:00-07:00,2.0,PFMPSR_202406101100.txt,-2.0,2.0
2024-06-11,112.0,2024-06-11 14:51:00-07:00,24,0.5,0.0,False,,87.0,39.0,0.5,6.0,25.0,91.0,38.0,0.25,3.0,21.0,96.0,37.0,0.25,0.0,16.0,100.0,35.0,0.25,4.0,12.0,102.0,32.0,0.5,0.0,10.0,106.0,29.0,0.5,7.0,6.0,109.0,28.0,0.25,4.0,3.0,112.0,29.0,0.25,6.0,0.0,110.0,22.0,0.25,3.0,2.0,111.0,22.0,0.25,9.0,1.0,109.0,24.0,0.25,7.0,3.0,2024-06-11 14:51:00-07:00,14.85,0.32142857142857145,0.2857142857142857,0.0,0.354014598540146,171.0,0.0,411.0,0.4166666666666667,120.0,0.09854014598540146,51.0,0.09854014598540146,51.0,,2024-06-11T11:51:00-07:00,,180.0,0.0,0.0,0.0,False,False,,,False,False,False,False,0.0,,40.0,0.0,False,,0.0,0.0,0.0,,38.0,False,9.0,6.0,7.0,1.0,False,4,113.0,4:36 PM,,YESTERDAY,2024-06-12T01:19:00-07:00,CLIPHX_202406120819.txt,True,26.0,22.0,17.0,13.0,11.0,7.0,4.0,1.0,3.0,2.0,4.0,-1.0,True,111,2024-06-11T04:00:00-07:00,2024-06-11T06:00:00-07:00,2.0,PFMPSR_202406111100.txt,-2.0,2.0
2024-06-12,111.0,2024-06-12 16:51:00-07:00,25,0.25,0.0,False,18.0,91.0,32.0,0.0,6.0,20.0,95.0,28.0,0.0,6.0,16.0,98.0,24.0,0.0,7.0,13.0,101.0,22.0,0.0,5.0,10.0,102.0,24.0,0.0,4.0,9.0,107.0,24.0,0.0,5.0,4.0,108.0,21.0,0.0,0.0,3.0,109.0,16.0,0.0,0.0,2.0,110.0,21.0,0.0,11.0,1.0,111.0,17.0,0.25,11.0,0.0,109.0,21.0,0.0,9.0,2.0,2024-06-12 16:51:00-07:00,16.85,0.025,0.0,0.0,0.0,0.0,0.0,531.0,0.0,0.0,0.0,0.0,0.0,0.0,,,,,0.0,0.0,0.0,False,False,,,False,False,False,False,0.0,,140.0,16.0,False,,0.0,0.0,0.0,,28.0,False,7.0,4.0,6.0,2.0,False,2,111.0,4:56 PM,,YESTERDAY,2024-06-13T01:24:00-07:00,CLIPHX_202406130824.txt,True,20.0,16.0,13.0,10.0,9.0,4.0,3.0,2.0,1.0,0.0,2.0,0.0,True,112,2024-06-12T04:00:00-07:00,2024-06-12T06:00:00-07:00,2.0,PFMPSR_202406121100.txt,1.0,1.0
2024-06-13,107.0,2024-06-13 15:51:00-07:00,24,0.875,0.0,False,,91.0,32.0,0.5,5.0,16.0,95.0,30.0,0.5,6.0,12.0,99.0,30.0,0.5,6.0,8.0,101.0,29.0,0.875,0.0,6.0,102.0,29.0,0.875,7.0,5.0,102.0,31.0,0.875,5.0,5.0,103.0,28.0,0.875,5.0,4.0,106.0,28.0,0.875,5.0,1.0,107.0,29.0,0.875,10.0,0.0,106.0,30.0,0.875,8.0,1.0,105.0,29.0,0.875,7.0,2.0,2024-06-13 15:51:00-07:00,15.85,0.78125,1.0,0.75,0.7388535031847133,471.0,300.0,471.0,0.875,180.0,0.12738853503184713,120.0,0.6480891719745223,300.0,17000.0,2024-06-13T08:51:00-07:00,2024-06-13T10:51:00-07:00,420.0,0.0,0.0,0.0,False,False,,,False,False,False,False,0.0,,170.0,0.0,False,,0.0,0.0,0.0,,31.0,False,8.0,3.0,1.0,4.0,False,3,108.0,3:38 PM,,YESTERDAY,2024-06-14T01:34:00-07:00,CLIPHX_202406140834.txt,True,17.0,13.0,9.0,7.0,6.0,6.0,5.0,2.0,1.0,2.0,3.0,-1.0,True,111,2024-06-13T04:00:00-07:00,2024-06-13T06:00:00-07:00,2.0,PFMPSR_202406131100.txt,3.0,3.0
2024-06-14,106.0,2024-06-14 14:51:00-07:00,24,0.5,0.0,False,,90.0,36.0,0.25,5.0,16.0,92.0,39.0,0.25,3.0,14.0,94.0,39.0,0.25,0.0,12.0,97.0,33.0,0.25,4.0,9.0,99.0,33.0,0.25,4.0,7.0,101.0,30.0,0.25,0.0,5.0,103.0,24.0,0.25,0.0,3.0,106.0,20.0,0.25,0.0,0.0,106.0,21.0,0.0,5.0,0.0,105.0,17.0,0.0,0.0,1.0,106.0,16.0,0.0,5.0,0.0,2024-06-14 14:51:00-07:00,14.85,0.25,0.0,0.0,0.25,0.0,0.0,411.0,0.25,0.0,0.145985401459854,0.0,0.25,0.0,,,,,0.0,0.0,0.0,False,False,,,False,False,False,False,0.0,,0.0,0.0,False,,0.0,0.0,0.0,,39.0,False,4.0,5.0,4.0,3.0,False,4,107.0,5:03 PM,,YESTERDAY,2024-06-15T01:20:00-07:00,CLIPHX_202406150820.txt,True,17.0,15.0,13.0,10.0,8.0,6.0,4.0,1.0,1.0,2.0,1.0,-1.0,True,109,2024-06-14T04:16:00-07:00,2024-06-14T06:00:00-07:00,1.7333333333333334,PFMPSR_202406141116.txt,2.0,2.0
2024-06-15,112.0,2024-06-15 14:51:00-07:00,24,0.25,0.0,False,17.0,89.0,29.0,0.0,6.0,23.0,93.0,32.0,0.0,6.0,19.0,96.0,35.0,0.0,5.0,16.0,101.0,35.0,0.0,0.0,11.0,103.0,34.0,0.0,5.0,9.0,105.0,33.0,0.0,3.0,7.0,108.0,32.0,0.0,3.0,4.0,112.0,31.0,0.0,12.0,0.0,111.0,30.0,0.0,8.0,1.0,111.0,30.0,0.0,13.0,1.0,111.0,30.0,0.0,10.0,1.0,2024-06-15 14:51:00-07:00,14.85,0.0,0.0,0.0,0.0,0.0,0.0,411.0,0.0,0.0,0.0,0.0,0.0,0.0,,,,,0.0,0.0,0.0,False,False,,,False,False,False,False,0.0,,120.0,15.0,False,,0.0,0.0,0.0,,35.0,False,7.0,7.0,5.0,3.0,False,4,112.0,5:13 PM,,YESTERDAY,2024-06-16T01:22:00-07:00,CLIPHX_202406160822.txt,True,23.0,19.0,16.0,11.0,9.0,7.0,4.0,0.0,1.0,1.0,1.0,0.0,True,113,2024-06-15T04:21:00-07:00,2024-06-15T06:00:00-07:00,1.65,PFMPSR_202406151121.txt,1.0,1.0
2024-06-16,111.0,2024-06-16 15:51:00-07:00,24,0.25,0.0,False,25.0,90.0,38.0,0.0,8.0,21.0,94.0,37.0,0.0,9.0,17.0,98.0,38.0,0.0,9.0,13.0,101.0,34.0,0.0,7.0,10.0,104.0,32.0,0.0,5.0,7.0,107.0,30.0,0.0,5.0,4.0,109.0,31.0,0.0,3.0,2.0,110.0,30.0,0.0,11.0,1.0,111.0,26.0,0.0,9.0,0.0,111.0,21.0,0.25,14.0,0.0,108.0,21.0,0.25,19.0,3.0,2024-06-16 15:51:00-07:00,15.85,0.0,0.0,0.0,0.0,0.0,0.0,471.0,0.0,0.0,0.0,0.0,0.0,0.0,,,,,0.0,0.0,0.0,False,False,,,False,False,False,False,0.0,,130.0,22.0,False,,0.0,0.0,0.0,,38.0,False,8.0,6.0,5.0,2.0,False,3,112.0,4:22 PM,,YESTERDAY,2024-06-17T01:14:00-07:00,CLIPHX_202406170814.txt,True,22.0,18.0,14.0,11.0,8.0,5.0,3.0,2.0,1.0,1.0,4.0,-1.0,True,112,2024-06-16T04:00:00-07:00,2024-06-16T06:00:00-07:00,2.0,PFMPSR_202406161100.txt,0.0,0.0
2024-06-17,107.0,2024-06-17 13:51:00-07:00,24,0.0,0.0,False,24.0,88.0,39.0,0.0,8.0,19.0,92.0,39.0,0.0,7.0,15.0,95.0,37.0,0.0,9.0,12.0,100.0,35.0,0.0,9.0,7.0,102.0,35.0,0.0,9.0,5.0,104.0,34.0,0.0,12.0,3.0,107.0,32.0,0.0,9.0,0.0,105.0,30.0,0.0,11.0,2.0,106.0,29.0,0.0,11.0,1.0,105.0,34.0,0.0,9.0,2.0,103.0,35.0,0.0,14.0,4.0,2024-06-17 13:51:00-07:00,13.85,0.0,0.0,0.0,0.0,0.0,0.0,351.0,0.0,0.0,0.0,0.0,0.0,0.0,,,,,0.0,0.0,0.0,False,False,,,False,False,False,False,0.0,,100.0,23.0,False,,0.0,0.0,0.0,,39.0,False,7.0,7.0,5.0,-1.0,False,5,108.0,3:09 PM,,YESTERDAY,2024-06-18T01:50:00-07:00,CLIPHX_202406180850.txt,True,20.0,16.0,13.0,8.0,6.0,4.0,1.0,3.0,2.0,3.0,5.0,-1.0,True,107,2024-06-17T04:00:00-07:00,2024-06-17T06:00:00-07:00,2.0,PFMPSR_202406171100.txt,-1.0,1.0
2024-06-18,103.0,2024-06-18 16:51:00-07:00,24,0.25,0.0,False,21.0,86.0,39.0,0.25,6.0,17.0,90.0,39.0,0.0,7.0,13.0,91.0,39.0,0.0,0.0,12.0,95.0,37.0,0.0,3.0,8.0,99.0,36.0,0.0,7.0,4.0,100.0,36.0,0.0,5.0,3.0,102.0,37.0,0.0,11.0,1.0,102.0,36.0,0.0,4.0,1.0,102.0,35.0,0.0,6.0,1.0,103.0,36.0,0.0,11.0,0.0,102.0,37.0,0.0,9.0,1.0,2024-06-18 16:51:00-07:00,16.85,0.0,0.0,0.0,0.02401129943502825,0.0,0.0,531.0,0.0,0.0,0.0,0.0,0.02401129943502825,0.0,,,,,0.0,0.0,0.0,False,False,,,False,False,False,False,0.0,,100.0,20.0,False,,0.0,0.0,0.0,,39.0,False,5.0,8.0,3.0,0.0,False,2,105.0,2:39 PM,,YESTERDAY,2024-06-19T01:48:00-07:00,CLIPHX_202406190848.txt,True,19.0,15.0,14.0,10.0,6.0,5.0,3.0,3.0,3.0,2.0,3.0,-2.0,True,105,2024-06-18T04:00:00-07:00,2024-06-18T06:00:00-07:00,2.0,PFMPSR_202406181100.txt,0.0,0.0
2024-06-19,103.0,2024-06-19 15:51:00-07:00,24,0.25,0.0,False,,87.0,44.0,0.0,6.0,16.0,90.0,42.0,0.0,6.0,13.0,94.0,40.0,0.0,11.0,9.0,96.0,43.0,0.0,8.0,7.0,99.0,42.0,0.0,7.0,4.0,99.0,39.0,0.25,4.0,4.0,102.0,36.0,0.0,5.0,1.0,102.0,35.0,0.0,3.0,1.0,103.0,38.0,0.0,7.0,0.0,103.0,38.0,0.0,4.0,0.0,102.0,38.0,0.0,0.0,1.0,2024-06-19 15:51:00-07:00,15.85,0.03125,0.0,0.0,0.03184713375796178,0.0,0.0,471.0,0.08333333333333333,0.0,0.0,0.0,0.03184713375796178,0.0,,,,,0.0,0.0,0.0,False,False,,,False,False,False,False,0.0,,70.0,0.0,False,,0.0,0.0,0.0,,43.0,False,7.0,5.0,3.0,1.0,False,3,106.0,3:56 PM,,YESTERDAY,2024-06-20T01:24:00-07:00,CLIPHX_202406200824.txt,True,19.0,16.0,12.0,10.0,7.0,7.0,4.0,4.0,3.0,3.0,4.0,-3.0,True,106,2024-06-19T04:00:00-07:00,2024-06-19T06:00:00-07:00,2.0,PFMPSR_202406191100.txt,0.0,0.0
2024-06-20,113.0,2024-06-20 16:51:00-07:00,27,0.25,0.0,False,23.0,90.0,40.0,0.0,3.0,23.0,94.0,38.0,0.0,0.0,19.0,99.0,38.0,0.0,0.0,14.0,105.0,50.0,0.0,7.0,8.0,108.0,56.0,0.0,9.0,5.0,110.0,56.0,0.0,16.0,3.0,111.0,54.0,0.25,9.0,2.0,111.0,49.0,0.25,6.0,2.0,112.0,41.0,0.25,7.0,1.0,113.0,42.0,0.25,12.0,0.0,110.0,36.0,0.25,16.0,3.0,2024-06-20 16:51:00-07:00,16.85,0.125,0.0,0.0,0.0847457627118644,0.0,0.0,531.0,0.25,0.0,0.0847457627118644,0.0,0.0847457627118644,0.0,,,,,0.0,0.0,0.0,False,False,,,False,False,True,False,1.0,2024-06-20T13:56:00-07:00,60.0,23.0,False,,0.0,0.0,0.0,,56.0,True,9.0,9.0,3.0,1.0,False,2,115.0,4:01 PM,,YESTERDAY,2024-06-21T01:28:00-07:00,CLIPHX_202406210828.txt,True,25.0,21.0,16.0,10.0,7.0,5.0,4.0,4.0,3.0,2.0,5.0,-2.0,True,114,2024-06-20T04:00:00-07:00,2024-06-20T06:00:00-07:00,2.0,PFMPSR_202406201100.txt,-1.0,1.0
2024-06-21,116.0,2024-06-21 13:51:00-07:00,26,0.875,0.0,False,25.0,99.0,61.0,0.25,14.0,17.0,102.0,61.0,0.25,16.0,14.0,105.0,60.0,0.25,15.0,11.0,106.0,60.0,0.25,10.0,10.0,111.0,60.0,0.5,16.0,5.0,110.0,57.0,0.5,8.0,6.0,116.0,46.0,0.5,12.0,0.0,116.0,43.0,0.5,10.0,0.0,114.0,42.0,0.5,10.0,2.0,115.0,46.0,0.5,14.0,1.0,114.0,39.0,0.5,18.0,2.0,2024-06-21 13:51:00-07:00,13.85,0.39285714285714285,0.5714285714285714,0.0,0.33547008547008544,120.0,0.0,351.0,0.4166666666666667,120.0,0.25,0.0,0.33547008547008544,120.0,,2024-06-21T11:51:00-07:00,,120.0,0.0,0.0,0.0,False,False,,,False,False,False,True,1.0,2024-06-21T12:51:00-07:00,70.0,25.0,False,,0.0,0.0,0.0,,61.0,True,6.0,6.0,5.0,-2.0,False,5,117.0,4:28 PM,R,YESTERDAY,2024-06-22T01:30:00-07:00,CLIPHX_202406220830.txt,True,18.0,15.0,12.0,11.0,6.0,7.0,1.0,1.0,3.0,2.0,3.0,-1.0,True,114,2024-06-21T04:57:00-07:00,2024-06-21T06:00:00-07:00,1.05,PFMPSR_202406211157.txt,-3.0,3.0
2024-06-22,107.0,2024-06-22 15:51:00-07:00,24,1.0,0.0,False,24.0,94.0,59.0,0.875,7.0,13.0,94.0,59.0,0.875,8.0,13.0,96.0,60.0,0.875,6.0,11.0,96.0,60.0,0.875,0.0,11.0,99.0,60.0,0.875,3.0,8.0,100.0,60.0,0.875,4.0,7.0,102.0,59.0,0.875,5.0,5.0,105.0,58.0,0.875,0.0,2.0,107.0,59.0,0.875,5.0,0.0,104.0,59.0,0.875,3.0,3.0,104.0,60.0,0.875,7.0,3.0,2024-06-22 15:51:00-07:00,15.85,0.875,1.0,1.0,0.875,471.0,471.0,471.0,0.875,180.0,0.40445859872611467,291.0,0.875,471.0,16000.0,2024-06-22T08:51:00-07:00,2024-06-22T08:51:00-07:00,420.0,0.0,0.0,0.0,False,False,,,False,False,False,True,0.0,,110.0,0.0,False,,0.0,0.0,0.0,,60.0,True,2.0,3.0,3.0,5.0,False,3,108.0,3:55 PM,,YESTERDAY,2024-06-23T01:23:00-07:00,CLIPHX_202406230823.txt,True,14.0,14.0,12.0,12.0,9.0,8.0,6.0,3.0,1.0,4.0,4.0,-1.0,True,107,2024-06-22T04:00:00-07:00,2024-06-22T06:00:00-07:00,2.0,PFMPSR_202406221100.txt,-1.0,1.0
2024-06-23,107.0,2024-06-23 16:51:00-07:00,24,1.0,0.0,False,,91.0,61.0,0.875,6.0,16.0,93.0,62.0,0.875,4.0,14.0,95.0,62.0,0.875,4.0,12.0,96.0,63.0,0.875,0.0,11.0,100.0,61.0,0.875,3.0,7.0,101.0,61.0,0.875,4.0,6.0,103.0,61.0,0.875,4.0,4.0,104.0,60.0,0.5,0.0,3.0,105.0,59.0,0.5,0.0,2.0,107.0,58.0,0.5,0.0,0.0,107.0,57.0,0.875,6.0,0.0,2024-06-23 16:51:00-07:00,16.85,0.75,1.0,0.6666666666666666,0.7902542372881356,531.0,411.0,531.0,0.625,180.0,0.4152542372881356,351.0,0.7902542372881356,531.0,18000.0,2024-06-23T08:51:00-07:00,2024-06-23T08:51:00-07:00,480.0,0.0,0.0,0.0,False,False,,,False,False,True,True,0.0,,150.0,0.0,False,,0.0,0.0,0.0,,63.0,True,4.0,5.0,3.0,2.0,False,2,109.0,5:33 PM,,YESTERDAY,2024-06-24T01:35:00-07:00,CLIPHX_202406240835.txt,True,18.0,16.0,14.0,13.0,9.0,8.0,6.0,5.0,4.0,2.0,2.0,-2.0,True,107,2024-06-23T04:00:00-07:00,2024-06-23T06:00:00-07:00,2.0,PFMPSR_202406231100.txt,-2.0,2.0
2024-06-24,111.0,2024-06-24 16:51:00-07:00,30,1.0,0.01,True,39.0,94.0,65.0,0.875,4.0,17.0,98.0,64.0,0.875,3.0,13.0,99.0,63.0,0.5,6.0,12.0,101.0,63.0,0.5,4.0,10.0,104.0,62.0,0.5,0.0,7.0,106.0,62.0,0.5,4.0,5.0,107.0,62.0,0.5,0.0,4.0,109.0,61.0,0.5,10.0,2.0,110.0,59.0,0.5,9.0,1.0,111.0,58.0,0.5,8.0,0.0,110.0,57.0,0.5,5.0,1.0,2024-06-24 16:51:00-07:00,16.85,0.5416666666666666,1.0,0.1111111111111111,0.5783898305084746,531.0,111.0,531.0,0.5,180.0,0.25,0.0,0.4371468926553672,231.0,17000.0,2024-06-24T08:51:00-07:00,2024-06-24T08:51:00-07:00,480.0,0.01,0.0,0.01,False,True,2024-06-24T23:51:00-07:00,,False,True,True,True,0.0,,30.0,19.0,False,,0.0,0.0,0.0,,64.0,True,5.0,5.0,3.0,3.0,False,3,112.0,4:45 PM,,YESTERDAY,2024-06-25T01:31:00-07:00,CLIPHX_202406250831.txt,True,18.0,14.0,13.0,11.0,8.0,6.0,5.0,3.0,2.0,1.0,2.0,-1.0,True,110,2024-06-24T04:00:00-07:00,2024-06-24T06:00:00-07:00,2.0,PFMPSR_202406241100.txt,-2.0,2.0
2024-06-25,106.0,2024-06-25 15:51:00-07:00,26,1.0,0.0,True,38.0,90.0,69.0,0.875,5.0,16.0,93.0,68.0,0.875,3.0,13.0,96.0,66.0,0.875,0.0,10.0,96.0,66.0,0.875,5.0,10.0,98.0,66.0,0.875,4.0,8.0,101.0,64.0,0.875,7.0,5.0,103.0,62.0,0.875,9.0,3.0,105.0,63.0,0.875,10.0,1.0,106.0,62.0,0.875,6.0,0.0,106.0,61.0,0.875,8.0,0.0,106.0,61.0,0.875,4.0,0.0,2024-06-25 15:51:00-07:00,15.85,0.875,1.0,1.0,0.875,471.0,471.0,471.0,0.875,180.0,0.3089171974522293,171.0,0.8272292993630573,471.0,15000.0,2024-06-25T08:51:00-07:00,2024-06-25T08:51:00-07:00,420.0,0.0,0.0,0.0,False,False,,,True,True,True,True,0.0,,70.0,0.0,False,,0.0,0.0,0.0,,68.0,True,6.0,2.0,5.0,3.0,False,3,108.0,3:00 PM,,YESTERDAY,2024-06-26T01:31:00-07:00,CLIPHX_202406260831.txt,True,18.0,15.0,12.0,12.0,10.0,7.0,5.0,3.0,2.0,2.0,2.0,-2.0,True,109,2024-06-25T04:01:00-07:00,2024-06-25T06:00:00-07:00,1.9833333333333332,PFMPSR_202406251101.txt,1.0,1.0
2024-06-26,111.0,2024-06-26 16:51:00-07:00,25,0.875,0.0,False,27.0,91.0,67.0,0.875,0.0,20.0,94.0,65.0,0.875,0.0,17.0,96.0,64.0,0.5,0.0,15.0,100.0,64.0,0.5,,11.0,102.0,62.0,0.5,4.0,9.0,104.0,62.0,0.5,6.0,7.0,106.0,61.0,0.5,11.0,5.0,107.0,61.0,0.5,4.0,4.0,110.0,60.0,0.5,12.0,1.0,111.0,58.0,0.5,14.0,0.0,109.0,59.0,0.5,12.0,2.0,2024-06-26 16:51:00-07:00,16.85,0.5416666666666666,1.0,0.1111111111111111,0.5783898305084746,531.0,111.0,531.0,0.5,180.0,0.25,0.0,0.25,0.0,25000.0,2024-06-26T08:51:00-07:00,2024-06-26T08:51:00-07:00,480.0,0.0,0.0,0.0,False,False,,,False,False,True,True,0.0,,60.0,27.0,False,,0.0,0.0,0.0,,65.0,True,5.0,6.0,4.0,4.0,False,2,111.0,4:52 PM,,YESTERDAY,2024-06-27T01:09:00-07:00,CLIPHX_202406270809.txt,True,20.0,17.0,15.0,11.0,9.0,7.0,5.0,4.0,1.0,0.0,2.0,0.0,True,110,2024-06-26T04:00:00-07:00,2024-06-26T06:00:00-07:00,2.0,PFMPSR_202406261100.txt,-1.0,1.0
2024-06-27,111.0,2024-06-27 14:51:00-07:00,25,0.875,0.0,False,24.0,98.0,60.0,0.875,4.0,13.0,101.0,60.0,0.875,5.0,10.0,101.0,60.0,0.875,3.0,10.0,103.0,60.0,0.5,4.0,8.0,107.0,60.0,0.5,10.0,4.0,109.0,60.0,0.5,14.0,2.0,109.0,58.0,0.5,13.0,2.0,111.0,57.0,0.25,11.0,0.0,111.0,56.0,0.25,13.0,0.0,110.0,57.0,0.25,13.0,1.0,110.0,56.0,0.25,11.0,1.0,2024-06-27 14:51:00-07:00,14.85,0.5625,0.875,0.25,0.656021897810219,411.0,171.0,411.0,0.5,180.0,0.25,0.0,0.510036496350365,171.0,18000.0,2024-06-27T08:51:00-07:00,2024-06-27T08:51:00-07:00,360.0,0.0,0.0,0.0,False,False,,,False,False,True,True,0.4000000000000057,2024-06-27T13:51:00-07:00,160.0,22.0,False,,0.0,0.0,0.0,,60.0,True,3.0,6.0,2.0,2.0,False,4,112.0,3:46 PM,,YESTERDAY,2024-06-28T01:38:00-07:00,CLIPHX_202406280838.txt,True,14.0,11.0,11.0,9.0,5.0,3.0,3.0,1.0,1.0,2.0,2.0,-1.0,True,112,2024-06-27T04:05:00-07:00,2024-06-27T06:00:00-07:00,1.9166666666666667,PFMPSR_202406271105.txt,0.0,0.0
2024-06-28,110.0,2024-06-28 14:51:00-07:00,25,0.5,0.0,False,23.0,96.0,59.0,0.5,6.0,14.0,99.0,59.0,0.5,7.0,11.0,102.0,58.0,0.5,6.0,8.0,103.0,58.0,0.25,0.0,7.0,104.0,58.0,0.25,3.0,6.0,107.0,58.0,0.5,6.0,3.0,108.0,58.0,0.5,8.0,2.0,110.0,58.0,0.25,8.0,0.0,109.0,57.0,0.25,7.0,1.0,109.0,57.0,0.25,10.0,1.0,109.0,57.0,0.25,10.0,1.0,2024-06-28 14:51:00-07:00,14.85,0.39285714285714285,0.5714285714285714,0.0,0.42700729927007297,291.0,0.0,411.0,0.4166666666666667,120.0,0.25,0.0,0.25,0.0,,2024-06-28T08:51:00-07:00,,360.0,0.0,0.0,0.0,False,False,,,False,False,True,True,0.0,,100.0,15.0,False,,0.0,0.0,0.0,,59.0,True,6.0,2.0,4.0,1.0,False,5,112.0,4:36 PM,,YESTERDAY,2024-06-29T01:30:00-07:00,CLIPHX_202406290830.txt,True,16.0,13.0,10.0,9.0,8.0,5.0,4.0,2.0,3.0,3.0,3.0,-2.0,True,111,2024-06-28T04:00:00-07:00,2024-06-28T06:00:00-07:00,2.0,PFMPSR_202406281100.txt,-1.0,1.0
2024-06-29,109.0,2024-06-29 14:51:00-07:00,24,0.875,0.0,False,20.0,96.0,63.0,0.875,0.0,13.0,97.0,60.0,0.5,5.0,12.0,99.0,60.0,0.875,7.0,10.0,102.0,58.0,0.5,7.0,7.0,103.0,58.0,0.875,7.0,6.0,104.0,58.0,0.875,4.0,5.0,108.0,58.0,0.875,8.0,1.0,109.0,59.0,0.875,10.0,0.0,109.0,58.0,0.875,8.0,0.0,109.0,58.0,0.875,3.0,0.0,109.0,57.0,0.875,5.0,0.0,2024-06-29 14:51:00-07:00,14.85,0.7678571428571429,1.0,0.7142857142857143,0.7655109489051095,411.0,291.0,411.0,0.875,180.0,0.25,0.0,0.4635036496350365,351.0,21000.0,2024-06-29T08:51:00-07:00,2024-06-29T09:51:00-07:00,360.0,0.0,0.0,0.0,False,False,,,False,False,True,False,0.0,,100.0,17.0,False,,0.0,0.0,0.0,,60.0,True,3.0,4.0,5.0,1.0,False,4,110.0,5:18 PM,,YESTERDAY,2024-06-30T01:29:00-07:00,CLIPHX_202406300829.txt,True,14.0,13.0,11.0,8.0,7.0,6.0,2.0,1.0,1.0,1.0,1.0,-1.0,True,111,2024-06-29T04:00:00-07:00,2024-06-29T06:00:00-07:00,2.0,PFMPSR_202406291100.txt,1.0,1.0
2024-06-30,109.0,2024-06-30 15:51:00-07:00,26,0.875,0.0,False,35.0,93.0,63.0,0.875,9.0,16.0,94.0,61.0,0.875,9.0,15.0,96.0,62.0,0.875,6.0,13.0,99.0,60.0,0.875,0.0,10.0,102.0,59.0,0.875,4.0,7.0,104.0,60.0,0.875,8.0,5.0,106.0,59.0,0.875,4.0,3.0,107.0,59.0,0.875,10.0,2.0,109.0,59.0,0.875,16.0,0.0,108.0,59.0,0.875,8.0,1.0,108.0,58.0,0.875,10.0,1.0,2024-06-30 15:51:00-07:00,15.85,0.875,1.0,1.0,0.875,471.0,471.0,471.0,0.875,180.0,0.25,0.0,0.731687898089172,471.0,14000.0,2024-06-30T08:51:00-07:00,2024-06-30T08:51:00-07:00,420.0,0.0,0.0,0.0,False,False,,,False,False,False,True,0.0,,70.0,21.0,False,,0.0,0.0,0.0,,62.0,True,3.0,6.0,4.0,3.0,False,3,110.0,5:20 PM,,YESTERDAY,2024-07-01T01:23:00-07:00,CLIPHX_202407010823.txt,True,17.0,16.0,14.0,11.0,8.0,6.0,4.0,3.0,1.0,2.0,2.0,-1.0,True,112,2024-06-30T04:00:00-07:00,2024-06-30T06:00:00-07:00,2.0,PFMPSR_202406301100.txt,2.0,2.0
2024-07-01,107.0,2024-07-01 14:51:00-07:00,28,0.875,0.03,True,21.0,90.0,67.0,0.875,6.0,17.0,92.0,67.0,0.875,5.0,15.0,94.0,65.0,0.875,8.0,13.0,97.0,64.0,0.875,4.0,10.0,100.0,64.0,0.875,6.0,7.0,104.0,64.0,0.875,5.0,3.0,103.0,63.0,0.875,3.0,4.0,107.0,62.0,0.875,5.0,0.0,106.0,61.0,0.875,4.0,1.0,105.0,64.0,0.875,13.0,2.0,105.0,62.0,0.875,9.0,2.0,2024-07-01 14:51:00-07:00,14.85,0.875,1.0,1.0,0.875,411.0,411.0,411.0,0.875,180.0,0.2864963503649635,60.0,0.7655109489051095,411.0,16000.0,2024-07-01T08:51:00-07:00,2024-07-01T08:51:00-07:00,360.0,0.03,0.03,0.0,True,False,2024-07-01T02:51:00-07:00,720.0,False,True,True,True,1.0,2024-07-01T13:51:00-07:00,20.0,0.0,False,,0.0,0.0,0.0,,67.0,True,4.0,6.0,3.0,3.0,False,8,109.0,4:04 PM,,YESTERDAY,2024-07-02T01:33:00-07:00,CLIPHX_202407020833.txt,True,19.0,17.0,15.0,12.0,9.0,5.0,6.0,2.0,3.0,4.0,4.0,-2.0,True,107,2024-07-01T05:17:00-07:00,2024-07-01T06:00:00-07:00,0.7166666666666667,PFMPSR_202407011217.txt,-2.0,2.0
2024-07-02,112.0,2024-07-02 17:51:00-07:00,25,0.5,0.0,False,21.0,96.0,67.0,0.25,6.0,16.0,99.0,66.0,0.25,4.0,13.0,100.0,62.0,0.25,0.0,12.0,104.0,59.0,0.25,3.0,8.0,107.0,55.0,0.25,5.0,5.0,107.0,56.0,0.25,0.0,5.0,110.0,56.0,0.5,11.0,2.0,110.0,52.0,0.5,6.0,2.0,111.0,52.0,0.5,6.0,1.0,111.0,50.0,0.5,6.0,1.0,112.0,45.0,0.5,10.0,0.0,2024-07-02 17:51:00-07:00,17.85,0.38636363636363635,0.5454545454545454,0.0,0.35152284263959394,240.0,0.0,591.0,0.5,180.0,0.35152284263959394,240.0,0.35152284263959394,240.0,,2024-07-02T13:51:00-07:00,,240.0,0.0,0.0,0.0,False,False,,,False,False,True,True,0.0,,150.0,21.0,False,,0.0,0.0,0.0,,66.0,True,4.0,7.0,3.0,1.0,False,1,113.0,5:02 PM,,YESTERDAY,2024-07-03T01:24:00-07:00,CLIPHX_202407030824.txt,True,17.0,14.0,13.0,9.0,6.0,6.0,3.0,3.0,2.0,2.0,1.0,-1.0,True,112,2024-07-02T04:00:00-07:00,2024-07-02T06:00:00-07:00,2.0,PFMPSR_202407021100.txt,-1.0,1.0
2024-07-03,112.0,2024-07-03 15:51:00-07:00,27,0.875,0.0,False,21.0,96.0,58.0,0.25,4.0,16.0,97.0,52.0,0.25,0.0,15.0,101.0,53.0,0.25,6.0,11.0,102.0,53.0,0.25,9.0,10.0,103.0,53.0,0.25,3.0,9.0,107.0,52.0,0.25,8.0,5.0,108.0,51.0,0.25,4.0,4.0,111.0,52.0,0.25,7.0,1.0,112.0,48.0,0.25,7.0,0.0,112.0,40.0,0.25,9.0,0.0,112.0,43.0,0.25,7.0,0.0,2024-07-03 15:51:00-07:00,15.85,0.25,0.0,0.0,0.25,0.0,0.0,471.0,0.25,0.0,0.12261146496815287,0.0,0.25,0.0,,,,,0.0,0.0,0.0,False,False,,,False,False,False,False,0.0,,120.0,15.0,False,,0.0,0.0,0.0,,53.0,True,5.0,2.0,5.0,4.0,False,4,113.0,5:31 PM,,YESTERDAY,2024-07-04T01:17:00-07:00,CLIPHX_202407040817.txt,True,17.0,16.0,12.0,11.0,10.0,6.0,5.0,2.0,1.0,1.0,1.0,-1.0,True,113,2024-07-03T05:31:00-07:00,2024-07-03T06:00:00-07:00,0.4833333333333333,PFMPSR_202407031231.txt,0.0,0.0
2024-07-04,112.0,2024-07-04 16:51:00-07:00,25,0.5,0.0,False,24.0,94.0,63.0,0.5,9.0,18.0,96.0,63.0,0.25,10.0,16.0,99.0,60.0,0.25,8.0,13.0,100.0,61.0,0.25,4.0,12.0,105.0,61.0,0.25,10.0,7.0,105.0,60.0,0.25,4.0,7.0,110.0,57.0,0.25,11.0,2.0,110.0,57.0,0.25,15.0,2.0,111.0,54.0,0.25,13.0,1.0,112.0,54.0,0.25,13.0,0.0,112.0,50.0,0.25,15.0,0.0,2024-07-04 16:51:00-07:00,16.85,0.25,0.0,0.0,0.2740112994350282,51.0,0.0,531.0,0.25,0.0,0.22080979284369115,0.0,0.22080979284369115,0.0,,,,,0.0,0.0,0.0,False,False,,,False,False,False,False,0.7999999999999972,2024-07-04T12:51:00-07:00,50.0,24.0,False,,0.0,0.0,0.0,,63.0,True,5.0,6.0,5.0,1.0,False,2,113.0,6:09 PM,,YESTERDAY,2024-07-05T01:20:00-07:00,CLIPHX_202407050820.txt,True,19.0,17.0,14.0,13.0,8.0,8.0,3.0,3.0,2.0,1.0,1.0,-1.0,True,115,2024-07-04T05:15:00-07:00,2024-07-04T06:00:00-07:00,0.75,PFMPSR_202407041215.txt,2.0,2.0
2024-07-05,117.0,2024-07-05 16:51:00-07:00,25,0.5,0.0,False,18.0,96.0,60.0,0.25,4.0,21.0,98.0,58.0,0.5,0.0,19.0,105.0,60.0,0.5,5.0,12.0,107.0,57.0,0.5,5.0,10.0,107.0,54.0,0.5,3.0,10.0,112.0,50.0,0.25,6.0,5.0,114.0,45.0,0.25,6.0,3.0,116.0,39.0,0.25,5.0,1.0,116.0,34.0,0.25,5.0,1.0,117.0,33.0,0.25,7.0,0.0,117.0,30.0,0.25,6.0,0.0,2024-07-05 16:51:00-07:00,16.85,0.375,0.5,0.0,0.3629943502824859,240.0,0.0,531.0,0.25,0.0,0.0847457627118644,0.0,0.3629943502824859,240.0,,2024-07-05T08:51:00-07:00,,480.0,0.0,0.0,0.0,False,False,,,False,False,True,False,0.0,,50.0,0.0,False,,0.0,0.0,0.0,,60.0,True,9.0,2.0,7.0,2.0,False,2,118.0,5:15 PM,R,YESTERDAY,2024-07-06T01:32:00-07:00,CLIPHX_202407060832.txt,True,22.0,20.0,13.0,11.0,11.0,6.0,4.0,2.0,2.0,1.0,1.0,-1.0,True,116,2024-07-05T04:00:00-07:00,2024-07-05T06:00:00-07:00,2.0,PFMPSR_202407051100.txt,-2.0,2.0
2024-07-06,114.0,2024-07-06 16:51:00-07:00,24,0.25,0.0,False,21.0,95.0,55.0,0.25,5.0,19.0,98.0,55.0,0.25,7.0,16.0,100.0,55.0,0.25,0.0,14.0,104.0,56.0,0.25,0.0,10.0,103.0,55.0,0.25,4.0,11.0,108.0,54.0,0.25,4.0,6.0,111.0,54.0,0.25,4.0,3.0,111.0,54.0,0.25,8.0,3.0,113.0,51.0,0.25,12.0,1.0,114.0,48.0,0.25,12.0,0.0,113.0,49.0,0.25,11.0,1.0,2024-07-06 16:51:00-07:00,16.85,0.25,0.0,0.0,0.25,0.0,0.0,531.0,0.25,0.0,0.14124293785310735,0.0,0.14124293785310735,0.0,,,,,0.0,0.0,0.0,False,False,,,False,False,False,True,1.0,2024-07-06T11:51:00-07:00,150.0,21.0,False,,0.0,0.0,0.0,,56.0,True,5.0,3.0,8.0,2.0,False,2,114.0,5:14 PM,,YESTERDAY,2024-07-07T01:35:00-07:00,CLIPHX_202407070835.txt,True,19.0,16.0,14.0,10.0,11.0,6.0,3.0,3.0,1.0,0.0,1.0,0.0,True,116,2024-07-06T04:00:00-07:00,2024-07-06T06:00:00-07:00,2.0,PFMPSR_202407061100.txt,2.0,2.0
2024-07-07,113.0,2024-07-07 16:51:00-07:00,24,0.25,0.0,False,20.0,96.0,59.0,0.25,7.0,17.0,97.0,59.0,0.25,5.0,16.0,99.0,59.0,0.0,6.0,14.0,103.0,58.0,0.0,5.0,10.0,105.0,57.0,0.25,0.0,8.0,108.0,55.0,0.25,10.0,5.0,109.0,55.0,0.25,5.0,4.0,111.0,55.0,0.25,6.0,2.0,112.0,53.0,0.25,7.0,1.0,113.0,52.0,0.25,12.0,0.0,113.0,50.0,0.25,14.0,0.0,2024-07-07 16:51:00-07:00,16.85,0.19444444444444445,0.0,0.0,0.19350282485875706,0.0,0.0,531.0,0.25,0.0,0.14124293785310735,0.0,0.14124293785310735,0.0,,,,,0.0,0.0,0.0,False,False,,,False,False,False,False,0.0,,70.0,20.0,False,,0.0,0.0,0.0,,59.0,True,3.0,6.0,4.0,3.0,False,2,114.0,6:17 PM,,YESTERDAY,2024-07-08T01:17:00-07:00,CLIPHX_202407080817.txt,True,18.0,17.0,15.0,11.0,9.0,6.0,5.0,3.0,2.0,1.0,1.0,-1.0,True,116,2024-07-07T04:00:00-07:00,2024-07-07T06:00:00-07:00,2.0,PFMPSR_202407071100.txt,2.0,2.0
2024-07-08,117.0,2024-07-08 15:51:00-07:00,24,0.5,0.0,False,24.0,96.0,52.0,0.25,7.0,21.0,99.0,51.0,0.25,7.0,18.0,102.0,51.0,0.25,3.0,15.0,106.0,51.0,0.25,3.0,11.0,108.0,50.0,0.25,0.0,9.0,112.0,48.0,0.25,4.0,5.0,114.0,46.0,0.25,4.0,3.0,116.0,39.0,0.25,5.0,1.0,117.0,38.0,0.25,10.0,0.0,117.0,41.0,0.25,12.0,0.0,116.0,39.0,0.25,12.0,1.0,2024-07-08 15:51:00-07:00,15.85,0.25,0.0,0.0,0.25,0.0,0.0,471.0,0.25,0.0,0.25,0.0,0.25,0.0,,,,,0.0,0.0,0.0,False,False,,,False,False,False,False,0.0,,90.0,16.0,False,,0.0,0.0,0.0,,51.0,True,6.0,6.0,6.0,3.0,False,3,118.0,4:39 PM,R,YESTERDAY,2024-07-09T01:41:00-07:00,CLIPHX_202407090841.txt,True,22.0,19.0,16.0,12.0,10.0,6.0,4.0,2.0,1.0,1.0,2.0,-1.0,True,117,2024-07-08T04:00:00-07:00,2024-07-08T06:00:00-07:00,2.0,PFMPSR_202407081100.txt,-1.0,1.0
2024-07-09,115.0,2024-07-09 17:51:00-07:00,24,0.25,0.0,False,25.0,95.0,52.0,0.0,6.0,20.0,100.0,51.0,0.0,5.0,15.0,102.0,50.0,0.0,4.0,13.0,104.0,50.0,0.0,3.0,11.0,109.0,50.0,0.0,5.0,6.0,112.0,50.0,0.25,4.0,3.0,114.0,50.0,0.25,6.0,1.0,114.0,48.0,0.25,6.0,1.0,114.0,46.0,0.25,12.0,1.0,114.0,43.0,0.25,8.0,1.0,115.0,41.0,0.25,12.0,0.0,2024-07-09 17:51:00-07:00,17.85,0.15,0.0,0.0,0.12690355329949238,0.0,0.0,591.0,0.25,0.0,0.12690355329949238,0.0,0.12690355329949238,0.0,,,,,0.0,0.0,0.0,False,False,,,False,False,True,False,0.0,,90.0,25.0,False,,0.0,0.0,0.0,,51.0,True,7.0,7.0,5.0,0.0,False,1,116.0,5:04 PM,R,YESTERDAY,2024-07-10T01:24:00-07:00,CLIPHX_202407100824.txt,True,21.0,16.0,14.0,12.0,7.0,4.0,2.0,2.0,2.0,2.0,1.0,-1.0,True,117,2024-07-09T04:00:00-07:00,2024-07-09T06:00:00-07:00,2.0,PFMPSR_202407091100.txt,1.0,1.0
2024-07-10,115.0,2024-07-10 15:51:00-07:00,24,0.875,0.0,False,24.0,96.0,54.0,0.25,6.0,19.0,99.0,54.0,0.25,5.0,16.0,102.0,53.0,0.0,4.0,13.0,105.0,51.0,0.0,5.0,10.0,106.0,49.0,0.0,4.0,9.0,109.0,49.0,0.25,10.0,6.0,111.0,47.0,0.25,9.0,4.0,112.0,50.0,0.25,7.0,3.0,115.0,48.0,0.25,14.0,0.0,114.0,46.0,0.25,16.0,1.0,113.0,46.0,0.25,13.0,2.0,2024-07-10 15:51:00-07:00,15.85,0.15625,0.0,0.0,0.15445859872611464,0.0,0.0,471.0,0.25,0.0,0.15445859872611464,0.0,0.15445859872611464,0.0,,,,,0.0,0.0,0.0,False,False,,,False,False,True,True,0.0,,110.0,19.0,False,,0.0,0.0,0.0,,54.0,True,6.0,4.0,5.0,4.0,False,3,115.0,4:25 PM,R,YESTERDAY,2024-07-11T01:20:00-07:00,CLIPHX_202407110820.txt,True,19.0,16.0,13.0,10.0,9.0,6.0,4.0,3.0,0.0,1.0,2.0,0.0,True,117,2024-07-10T04:00:00-07:00,2024-07-10T06:00:00-07:00,2.0,PFMPSR_202407101100.txt,2.0,2.0
2024-07-11,114.0,2024-07-11 17:51:00-07:00,25,1.0,0.0,False,40.0,97.0,58.0,0.5,4.0,17.0,99.0,55.0,0.25,4.0,15.0,104.0,55.0,0.25,5.0,10.0,105.0,53.0,0.0,0.0,9.0,107.0,52.0,0.25,4.0,7.0,109.0,51.0,0.25,5.0,5.0,111.0,50.0,0.25,3.0,3.0,112.0,50.0,0.25,4.0,2.0,113.0,48.0,0.25,4.0,1.0,113.0,47.0,0.5,8.0,1.0,114.0,46.0,0.5,8.0,0.0,2024-07-11 17:51:00-07:00,17.85,0.275,0.2,0.0,0.2715736040609137,111.0,0.0,591.0,0.3333333333333333,60.0,0.15228426395939088,0.0,0.25,60.0,,2024-07-11T16:51:00-07:00,,60.0,0.0,0.0,0.0,False,False,,,False,False,True,True,0.0,,100.0,0.0,False,,0.0,0.0,0.0,,55.0,True,7.0,3.0,4.0,2.0,False,1,115.0,5:35 PM,,YESTERDAY,2024-07-12T01:28:00-07:00,CLIPHX_202407120828.txt,True,18.0,16.0,11.0,10.0,8.0,6.0,4.0,3.0,2.0,2.0,1.0,-1.0,True,116,2024-07-11T04:00:00-07:00,2024-07-11T06:00:00-07:00,2.0,PFMPSR_202407111100.txt,1.0,1.0
2024-07-12,115.0,2024-07-12 14:51:00-07:00,25,0.875,0.0,True,19.0,95.0,53.0,0.5,6.0,20.0,98.0,54.0,0.5,7.0,17.0,101.0,54.0,0.5,6.0,14.0,105.0,51.0,0.5,6.0,10.0,108.0,47.0,0.5,9.0,7.0,111.0,47.0,0.5,12.0,4.0,112.0,46.0,0.5,6.0,3.0,115.0,46.0,0.25,8.0,0.0,114.0,45.0,0.25,5.0,1.0,113.0,45.0,0.5,4.0,2.0,113.0,44.0,0.5,3.0,2.0,2024-07-12 14:51:00-07:00,14.85,0.4642857142857143,0.8571428571428571,0.0,0.5,411.0,0.0,411.0,0.5,180.0,0.10401459854014598,0.0,0.25,0.0,,2024-07-12T08:51:00-07:00,,360.0,0.0,0.0,0.0,False,False,,,False,True,False,True,0.0,,60.0,17.0,False,,0.0,0.0,0.0,,54.0,True,6.0,7.0,4.0,2.0,False,4,116.0,4:04 PM,R,YESTERDAY,2024-07-13T01:19:00-07:00,CLIPHX_202407130819.txt,True,21.0,18.0,15.0,11.0,8.0,5.0,4.0,1.0,2.0,3.0,3.0,-1.0,True,116,2024-07-12T04:00:00-07:00,2024-07-12T06:00:00-07:00,2.0,PFMPSR_202407121100.txt,0.0,0.0
2024-07-13,111.0,2024-07-13 15:51:00-07:00,26,0.875,0.0,True,23.0,97.0,58.0,0.25,5.0,14.0,99.0,58.0,0.25,5.0,12.0,101.0,57.0,0.25,0.0,10.0,106.0,56.0,0.25,6.0,5.0,106.0,57.0,0.25,6.0,5.0,108.0,56.0,0.25,10.0,3.0,108.0,55.0,0.25,5.0,3.0,110.0,54.0,0.25,12.0,1.0,111.0,52.0,0.25,10.0,0.0,110.0,53.0,0.25,7.0,1.0,111.0,52.0,0.25,12.0,0.0,2024-07-13 15:51:00-07:00,15.85,0.25,0.0,0.0,0.25,0.0,0.0,471.0,0.25,0.0,0.2229299363057325,0.0,0.2229299363057325,0.0,,,,,0.0,0.0,0.0,False,False,,,True,False,True,True,0.0,,120.0,22.0,False,,0.0,0.0,0.0,,58.0,True,4.0,5.0,2.0,3.0,False,3,112.0,5:30 PM,,YESTERDAY,2024-07-14T01:26:00-07:00,CLIPHX_202407140826.txt,True,15.0,13.0,11.0,6.0,6.0,4.0,4.0,2.0,1.0,2.0,1.0,-1.0,True,114,2024-07-13T05:40:00-07:00,2024-07-13T06:00:00-07:00,0.3333333333333333,PFMPSR_202407131240.txt,2.0,2.0
2024-07-14,108.0,2024-07-14 16:51:00-07:00,34,1.0,1.3900000000000001,True,36.0,91.0,69.0,0.875,6.0,17.0,94.0,67.0,0.875,5.0,14.0,97.0,67.0,0.5,7.0,11.0,98.0,65.0,0.5,7.0,10.0,103.0,63.0,0.875,13.0,5.0,104.0,60.0,0.875,7.0,4.0,105.0,61.0,0.25,12.0,3.0,106.0,62.0,0.25,11.0,2.0,107.0,60.0,0.5,10.0,1.0,108.0,59.0,0.5,12.0,0.0,108.0,59.0,0.5,13.0,0.0,2024-07-14 16:51:00-07:00,16.85,0.5625,0.8,0.3,0.606638418079096,411.0,231.0,531.0,0.3333333333333333,60.0,0.25,0.0,0.25,0.0,25000.0,2024-07-14T08:51:00-07:00,2024-07-14T08:51:00-07:00,480.0,0.33,0.0,0.33,False,True,2024-07-14T21:13:00-07:00,,False,True,True,True,0.0,,70.0,23.0,False,,0.0,0.0,0.0,,67.0,True,6.0,6.0,2.0,2.0,False,2,109.0,4:43 PM,,YESTERDAY,2024-07-15T01:33:00-07:00,CLIPHX_202407150833.txt,True,18.0,15.0,12.0,11.0,6.0,5.0,4.0,3.0,2.0,1.0,1.0,-1.0,True,110,2024-07-14T04:00:00-07:00,2024-07-14T06:00:00-07:00,2.0,PFMPSR_202407141100.txt,1.0,1.0
2024-07-15,108.0,2024-07-15 15:51:00-07:00,25,1.0,0.0,True,22.0,90.0,63.0,0.875,10.0,18.0,92.0,63.0,0.875,10.0,16.0,94.0,63.0,0.5,7.0,14.0,96.0,62.0,0.5,5.0,12.0,99.0,62.0,0.5,10.0,9.0,103.0,62.0,0.5,6.0,5.0,104.0,61.0,0.5,9.0,4.0,107.0,61.0,0.5,10.0,1.0,108.0,60.0,0.25,13.0,0.0,107.0,56.0,0.25,12.0,1.0,107.0,56.0,0.25,13.0,1.0,2024-07-15 15:51:00-07:00,15.85,0.515625,0.875,0.125,0.5883757961783439,471.0,111.0,471.0,0.5,180.0,0.12738853503184713,0.0,0.3089171974522293,111.0,25000.0,2024-07-15T08:51:00-07:00,2024-07-15T08:51:00-07:00,420.0,0.0,0.0,0.0,False,False,,,True,False,True,True,0.0,,60.0,18.0,False,,0.0,0.0,0.0,,63.0,True,4.0,5.0,5.0,4.0,False,3,109.0,4:57 PM,,YESTERDAY,2024-07-16T01:38:00-07:00,CLIPHX_202407160838.txt,True,19.0,17.0,15.0,13.0,10.0,6.0,5.0,2.0,1.0,2.0,2.0,-1.0,True,109,2024-07-15T04:00:00-07:00,2024-07-15T06:00:00-07:00,2.0,PFMPSR_202407151100.txt,0.0,0.0
2024-07-16,109.0,2024-07-16 15:51:00-07:00,24,0.875,0.0,False,31.0,93.0,62.0,0.5,5.0,16.0,95.0,61.0,0.5,4.0,14.0,97.0,61.0,0.25,0.0,12.0,99.0,60.0,0.25,0.0,10.0,102.0,59.0,0.5,4.0,7.0,104.0,59.0,0.5,8.0,5.0,105.0,57.0,0.5,11.0,4.0,107.0,58.0,0.25,13.0,2.0,109.0,58.0,0.25,17.0,0.0,109.0,58.0,0.25,11.0,0.0,109.0,56.0,0.25,12.0,0.0,2024-07-16 15:51:00-07:00,15.85,0.375,0.5,0.0,0.40445859872611467,291.0,0.0,471.0,0.4166666666666667,120.0,0.25,0.0,0.25,0.0,,2024-07-16T08:51:00-07:00,,420.0,0.0,0.0,0.0,False,False,,,False,False,True,True,0.0,,80.0,31.0,False,,0.0,0.0,0.0,,61.0,True,4.0,5.0,3.0,4.0,False,3,109.0,6:49 PM,,YESTERDAY,2024-07-17T01:29:00-07:00,CLIPHX_202407170829.txt,True,16.0,14.0,12.0,10.0,7.0,5.0,4.0,2.0,0.0,0.0,0.0,0.0,True,111,2024-07-16T04:00:00-07:00,2024-07-16T06:00:00-07:00,2.0,PFMPSR_202407161100.txt,2.0,2.0
2024-07-17,110.0,2024-07-17 16:51:00-07:00,25,0.875,0.0,False,23.0,93.0,61.0,0.5,6.0,17.0,95.0,60.0,0.875,7.0,15.0,96.0,59.0,0.5,3.0,14.0,100.0,59.0,0.5,5.0,10.0,102.0,59.0,0.5,3.0,8.0,105.0,59.0,0.5,3.0,5.0,106.0,57.0,0.5,7.0,4.0,108.0,54.0,0.25,7.0,2.0,109.0,55.0,0.25,10.0,1.0,110.0,56.0,0.25,16.0,0.0,109.0,54.0,0.25,12.0,1.0,2024-07-17 16:51:00-07:00,16.85,0.4375,0.6,0.1,0.4858757062146893,411.0,60.0,531.0,0.3333333333333333,60.0,0.05649717514124294,0.0,0.4152542372881356,351.0,23000.0,2024-07-17T08:51:00-07:00,2024-07-17T08:51:00-07:00,480.0,0.0,0.0,0.0,False,False,,,False,False,True,True,0.0,,40.0,19.0,False,,0.0,0.0,0.0,,60.0,True,3.0,6.0,4.0,3.0,False,2,111.0,4:23 PM,,YESTERDAY,2024-07-18T01:14:00-07:00,CLIPHX_202407180814.txt,True,18.0,16.0,15.0,11.0,9.0,6.0,5.0,3.0,2.0,1.0,2.0,-1.0,True,112,2024-07-17T04:00:00-07:00,2024-07-17T06:00:00-07:00,2.0,PFMPSR_202407171100.txt,1.0,1.0
2024-07-18,111.0,2024-07-18 14:51:00-07:00,24,0.875,0.0,False,23.0,98.0,59.0,0.875,6.0,13.0,99.0,58.0,0.5,0.0,12.0,101.0,59.0,0.5,3.0,10.0,102.0,57.0,0.5,7.0,9.0,104.0,57.0,0.5,6.0,7.0,107.0,56.0,0.5,12.0,4.0,107.0,56.0,0.5,6.0,4.0,111.0,54.0,0.5,5.0,0.0,109.0,56.0,0.5,12.0,2.0,109.0,56.0,0.5,8.0,2.0,109.0,56.0,0.5,9.0,2.0,2024-07-18 14:51:00-07:00,14.85,0.5,1.0,0.0,0.5465328467153284,411.0,51.0,411.0,0.5,180.0,0.25,0.0,0.47354014598540145,291.0,,2024-07-18T08:51:00-07:00,,360.0,0.0,0.0,0.0,False,False,,,False,False,True,True,0.0,,30.0,16.0,False,,0.0,0.0,0.0,,59.0,True,3.0,3.0,3.0,2.0,False,4,111.0,4:57 PM,,YESTERDAY,2024-07-19T01:23:00-07:00,CLIPHX_202407190823.txt,True,13.0,12.0,10.0,9.0,7.0,4.0,4.0,0.0,2.0,2.0,2.0,0.0,True,114,2024-07-18T04:19:00-07:00,2024-07-18T06:00:00-07:00,1.6833333333333331,PFMPSR_202407181119.txt,3.0,3.0
2024-07-19,112.0,2024-07-19 17:51:00-07:00,25,0.875,0.0,False,20.0,95.0,60.0,0.5,8.0,17.0,100.0,59.0,0.5,8.0,12.0,102.0,56.0,0.25,5.0,10.0,105.0,54.0,0.25,8.0,7.0,107.0,56.0,0.25,6.0,5.0,108.0,56.0,0.5,5.0,4.0,107.0,55.0,0.5,10.0,5.0,111.0,55.0,0.5,9.0,1.0,109.0,55.0,0.5,7.0,3.0,111.0,54.0,0.5,7.0,1.0,112.0,53.0,0.5,10.0,0.0,2024-07-19 17:51:00-07:00,17.85,0.425,0.7,0.0,0.42385786802030456,411.0,0.0,591.0,0.5,180.0,0.17385786802030456,0.0,0.25,0.0,,2024-07-19T08:51:00-07:00,,540.0,0.0,0.0,0.0,False,False,,,False,False,True,True,2.0,2024-07-19T15:51:00-07:00,100.0,20.0,False,,0.0,0.0,0.0,,59.0,True,7.0,5.0,0.0,2.0,True,1,112.0,5:59 PM,,YESTERDAY,2024-07-20T01:20:00-07:00,CLIPHX_202407200820.txt,True,17.0,12.0,10.0,7.0,5.0,4.0,5.0,1.0,3.0,1.0,0.0,0.0,True,114,2024-07-19T04:00:00-07:00,2024-07-19T06:00:00-07:00,2.0,PFMPSR_202407191100.txt,2.0,2.0
2024-07-20,112.0,2024-07-20 16:51:00-07:00,24,0.875,0.0,False,37.0,97.0,62.0,0.875,8.0,15.0,100.0,61.0,0.5,4.0,12.0,103.0,60.0,0.5,4.0,9.0,106.0,60.0,0.5,4.0,6.0,106.0,59.0,0.5,4.0,6.0,109.0,59.0,0.25,3.0,3.0,109.0,56.0,0.25,13.0,3.0,111.0,55.0,0.25,11.0,1.0,111.0,54.0,0.5,7.0,1.0,112.0,53.0,0.5,10.0,0.0,111.0,53.0,0.5,10.0,1.0,2024-07-20 16:51:00-07:00,16.85,0.4166666666666667,0.6666666666666666,0.0,0.451271186440678,351.0,51.0,531.0,0.3333333333333333,60.0,0.2740112994350282,51.0,0.3665254237288136,171.0,,2024-07-20T08:51:00-07:00,,480.0,0.0,0.0,0.0,False,False,,,False,False,True,True,0.0,,140.0,19.0,False,,0.0,0.0,0.0,,61.0,True,6.0,3.0,3.0,2.0,False,2,113.0,4:57 PM,,YESTERDAY,2024-07-21T01:32:00-07:00,CLIPHX_202407210832.txt,True,16.0,13.0,10.0,7.0,7.0,4.0,4.0,2.0,2.0,1.0,2.0,-1.0,True,115,2024-07-20T04:00:00-07:00,2024-07-20T06:00:00-07:00,2.0,PFMPSR_202407201100.txt,2.0,2.0
2024-07-21,111.0,2024-07-21 14:51:00-07:00,28,0.875,0.04,True,35.0,94.0,65.0,0.25,9.0,17.0,97.0,62.0,0.25,9.0,14.0,100.0,60.0,0.25,10.0,11.0,102.0,61.0,0.25,6.0,9.0,106.0,60.0,0.25,5.0,5.0,108.0,60.0,0.25,6.0,3.0,109.0,57.0,0.25,5.0,2.0,111.0,58.0,0.5,4.0,0.0,106.0,59.0,0.875,22.0,5.0,96.0,60.0,0.875,19.0,15.0,93.0,59.0,0.875,21.0,18.0,2024-07-21 14:51:00-07:00,14.85,0.2857142857142857,0.14285714285714285,0.0,0.25,0.0,0.0,411.0,0.25,0.0,0.145985401459854,0.0,0.25,0.0,,2024-07-21T14:51:00-07:00,,0.0,0.02,0.0,0.02,False,True,2024-07-21T16:41:00-07:00,,False,True,True,True,0.0,,60.0,18.0,False,,0.0,0.0,0.0,,62.0,True,6.0,6.0,3.0,-3.0,False,8,111.0,3:06 PM,,YESTERDAY,2024-07-22T01:30:00-07:00,CLIPHX_202407220830.txt,True,17.0,14.0,11.0,9.0,5.0,3.0,2.0,0.0,5.0,15.0,18.0,0.0,True,111,2024-07-21T04:00:00-07:00,2024-07-21T06:00:00-07:00,2.0,PFMPSR_202407211100.txt,0.0,0.0
2024-07-22,109.0,2024-07-22 17:51:00-07:00,25,0.875,0.0,False,,92.0,62.0,0.25,6.0,17.0,95.0,62.0,0.25,6.0,14.0,98.0,62.0,0.25,8.0,11.0,100.0,61.0,0.25,3.0,9.0,104.0,59.0,0.25,7.0,5.0,104.0,58.0,0.25,4.0,5.0,105.0,57.0,0.25,5.0,4.0,108.0,57.0,0.25,5.0,1.0,108.0,56.0,0.25,6.0,1.0,108.0,55.0,0.25,4.0,1.0,109.0,54.0,0.5,4.0,0.0,2024-07-22 17:51:00-07:00,17.85,0.2727272727272727,0.09090909090909091,0.0,0.25,0.0,0.0,591.0,0.25,0.0,0.1484771573604061,0.0,0.25,0.0,,2024-07-22T17:51:00-07:00,,0.0,0.0,0.0,0.0,False,False,,,False,False,True,True,0.0,,70.0,0.0,False,,0.0,0.0,0.0,,62.0,True,6.0,6.0,1.0,3.0,False,1,111.0,5:05 PM,,YESTERDAY,2024-07-23T01:20:00-07:00,CLIPHX_202407230820.txt,True,19.0,16.0,13.0,11.0,7.0,7.0,6.0,3.0,3.0,3.0,2.0,-2.0,True,109,2024-07-22T04:00:00-07:00,2024-07-22T06:00:00-07:00,2.0,PFMPSR_202407221100.txt,-2.0,2.0
2024-07-23,113.0,2024-07-23 16:51:00-07:00,25,0.875,0.0,False,18.0,97.0,59.0,0.5,10.0,16.0,100.0,59.0,0.5,11.0,13.0,103.0,59.0,0.25,10.0,10.0,105.0,59.0,0.0,5.0,8.0,108.0,59.0,0.25,9.0,5.0,109.0,59.0,0.25,6.0,4.0,111.0,58.0,0.25,6.0,2.0,111.0,57.0,0.25,4.0,2.0,111.0,55.0,0.25,4.0,2.0,113.0,52.0,0.25,5.0,0.0,113.0,50.0,0.5,4.0,0.0,2024-07-23 16:51:00-07:00,16.85,0.225,0.1,0.0,0.2740112994350282,111.0,0.0,531.0,0.25,0.0,0.11299435028248588,0.0,0.22175141242937854,0.0,,2024-07-23T08:51:00-07:00,,480.0,0.0,0.0,0.0,False,False,,,False,False,False,False,0.0,,140.0,18.0,False,,0.0,0.0,0.0,,59.0,True,6.0,5.0,3.0,0.0,False,2,113.0,6:11 PM,,YESTERDAY,2024-07-24T01:25:00-07:00,CLIPHX_202407240825.txt,True,16.0,13.0,10.0,8.0,5.0,4.0,2.0,2.0,2.0,0.0,0.0,0.0,True,112,2024-07-23T04:00:00-07:00,2024-07-23T06:00:00-07:00,2.0,PFMPSR_202407231100.txt,-1.0,1.0
2024-07-24,113.0,2024-07-24 15:26:00-07:00,29,1.0,0.0,True,23.0,96.0,64.0,0.875,7.0,17.0,100.0,62.0,0.875,4.0,13.0,99.0,62.0,0.875,0.0,14.0,102.0,61.0,0.875,0.0,11.0,105.0,61.0,0.5,4.0,8.0,111.0,59.0,0.5,10.0,2.0,111.0,57.0,0.5,10.0,2.0,112.0,54.0,0.5,14.0,1.0,112.0,54.0,0.5,6.0,1.0,113.0,56.0,0.5,7.0,0.0,112.0,56.0,0.875,8.0,1.0,2024-07-24 15:26:00-07:00,15.433333333333334,0.625,1.0,0.3333333333333333,0.6942264573991032,446.0,231.0,446.0,0.5,180.0,0.08688340807174888,0.0,0.37948430493273544,231.0,27000.0,2024-07-24T08:51:00-07:00,2024-07-24T08:51:00-07:00,395.0,0.0,0.0,0.0,False,False,,,False,True,True,True,1.0,2024-07-24T09:51:00-07:00,180.0,22.0,False,,0.0,0.0,0.0,,62.0,True,3.0,6.0,6.0,1.0,False,4,114.0,3:59 PM,,YESTERDAY,2024-07-25T01:16:00-07:00,CLIPHX_202407250816.txt,True,18.0,14.0,15.0,12.0,9.0,3.0,3.0,2.0,2.0,1.0,2.0,-1.0,True,113,2024-07-24T04:00:00-07:00,2024-07-24T06:00:00-07:00,2.0,PFMPSR_202407241100.txt,-1.0,1.0
2024-07-25,111.0,2024-07-25 14:51:00-07:00,28,1.0,0.0,True,39.0,95.0,64.0,0.875,7.0,16.0,98.0,63.0,0.875,6.0,13.0,102.0,61.0,0.875,6.0,9.0,104.0,60.0,0.875,0.0,7.0,106.0,61.0,0.5,0.0,5.0,108.0,61.0,0.5,8.0,3.0,110.0,62.0,0.5,8.0,1.0,111.0,61.0,0.5,10.0,0.0,111.0,60.0,0.875,11.0,0.0,111.0,59.0,0.875,9.0,0.0,110.0,61.0,0.875,19.0,1.0,2024-07-25 14:51:00-07:00,14.85,0.6607142857142857,1.0,0.42857142857142855,0.7107664233576643,411.0,231.0,411.0,0.5,180.0,0.395985401459854,240.0,0.6195255474452555,351.0,16000.0,2024-07-25T08:51:00-07:00,2024-07-25T08:51:00-07:00,360.0,0.0,0.0,0.0,False,False,,,False,True,True,True,0.0,,150.0,16.0,False,,0.0,0.0,0.0,,63.0,True,7.0,4.0,4.0,1.0,False,5,112.0,4:15 PM,,YESTERDAY,2024-07-26T01:20:00-07:00,CLIPHX_202407260820.txt,True,17.0,14.0,10.0,8.0,6.0,4.0,2.0,1.0,1.0,1.0,2.0,-1.0,True,113,2024-07-25T04:00:00-07:00,2024-07-25T06:00:00-07:00,2.0,PFMPSR_202407251100.txt,1.0,1.0
2024-07-26,108.0,2024-07-26 15:51:00-07:00,25,0.875,0.0,False,18.0,88.0,67.0,0.25,0.0,20.0,91.0,65.0,0.25,0.0,17.0,97.0,63.0,0.25,3.0,11.0,98.0,61.0,0.25,7.0,10.0,101.0,60.0,0.25,6.0,7.0,104.0,60.0,0.5,8.0,4.0,106.0,57.0,0.5,6.0,2.0,107.0,59.0,0.25,4.0,1.0,108.0,59.0,0.25,5.0,0.0,108.0,58.0,0.5,5.0,0.0,108.0,58.0,0.5,4.0,0.0,2024-07-26 15:51:00-07:00,15.85,0.3055555555555556,0.2222222222222222,0.0,0.31369426751592355,120.0,0.0,471.0,0.4166666666666667,120.0,0.09554140127388536,0.0,0.18630573248407642,0.0,,2024-07-26T12:51:00-07:00,,180.0,0.0,0.0,0.0,False,False,,,False,False,True,True,0.0,,30.0,14.0,False,,0.0,0.0,0.0,,65.0,True,9.0,4.0,5.0,2.0,False,3,110.0,4:45 PM,,YESTERDAY,2024-07-27T01:56:00-07:00,CLIPHX_202407270856.txt,True,22.0,19.0,13.0,12.0,9.0,6.0,4.0,3.0,2.0,2.0,2.0,-2.0,True,111,2024-07-26T04:07:00-07:00,2024-07-26T06:00:00-07:00,1.8833333333333333,PFMPSR_202407261107.txt,1.0,1.0
2024-07-27,110.0,2024-07-27 15:51:00-07:00,24,0.5,0.0,False,25.0,92.0,69.0,0.25,7.0,18.0,94.0,68.0,0.25,6.0,16.0,97.0,66.0,0.25,4.0,13.0,100.0,65.0,0.25,0.0,10.0,105.0,62.0,0.25,4.0,5.0,105.0,58.0,0.25,5.0,5.0,106.0,57.0,0.25,4.0,4.0,109.0,53.0,0.25,8.0,1.0,110.0,53.0,0.25,9.0,0.0,110.0,51.0,0.25,12.0,0.0,109.0,49.0,0.25,12.0,1.0,2024-07-27 15:51:00-07:00,15.85,0.25,0.0,0.0,0.25,0.0,0.0,471.0,0.25,0.0,0.25,0.0,0.25,0.0,,,,,0.0,0.0,0.0,False,False,,,False,False,True,True,0.0,,170.0,22.0,False,,0.0,0.0,0.0,,68.0,True,5.0,8.0,1.0,4.0,False,3,112.0,4:34 PM,,YESTERDAY,2024-07-28T01:31:00-07:00,CLIPHX_202407280831.txt,True,20.0,18.0,15.0,12.0,7.0,7.0,6.0,3.0,2.0,2.0,3.0,-2.0,True,110,2024-07-27T04:00:00-07:00,2024-07-27T06:00:00-07:00,2.0,PFMPSR_202407271100.txt,-2.0,2.0
2024-07-28,111.0,2024-07-28 15:51:00-07:00,25,0.875,0.0,False,23.0,93.0,66.0,0.25,7.0,18.0,96.0,63.0,0.25,8.0,15.0,99.0,60.0,0.25,5.0,12.0,102.0,52.0,0.25,3.0,9.0,105.0,54.0,0.5,8.0,6.0,105.0,52.0,0.5,3.0,6.0,109.0,52.0,0.5,4.0,2.0,109.0,50.0,0.5,7.0,2.0,111.0,47.0,0.5,16.0,0.0,109.0,46.0,0.5,13.0,2.0,107.0,44.0,0.875,7.0,4.0,2024-07-28 15:51:00-07:00,15.85,0.40625,0.625,0.0,0.37738853503184716,240.0,0.0,471.0,0.5,180.0,0.12738853503184713,0.0,0.37738853503184716,240.0,,2024-07-28T11:51:00-07:00,,240.0,0.0,0.0,0.0,False,False,,,False,False,False,False,0.0,,90.0,21.0,False,,0.0,0.0,0.0,,63.0,True,6.0,6.0,4.0,2.0,False,4,111.0,4:01 PM,,YESTERDAY,2024-07-29T01:25:00-07:00,CLIPHX_202407290825.txt,True,18.0,15.0,12.0,9.0,6.0,6.0,2.0,2.0,0.0,2.0,4.0,0.0,True,109,2024-07-28T04:00:00-07:00,2024-07-28T06:00:00-07:00,2.0,PFMPSR_202407281100.txt,-2.0,2.0
2024-07-29,108.0,2024-07-29 15:51:00-07:00,24,0.875,0.0,False,21.0,92.0,67.0,0.875,6.0,16.0,95.0,66.0,0.875,4.0,13.0,98.0,61.0,0.875,4.0,10.0,101.0,57.0,0.875,3.0,7.0,102.0,49.0,0.875,6.0,6.0,104.0,51.0,0.5,6.0,4.0,106.0,50.0,0.5,,2.0,106.0,51.0,0.5,8.0,2.0,108.0,49.0,0.5,12.0,0.0,107.0,47.0,0.875,10.0,1.0,106.0,47.0,0.875,12.0,2.0,2024-07-29 15:51:00-07:00,15.85,0.6875,1.0,0.5,0.731687898089172,471.0,291.0,471.0,0.5,180.0,0.09554140127388536,0.0,0.37261146496815284,231.0,25000.0,2024-07-29T08:51:00-07:00,2024-07-29T08:51:00-07:00,420.0,0.0,0.0,0.0,False,False,,,False,False,True,False,0.0,,120.0,21.0,False,,0.0,0.0,0.0,,66.0,True,6.0,4.0,4.0,2.0,False,3,109.0,4:28 PM,,YESTERDAY,2024-07-30T01:16:00-07:00,CLIPHX_202407300816.txt,True,17.0,14.0,11.0,8.0,7.0,5.0,3.0,3.0,1.0,2.0,3.0,-1.0,True,108,2024-07-29T04:13:00-07:00,2024-07-29T06:00:00-07:00,1.7833333333333334,PFMPSR_202407291113.txt,-1.0,1.0
2024-07-30,108.0,2024-07-30 15:51:00-07:00,24,1.0,0.0,False,17.0,91.0,66.0,0.875,4.0,17.0,93.0,64.0,0.875,4.0,15.0,96.0,62.0,0.875,7.0,12.0,101.0,56.0,0.875,3.0,7.0,101.0,53.0,0.875,8.0,7.0,107.0,46.0,0.875,4.0,1.0,105.0,43.0,0.875,3.0,3.0,107.0,44.0,0.5,4.0,1.0,108.0,44.0,0.5,6.0,0.0,108.0,47.0,0.5,8.0,0.0,107.0,50.0,0.875,14.0,1.0,2024-07-30 15:51:00-07:00,15.85,0.78125,1.0,0.75,0.8272292993630573,471.0,411.0,471.0,0.75,180.0,0.09554140127388536,0.0,0.34076433121019106,171.0,25000.0,2024-07-30T08:51:00-07:00,2024-07-30T08:51:00-07:00,420.0,0.0,0.0,0.0,False,False,,,False,False,True,False,2.0,2024-07-30T13:51:00-07:00,80.0,15.0,False,,0.0,0.0,0.0,,64.0,True,5.0,5.0,4.0,3.0,False,3,109.0,4:46 PM,,YESTERDAY,2024-07-31T01:17:00-07:00,CLIPHX_202407310817.txt,True,18.0,16.0,13.0,8.0,8.0,2.0,4.0,2.0,1.0,1.0,2.0,-1.0,True,110,2024-07-30T04:05:00-07:00,2024-07-30T06:00:00-07:00,1.9166666666666667,PFMPSR_202407301105.txt,1.0,1.0
2024-07-31,110.0,2024-07-31 14:51:00-07:00,27,1.0,0.0,False,34.0,92.0,64.0,0.25,0.0,18.0,96.0,64.0,0.25,3.0,14.0,98.0,62.0,0.25,0.0,12.0,101.0,61.0,0.5,0.0,9.0,104.0,60.0,0.5,5.0,6.0,105.0,58.0,0.5,4.0,5.0,107.0,56.0,0.5,5.0,3.0,110.0,56.0,0.5,0.0,0.0,109.0,52.0,0.875,6.0,1.0,105.0,59.0,0.875,15.0,5.0,97.0,62.0,1.0,20.0,13.0,2024-07-31 14:51:00-07:00,14.85,0.4375,0.75,0.0,0.395985401459854,240.0,0.0,411.0,0.5,180.0,0.145985401459854,0.0,0.25,0.0,,2024-07-31T10:51:00-07:00,,240.0,0.0,0.0,0.0,False,False,,,False,False,True,False,0.0,,170.0,0.0,False,,0.0,0.0,0.0,,64.0,True,6.0,6.0,3.0,2.0,False,5,110.0,4:03 PM,,YESTERDAY,2024-08-01T01:30:00-07:00,CLIPHX_202408010830.txt,True,18.0,14.0,12.0,9.0,6.0,5.0,3.0,0.0,1.0,5.0,13.0,0.0,True,111,2024-07-31T04:01:00-07:00,2024-07-31T06:00:00-07:00,1.9833333333333332,PFMPSR_202407311101.txt,1.0,1.0
2024-08-01,105.0,2024-08-01 13:51:00-07:00,25,1.0,0.0,False,24.0,89.0,64.0,0.875,4.0,16.0,94.0,61.0,0.875,3.0,11.0,95.0,60.0,0.5,0.0,10.0,99.0,60.0,0.5,7.0,6.0,101.0,60.0,0.5,9.0,4.0,101.0,59.0,0.5,5.0,4.0,105.0,59.0,0.875,10.0,0.0,105.0,60.0,0.875,11.0,0.0,105.0,58.0,0.875,7.0,0.0,104.0,58.0,0.875,6.0,1.0,104.0,58.0,0.5,6.0,1.0,2024-08-01 13:51:00-07:00,13.85,0.625,1.0,0.3333333333333333,0.6185897435897436,351.0,111.0,351.0,0.5,180.0,0.042735042735042736,0.0,0.32905982905982906,111.0,25000.0,2024-08-01T08:51:00-07:00,2024-08-01T08:51:00-07:00,300.0,0.0,0.0,0.0,False,False,,,False,False,True,True,0.0,,30.0,16.0,False,,0.0,0.0,0.0,,61.0,True,6.0,6.0,4.0,0.0,False,6,107.0,3:41 PM,,YESTERDAY,2024-08-02T01:20:00-07:00,CLIPHX_202408020820.txt,True,18.0,13.0,12.0,8.0,6.0,6.0,2.0,2.0,2.0,3.0,3.0,-2.0,True,107,2024-08-01T04:23:00-07:00,2024-08-01T06:00:00-07:00,1.6166666666666667,PFMPSR_202408011123.txt,0.0,0.0
2024-08-02,111.0,2024-08-02 15:51:00-07:00,26,1.0,0.0,False,17.0,96.0,63.0,0.5,3.0,15.0,98.0,60.0,0.5,8.0,13.0,102.0,60.0,0.5,7.0,9.0,103.0,60.0,0.5,5.0,8.0,103.0,60.0,0.875,4.0,8.0,107.0,59.0,0.5,3.0,4.0,108.0,58.0,0.5,4.0,3.0,108.0,56.0,0.5,4.0,3.0,111.0,55.0,0.5,3.0,0.0,110.0,56.0,0.5,9.0,1.0,108.0,57.0,0.5,7.0,3.0,2024-08-02 15:51:00-07:00,15.85,0.5416666666666666,1.0,0.1111111111111111,0.5477707006369427,471.0,60.0,471.0,0.5,180.0,0.25,0.0,0.4840764331210191,351.0,17000.0,2024-08-02T08:51:00-07:00,2024-08-02T11:51:00-07:00,420.0,0.0,0.0,0.0,False,False,,,False,False,True,True,0.0,,110.0,0.0,False,,0.0,0.0,0.0,,60.0,True,6.0,1.0,5.0,3.0,False,3,112.0,4:02 PM,,YESTERDAY,2024-08-03T01:22:00-07:00,CLIPHX_202408030822.txt,True,16.0,14.0,10.0,9.0,9.0,5.0,4.0,4.0,1.0,2.0,4.0,-1.0,True,112,2024-08-02T04:03:00-07:00,2024-08-02T06:00:00-07:00,1.95,PFMPSR_202408021103.txt,0.0,0.0
2024-08-03,113.0,2024-08-03 15:51:00-07:00,25,1.0,0.0,False,26.0,96.0,58.0,0.5,6.0,17.0,100.0,57.0,0.875,4.0,13.0,103.0,57.0,0.5,3.0,10.0,105.0,55.0,0.5,5.0,8.0,108.0,55.0,0.25,6.0,5.0,108.0,55.0,0.25,3.0,5.0,110.0,54.0,0.25,4.0,3.0,112.0,54.0,0.5,5.0,1.0,113.0,53.0,0.5,8.0,0.0,113.0,52.0,0.5,4.0,0.0,112.0,50.0,0.5,7.0,1.0,2024-08-03 15:51:00-07:00,15.85,0.453125,0.625,0.125,0.45222929936305734,291.0,60.0,471.0,0.3333333333333333,60.0,0.25,0.0,0.3089171974522293,111.0,23000.0,2024-08-03T08:51:00-07:00,2024-08-03T08:51:00-07:00,420.0,0.0,0.0,0.0,False,False,,,False,False,True,True,0.0,,150.0,0.0,False,,0.0,0.0,0.0,,57.0,True,7.0,5.0,2.0,3.0,False,3,116.0,3:11 PM,R,YESTERDAY,2024-08-04T01:19:00-07:00,CLIPHX_202408040819.txt,True,20.0,16.0,13.0,11.0,8.0,8.0,6.0,4.0,3.0,3.0,4.0,-3.0,True,115,2024-08-03T04:00:00-07:00,2024-08-03T06:00:00-07:00,2.0,PFMPSR_202408031100.txt,-1.0,1.0
2024-08-04,116.0,2024-08-04 15:51:00-07:00,31,1.0,0.0,True,32.0,100.0,59.0,0.5,3.0,16.0,103.0,58.0,0.5,4.0,13.0,104.0,55.0,0.25,4.0,12.0,106.0,55.0,0.25,0.0,10.0,110.0,55.0,0.25,3.0,6.0,112.0,54.0,0.25,3.0,4.0,113.0,54.0,0.25,3.0,3.0,115.0,51.0,0.25,10.0,1.0,116.0,50.0,0.5,4.0,0.0,115.0,47.0,0.5,4.0,1.0,113.0,50.0,0.5,10.0,3.0,2024-08-04 15:51:00-07:00,15.85,0.3055555555555556,0.2222222222222222,0.0,0.3089171974522293,111.0,0.0,471.0,0.25,0.0,0.1910828025477707,0.0,0.2770700636942675,51.0,,2024-08-04T08:51:00-07:00,,420.0,0.0,0.0,0.0,False,False,,,False,True,True,True,0.0,,170.0,17.0,False,,0.0,0.0,0.0,,58.0,True,4.0,6.0,3.0,3.0,False,3,116.0,4:43 PM,R,YESTERDAY,2024-08-05T01:20:00-07:00,CLIPHX_202408050820.txt,True,16.0,13.0,12.0,10.0,6.0,4.0,3.0,1.0,0.0,1.0,3.0,0.0,True,115,2024-08-04T04:03:00-07:00,2024-08-04T06:00:00-07:00,1.95,PFMPSR_202408041103.txt,-1.0,1.0
2024-08-05,112.0,2024-08-05 15:51:00-07:00,24,1.0,0.0,False,20.0,94.0,63.0,0.875,4.0,18.0,94.0,63.0,0.875,7.0,18.0,98.0,61.0,0.875,5.0,14.0,101.0,59.0,0.875,3.0,11.0,104.0,58.0,0.875,4.0,8.0,105.0,56.0,0.875,6.0,7.0,109.0,56.0,0.5,4.0,3.0,109.0,55.0,0.5,8.0,3.0,112.0,56.0,0.5,10.0,0.0,111.0,55.0,0.5,11.0,1.0,110.0,53.0,0.5,11.0,2.0,2024-08-05 15:51:00-07:00,15.85,0.734375,1.0,0.625,0.7794585987261147,471.0,351.0,471.0,0.625,180.0,0.25,0.0,0.7476114649681529,411.0,16000.0,2024-08-05T08:51:00-07:00,2024-08-05T08:51:00-07:00,420.0,0.0,0.0,0.0,False,False,,,False,False,True,True,0.0,,100.0,19.0,False,,0.0,0.0,0.0,,63.0,True,4.0,6.0,5.0,3.0,False,3,112.0,4:29 PM,,YESTERDAY,2024-08-06T01:25:00-07:00,CLIPHX_202408060825.txt,True,18.0,18.0,14.0,11.0,8.0,7.0,3.0,3.0,0.0,1.0,2.0,0.0,True,114,2024-08-05T04:01:00-07:00,2024-08-05T06:00:00-07:00,1.9833333333333332,PFMPSR_202408051101.txt,2.0,2.0
2024-08-06,110.0,2024-08-06 15:51:00-07:00,28,0.875,0.0,True,24.0,97.0,64.0,0.5,9.0,13.0,99.0,60.0,0.5,11.0,11.0,100.0,60.0,0.5,12.0,10.0,102.0,60.0,0.5,10.0,8.0,103.0,60.0,0.25,10.0,7.0,105.0,60.0,0.25,9.0,5.0,106.0,59.0,0.25,5.0,4.0,109.0,58.0,0.5,6.0,1.0,110.0,58.0,0.5,10.0,0.0,108.0,57.0,0.875,7.0,2.0,108.0,56.0,0.875,10.0,2.0,2024-08-06 15:51:00-07:00,15.85,0.4,0.6,0.0,0.40445859872611467,291.0,0.0,471.0,0.3333333333333333,60.0,0.25,0.0,0.27335456475583864,44.0,,2024-08-06T08:44:00-07:00,,427.0,0.0,0.0,0.0,False,False,,,False,True,True,True,0.0,,60.0,20.0,False,,0.0,0.0,0.0,,60.0,True,3.0,3.0,3.0,4.0,False,3,111.0,3:57 PM,,YESTERDAY,2024-08-07T01:15:00-07:00,CLIPHX_202408070815.txt,True,14.0,12.0,11.0,9.0,8.0,6.0,5.0,2.0,1.0,3.0,3.0,-1.0,True,111,2024-08-06T04:00:00-07:00,2024-08-06T06:00:00-07:00,2.0,PFMPSR_202408061100.txt,0.0,0.0
2024-08-07,102.0,2024-08-07 15:53:00-07:00,31,0.875,0.02,True,39.0,83.0,71.0,0.875,12.0,19.0,87.0,68.0,0.875,8.0,15.0,91.0,66.0,0.875,3.0,11.0,93.0,64.0,0.875,3.0,9.0,95.0,63.0,0.875,5.0,7.0,98.0,60.0,0.5,6.0,4.0,99.0,61.0,0.5,7.0,3.0,101.0,63.0,0.5,5.0,1.0,102.0,63.0,0.875,0.0,0.0,102.0,61.0,0.875,9.0,0.0,102.0,62.0,0.875,9.0,0.0,2024-08-07 15:53:00-07:00,15.883333333333333,0.75,1.0,0.6666666666666666,0.732293868921776,473.0,293.0,473.0,0.5041666666666667,180.0,0.2769556025369979,51.0,0.4611522198731501,233.0,19000.0,2024-08-07T08:51:00-07:00,2024-08-07T08:51:00-07:00,422.0,0.01,0.0,0.01,False,True,2024-08-07T22:22:00-07:00,,True,True,True,True,0.0,,150.0,17.0,False,,0.0,0.0,0.0,,68.0,True,8.0,4.0,4.0,3.0,False,3,104.0,4:35 PM,,YESTERDAY,2024-08-08T01:20:00-07:00,CLIPHX_202408080820.txt,True,21.0,17.0,13.0,11.0,9.0,6.0,5.0,3.0,2.0,2.0,2.0,-2.0,True,105,2024-08-07T05:17:00-07:00,2024-08-07T06:00:00-07:00,0.7166666666666667,PFMPSR_202408071217.txt,1.0,1.0
2024-08-08,106.0,2024-08-08 15:51:00-07:00,27,1.0,0.0,True,33.0,90.0,67.0,0.875,8.0,16.0,93.0,67.0,0.5,3.0,13.0,96.0,65.0,0.5,9.0,10.0,98.0,63.0,0.5,3.0,8.0,99.0,63.0,0.5,0.0,7.0,102.0,63.0,0.5,7.0,4.0,104.0,62.0,0.5,5.0,2.0,105.0,62.0,0.5,9.0,1.0,106.0,61.0,0.5,12.0,0.0,106.0,60.0,0.875,9.0,0.0,105.0,59.0,0.875,4.0,1.0,2024-08-08 15:51:00-07:00,15.85,0.5416666666666666,1.0,0.1111111111111111,0.5414012738853503,471.0,52.0,471.0,0.5,180.0,0.1592356687898089,0.0,0.3821656050955414,171.0,19000.0,2024-08-08T08:51:00-07:00,2024-08-08T08:51:00-07:00,420.0,0.0,0.0,0.0,False,False,,,False,True,True,True,0.0,,120.0,17.0,False,,0.0,0.0,0.0,,67.0,True,6.0,3.0,5.0,2.0,False,3,107.0,5:23 PM,,YESTERDAY,2024-08-09T01:28:00-07:00,CLIPHX_202408090828.txt,True,17.0,14.0,11.0,9.0,8.0,5.0,3.0,2.0,1.0,1.0,2.0,-1.0,True,106,2024-08-08T04:00:00-07:00,2024-08-08T06:00:00-07:00,2.0,PFMPSR_202408081100.txt,-1.0,1.0
2024-08-09,108.0,2024-08-09 15:51:00-07:00,26,0.875,0.0,False,15.0,91.0,67.0,0.875,3.0,17.0,93.0,65.0,0.875,0.0,15.0,95.0,64.0,0.875,3.0,13.0,96.0,62.0,0.875,3.0,12.0,100.0,62.0,0.875,4.0,8.0,103.0,59.0,0.875,6.0,5.0,104.0,58.0,0.5,4.0,4.0,106.0,55.0,0.5,8.0,2.0,108.0,56.0,0.5,8.0,0.0,106.0,55.0,0.5,3.0,2.0,106.0,55.0,0.5,8.0,2.0,2024-08-09 15:51:00-07:00,15.85,0.6875,1.0,0.5,0.7794585987261147,471.0,351.0,471.0,0.625,180.0,0.09554140127388536,0.0,0.643312101910828,471.0,14000.0,2024-08-09T08:51:00-07:00,2024-08-09T08:51:00-07:00,420.0,0.0,0.0,0.0,False,False,,,False,False,True,True,0.0,,170.0,15.0,False,,0.0,0.0,0.0,,65.0,True,4.0,5.0,4.0,4.0,False,3,109.0,3:53 PM,,YESTERDAY,2024-08-10T01:25:00-07:00,CLIPHX_202408100825.txt,True,18.0,16.0,14.0,13.0,9.0,6.0,5.0,3.0,1.0,3.0,3.0,-1.0,True,108,2024-08-09T04:00:00-07:00,2024-08-09T06:00:00-07:00,2.0,PFMPSR_202408091100.txt,-1.0,1.0
2024-08-10,111.0,2024-08-10 13:51:00-07:00,24,0.875,0.0,False,24.0,95.0,60.0,0.875,9.0,16.0,98.0,60.0,0.5,7.0,13.0,103.0,58.0,0.5,7.0,8.0,105.0,58.0,0.5,9.0,6.0,106.0,58.0,0.5,4.0,5.0,109.0,58.0,0.5,10.0,2.0,111.0,58.0,0.875,12.0,0.0,109.0,58.0,0.875,10.0,2.0,110.0,60.0,0.875,10.0,1.0,109.0,61.0,0.875,11.0,2.0,107.0,60.0,0.875,16.0,4.0,2024-08-10 13:51:00-07:00,13.85,0.5625,1.0,0.16666666666666666,0.5544871794871795,351.0,51.0,351.0,0.5,180.0,0.25,0.0,0.5544871794871795,351.0,20000.0,2024-08-10T08:51:00-07:00,2024-08-10T13:51:00-07:00,300.0,0.0,0.0,0.0,False,False,,,False,False,True,True,0.0,,50.0,19.0,False,,0.0,0.0,0.0,,60.0,True,8.0,3.0,5.0,-1.0,False,5,112.0,3:23 PM,,YESTERDAY,2024-08-11T01:30:00-07:00,CLIPHX_202408110830.txt,True,17.0,14.0,9.0,7.0,6.0,3.0,1.0,3.0,2.0,3.0,5.0,-1.0,True,111,2024-08-10T04:00:00-07:00,2024-08-10T06:00:00-07:00,2.0,PFMPSR_202408101100.txt,-1.0,1.0
2024-08-11,103.0,2024-08-11 15:51:00-07:00,25,0.875,0.0,False,21.0,91.0,66.0,0.875,10.0,12.0,93.0,64.0,0.5,12.0,10.0,89.0,64.0,0.5,11.0,14.0,93.0,64.0,0.5,4.0,10.0,96.0,64.0,0.5,7.0,7.0,99.0,64.0,0.5,4.0,4.0,100.0,62.0,0.5,5.0,3.0,101.0,62.0,0.5,3.0,2.0,103.0,62.0,0.5,8.0,0.0,102.0,60.0,0.5,0.0,1.0,103.0,61.0,0.5,6.0,0.0,2024-08-11 15:51:00-07:00,15.85,0.5,1.0,0.0,0.5406050955414012,471.0,51.0,471.0,0.5,180.0,0.25,0.0,0.40445859872611467,291.0,,2024-08-11T08:51:00-07:00,,420.0,0.0,0.0,0.0,False,False,,,False,False,True,True,4.0,2024-08-11T10:03:00-07:00,180.0,21.0,True,2024-08-11T10:03:00-07:00,4.0,21.0,20.0,348.0,65.0,True,-2.0,7.0,4.0,3.0,False,3,105.0,4:32 PM,,YESTERDAY,2024-08-12T01:15:00-07:00,CLIPHX_202408120815.txt,True,14.0,12.0,16.0,12.0,9.0,6.0,5.0,4.0,2.0,3.0,2.0,-2.0,True,107,2024-08-11T04:00:00-07:00,2024-08-11T06:00:00-07:00,2.0,PFMPSR_202408111100.txt,2.0,2.0
2024-08-12,106.0,2024-08-12 15:51:00-07:00,24,0.5,0.0,False,16.0,92.0,62.0,0.5,3.0,14.0,94.0,62.0,0.5,3.0,12.0,96.0,61.0,0.5,5.0,10.0,100.0,61.0,0.5,4.0,6.0,101.0,59.0,0.5,7.0,5.0,103.0,59.0,0.5,10.0,3.0,102.0,59.0,0.5,4.0,4.0,105.0,58.0,0.25,4.0,1.0,106.0,57.0,0.25,8.0,0.0,106.0,55.0,0.5,10.0,0.0,106.0,54.0,0.5,10.0,0.0,2024-08-12 15:51:00-07:00,15.85,0.4375,0.75,0.0,0.4681528662420382,411.0,0.0,471.0,0.4166666666666667,120.0,0.25,0.0,0.34076433121019106,171.0,,2024-08-12T08:51:00-07:00,,420.0,0.0,0.0,0.0,False,False,,,False,False,True,True,1.0,2024-08-12T13:51:00-07:00,140.0,14.0,False,,0.0,0.0,0.0,,62.0,True,4.0,5.0,1.0,4.0,False,3,108.0,4:24 PM,,YESTERDAY,2024-08-13T01:15:00-07:00,CLIPHX_202408130815.txt,True,16.0,14.0,12.0,8.0,7.0,5.0,6.0,3.0,2.0,2.0,2.0,-2.0,True,106,2024-08-12T04:00:00-07:00,2024-08-12T06:00:00-07:00,2.0,PFMPSR_202408121100.txt,-2.0,2.0
2024-08-13,108.0,2024-08-13 16:51:00-07:00,28,0.875,0.0,True,18.0,93.0,62.0,0.5,8.0,15.0,95.0,62.0,0.5,9.0,13.0,96.0,63.0,0.5,6.0,12.0,100.0,60.0,0.875,6.0,8.0,98.0,63.0,0.875,8.0,10.0,102.0,59.0,0.875,0.0,6.0,106.0,58.0,0.5,4.0,2.0,106.0,58.0,0.5,7.0,2.0,106.0,55.0,0.5,5.0,2.0,108.0,53.0,0.5,10.0,0.0,106.0,54.0,0.5,8.0,2.0,2024-08-13 16:51:00-07:00,16.85,0.6730769230769231,1.0,0.46153846153846156,0.6271186440677966,531.0,180.0,531.0,0.5,180.0,0.3587570621468927,231.0,0.6271186440677966,531.0,20000.0,2024-08-13T08:16:00-07:00,2024-08-13T10:51:00-07:00,515.0,0.0,0.0,0.0,False,False,,,True,False,True,False,2.0,2024-08-13T11:51:00-07:00,110.0,18.0,True,2024-08-13T11:51:00-07:00,2.0,0.0,70.0,300.0,63.0,True,3.0,2.0,8.0,0.0,False,2,109.0,4:09 PM,,YESTERDAY,2024-08-14T01:24:00-07:00,CLIPHX_202408140824.txt,True,16.0,14.0,13.0,9.0,11.0,7.0,3.0,3.0,3.0,1.0,3.0,-1.0,True,108,2024-08-13T04:11:00-07:00,2024-08-13T06:00:00-07:00,1.8166666666666669,PFMPSR_202408131111.txt,-1.0,1.0
2024-08-14,108.0,2024-08-14 13:51:00-07:00,24,0.875,0.0,False,20.0,94.0,60.0,0.25,6.0,14.0,97.0,59.0,0.25,7.0,11.0,99.0,59.0,0.25,5.0,9.0,100.0,58.0,0.25,6.0,8.0,103.0,56.0,0.25,6.0,5.0,105.0,57.0,0.25,6.0,3.0,108.0,56.0,0.25,9.0,0.0,105.0,56.0,0.25,8.0,3.0,108.0,55.0,0.25,0.0,0.0,107.0,52.0,0.25,4.0,1.0,108.0,52.0,0.25,11.0,0.0,2024-08-14 13:51:00-07:00,13.85,0.25,0.0,0.0,0.25,0.0,0.0,351.0,0.25,0.0,0.25,0.0,0.25,0.0,,,,,0.0,0.0,0.0,False,False,,,False,False,False,False,0.0,,110.0,20.0,False,,0.0,0.0,0.0,,59.0,True,5.0,4.0,5.0,0.0,False,5,110.0,1:42 PM,,YESTERDAY,2024-08-15T01:18:00-07:00,CLIPHX_202408150818.txt,True,16.0,13.0,11.0,10.0,7.0,5.0,2.0,5.0,2.0,3.0,2.0,-2.0,True,109,2024-08-14T04:00:00-07:00,2024-08-14T06:00:00-07:00,2.0,PFMPSR_202408141100.txt,-1.0,1.0
2024-08-15,111.0,2024-08-15 15:51:00-07:00,25,0.25,0.0,False,19.0,93.0,55.0,0.25,4.0,18.0,96.0,55.0,0.25,3.0,15.0,100.0,55.0,0.25,3.0,11.0,104.0,51.0,0.25,6.0,7.0,107.0,46.0,0.25,4.0,4.0,109.0,49.0,0.25,6.0,2.0,108.0,50.0,0.25,0.0,3.0,110.0,51.0,0.25,5.0,1.0,111.0,51.0,0.25,7.0,0.0,110.0,52.0,0.25,8.0,1.0,110.0,53.0,0.25,9.0,1.0,2024-08-15 15:51:00-07:00,15.85,0.25,0.0,0.0,0.25,0.0,0.0,471.0,0.25,0.0,0.1592356687898089,0.0,0.1592356687898089,0.0,,,,,0.0,0.0,0.0,False,False,,,False,False,False,False,1.0,2024-08-15T12:51:00-07:00,0.0,0.0,False,,0.0,0.0,0.0,,55.0,True,7.0,7.0,1.0,3.0,False,3,111.0,4:12 PM,,YESTERDAY,2024-08-16T01:24:00-07:00,CLIPHX_202408160824.txt,True,18.0,15.0,11.0,7.0,4.0,2.0,3.0,1.0,0.0,1.0,1.0,0.0,True,111,2024-08-15T04:00:00-07:00,2024-08-15T06:00:00-07:00,2.0,PFMPSR_202408151100.txt,0.0,0.0
2024-08-16,111.0,2024-08-16 14:51:00-07:00,24,0.875,0.0,False,19.0,95.0,55.0,0.25,10.0,16.0,96.0,56.0,0.25,9.0,15.0,98.0,56.0,0.25,4.0,13.0,101.0,52.0,0.25,4.0,10.0,102.0,52.0,0.25,0.0,9.0,106.0,51.0,0.5,3.0,5.0,109.0,50.0,0.5,3.0,2.0,111.0,50.0,0.5,3.0,0.0,111.0,51.0,0.5,10.0,0.0,110.0,51.0,0.5,11.0,1.0,109.0,51.0,0.25,8.0,2.0,2024-08-16 14:51:00-07:00,14.85,0.35714285714285715,0.42857142857142855,0.0,0.32299270072992703,120.0,0.0,411.0,0.4166666666666667,120.0,0.072992700729927,0.0,0.25,0.0,,2024-08-16T12:51:00-07:00,,120.0,0.0,0.0,0.0,False,False,,,False,False,False,True,0.0,,50.0,0.0,False,,0.0,0.0,0.0,,56.0,True,3.0,4.0,7.0,2.0,False,4,113.0,2:32 PM,,YESTERDAY,2024-08-17T02:00:00-07:00,CLIPHX_202408170900.txt,True,18.0,17.0,15.0,12.0,11.0,7.0,4.0,2.0,2.0,3.0,4.0,-2.0,True,112,2024-08-16T04:00:00-07:00,2024-08-16T06:00:00-07:00,2.0,PFMPSR_202408161100.txt,-1.0,1.0
2024-08-17,112.0,2024-08-17 14:51:00-07:00,24,0.875,0.0,False,,96.0,58.0,0.25,7.0,16.0,99.0,58.0,0.25,4.0,13.0,100.0,57.0,0.25,3.0,12.0,102.0,57.0,0.25,5.0,10.0,106.0,59.0,0.25,3.0,6.0,108.0,58.0,0.25,4.0,4.0,109.0,58.0,0.25,6.0,3.0,112.0,57.0,0.25,6.0,0.0,111.0,56.0,0.25,6.0,1.0,110.0,55.0,0.5,0.0,2.0,109.0,56.0,0.5,5.0,3.0,2024-08-17 14:51:00-07:00,14.85,0.25,0.0,0.0,0.25,0.0,0.0,411.0,0.25,0.0,0.25,0.0,0.25,0.0,,,,,0.0,0.0,0.0,False,False,,,False,False,True,True,0.0,,130.0,0.0,False,,0.0,0.0,0.0,,59.0,True,4.0,6.0,3.0,2.0,False,4,113.0,4:07 PM,,YESTERDAY,2024-08-18T01:39:00-07:00,CLIPHX_202408180839.txt,True,17.0,14.0,13.0,11.0,7.0,5.0,4.0,1.0,2.0,3.0,4.0,-1.0,True,110,2024-08-17T04:09:00-07:00,2024-08-17T06:00:00-07:00,1.85,PFMPSR_202408171109.txt,-3.0,3.0
2024-08-18,100.0,2024-08-18 00:51:00-07:00,30,1.0,0.15,True,28.0,82.0,75.0,0.875,3.0,18.0,84.0,74.0,0.875,5.0,16.0,86.0,72.0,0.875,3.0,14.0,89.0,71.0,0.875,6.0,11.0,93.0,70.0,0.875,0.0,7.0,97.0,69.0,0.875,9.0,3.0,96.0,68.0,0.875,5.0,4.0,99.0,66.0,0.875,8.0,1.0,99.0,63.0,0.875,10.0,1.0,100.0,62.0,0.875,11.0,0.0,100.0,60.0,0.875,9.0,0.0,2024-08-18 00:51:00-07:00,0.85,,,,,0.0,0.0,0.0,,0.0,,0.0,,0.0,,,,,0.09999999999999999,0.0,0.09999999999999999,False,True,2024-08-18T02:30:00-07:00,,True,True,True,True,0.0,,0.0,0.0,False,,0.0,0.0,0.0,,,False,4.0,7.0,3.0,3.0,False,11,102.0,4:34 PM,,YESTERDAY,2024-08-19T01:20:00-07:00,CLIPHX_202408190820.txt,True,20.0,18.0,16.0,13.0,9.0,5.0,6.0,3.0,3.0,2.0,2.0,-2.0,True,110,2024-08-18T04:00:00-07:00,2024-08-18T06:00:00-07:00,2.0,PFMPSR_202408181100.txt,8.0,8.0
2024-08-19,111.0,2024-08-19 15:51:00-07:00,24,0.875,0.0,False,15.0,93.0,67.0,0.25,6.0,18.0,95.0,66.0,0.25,6.0,16.0,98.0,64.0,0.25,5.0,13.0,100.0,60.0,0.25,3.0,11.0,103.0,59.0,0.25,3.0,8.0,106.0,58.0,0.25,5.0,5.0,108.0,57.0,0.25,3.0,3.0,110.0,56.0,0.25,10.0,1.0,111.0,55.0,0.25,6.0,0.0,110.0,54.0,0.25,6.0,1.0,109.0,54.0,0.25,7.0,2.0,2024-08-19 15:51:00-07:00,15.85,0.25,0.0,0.0,0.25,0.0,0.0,471.0,0.25,0.0,0.1592356687898089,0.0,0.25,0.0,,,,,0.0,0.0,0.0,False,False,,,False,False,True,True,0.0,,170.0,15.0,False,,0.0,0.0,0.0,,66.0,True,5.0,5.0,5.0,3.0,False,3,112.0,3:53 PM,,YESTERDAY,2024-08-20T01:27:00-07:00,CLIPHX_202408200827.txt,True,19.0,17.0,14.0,12.0,9.0,6.0,4.0,2.0,1.0,2.0,3.0,-1.0,True,111,2024-08-19T04:00:00-07:00,2024-08-19T06:00:00-07:00,2.0,PFMPSR_202408191100.txt,-1.0,1.0
2024-08-20,111.0,2024-08-20 15:51:00-07:00,25,0.875,0.0,False,26.0,94.0,62.0,0.5,8.0,17.0,97.0,61.0,0.5,4.0,14.0,100.0,60.0,0.25,3.0,11.0,103.0,59.0,0.25,10.0,8.0,105.0,58.0,0.5,8.0,6.0,106.0,58.0,0.5,7.0,5.0,107.0,57.0,0.25,7.0,4.0,108.0,57.0,0.5,7.0,3.0,111.0,58.0,0.25,9.0,0.0,111.0,57.0,0.25,12.0,0.0,111.0,54.0,0.25,11.0,0.0,2024-08-20 15:51:00-07:00,15.85,0.3888888888888889,0.5555555555555556,0.0,0.40445859872611467,291.0,0.0,471.0,0.4166666666666667,120.0,0.15445859872611464,0.0,0.2818471337579618,60.0,,2024-08-20T08:51:00-07:00,,420.0,0.0,0.0,0.0,False,False,,,False,False,True,True,0.0,,50.0,17.0,False,,0.0,0.0,0.0,,61.0,True,6.0,5.0,2.0,4.0,False,3,112.0,5:08 PM,,YESTERDAY,2024-08-21T01:22:00-07:00,CLIPHX_202408210822.txt,True,18.0,15.0,12.0,9.0,7.0,6.0,5.0,4.0,1.0,1.0,1.0,-1.0,True,112,2024-08-20T04:00:00-07:00,2024-08-20T06:00:00-07:00,2.0,PFMPSR_202408201100.txt,0.0,0.0
2024-08-21,103.0,2024-08-21 11:51:00-07:00,28,0.875,0.0,True,,94.0,62.0,0.5,0.0,9.0,96.0,61.0,0.5,4.0,7.0,97.0,61.0,0.875,4.0,6.0,98.0,63.0,0.875,7.0,5.0,103.0,62.0,0.875,11.0,0.0,103.0,57.0,0.875,15.0,0.0,98.0,55.0,0.875,8.0,5.0,94.0,62.0,0.875,7.0,9.0,91.0,61.0,0.875,4.0,12.0,93.0,59.0,0.875,9.0,10.0,93.0,58.0,0.875,7.0,10.0,2024-08-21 11:51:00-07:00,11.85,0.78125,1.0,0.75,0.6948051948051948,231.0,120.0,231.0,0.75,180.0,0.0,0.0,0.6948051948051948,231.0,18000.0,2024-08-21T08:51:00-07:00,2024-08-21T09:51:00-07:00,180.0,0.0,0.0,0.0,False,False,,,True,False,True,True,0.0,,50.0,0.0,False,,0.0,0.0,0.0,,63.0,True,3.0,6.0,-5.0,-7.0,True,7,105.0,12:04 PM,,YESTERDAY,2024-08-22T01:29:00-07:00,CLIPHX_202408220829.txt,True,11.0,9.0,8.0,7.0,2.0,2.0,7.0,11.0,14.0,12.0,12.0,-2.0,True,106,2024-08-21T04:00:00-07:00,2024-08-21T06:00:00-07:00,2.0,PFMPSR_202408211100.txt,1.0,1.0
2024-08-22,107.0,2024-08-22 14:51:00-07:00,34,1.0,0.47,True,56.0,91.0,62.0,0.875,5.0,16.0,92.0,62.0,0.5,7.0,15.0,97.0,65.0,0.5,7.0,10.0,99.0,63.0,0.5,6.0,8.0,101.0,63.0,0.5,5.0,6.0,104.0,62.0,0.5,4.0,3.0,105.0,59.0,0.5,4.0,2.0,107.0,57.0,0.875,9.0,0.0,106.0,56.0,0.875,7.0,1.0,101.0,66.0,0.875,10.0,6.0,86.0,69.8,0.875,15.0,21.0,2024-08-22 14:51:00-07:00,14.85,0.546875,1.0,0.125,0.5465328467153284,411.0,51.0,411.0,0.5,180.0,0.32299270072992703,120.0,0.3905109489051095,231.0,14000.0,2024-08-22T08:51:00-07:00,2024-08-22T14:51:00-07:00,360.0,0.24,0.0,0.24,False,True,2024-08-22T16:31:00-07:00,,False,True,True,True,0.0,,60.0,0.0,False,,0.0,0.0,0.0,,65.0,True,6.0,4.0,4.0,1.0,False,12,110.0,2:41 PM,,YESTERDAY,2024-08-23T01:17:00-07:00,CLIPHX_202408230817.txt,True,19.0,18.0,13.0,11.0,9.0,6.0,5.0,3.0,4.0,9.0,24.0,-3.0,True,106,2024-08-22T04:00:00-07:00,2024-08-22T06:00:00-07:00,2.0,PFMPSR_202408221100.txt,-4.0,4.0
2024-08-23,107.0,2024-08-23 16:51:00-07:00,28,0.875,0.0,False,22.0,88.0,67.0,0.875,4.0,19.0,91.0,65.0,0.875,0.0,16.0,95.0,64.0,0.875,7.0,12.0,99.0,58.0,0.5,7.0,8.0,102.0,55.0,0.5,9.0,5.0,103.0,53.0,0.5,9.0,4.0,106.0,53.0,0.5,11.0,1.0,105.0,51.0,0.5,9.0,2.0,106.0,48.0,0.5,7.0,1.0,107.0,48.0,0.5,7.0,0.0,105.0,49.0,0.5,14.0,2.0,2024-08-23 16:51:00-07:00,16.85,0.575,1.0,0.2,0.6207627118644068,531.0,171.0,531.0,0.5,180.0,0.3305084745762712,171.0,0.507768361581921,291.0,20000.0,2024-08-23T08:51:00-07:00,2024-08-23T08:51:00-07:00,480.0,0.0,0.0,0.0,False,False,,,False,False,True,True,1.0,2024-08-23T14:51:00-07:00,50.0,22.0,False,,0.0,0.0,0.0,,65.0,True,7.0,7.0,4.0,0.0,False,4,109.0,2:25 PM,,YESTERDAY,2024-08-24T01:25:00-07:00,CLIPHX_202408240825.txt,True,21.0,18.0,14.0,10.0,7.0,6.0,3.0,4.0,3.0,2.0,4.0,-2.0,True,108,2024-08-23T04:00:00-07:00,2024-08-23T06:00:00-07:00,2.0,PFMPSR_202408231100.txt,-1.0,1.0
2024-08-24,105.0,2024-08-24 16:51:00-07:00,25,0.875,0.0,False,20.0,87.0,63.0,0.25,8.0,18.0,91.0,61.0,0.25,6.0,14.0,95.0,58.0,0.25,9.0,10.0,97.0,57.0,0.25,6.0,8.0,98.0,54.0,0.25,0.0,7.0,101.0,53.0,0.5,5.0,4.0,102.0,51.0,0.5,6.0,3.0,103.0,51.0,0.5,6.0,2.0,104.0,52.0,0.5,9.0,1.0,105.0,52.0,0.5,8.0,0.0,103.0,51.0,0.5,5.0,2.0,2024-08-24 16:51:00-07:00,16.85,0.4,0.6,0.0,0.3629943502824859,240.0,0.0,531.0,0.5,180.0,0.1977401129943503,0.0,0.2782485875706215,60.0,,2024-08-24T12:51:00-07:00,,240.0,0.0,0.0,0.0,False,False,,,False,False,True,True,1.0,2024-08-24T13:53:00-07:00,70.0,20.0,False,,0.0,0.0,0.0,,61.0,True,8.0,3.0,4.0,2.0,False,2,107.0,3:28 PM,,YESTERDAY,2024-08-25T01:17:00-07:00,CLIPHX_202408250817.txt,True,20.0,16.0,12.0,10.0,9.0,6.0,5.0,4.0,3.0,2.0,4.0,-2.0,True,105,2024-08-24T04:13:00-07:00,2024-08-24T06:00:00-07:00,1.7833333333333334,PFMPSR_202408241113.txt,-2.0,2.0
2024-08-25,107.0,2024-08-25 14:51:00-07:00,24,0.875,0.0,False,18.0,89.0,45.0,0.25,4.0,18.0,92.0,41.0,0.25,5.0,15.0,96.0,40.0,0.25,3.0,11.0,99.0,30.0,0.25,5.0,8.0,103.0,32.0,0.25,8.0,4.0,103.0,29.0,0.25,5.0,4.0,102.0,29.0,0.25,5.0,5.0,107.0,30.0,0.25,7.0,0.0,107.0,30.0,0.25,4.0,0.0,106.0,30.0,0.25,5.0,1.0,106.0,31.0,0.25,9.0,1.0,2024-08-25 14:51:00-07:00,14.85,0.25,0.0,0.0,0.25,0.0,0.0,411.0,0.25,0.0,0.145985401459854,0.0,0.25,0.0,,,,,0.0,0.0,0.0,False,False,,,False,False,True,True,1.0,2024-08-25T13:51:00-07:00,100.0,0.0,False,,0.0,0.0,0.0,,41.0,False,7.0,7.0,-1.0,5.0,True,4,108.0,3:50 PM,,YESTERDAY,2024-08-26T01:27:00-07:00,CLIPHX_202408260827.txt,True,19.0,16.0,12.0,9.0,5.0,5.0,6.0,1.0,1.0,2.0,2.0,-1.0,True,106,2024-08-25T04:00:00-07:00,2024-08-25T06:00:00-07:00,2.0,PFMPSR_202408251100.txt,-2.0,2.0
2024-08-26,108.0,2024-08-26 15:51:00-07:00,26,0.25,0.0,False,17.0,89.0,46.0,0.25,5.0,19.0,92.0,51.0,0.25,6.0,16.0,96.0,48.0,0.25,4.0,12.0,99.0,44.0,0.25,0.0,9.0,102.0,41.0,0.25,5.0,6.0,104.0,37.0,0.25,3.0,4.0,105.0,33.0,0.25,5.0,3.0,107.0,34.0,0.25,4.0,1.0,108.0,30.0,0.25,9.0,0.0,107.0,31.0,0.25,8.0,1.0,106.0,32.0,0.25,4.0,2.0,2024-08-26 15:51:00-07:00,15.85,0.25,0.0,0.0,0.25,0.0,0.0,471.0,0.25,0.0,0.25,0.0,0.25,0.0,,,,,0.0,0.0,0.0,False,False,,,False,False,True,False,0.0,,140.0,17.0,False,,0.0,0.0,0.0,,51.0,True,7.0,6.0,3.0,3.0,False,3,110.0,3:38 PM,,YESTERDAY,2024-08-27T01:27:00-07:00,CLIPHX_202408270827.txt,True,21.0,18.0,14.0,11.0,8.0,6.0,5.0,3.0,2.0,3.0,4.0,-2.0,True,110,2024-08-26T04:00:00-07:00,2024-08-26T06:00:00-07:00,2.0,PFMPSR_202408261100.txt,0.0,0.0
2024-08-27,108.0,2024-08-27 15:51:00-07:00,24,0.875,0.0,True,19.0,88.0,45.0,0.5,6.0,20.0,93.0,46.0,0.875,5.0,15.0,96.0,45.0,0.875,5.0,12.0,99.0,49.0,0.875,7.0,9.0,101.0,51.0,0.875,4.0,7.0,102.0,53.0,0.875,7.0,6.0,103.0,49.0,0.875,6.0,5.0,106.0,44.0,0.875,3.0,2.0,108.0,35.0,0.5,10.0,0.0,107.0,36.0,0.875,8.0,1.0,105.0,39.0,0.875,6.0,3.0,2024-08-27 15:51:00-07:00,15.85,0.828125,1.0,0.875,0.8343949044585988,471.0,420.0,471.0,0.875,180.0,0.18630573248407642,60.0,0.8343949044585988,471.0,13000.0,2024-08-27T08:51:00-07:00,2024-08-27T08:51:00-07:00,420.0,0.0,0.0,0.0,False,False,,,False,True,True,True,0.0,,100.0,0.0,False,,0.0,0.0,0.0,,53.0,True,8.0,5.0,2.0,5.0,False,3,108.0,4:23 PM,,YESTERDAY,2024-08-28T01:18:00-07:00,CLIPHX_202408280818.txt,True,20.0,15.0,12.0,9.0,7.0,6.0,5.0,2.0,0.0,1.0,3.0,0.0,True,111,2024-08-27T04:00:00-07:00,2024-08-27T06:00:00-07:00,2.0,PFMPSR_202408271100.txt,3.0,3.0
2024-08-28,104.0,2024-08-28 15:51:00-07:00,26,1.0,0.0,False,36.0,91.0,55.0,0.875,10.0,13.0,92.0,54.0,0.875,15.0,12.0,94.0,54.0,0.875,15.0,10.0,94.0,54.0,0.875,12.0,10.0,96.0,54.0,0.875,6.0,8.0,101.0,55.0,0.875,11.0,3.0,101.0,54.0,0.875,6.0,3.0,102.0,52.0,0.875,8.0,2.0,104.0,49.0,0.5,9.0,0.0,102.0,48.0,0.5,7.0,2.0,101.0,47.0,0.875,6.0,3.0,2024-08-28 15:51:00-07:00,15.85,0.828125,1.0,0.875,0.875,471.0,471.0,471.0,0.875,180.0,0.5246815286624203,351.0,0.8272292993630573,471.0,11000.0,2024-08-28T08:51:00-07:00,2024-08-28T08:51:00-07:00,420.0,0.0,0.0,0.0,False,False,,,False,False,True,True,0.0,,40.0,25.0,False,,0.0,0.0,0.0,,55.0,True,3.0,2.0,5.0,3.0,False,3,105.0,3:53 PM,,YESTERDAY,2024-08-29T01:16:00-07:00,CLIPHX_202408290816.txt,True,14.0,13.0,11.0,11.0,9.0,4.0,4.0,3.0,1.0,3.0,4.0,-1.0,True,106,2024-08-28T04:00:00-07:00,2024-08-28T06:00:00-07:00,2.0,PFMPSR_202408281100.txt,1.0,1.0
2024-08-29,108.0,2024-08-29 13:51:00-07:00,26,0.875,0.0,False,27.0,90.0,56.0,0.5,0.0,18.0,93.0,54.0,0.25,6.0,15.0,96.0,53.0,0.5,7.0,12.0,99.0,50.0,0.5,3.0,9.0,103.0,48.0,0.5,6.0,5.0,104.0,43.0,0.5,6.0,4.0,108.0,41.0,0.5,5.0,0.0,107.0,40.0,0.5,12.0,1.0,107.0,39.0,0.5,6.0,1.0,107.0,38.0,0.5,3.0,1.0,107.0,37.0,0.5,7.0,1.0,2024-08-29 13:51:00-07:00,13.85,0.4642857142857143,0.8571428571428571,0.0,0.45726495726495725,291.0,0.0,351.0,0.5,180.0,0.17094017094017094,0.0,0.45726495726495725,291.0,,2024-08-29T09:51:00-07:00,,240.0,0.0,0.0,0.0,False,False,,,False,False,True,True,0.0,,120.0,0.0,False,,0.0,0.0,0.0,,54.0,True,6.0,7.0,5.0,-1.0,False,6,109.0,4:42 PM,,YESTERDAY,2024-08-30T01:31:00-07:00,CLIPHX_202408300831.txt,True,19.0,16.0,13.0,10.0,6.0,5.0,1.0,2.0,2.0,2.0,2.0,-1.0,True,109,2024-08-29T04:11:00-07:00,2024-08-29T06:00:00-07:00,1.8166666666666669,PFMPSR_202408291111.txt,0.0,0.0
2024-08-30,108.0,2024-08-30 14:51:00-07:00,27,0.875,0.0,True,28.0,87.0,49.0,0.5,7.0,21.0,91.0,48.0,0.5,8.0,17.0,96.0,48.0,0.5,4.0,12.0,98.0,47.0,0.5,3.0,10.0,101.0,45.0,0.5,5.0,7.0,103.0,44.0,0.5,5.0,5.0,104.0,42.0,0.5,5.0,4.0,108.0,40.0,0.5,6.0,0.0,108.0,38.0,0.5,9.0,0.0,108.0,38.0,0.5,5.0,0.0,105.0,41.0,0.875,20.0,3.0,2024-08-30 14:51:00-07:00,14.85,0.5,1.0,0.0,0.5,411.0,0.0,411.0,0.5,180.0,0.25,0.0,0.3905109489051095,231.0,,2024-08-30T08:51:00-07:00,,360.0,0.0,0.0,0.0,False,False,,,False,True,True,True,0.0,,120.0,0.0,False,,0.0,0.0,0.0,,48.0,False,9.0,5.0,3.0,4.0,False,7,110.0,4:25 PM,,YESTERDAY,2024-08-31T01:36:00-07:00,CLIPHX_202408310836.txt,True,23.0,19.0,14.0,12.0,9.0,7.0,6.0,2.0,2.0,2.0,5.0,-2.0,True,110,2024-08-30T04:00:00-07:00,2024-08-30T06:00:00-07:00,2.0,PFMPSR_202408301100.txt,0.0,0.0
2024-08-31,107.0,2024-08-31 13:51:00-07:00,26,0.875,0.0,False,28.0,90.0,48.0,0.5,8.0,17.0,93.0,47.0,0.875,8.0,14.0,100.0,46.0,0.5,8.0,7.0,102.0,46.0,0.5,4.0,5.0,104.0,45.0,0.5,9.0,3.0,106.0,44.0,0.5,8.0,1.0,107.0,43.0,0.25,5.0,0.0,107.0,42.0,0.25,4.0,0.0,107.0,42.0,0.25,8.0,0.0,106.0,42.0,0.5,3.0,1.0,106.0,41.0,0.5,3.0,1.0,2024-08-31 13:51:00-07:00,13.85,0.5208333333333334,0.8333333333333334,0.16666666666666666,0.5641025641025641,351.0,60.0,351.0,0.5,180.0,0.25,0.0,0.5641025641025641,351.0,16000.0,2024-08-31T08:51:00-07:00,2024-08-31T08:51:00-07:00,300.0,0.0,0.0,0.0,False,False,,,False,False,True,True,0.0,,40.0,16.0,False,,0.0,0.0,0.0,,47.0,False,10.0,4.0,3.0,0.0,False,7,108.0,4:42 PM,,YESTERDAY,2024-09-01T01:30:00-07:00,CLIPHX_202409010830.txt,True,18.0,15.0,8.0,6.0,4.0,2.0,1.0,1.0,1.0,2.0,2.0,-1.0,True,108,2024-08-31T04:00:00-07:00,2024-08-31T06:00:00-07:00,2.0,PFMPSR_202408311100.txt,0.0,0.0
2024-09-01,106.0,2024-09-01 14:51:00-07:00,24,0.875,0.0,False,31.0,90.0,49.0,0.5,15.0,16.0,93.0,48.0,0.5,15.0,13.0,95.0,49.0,0.5,7.0,11.0,97.0,49.0,0.5,10.0,9.0,99.0,50.0,0.5,4.0,7.0,104.0,50.0,0.25,0.0,2.0,105.0,53.0,0.25,3.0,1.0,106.0,52.0,0.5,5.0,0.0,105.0,50.0,0.5,7.0,1.0,101.0,53.0,0.875,21.0,5.0,100.0,51.0,0.875,10.0,6.0,2024-09-01 14:51:00-07:00,14.85,0.42857142857142855,0.7142857142857143,0.0,0.42700729927007297,291.0,0.0,411.0,0.3333333333333333,60.0,0.2864963503649635,60.0,0.42700729927007297,291.0,,2024-09-01T08:51:00-07:00,,360.0,0.0,0.0,0.0,False,False,,,False,False,True,True,0.0,,80.0,0.0,False,,0.0,0.0,0.0,,53.0,True,5.0,4.0,6.0,0.0,False,4,,,,,,,,,,,,,,,,,,,,False,108,2024-09-01T04:00:00-07:00,2024-09-01T06:00:00-07:00,2.0,PFMPSR_202409011100.txt,,
2024-09-02,107.0,2024-09-02 16:51:00-07:00,26,0.25,0.0,False,19.0,89.0,56.0,0.0,11.0,18.0,92.0,55.0,0.0,10.0,15.0,94.0,53.0,0.0,13.0,13.0,97.0,48.0,0.25,11.0,10.0,100.0,49.0,0.25,9.0,7.0,102.0,48.0,0.25,9.0,5.0,105.0,44.0,0.25,9.0,2.0,106.0,43.0,0.25,4.0,1.0,105.0,42.0,0.25,0.0,2.0,107.0,41.0,0.25,11.0,0.0,105.0,43.0,0.25,10.0,2.0,2024-09-02 16:51:00-07:00,16.85,0.2,0.0,0.0,0.1694915254237288,0.0,0.0,531.0,0.25,0.0,0.1694915254237288,0.0,0.1694915254237288,0.0,,,,,0.0,0.0,0.0,False,False,,,False,False,False,False,1.0,2024-09-02T15:51:00-07:00,160.0,19.0,False,,0.0,0.0,0.0,,55.0,True,5.0,6.0,5.0,0.0,False,2,108.0,4:28 PM,,YESTERDAY,2024-09-03T01:23:00-07:00,CLIPHX_202409030823.txt,True,19.0,16.0,14.0,11.0,8.0,6.0,3.0,2.0,3.0,1.0,3.0,-1.0,True,109,2024-09-02T04:00:00-07:00,2024-09-02T06:00:00-07:00,2.0,PFMPSR_202409021100.txt,1.0,1.0
2024-09-03,106.0,2024-09-03 15:51:00-07:00,24,0.25,0.0,False,16.0,90.0,53.0,0.0,9.0,16.0,93.0,53.0,0.0,7.0,13.0,96.0,53.0,0.0,9.0,10.0,98.0,52.0,0.25,9.0,8.0,102.0,52.0,0.25,8.0,4.0,102.0,52.0,0.25,5.0,4.0,103.0,50.0,0.25,0.0,3.0,105.0,47.0,0.25,3.0,1.0,106.0,45.0,0.25,4.0,0.0,106.0,45.0,0.25,6.0,0.0,105.0,46.0,0.25,8.0,1.0,2024-09-03 15:51:00-07:00,15.85,0.1875,0.0,0.0,0.1592356687898089,0.0,0.0,471.0,0.25,0.0,0.1592356687898089,0.0,0.1592356687898089,0.0,,,,,0.0,0.0,0.0,False,False,,,False,False,False,False,0.0,,120.0,16.0,False,,0.0,0.0,0.0,,53.0,True,6.0,6.0,1.0,3.0,False,3,108.0,4:44 PM,,YESTERDAY,2024-09-04T01:19:00-07:00,CLIPHX_202409040819.txt,True,18.0,15.0,12.0,10.0,6.0,6.0,5.0,3.0,2.0,2.0,3.0,-2.0,True,108,2024-09-03T04:00:00-07:00,2024-09-03T06:00:00-07:00,2.0,PFMPSR_202409031100.txt,0.0,0.0
2024-09-04,110.0,2024-09-04 16:51:00-07:00,25,0.875,0.0,False,,92.0,51.0,0.25,9.0,18.0,96.0,50.0,0.25,11.0,14.0,99.0,50.0,0.25,9.0,11.0,102.0,49.0,0.25,6.0,8.0,103.0,49.0,0.25,3.0,7.0,106.0,48.0,0.25,6.0,4.0,106.0,46.0,0.25,3.0,4.0,108.0,45.0,0.25,3.0,2.0,109.0,44.0,0.25,0.0,1.0,110.0,43.0,0.25,4.0,0.0,108.0,38.0,0.25,3.0,2.0,2024-09-04 16:51:00-07:00,16.85,0.25,0.0,0.0,0.25,0.0,0.0,531.0,0.25,0.0,0.1709039548022599,0.0,0.25,0.0,,,,,0.0,0.0,0.0,False,False,,,False,False,False,False,0.7999999999999972,2024-09-04T08:51:00-07:00,80.0,0.0,False,,0.0,0.0,0.0,,50.0,True,7.0,4.0,3.0,3.0,False,2,111.0,4:28 PM,,YESTERDAY,2024-09-05T01:36:00-07:00,CLIPHX_202409050836.txt,True,19.0,15.0,12.0,9.0,8.0,5.0,5.0,3.0,2.0,1.0,3.0,-1.0,True,111,2024-09-04T04:00:00-07:00,2024-09-04T06:00:00-07:00,2.0,PFMPSR_202409041100.txt,0.0,0.0
2024-09-05,114.0,2024-09-05 14:51:00-07:00,25,0.875,0.0,False,,93.0,47.0,0.5,7.0,21.0,98.0,46.0,0.5,5.0,16.0,104.0,45.0,0.25,8.0,10.0,106.0,44.0,0.25,8.0,8.0,108.0,44.0,0.25,5.0,6.0,110.0,41.0,0.25,6.0,4.0,112.0,41.0,0.25,3.0,2.0,114.0,37.0,0.25,4.0,0.0,114.0,32.0,0.25,7.0,0.0,114.0,26.0,0.25,5.0,0.0,113.0,26.0,0.25,0.0,1.0,2024-09-05 14:51:00-07:00,14.85,0.3125,0.25,0.0,0.3181265206812652,112.0,0.0,411.0,0.25,0.0,0.1411192214111922,0.0,0.25,0.0,,2024-09-05T08:51:00-07:00,,360.0,0.0,0.0,0.0,False,False,,,False,False,False,False,0.0,,110.0,0.0,False,,0.0,0.0,0.0,,46.0,False,11.0,4.0,4.0,2.0,False,4,116.0,3:46 PM,R,YESTERDAY,2024-09-06T01:20:00-07:00,CLIPHX_202409060820.txt,True,23.0,18.0,12.0,10.0,8.0,6.0,4.0,2.0,2.0,2.0,3.0,-2.0,True,114,2024-09-05T04:00:00-07:00,2024-09-05T06:00:00-07:00,2.0,PFMPSR_202409051100.txt,-2.0,2.0
2024-09-06,109.0,2024-09-06 13:51:00-07:00,25,0.875,0.0,False,25.0,96.0,50.0,0.875,13.0,13.0,99.0,50.0,0.5,14.0,10.0,102.0,50.0,0.5,15.0,7.0,103.0,49.0,0.25,14.0,6.0,107.0,49.0,0.25,10.0,2.0,107.0,47.0,0.25,4.0,2.0,109.0,47.0,0.25,0.0,0.0,109.0,47.0,0.25,8.0,0.0,107.0,45.0,0.25,3.0,2.0,108.0,44.0,0.25,0.0,1.0,108.0,44.0,0.25,0.0,1.0,2024-09-06 13:51:00-07:00,13.85,0.32142857142857145,0.2857142857142857,0.0,0.42628205128205127,171.0,51.0,351.0,0.25,0.0,0.20655270655270655,0.0,0.42628205128205127,171.0,,2024-09-06T08:51:00-07:00,,300.0,0.0,0.0,0.0,False,False,,,False,False,False,True,0.0,,20.0,25.0,False,,0.0,0.0,0.0,,50.0,True,6.0,5.0,2.0,-2.0,False,5,111.0,2:22 PM,,YESTERDAY,2024-09-07T02:22:00-07:00,CLIPHX_202409070922.txt,True,15.0,12.0,9.0,8.0,4.0,4.0,2.0,2.0,4.0,3.0,3.0,-2.0,True,112,2024-09-06T04:00:00-07:00,2024-09-06T06:00:00-07:00,2.0,PFMPSR_202409061100.txt,1.0,1.0
2024-09-07,108.0,2024-09-07 15:51:00-07:00,24,0.875,0.0,False,25.0,94.0,51.0,0.5,8.0,14.0,98.0,50.0,0.5,9.0,10.0,101.0,51.0,0.25,12.0,7.0,103.0,49.0,0.25,14.0,5.0,104.0,48.0,0.25,11.0,4.0,106.0,47.0,0.25,11.0,2.0,107.0,47.0,0.25,4.0,1.0,107.0,46.0,0.25,3.0,1.0,108.0,45.0,0.25,8.0,0.0,107.0,44.0,0.25,6.0,1.0,107.0,42.0,0.5,6.0,1.0,2024-09-07 15:51:00-07:00,15.85,0.28125,0.125,0.0,0.3089171974522293,111.0,0.0,471.0,0.25,0.0,0.25,0.0,0.2818471337579618,60.0,,2024-09-07T08:51:00-07:00,,420.0,0.0,0.0,0.0,False,False,,,False,False,True,True,0.0,,50.0,25.0,False,,0.0,0.0,0.0,,51.0,True,7.0,3.0,3.0,1.0,False,3,110.0,3:09 PM,,YESTERDAY,2024-09-08T02:37:00-07:00,CLIPHX_202409080937.txt,True,16.0,12.0,9.0,7.0,6.0,4.0,3.0,3.0,2.0,3.0,3.0,-2.0,True,109,2024-09-07T05:59:00-07:00,2024-09-07T06:00:00-07:00,0.0166666666666666,PFMPSR_202409071259.txt,-1.0,1.0
2024-09-08,109.0,2024-09-08 13:51:00-07:00,24,0.875,0.0,False,24.0,93.0,46.0,0.5,16.0,16.0,96.0,46.0,0.25,13.0,13.0,101.0,44.0,0.25,12.0,8.0,103.0,40.0,0.25,16.0,6.0,106.0,38.0,0.25,16.0,3.0,106.0,38.0,0.25,12.0,3.0,109.0,35.0,0.25,17.0,0.0,107.0,34.0,0.25,5.0,2.0,108.0,32.0,0.25,7.0,1.0,107.0,29.0,0.25,7.0,2.0,106.0,31.0,0.25,8.0,3.0,2024-09-08 13:51:00-07:00,13.85,0.25,0.0,0.0,0.2863247863247863,51.0,0.0,351.0,0.25,0.0,0.12179487179487179,0.0,0.24358974358974358,51.0,,,,,0.0,0.0,0.0,False,False,,,False,False,True,True,0.0,,50.0,24.0,False,,0.0,0.0,0.0,,46.0,False,8.0,5.0,3.0,-1.0,False,5,110.0,3:02 PM,R,YESTERDAY,2024-09-09T01:23:00-07:00,CLIPHX_202409090823.txt,True,17.0,14.0,9.0,7.0,4.0,4.0,1.0,3.0,2.0,3.0,4.0,-1.0,True,109,2024-09-08T05:21:00-07:00,2024-09-08T06:00:00-07:00,0.65,PFMPSR_202409081221.txt,-1.0,1.0
2024-09-09,109.0,2024-09-09 15:51:00-07:00,24,0.25,0.0,False,15.0,87.0,40.0,0.0,5.0,22.0,99.0,35.0,0.0,10.0,10.0,100.0,34.0,0.0,11.0,9.0,101.0,33.0,0.25,6.0,8.0,104.0,31.0,0.25,6.0,5.0,105.0,30.0,0.25,3.0,4.0,106.0,28.0,0.25,5.0,3.0,106.0,29.0,0.25,7.0,3.0,109.0,27.0,0.25,4.0,0.0,107.0,24.0,0.25,5.0,2.0,106.0,24.0,0.25,5.0,3.0,2024-09-09 15:51:00-07:00,15.85,0.1875,0.0,0.0,0.16483516483516483,0.0,0.0,455.0,0.25,0.0,0.13186813186813187,0.0,0.13186813186813187,0.0,,,,,0.0,0.0,0.0,False,False,,,False,False,False,False,0.0,,110.0,15.0,False,,0.0,0.0,0.0,,35.0,False,13.0,4.0,2.0,3.0,False,3,110.0,4:23 PM,,YESTERDAY,2024-09-10T01:46:00-07:00,CLIPHX_202409100846.txt,True,23.0,11.0,10.0,9.0,6.0,5.0,4.0,4.0,1.0,3.0,4.0,-1.0,True,109,2024-09-09T04:00:00-07:00,2024-09-09T06:00:00-07:00,2.0,PFMPSR_202409091100.txt,-1.0,1.0
2024-09-10,109.0,2024-09-10 13:51:00-07:00,25,0.875,0.0,False,,88.0,36.0,0.25,6.0,21.0,93.0,34.0,0.25,6.0,16.0,96.0,30.0,0.25,4.0,13.0,100.0,27.0,0.25,6.0,9.0,104.0,25.0,0.25,5.0,5.0,107.0,22.0,0.25,3.0,2.0,109.0,18.0,0.25,4.0,0.0,109.0,21.0,0.25,8.0,0.0,109.0,21.0,0.5,8.0,0.0,108.0,23.0,0.875,5.0,1.0,108.0,22.0,0.5,6.0,1.0,2024-09-10 13:51:00-07:00,13.85,0.25,0.0,0.0,0.25,0.0,0.0,351.0,0.25,0.0,0.16452991452991453,0.0,0.25,0.0,,,,,0.0,0.0,0.0,False,False,,,False,False,False,False,0.0,,170.0,0.0,False,,0.0,0.0,0.0,,34.0,False,8.0,8.0,5.0,0.0,False,5,110.0,4:25 PM,,YESTERDAY,2024-09-11T01:30:00-07:00,CLIPHX_202409110830.txt,True,22.0,17.0,14.0,10.0,6.0,3.0,1.0,1.0,1.0,2.0,2.0,-1.0,True,110,2024-09-10T04:09:00-07:00,2024-09-10T06:00:00-07:00,1.85,PFMPSR_202409101109.txt,0.0,0.0
2024-09-11,108.0,2024-09-11 14:51:00-07:00,24,0.875,0.0,False,20.0,86.0,35.0,0.875,8.0,22.0,91.0,31.0,0.875,6.0,17.0,94.0,32.0,0.5,5.0,14.0,97.0,31.0,0.5,0.0,11.0,101.0,31.0,0.25,0.0,7.0,104.0,30.0,0.25,9.0,4.0,106.0,30.0,0.25,7.0,2.0,108.0,30.0,0.0,9.0,0.0,108.0,29.0,0.0,8.0,0.0,107.0,31.0,0.0,11.0,1.0,105.0,31.0,0.0,12.0,3.0,2024-09-11 14:51:00-07:00,14.85,0.375,0.42857142857142855,0.14285714285714285,0.49178832116788324,231.0,111.0,411.0,0.25,0.0,0.03102189781021898,0.0,0.177007299270073,0.0,27000.0,2024-09-11T08:51:00-07:00,2024-09-11T08:51:00-07:00,360.0,0.0,0.0,0.0,False,False,,,False,False,False,False,0.0,,130.0,0.0,False,,0.0,0.0,0.0,,32.0,False,8.0,7.0,5.0,2.0,False,4,109.0,4:29 PM,,YESTERDAY,2024-09-12T01:22:00-07:00,CLIPHX_202409120822.txt,True,23.0,18.0,15.0,12.0,8.0,5.0,3.0,1.0,1.0,2.0,4.0,-1.0,True,109,2024-09-11T04:44:00-07:00,2024-09-11T06:00:00-07:00,1.2666666666666666,PFMPSR_202409111144.txt,0.0,0.0
2024-09-12,109.0,2024-09-12 14:51:00-07:00,27,0.875,0.0,False,27.0,86.0,40.0,0.875,9.0,23.0,91.0,39.0,0.875,7.0,18.0,96.0,40.0,0.875,12.0,13.0,100.0,37.0,0.875,12.0,9.0,105.0,34.0,0.5,15.0,4.0,108.0,32.0,0.5,18.0,1.0,108.0,27.0,0.25,12.0,1.0,109.0,22.0,0.25,11.0,0.0,107.0,12.0,0.25,15.0,2.0,106.0,12.0,0.0,8.0,3.0,104.0,8.0,0.25,11.0,5.0,2024-09-12 14:51:00-07:00,14.85,0.625,0.75,0.5,0.6742700729927007,351.0,231.0,411.0,0.4166666666666667,120.0,0.0,0.0,0.06751824817518248,0.0,27000.0,2024-09-12T08:51:00-07:00,2024-09-12T08:51:00-07:00,360.0,0.0,0.0,0.0,False,False,,,False,False,False,False,0.0,,70.0,27.0,False,,0.0,0.0,0.0,,40.0,False,10.0,9.0,3.0,-1.0,False,6,109.0,4:21 PM,,YESTERDAY,2024-09-13T01:20:00-07:00,CLIPHX_202409130820.txt,True,23.0,18.0,13.0,9.0,4.0,1.0,1.0,0.0,2.0,3.0,5.0,0.0,True,108,2024-09-12T04:12:00-07:00,2024-09-12T06:00:00-07:00,1.8,PFMPSR_202409121112.txt,-1.0,1.0
2024-09-13,105.0,2024-09-13 14:51:00-07:00,24,0.25,0.0,False,24.0,84.0,39.0,0.0,7.0,21.0,90.0,41.0,0.0,8.0,15.0,94.0,39.0,0.0,7.0,11.0,96.0,40.0,0.0,11.0,9.0,100.0,36.0,0.0,11.0,5.0,103.0,36.0,0.0,9.0,2.0,103.0,35.0,0.0,8.0,2.0,105.0,31.0,0.0,13.0,0.0,105.0,31.0,0.0,5.0,0.0,104.0,31.0,0.25,11.0,1.0,103.0,31.0,0.25,11.0,2.0,2024-09-13 14:51:00-07:00,14.85,0.0,0.0,0.0,0.0,0.0,0.0,411.0,0.0,0.0,0.0,0.0,0.0,0.0,,,,,0.0,0.0,0.0,False,False,,,False,False,False,False,0.0,,60.0,24.0,False,,0.0,0.0,0.0,,41.0,False,10.0,6.0,3.0,2.0,False,4,107.0,3:47 PM,,YESTERDAY,2024-09-14T01:34:00-07:00,CLIPHX_202409140834.txt,True,23.0,17.0,13.0,11.0,7.0,4.0,4.0,2.0,2.0,3.0,4.0,-2.0,True,105,2024-09-13T04:00:00-07:00,2024-09-13T06:00:00-07:00,2.0,PFMPSR_202409131100.txt,-2.0,2.0
2024-09-14,103.0,2024-09-14 14:51:00-07:00,24,0.875,0.0,False,,89.0,54.0,0.5,3.0,14.0,90.0,47.0,0.25,5.0,13.0,92.0,45.0,0.25,3.0,11.0,95.0,50.0,0.25,4.0,8.0,99.0,49.0,0.25,5.0,4.0,99.0,49.0,0.25,3.0,4.0,102.0,49.0,0.25,5.0,1.0,103.0,51.0,0.25,6.0,0.0,101.0,51.0,0.25,5.0,2.0,101.0,51.0,0.25,3.0,2.0,101.0,52.0,0.25,3.0,2.0,2024-09-14 14:51:00-07:00,14.85,0.25,0.0,0.0,0.28102189781021897,51.0,0.0,411.0,0.25,0.0,0.28102189781021897,51.0,0.28102189781021897,51.0,,,,,0.0,0.0,0.0,False,False,,,False,False,False,False,0.0,,0.0,0.0,False,,0.0,0.0,0.0,,51.0,True,3.0,7.0,3.0,-1.0,False,4,104.0,3:20 PM,,YESTERDAY,2024-09-15T01:32:00-07:00,CLIPHX_202409150832.txt,True,15.0,14.0,12.0,9.0,5.0,5.0,2.0,1.0,3.0,3.0,3.0,-1.0,True,103,2024-09-14T04:00:00-07:00,2024-09-14T06:00:00-07:00,2.0,PFMPSR_202409141100.txt,-1.0,1.0
2024-09-15,104.0,2024-09-15 14:51:00-07:00,25,0.5,0.0,False,20.0,89.0,57.0,0.5,4.0,15.0,91.0,57.0,0.5,5.0,13.0,94.0,56.0,0.25,6.0,10.0,98.0,55.0,0.25,7.0,6.0,101.0,50.0,0.25,0.0,3.0,98.0,48.0,0.25,0.0,6.0,103.0,48.0,0.25,3.0,1.0,104.0,47.0,0.5,13.0,0.0,102.0,47.0,0.5,9.0,2.0,102.0,47.0,0.5,6.0,2.0,101.0,46.0,0.5,4.0,3.0,2024-09-15 14:51:00-07:00,14.85,0.3125,0.25,0.0,0.3175182481751825,111.0,0.0,411.0,0.25,0.0,0.2864963503649635,60.0,0.3175182481751825,111.0,,2024-09-15T08:51:00-07:00,,360.0,0.0,0.0,0.0,False,False,,,False,False,False,True,3.0,2024-09-15T12:51:00-07:00,10.0,20.0,False,,0.0,0.0,0.0,,57.0,True,5.0,7.0,2.0,-1.0,False,4,106.0,2:56 PM,,YESTERDAY,2024-09-16T01:15:00-07:00,CLIPHX_202409160815.txt,True,17.0,15.0,12.0,8.0,5.0,8.0,3.0,2.0,4.0,4.0,5.0,-2.0,True,104,2024-09-15T04:00:00-07:00,2024-09-15T06:00:00-07:00,2.0,PFMPSR_202409151100.txt,-2.0,2.0
2024-09-16,101.0,2024-09-16 15:51:00-07:00,25,0.875,0.0,False,26.0,86.0,65.0,0.25,8.0,15.0,89.0,65.0,0.25,12.0,12.0,93.0,64.0,0.5,14.0,8.0,96.0,61.0,0.5,13.0,5.0,98.0,58.0,0.5,17.0,3.0,96.0,58.0,0.875,8.0,5.0,100.0,54.0,0.875,15.0,1.0,100.0,54.0,0.5,9.0,1.0,101.0,54.0,0.5,12.0,0.0,99.0,53.0,0.5,12.0,2.0,97.0,56.0,0.5,10.0,4.0,2024-09-16 15:51:00-07:00,15.85,0.5625,0.875,0.25,0.5366242038216561,360.0,120.0,471.0,0.75,180.0,0.5366242038216561,360.0,0.5366242038216561,360.0,9000.0,2024-09-16T09:51:00-07:00,2024-09-16T12:51:00-07:00,360.0,0.0,0.0,0.0,False,False,,,False,False,True,True,2.0,2024-09-16T12:51:00-07:00,60.0,26.0,True,2024-09-16T12:51:00-07:00,2.0,24.0,40.0,180.0,65.0,True,7.0,5.0,2.0,1.0,False,4,102.0,3:53 PM,,YESTERDAY,2024-09-17T01:19:00-07:00,CLIPHX_202409170819.txt,True,16.0,13.0,9.0,6.0,4.0,6.0,2.0,2.0,1.0,3.0,5.0,-1.0,True,101,2024-09-16T04:00:00-07:00,2024-09-16T06:00:00-07:00,2.0,PFMPSR_202409161100.txt,-1.0,1.0
2024-09-17,93.0,2024-09-17 12:51:00-07:00,26,0.875,0.0,False,18.0,79.0,50.0,0.25,6.0,14.0,81.0,50.0,0.25,3.0,12.0,84.0,49.0,0.25,0.0,9.0,90.0,48.0,0.25,4.0,3.0,91.0,46.0,0.25,10.0,2.0,93.0,46.0,0.25,12.0,0.0,93.0,45.0,0.25,7.0,0.0,91.0,44.0,0.25,14.0,2.0,91.0,44.0,0.25,11.0,2.0,91.0,44.0,0.25,7.0,2.0,91.0,42.0,0.0,12.0,2.0,2024-09-17 12:51:00-07:00,12.85,0.25,0.0,0.0,0.25,0.0,0.0,291.0,0.25,0.0,0.25,0.0,0.25,0.0,,,,,0.0,0.0,0.0,False,False,,,False,False,False,False,0.0,,70.0,18.0,False,,0.0,0.0,0.0,,50.0,True,5.0,7.0,2.0,-2.0,False,8,93.0,2:29 PM,,YESTERDAY,2024-09-18T01:34:00-07:00,CLIPHX_202409180834.txt,True,14.0,12.0,9.0,3.0,2.0,0.0,0.0,2.0,2.0,2.0,2.0,0.0,True,94,2024-09-17T04:00:00-07:00,2024-09-17T06:00:00-07:00,2.0,PFMPSR_202409171100.txt,1.0,1.0
2024-09-18,95.0,2024-09-18 14:51:00-07:00,26,0.5,0.0,False,24.0,76.0,33.0,0.25,0.0,19.0,81.0,31.0,0.25,4.0,14.0,85.0,31.0,0.25,5.0,10.0,88.0,34.0,0.25,9.0,7.0,91.0,38.0,0.25,12.0,4.0,92.0,37.0,0.25,7.0,3.0,94.0,33.0,0.25,11.0,1.0,95.0,32.0,0.25,10.0,0.0,94.0,30.0,0.25,6.0,1.0,94.0,30.0,0.25,6.0,1.0,93.0,30.0,0.25,10.0,2.0,2024-09-18 14:51:00-07:00,14.85,0.25,0.0,0.0,0.25,0.0,0.0,411.0,0.25,0.0,0.25,0.0,0.25,0.0,,,,,0.0,0.0,0.0,False,False,,,False,False,False,False,0.0,,30.0,24.0,False,,0.0,0.0,0.0,,38.0,False,9.0,6.0,3.0,0.0,False,5,97.0,3:06 PM,,YESTERDAY,2024-09-19T01:37:00-07:00,CLIPHX_202409190837.txt,True,21.0,16.0,12.0,9.0,6.0,5.0,3.0,2.0,3.0,3.0,4.0,-2.0,True,96,2024-09-18T04:00:00-07:00,2024-09-18T06:00:00-07:00,2.0,PFMPSR_202409181100.txt,-1.0,1.0
2024-09-19,97.0,2024-09-19 14:51:00-07:00,25,0.5,0.0,False,17.0,77.0,38.0,0.5,8.0,20.0,80.0,39.0,0.5,6.0,17.0,85.0,45.0,0.5,5.0,12.0,88.0,51.0,0.5,5.0,9.0,90.0,49.0,0.5,4.0,7.0,93.0,46.0,0.5,3.0,4.0,96.0,45.0,0.5,7.0,1.0,97.0,40.0,0.5,10.0,0.0,96.0,42.0,0.5,5.0,1.0,95.0,42.0,0.25,4.0,2.0,95.0,44.0,0.25,9.0,2.0,2024-09-19 14:51:00-07:00,14.85,0.5,1.0,0.0,0.5,411.0,0.0,411.0,0.5,180.0,0.25,0.0,0.25,0.0,,2024-09-19T08:51:00-07:00,,360.0,0.0,0.0,0.0,False,False,,,False,False,False,False,0.0,,20.0,17.0,False,,0.0,0.0,0.0,,51.0,True,8.0,5.0,6.0,0.0,False,4,98.0,4:14 PM,,YESTERDAY,2024-09-20T01:10:00-07:00,CLIPHX_202409200810.txt,True,21.0,18.0,13.0,10.0,8.0,5.0,2.0,1.0,2.0,3.0,3.0,-1.0,True,99,2024-09-19T04:00:00-07:00,2024-09-19T06:00:00-07:00,2.0,PFMPSR_202409191100.txt,1.0,1.0
2024-09-20,96.0,2024-09-20 16:51:00-07:00,24,0.875,0.0,False,23.0,81.0,56.0,0.25,6.0,15.0,84.0,55.0,0.25,5.0,12.0,87.0,56.0,0.25,3.0,9.0,89.0,56.0,0.5,4.0,7.0,94.0,51.0,0.875,10.0,2.0,94.0,51.0,0.875,9.0,2.0,94.0,48.0,0.5,13.0,2.0,95.0,46.0,0.5,10.0,1.0,94.0,46.0,0.5,3.0,2.0,96.0,36.0,0.5,14.0,0.0,94.0,34.0,0.25,11.0,2.0,2024-09-20 16:51:00-07:00,16.85,0.5277777777777778,0.7777777777777778,0.2222222222222222,0.5042372881355932,360.0,120.0,531.0,0.5,180.0,0.5042372881355932,360.0,0.5042372881355932,360.0,7000.0,2024-09-20T10:51:00-07:00,2024-09-20T11:51:00-07:00,360.0,0.0,0.0,0.0,False,False,,,False,False,False,False,1.0,2024-09-20T15:51:00-07:00,70.0,21.0,False,,0.0,0.0,0.0,,56.0,True,6.0,7.0,0.0,0.0,True,2,97.0,4:39 PM,,YESTERDAY,2024-09-21T01:16:00-07:00,CLIPHX_202409210816.txt,True,16.0,13.0,10.0,8.0,3.0,3.0,3.0,2.0,3.0,1.0,3.0,-1.0,True,96,2024-09-20T04:00:00-07:00,2024-09-20T06:00:00-07:00,2.0,PFMPSR_202409201100.txt,-1.0,1.0
2024-09-21,89.0,2024-09-21 15:51:00-07:00,24,0.875,0.0,False,18.0,76.0,43.0,0.25,4.0,13.0,78.0,51.0,0.25,5.0,11.0,81.0,51.0,0.25,4.0,8.0,83.0,49.0,0.25,5.0,6.0,85.0,46.0,0.25,12.0,4.0,86.0,44.0,0.25,9.0,3.0,87.0,44.0,0.25,5.0,2.0,88.0,42.0,0.25,7.0,1.0,89.0,41.0,0.25,11.0,0.0,89.0,41.0,0.25,7.0,0.0,88.0,40.0,0.25,4.0,1.0,2024-09-21 15:51:00-07:00,15.85,0.25,0.0,0.0,0.25,0.0,0.0,471.0,0.25,0.0,0.25,0.0,0.25,0.0,,,,,0.0,0.0,0.0,False,False,,,False,False,True,False,0.0,,40.0,18.0,False,,0.0,0.0,0.0,,51.0,True,5.0,4.0,2.0,2.0,False,3,90.0,3:49 PM,,YESTERDAY,2024-09-22T01:23:00-07:00,CLIPHX_202409220823.txt,True,14.0,12.0,9.0,7.0,5.0,4.0,3.0,2.0,1.0,1.0,2.0,-1.0,True,92,2024-09-21T04:00:00-07:00,2024-09-21T06:00:00-07:00,2.0,PFMPSR_202409211100.txt,2.0,2.0
2024-09-22,98.0,2024-09-22 16:51:00-07:00,24,0.5,0.0,False,,78.0,45.0,0.25,5.0,20.0,81.0,44.0,0.25,4.0,17.0,84.0,42.0,0.25,3.0,14.0,89.0,42.0,0.5,3.0,9.0,91.0,42.0,0.5,0.0,7.0,93.0,39.0,0.25,5.0,5.0,96.0,38.0,0.25,0.0,2.0,95.0,38.0,0.25,0.0,3.0,97.0,38.0,0.25,4.0,1.0,98.0,38.0,0.25,4.0,0.0,96.0,38.0,0.25,6.0,2.0,2024-09-22 16:51:00-07:00,16.85,0.3055555555555556,0.2222222222222222,0.0,0.3064971751412429,120.0,0.0,531.0,0.25,0.0,0.25,0.0,0.25,0.0,,2024-09-22T10:51:00-07:00,,360.0,0.0,0.0,0.0,False,False,,,False,False,False,False,1.0,2024-09-22T14:51:00-07:00,150.0,0.0,False,,0.0,0.0,0.0,,44.0,False,6.0,7.0,5.0,1.0,False,2,99.0,4:28 PM,,YESTERDAY,2024-09-23T01:42:00-07:00,CLIPHX_202409230842.txt,True,21.0,18.0,15.0,10.0,8.0,6.0,3.0,4.0,2.0,1.0,3.0,-1.0,True,99,2024-09-22T04:00:00-07:00,2024-09-22T06:00:00-07:00,2.0,PFMPSR_202409221100.txt,0.0,0.0
2024-09-23,105.0,2024-09-23 15:51:00-07:00,25,0.5,0.0,False,,82.0,41.0,0.25,3.0,23.0,87.0,41.0,0.25,4.0,18.0,90.0,41.0,0.25,4.0,15.0,96.0,38.0,0.25,4.0,9.0,98.0,35.0,0.5,0.0,7.0,100.0,36.0,0.5,6.0,5.0,104.0,34.0,0.25,5.0,1.0,102.0,31.0,0.25,6.0,3.0,105.0,31.0,0.25,10.0,0.0,103.0,31.0,0.25,4.0,2.0,101.0,31.0,0.25,5.0,4.0,2024-09-23 15:51:00-07:00,15.85,0.3055555555555556,0.2222222222222222,0.0,0.31369426751592355,120.0,0.0,471.0,0.3333333333333333,60.0,0.12738853503184713,0.0,0.18630573248407642,0.0,,2024-09-23T11:51:00-07:00,,240.0,0.0,0.0,0.0,False,False,,,False,False,False,False,2.0,2024-09-23T14:51:00-07:00,140.0,0.0,False,,0.0,0.0,0.0,,41.0,False,8.0,8.0,6.0,1.0,False,3,105.0,3:54 PM,,YESTERDAY,2024-09-24T01:29:00-07:00,CLIPHX_202409240829.txt,True,23.0,18.0,15.0,9.0,7.0,5.0,1.0,3.0,0.0,2.0,4.0,0.0,True,104,2024-09-23T04:03:00-07:00,2024-09-23T06:00:00-07:00,1.95,PFMPSR_202409231103.txt,-1.0,1.0
2024-09-24,107.0,2024-09-24 13:51:00-07:00,24,0.25,0.0,False,,86.0,31.0,0.0,10.0,21.0,91.0,33.0,0.0,9.0,16.0,95.0,31.0,0.0,7.0,12.0,98.0,30.0,0.0,,9.0,102.0,28.0,0.0,3.0,5.0,102.0,25.0,0.0,4.0,5.0,107.0,22.0,0.0,0.0,0.0,106.0,22.0,0.0,5.0,1.0,107.0,25.0,0.0,7.0,0.0,106.0,23.0,0.0,0.0,1.0,103.0,25.0,0.25,8.0,4.0,2024-09-24 13:51:00-07:00,13.85,0.0,0.0,0.0,0.0,0.0,0.0,351.0,0.0,0.0,0.0,0.0,0.0,0.0,,,,,0.0,0.0,0.0,False,False,,,False,False,False,False,0.0,,140.0,0.0,False,,0.0,0.0,0.0,,33.0,False,9.0,7.0,5.0,0.0,False,5,108.0,3:11 PM,R,YESTERDAY,2024-09-25T01:24:00-07:00,CLIPHX_202409250824.txt,True,22.0,17.0,13.0,10.0,6.0,6.0,1.0,2.0,1.0,2.0,5.0,-1.0,True,107,2024-09-24T04:29:00-07:00,2024-09-24T06:00:00-07:00,1.5166666666666666,PFMPSR_202409241129.txt,-1.0,1.0
2024-09-25,110.0,2024-09-25 14:51:00-07:00,24,0.5,0.0,False,16.0,87.0,30.0,0.25,5.0,23.0,90.0,31.0,0.25,6.0,20.0,98.0,32.0,0.25,7.0,12.0,102.0,33.0,0.0,7.0,8.0,106.0,34.0,0.25,9.0,4.0,108.0,34.0,0.25,0.0,2.0,109.0,34.0,0.25,4.0,1.0,110.0,33.0,0.25,5.0,0.0,109.0,32.0,0.25,4.0,1.0,109.0,32.0,0.25,3.0,1.0,107.0,33.0,0.25,8.0,3.0,2024-09-25 14:51:00-07:00,14.85,0.21428571428571427,0.0,0.0,0.21350364963503649,0.0,0.0,411.0,0.25,0.0,0.10948905109489052,0.0,0.21350364963503649,0.0,,,,,0.0,0.0,0.0,False,False,,,False,False,False,False,0.0,,80.0,16.0,False,,0.0,0.0,0.0,,34.0,False,11.0,8.0,3.0,0.0,False,4,113.0,2:24 PM,R,YESTERDAY,2024-09-26T01:56:00-07:00,CLIPHX_202409260856.txt,True,26.0,23.0,15.0,11.0,7.0,5.0,4.0,3.0,4.0,4.0,6.0,-3.0,True,111,2024-09-25T04:11:00-07:00,2024-09-25T06:00:00-07:00,1.8166666666666669,PFMPSR_202409251111.txt,-2.0,2.0
2024-09-26,109.0,2024-09-26 13:51:00-07:00,24,0.875,0.0,False,21.0,88.0,38.0,0.0,4.0,21.0,93.0,41.0,0.0,0.0,16.0,98.0,41.0,0.25,5.0,11.0,100.0,40.0,0.25,6.0,9.0,103.0,40.0,0.25,4.0,6.0,106.0,40.0,0.25,4.0,3.0,109.0,36.0,0.25,6.0,0.0,109.0,37.0,0.25,3.0,0.0,108.0,37.0,0.25,3.0,1.0,108.0,33.0,0.25,5.0,1.0,107.0,32.0,0.25,6.0,2.0,2024-09-26 13:51:00-07:00,13.85,0.20833333333333334,0.0,0.0,0.17094017094017094,0.0,0.0,351.0,0.25,0.0,0.17094017094017094,0.0,0.17094017094017094,0.0,,,,,0.0,0.0,0.0,False,False,,,False,False,False,False,0.0,,70.0,0.0,False,,0.0,0.0,0.0,,41.0,False,10.0,5.0,6.0,-1.0,False,5,110.0,2:56 PM,R,YESTERDAY,2024-09-27T01:11:00-07:00,CLIPHX_202409270811.txt,True,22.0,17.0,12.0,10.0,7.0,4.0,1.0,1.0,2.0,2.0,3.0,-1.0,True,110,2024-09-26T04:29:00-07:00,2024-09-26T06:00:00-07:00,1.5166666666666666,PFMPSR_202409261129.txt,0.0,0.0
2024-09-27,112.0,2024-09-27 14:51:00-07:00,24,0.5,0.0,False,,86.0,40.0,0.25,3.0,26.0,91.0,39.0,0.25,4.0,21.0,96.0,39.0,0.25,3.0,16.0,100.0,39.0,0.25,0.0,12.0,104.0,38.0,0.25,3.0,8.0,107.0,37.0,0.25,3.0,5.0,109.0,37.0,0.25,3.0,3.0,112.0,36.0,0.25,0.0,0.0,111.0,36.0,0.25,6.0,1.0,112.0,34.0,0.25,7.0,0.0,110.0,34.0,0.25,5.0,2.0,2024-09-27 14:51:00-07:00,14.85,0.25,0.0,0.0,0.25,0.0,0.0,411.0,0.25,0.0,0.072992700729927,0.0,0.25,0.0,,,,,0.0,0.0,0.0,False,False,,,False,False,False,False,0.0,,0.0,0.0,False,,0.0,0.0,0.0,,39.0,False,10.0,8.0,5.0,2.0,False,4,113.0,5:06 PM,R,YESTERDAY,2024-09-28T01:19:00-07:00,CLIPHX_202409280819.txt,True,27.0,22.0,17.0,13.0,9.0,6.0,4.0,1.0,2.0,1.0,3.0,-1.0,True,113,2024-09-27T04:00:00-07:00,2024-09-27T06:00:00-07:00,2.0,PFMPSR_202409271100.txt,0.0,0.0
2024-09-28,116.0,2024-09-28 15:51:00-07:00,24,0.25,0.0,False,22.0,92.0,40.0,0.25,5.0,24.0,96.0,39.0,0.25,5.0,20.0,102.0,35.0,0.25,6.0,14.0,106.0,36.0,0.25,7.0,10.0,110.0,35.0,0.25,7.0,6.0,112.0,31.0,0.25,10.0,4.0,115.0,27.0,0.25,12.0,1.0,114.0,24.0,0.25,5.0,2.0,116.0,24.0,0.25,5.0,0.0,114.0,26.0,0.25,11.0,2.0,112.0,24.0,0.25,8.0,4.0,2024-09-28 15:51:00-07:00,15.85,0.25,0.0,0.0,0.25,0.0,0.0,471.0,0.25,0.0,0.06369426751592357,0.0,0.25,0.0,,,,,0.0,0.0,0.0,False,False,,,False,False,False,False,1.0,2024-09-28T14:51:00-07:00,100.0,17.0,False,,0.0,0.0,0.0,,39.0,False,10.0,8.0,5.0,1.0,False,3,117.0,4:01 PM,R,YESTERDAY,2024-09-29T01:21:00-07:00,CLIPHX_202409290821.txt,True,25.0,21.0,15.0,11.0,7.0,5.0,2.0,3.0,1.0,3.0,5.0,-1.0,True,116,2024-09-28T04:00:00-07:00,2024-09-28T06:00:00-07:00,2.0,PFMPSR_202409281100.txt,-1.0,1.0
2024-09-29,112.0,2024-09-29 14:51:00-07:00,25,0.25,0.0,False,21.0,93.0,36.0,0.25,8.0,19.0,98.0,35.0,0.25,9.0,14.0,102.0,34.0,0.25,10.0,10.0,107.0,32.0,0.25,11.0,5.0,109.0,31.0,0.25,10.0,3.0,111.0,29.0,0.25,9.0,1.0,111.0,29.0,0.25,9.0,1.0,112.0,27.0,0.25,5.0,0.0,111.0,27.0,0.25,4.0,1.0,110.0,26.0,0.25,8.0,2.0,109.0,26.0,0.25,3.0,3.0,2024-09-29 14:51:00-07:00,14.85,0.25,0.0,0.0,0.25,0.0,0.0,411.0,0.25,0.0,0.10948905109489052,0.0,0.25,0.0,,,,,0.0,0.0,0.0,False,False,,,False,False,False,False,0.0,,40.0,21.0,False,,0.0,0.0,0.0,,35.0,False,9.0,7.0,2.0,0.0,False,4,113.0,3:22 PM,R,YESTERDAY,2024-09-30T01:31:00-07:00,CLIPHX_202409300831.txt,True,20.0,15.0,11.0,6.0,4.0,2.0,2.0,1.0,2.0,3.0,4.0,-1.0,True,112,2024-09-29T04:00:00-07:00,2024-09-29T06:00:00-07:00,2.0,PFMPSR_202409291100.txt,-1.0,1.0
2024-09-30,107.0,2024-09-30 15:51:00-07:00,25,0.875,0.0,False,,87.0,38.0,0.875,5.0,20.0,92.0,42.0,0.875,7.0,15.0,92.0,46.0,0.875,5.0,15.0,97.0,48.0,0.5,3.0,10.0,101.0,47.0,0.5,3.0,6.0,103.0,46.0,0.5,5.0,4.0,105.0,43.0,0.5,8.0,2.0,106.0,40.0,0.25,6.0,1.0,107.0,40.0,0.25,10.0,0.0,106.0,40.0,0.25,10.0,1.0,105.0,38.0,0.5,10.0,2.0,2024-09-30 15:51:00-07:00,15.85,0.53125,0.75,0.25,0.6042993630573248,411.0,171.0,471.0,0.4166666666666667,120.0,0.34076433121019106,171.0,0.5406050955414012,291.0,17000.0,2024-09-30T08:51:00-07:00,2024-09-30T08:51:00-07:00,420.0,0.0,0.0,0.0,False,False,,,False,False,True,False,0.0,,120.0,0.0,False,,0.0,0.0,0.0,,48.0,False,5.0,9.0,4.0,2.0,False,3,107.0,4:27 PM,R,YESTERDAY,2024-10-01T01:12:00-07:00,CLIPHX_202410010812.txt,True,20.0,15.0,15.0,10.0,6.0,4.0,2.0,1.0,0.0,1.0,2.0,0.0,True,108,2024-09-30T04:00:00-07:00,2024-09-30T06:00:00-07:00,2.0,PFMPSR_202409301100.txt,1.0,1.0
2025-06-01,90.0,2025-06-01 00:51:00-07:00,29,1.0,0.24000000000000002,True,32.0,88.0,50.0,0.875,9.0,2.0,89.0,48.0,0.875,14.0,1.0,85.0,50.0,0.875,15.0,5.0,87.0,53.0,0.875,21.0,3.0,86.0,54.0,0.875,18.0,4.0,86.0,56.0,0.875,15.0,4.0,83.0,57.0,0.875,15.0,7.0,78.0,63.0,1.0,8.0,12.0,76.0,65.0,1.0,5.0,14.0,74.0,66.0,1.0,0.0,16.0,72.0,66.0,1.0,10.0,18.0,2025-06-01 00:51:00-07:00,0.85,,,,,0.0,0.0,0.0,,0.0,,0.0,,0.0,,,,,0.24000000000000002,0.0,0.24000000000000002,False,True,2025-06-01T15:51:00-07:00,,False,True,False,True,0.0,,0.0,0.0,False,,0.0,0.0,0.0,,,False,-3.0,1.0,-3.0,-7.0,True,16,91.0,12:05 AM,,YESTERDAY,2025-06-02T01:12:00-07:00,CLIPHX_202506020812.txt,True,3.0,2.0,6.0,4.0,5.0,5.0,8.0,13.0,15.0,17.0,19.0,-1.0,True,93,2025-06-01T04:28:00-07:00,2025-06-01T06:00:00-07:00,1.5333333333333334,PFMPSR_202506011128.txt,2.0,2.0
2025-06-02,88.0,2025-06-02 17:51:00-07:00,31,1.0,0.09,False,,70.0,63.0,0.875,4.0,18.0,72.0,63.0,0.875,4.0,16.0,75.0,63.0,0.875,4.0,13.0,78.0,63.0,0.875,3.0,10.0,81.0,63.0,0.875,6.0,7.0,82.0,61.0,0.875,3.0,6.0,84.0,59.0,0.875,4.0,4.0,85.0,58.0,0.5,7.0,3.0,87.0,58.0,0.5,6.0,1.0,87.0,58.0,0.5,4.0,1.0,88.0,57.0,0.5,6.0,0.0,2025-06-02 17:51:00-07:00,17.85,0.7596153846153846,1.0,0.6923076923076923,0.7607868020304569,591.0,411.0,591.0,0.5,180.0,0.6859137055837563,591.0,0.7607868020304569,591.0,2400.0,2025-06-02T08:43:00-07:00,2025-06-02T08:43:00-07:00,548.0,0.07,0.07,0.0,True,False,2025-06-02T02:13:00-07:00,938.0,False,False,True,False,0.0,,110.0,0.0,False,,0.0,0.0,0.0,,64.0,True,5.0,6.0,3.0,3.0,False,1,89.0,6:37 PM,,YESTERDAY,2025-06-03T01:27:00-07:00,CLIPHX_202506030827.txt,True,19.0,17.0,14.0,11.0,8.0,7.0,5.0,4.0,2.0,2.0,1.0,-1.0,True,94,2025-06-02T04:18:00-07:00,2025-06-02T06:00:00-07:00,1.7,PFMPSR_202506021118.txt,5.0,5.0
2025-06-03,96.0,2025-06-03 13:51:00-07:00,24,0.875,0.0,False,24.0,81.0,57.0,0.25,4.0,15.0,83.0,57.0,0.25,3.0,13.0,86.0,58.0,0.25,0.0,10.0,89.0,58.0,0.25,5.0,7.0,90.0,58.0,0.5,3.0,6.0,93.0,57.0,0.5,8.0,3.0,96.0,57.0,0.5,11.0,0.0,93.0,56.0,0.25,0.0,3.0,93.0,54.0,0.25,3.0,3.0,94.0,54.0,0.25,0.0,2.0,95.0,55.0,0.25,3.0,1.0,2025-06-03 13:51:00-07:00,13.85,0.375,0.5,0.0,0.33547008547008544,120.0,0.0,351.0,0.4166666666666667,120.0,0.33547008547008544,120.0,0.33547008547008544,120.0,,2025-06-03T11:51:00-07:00,,120.0,0.0,0.0,0.0,False,False,,,False,False,True,True,0.0,,0.0,0.0,False,,0.0,0.0,0.0,,58.0,True,5.0,4.0,6.0,-3.0,False,5,97.0,5:02 PM,,YESTERDAY,2025-06-04T01:20:00-07:00,CLIPHX_202506040820.txt,True,16.0,14.0,11.0,8.0,7.0,4.0,1.0,4.0,4.0,3.0,2.0,-1.0,True,98,2025-06-03T04:18:00-07:00,2025-06-03T06:00:00-07:00,1.7,PFMPSR_202506031118.txt,1.0,1.0
2025-06-04,94.0,2025-06-04 13:51:00-07:00,28,1.0,0.15000000000000002,True,23.0,80.0,62.0,0.5,12.0,14.0,81.0,62.0,0.875,6.0,13.0,83.0,61.0,0.875,0.0,11.0,86.0,58.0,0.5,0.0,8.0,88.0,57.0,0.5,0.0,6.0,91.0,57.0,0.5,4.0,3.0,94.0,56.0,0.5,11.0,0.0,93.0,56.0,0.5,3.0,1.0,92.0,54.0,0.875,3.0,2.0,92.0,55.0,0.875,4.0,2.0,94.0,49.0,0.5,5.0,0.0,2025-06-04 13:51:00-07:00,13.85,0.625,1.0,0.3333333333333333,0.6282051282051282,351.0,120.0,351.0,0.5,180.0,0.5918803418803419,300.0,0.6282051282051282,351.0,9000.0,2025-06-04T08:51:00-07:00,2025-06-04T08:51:00-07:00,300.0,0.14,0.14,0.0,True,False,2025-06-04T01:33:00-07:00,738.0,True,False,True,False,0.0,,130.0,0.0,False,,0.0,0.0,0.0,,62.0,True,3.0,5.0,6.0,-2.0,False,5,95.0,6:11 PM,,YESTERDAY,2025-06-05T01:31:00-07:00,CLIPHX_202506050831.txt,True,15.0,14.0,12.0,9.0,7.0,4.0,1.0,2.0,3.0,3.0,1.0,-1.0,True,98,2025-06-04T04:18:00-07:00,2025-06-04T06:00:00-07:00,1.7,PFMPSR_202506041118.txt,3.0,3.0
2025-06-05,100.0,2025-06-05 14:51:00-07:00,24,0.5,0.0,False,25.0,83.0,52.0,0.25,3.0,17.0,87.0,50.0,0.25,3.0,13.0,88.0,49.0,0.25,0.0,12.0,92.0,49.0,0.25,4.0,8.0,93.0,47.0,0.25,0.0,7.0,96.0,47.0,0.25,5.0,4.0,96.0,43.0,0.25,4.0,4.0,100.0,40.0,0.25,10.0,0.0,99.0,36.0,0.25,5.0,1.0,98.0,37.0,0.25,0.0,2.0,99.0,38.0,0.25,6.0,1.0,2025-06-05 14:51:00-07:00,14.85,0.25,0.0,0.0,0.25,0.0,0.0,411.0,0.25,0.0,0.25,0.0,0.25,0.0,,,,,0.0,0.0,0.0,False,False,,,False,False,False,False,0.0,,0.0,17.0,False,,0.0,0.0,0.0,,50.0,True,5.0,5.0,3.0,3.0,False,4,101.0,3:39 PM,,YESTERDAY,2025-06-06T01:48:00-07:00,CLIPHX_202506060848.txt,True,18.0,14.0,13.0,9.0,8.0,5.0,5.0,1.0,2.0,3.0,2.0,-1.0,True,100,2025-06-05T04:18:00-07:00,2025-06-05T06:00:00-07:00,1.7,PFMPSR_202506051118.txt,-1.0,1.0
2025-06-06,101.0,2025-06-06 13:51:00-07:00,24,0.25,0.0,False,17.0,85.0,45.0,0.0,7.0,16.0,88.0,44.0,0.0,5.0,13.0,91.0,43.0,0.0,0.0,10.0,91.0,43.0,0.0,3.0,10.0,94.0,43.0,0.25,3.0,7.0,99.0,42.0,0.25,6.0,2.0,101.0,40.0,0.25,6.0,0.0,100.0,37.0,0.25,4.0,1.0,100.0,38.0,0.25,7.0,1.0,101.0,38.0,0.25,8.0,0.0,100.0,40.0,0.0,7.0,1.0,2025-06-06 13:51:00-07:00,13.85,0.125,0.0,0.0,0.08547008547008547,0.0,0.0,351.0,0.16666666666666666,0.0,0.08547008547008547,0.0,0.08547008547008547,0.0,,,,,0.0,0.0,0.0,False,False,,,False,False,False,False,0.0,,30.0,0.0,False,,0.0,0.0,0.0,,44.0,False,6.0,3.0,7.0,-1.0,False,5,104.0,3:28 PM,,YESTERDAY,2025-06-07T01:28:00-07:00,CLIPHX_202506070828.txt,True,19.0,16.0,13.0,13.0,10.0,5.0,3.0,4.0,4.0,3.0,4.0,-3.0,True,103,2025-06-06T04:18:00-07:00,2025-06-06T06:00:00-07:00,1.7,PFMPSR_202506061118.txt,-1.0,1.0
2025-06-07,104.0,2025-06-07 14:51:00-07:00,24,0.25,0.0,False,15.0,86.0,31.0,0.0,5.0,18.0,89.0,30.0,0.0,0.0,15.0,92.0,31.0,0.0,4.0,12.0,93.0,31.0,0.0,0.0,11.0,98.0,31.0,0.0,4.0,6.0,99.0,30.0,0.25,0.0,5.0,101.0,32.0,0.25,5.0,3.0,104.0,34.0,0.25,8.0,0.0,102.0,31.0,0.25,11.0,2.0,103.0,29.0,0.0,4.0,1.0,103.0,29.0,0.0,3.0,1.0,2025-06-07 14:51:00-07:00,14.85,0.10714285714285714,0.0,0.0,0.072992700729927,0.0,0.0,411.0,0.16666666666666666,0.0,0.072992700729927,0.0,0.072992700729927,0.0,,,,,0.0,0.0,0.0,False,False,,,False,False,False,False,0.0,,60.0,0.0,False,,0.0,0.0,0.0,,34.0,False,6.0,6.0,3.0,1.0,False,4,104.0,5:36 PM,,YESTERDAY,2025-06-08T01:27:00-07:00,CLIPHX_202506080827.txt,True,18.0,15.0,12.0,11.0,6.0,5.0,3.0,0.0,2.0,1.0,1.0,0.0,True,106,2025-06-07T04:18:00-07:00,2025-06-07T06:00:00-07:00,1.7,PFMPSR_202506071118.txt,2.0,2.0
2025-06-08,106.0,2025-06-08 15:51:00-07:00,25,0.25,0.0,False,19.0,85.0,38.0,0.0,6.0,21.0,89.0,34.0,0.0,4.0,17.0,91.0,33.0,0.25,0.0,15.0,93.0,33.0,0.25,0.0,13.0,98.0,31.0,0.25,4.0,8.0,101.0,32.0,0.25,8.0,5.0,103.0,30.0,0.25,7.0,3.0,104.0,30.0,0.25,8.0,2.0,106.0,28.0,0.25,8.0,0.0,105.0,25.0,0.25,8.0,1.0,104.0,26.0,0.25,9.0,2.0,2025-06-08 15:51:00-07:00,15.85,0.2222222222222222,0.0,0.0,0.1910828025477707,0.0,0.0,471.0,0.25,0.0,0.1910828025477707,0.0,0.1910828025477707,0.0,,,,,0.0,0.0,0.0,False,False,,,False,False,False,False,0.0,,40.0,19.0,False,,0.0,0.0,0.0,,34.0,False,6.0,7.0,5.0,3.0,False,3,107.0,4:36 PM,,YESTERDAY,2025-06-09T01:25:00-07:00,CLIPHX_202506090825.txt,True,22.0,18.0,16.0,14.0,9.0,6.0,4.0,3.0,1.0,2.0,3.0,-1.0,True,107,2025-06-08T04:18:00-07:00,2025-06-08T06:00:00-07:00,1.7,PFMPSR_202506081118.txt,0.0,0.0
2025-06-09,108.0,2025-06-09 15:51:00-07:00,23,0.25,0.0,False,21.0,87.0,29.0,0.25,6.0,21.0,90.0,31.0,0.25,5.0,18.0,94.0,33.0,0.25,4.0,14.0,98.0,35.0,0.25,5.0,10.0,101.0,34.0,0.25,6.0,7.0,106.0,30.0,0.25,8.0,2.0,105.0,31.0,0.25,4.0,3.0,,,,,,108.0,27.0,0.25,8.0,0.0,108.0,24.0,0.25,12.0,0.0,106.0,23.0,0.25,10.0,2.0,2025-06-09 15:51:00-07:00,15.85,0.25,0.0,0.0,0.25,0.0,0.0,441.0,0.25,0.0,0.25,0.0,0.25,0.0,,,,,0.0,0.0,0.0,False,False,,,False,False,False,False,1.0,2025-06-09T13:51:00-07:00,80.0,18.0,False,,0.0,0.0,0.0,,35.0,False,7.0,7.0,4.0,3.0,False,3,109.0,4:11 PM,,YESTERDAY,2025-06-10T01:31:00-07:00,CLIPHX_202506100831.txt,True,22.0,19.0,15.0,11.0,8.0,3.0,4.0,,1.0,1.0,3.0,-1.0,True,109,2025-06-09T04:18:00-07:00,2025-06-09T06:00:00-07:00,1.7,PFMPSR_202506091118.txt,0.0,0.0
2025-06-10,108.0,2025-06-10 16:51:00-07:00,24,0.25,0.0,False,20.0,87.0,35.0,0.25,6.0,21.0,90.0,35.0,0.25,3.0,18.0,93.0,35.0,0.25,3.0,15.0,96.0,34.0,0.25,5.0,12.0,98.0,33.0,0.25,6.0,10.0,103.0,32.0,0.25,6.0,5.0,105.0,29.0,0.25,8.0,3.0,106.0,28.0,0.25,4.0,2.0,106.0,26.0,0.25,16.0,2.0,108.0,26.0,0.25,12.0,0.0,106.0,24.0,0.25,9.0,2.0,2025-06-10 16:51:00-07:00,16.85,0.25,0.0,0.0,0.25,0.0,0.0,531.0,0.25,0.0,0.1694915254237288,0.0,0.25,0.0,,,,,0.0,0.0,0.0,False,False,,,False,False,False,False,0.0,,110.0,20.0,False,,0.0,0.0,0.0,,35.0,False,6.0,5.0,7.0,1.0,False,2,108.0,4:52 PM,,YESTERDAY,2025-06-11T01:29:00-07:00,CLIPHX_202506110829.txt,True,21.0,18.0,15.0,12.0,10.0,5.0,3.0,2.0,2.0,0.0,2.0,0.0,True,108,2025-06-10T04:18:00-07:00,2025-06-10T06:00:00-07:00,1.7,PFMPSR_202506101118.txt,0.0,0.0
2025-06-11,107.0,2025-06-11 16:51:00-07:00,24,0.875,0.0,False,26.0,89.0,45.0,0.5,7.0,18.0,92.0,45.0,0.5,5.0,15.0,97.0,43.0,0.875,5.0,10.0,100.0,41.0,0.875,3.0,7.0,102.0,31.0,0.875,9.0,5.0,103.0,35.0,0.5,8.0,4.0,105.0,35.0,0.875,9.0,2.0,106.0,36.0,0.25,10.0,1.0,106.0,37.0,0.25,12.0,1.0,107.0,38.0,0.25,10.0,0.0,107.0,37.0,0.25,12.0,0.0,2025-06-11 16:51:00-07:00,16.85,0.5833333333333334,0.6666666666666666,0.4444444444444444,0.6129943502824858,411.0,240.0,531.0,0.4583333333333333,60.0,0.0847457627118644,0.0,0.19350282485875706,0.0,29000.0,2025-06-11T08:51:00-07:00,2025-06-11T09:51:00-07:00,480.0,0.0,0.0,0.0,False,False,,,False,False,False,False,0.0,,80.0,26.0,False,,0.0,0.0,0.0,,45.0,False,8.0,5.0,3.0,1.0,False,2,108.0,4:17 PM,,YESTERDAY,2025-06-12T01:33:00-07:00,CLIPHX_202506120833.txt,True,19.0,16.0,11.0,8.0,6.0,5.0,3.0,2.0,2.0,1.0,1.0,-1.0,True,108,2025-06-11T04:18:00-07:00,2025-06-11T06:00:00-07:00,1.7,PFMPSR_202506111118.txt,0.0,0.0
2025-06-12,107.0,2025-06-12 16:51:00-07:00,25,0.5,0.0,False,23.0,89.0,43.0,0.25,9.0,18.0,94.0,40.0,0.25,5.0,13.0,95.0,39.0,0.25,3.0,12.0,98.0,36.0,0.25,5.0,9.0,103.0,38.0,0.25,4.0,4.0,102.0,39.0,0.25,0.0,5.0,105.0,37.0,0.25,8.0,2.0,106.0,33.0,0.5,5.0,1.0,106.0,34.0,0.5,7.0,1.0,107.0,38.0,0.5,14.0,0.0,107.0,38.0,0.5,14.0,0.0,2025-06-12 16:51:00-07:00,16.85,0.35,0.4,0.0,0.3064971751412429,120.0,0.0,531.0,0.4166666666666667,120.0,0.0,0.0,0.0,0.0,,2025-06-12T14:51:00-07:00,,120.0,0.0,0.0,0.0,False,False,,,False,False,False,False,1.0,2025-06-12T12:51:00-07:00,170.0,21.0,False,,0.0,0.0,0.0,,40.0,False,6.0,8.0,2.0,1.0,False,2,108.0,5:17 PM,,YESTERDAY,2025-06-13T01:21:00-07:00,CLIPHX_202506130821.txt,True,19.0,14.0,13.0,10.0,5.0,6.0,3.0,2.0,2.0,1.0,1.0,-1.0,True,109,2025-06-12T01:14:00-07:00,2025-06-12T06:00:00-07:00,4.766666666666667,PFMPSR_202506120814.txt,1.0,1.0
2025-06-13,106.0,2025-06-13 16:51:00-07:00,24,0.25,0.0,False,22.0,90.0,42.0,0.25,7.0,16.0,92.0,39.0,0.25,7.0,14.0,96.0,44.0,0.25,3.0,10.0,97.0,47.0,0.25,5.0,9.0,101.0,44.0,0.25,14.0,5.0,103.0,42.0,0.25,8.0,3.0,103.0,42.0,0.25,7.0,3.0,104.0,42.0,0.25,5.0,2.0,104.0,42.0,0.25,6.0,2.0,106.0,41.0,0.25,10.0,0.0,104.0,41.0,0.25,9.0,2.0,2025-06-13 16:51:00-07:00,16.85,0.25,0.0,0.0,0.25,0.0,0.0,531.0,0.25,0.0,0.0,0.0,0.0,0.0,,,,,0.0,0.0,0.0,False,False,,,False,False,False,False,0.0,,140.0,16.0,False,,0.0,0.0,0.0,,47.0,False,6.0,5.0,2.0,1.0,False,2,108.0,4:22 PM,,YESTERDAY,2025-06-14T01:32:00-07:00,CLIPHX_202506140832.txt,True,18.0,16.0,12.0,11.0,7.0,5.0,5.0,4.0,4.0,2.0,4.0,-2.0,True,108,2025-06-13T04:18:00-07:00,2025-06-13T06:00:00-07:00,1.7,PFMPSR_202506131118.txt,0.0,0.0
2025-06-14,108.0,2025-06-14 14:51:00-07:00,26,0.25,0.0,False,16.0,87.0,41.0,0.0,5.0,21.0,91.0,37.0,0.0,3.0,17.0,95.0,35.0,0.0,0.0,13.0,99.0,34.0,0.0,5.0,9.0,101.0,36.0,0.25,5.0,7.0,104.0,34.0,0.25,0.0,4.0,105.0,35.0,0.25,3.0,3.0,108.0,35.0,0.25,7.0,0.0,107.0,33.0,0.25,5.0,1.0,108.0,36.0,0.25,7.0,0.0,108.0,34.0,0.25,9.0,0.0,2025-06-14 14:51:00-07:00,14.85,0.16666666666666666,0.0,0.0,0.10948905109489052,0.0,0.0,411.0,0.25,0.0,0.10948905109489052,0.0,0.10948905109489052,0.0,,,,,0.0,0.0,0.0,False,False,,,False,False,False,False,0.0,,130.0,16.0,False,,0.0,0.0,0.0,,37.0,False,8.0,6.0,4.0,2.0,False,4,110.0,4:35 PM,,YESTERDAY,2025-06-15T01:49:00-07:00,CLIPHX_202506150849.txt,True,23.0,19.0,15.0,11.0,9.0,6.0,5.0,2.0,3.0,2.0,2.0,-2.0,True,111,2025-06-14T04:18:00-07:00,2025-06-14T06:00:00-07:00,1.7,PFMPSR_202506141118.txt,1.0,1.0
2025-06-15,113.0,2025-06-15 15:51:00-07:00,24,0.25,0.0,False,21.0,90.0,38.0,0.0,4.0,23.0,95.0,35.0,0.0,6.0,18.0,98.0,34.0,0.0,0.0,15.0,102.0,32.0,0.25,0.0,11.0,107.0,30.0,0.0,3.0,6.0,108.0,25.0,0.25,6.0,5.0,110.0,24.0,0.25,0.0,3.0,111.0,18.0,0.25,13.0,2.0,113.0,14.0,0.25,11.0,0.0,112.0,17.0,0.25,12.0,1.0,112.0,18.0,0.0,10.0,1.0,2025-06-15 15:51:00-07:00,15.85,0.15625,0.0,0.0,0.12738853503184713,0.0,0.0,471.0,0.25,0.0,0.12738853503184713,0.0,0.12738853503184713,0.0,,,,,0.0,0.0,0.0,False,False,,,False,False,False,False,0.0,,180.0,21.0,False,,0.0,0.0,0.0,,35.0,False,8.0,9.0,3.0,3.0,False,3,114.0,4:48 PM,,YESTERDAY,2025-06-16T01:32:00-07:00,CLIPHX_202506160832.txt,True,24.0,19.0,16.0,12.0,7.0,6.0,4.0,3.0,1.0,2.0,2.0,-1.0,True,114,2025-06-15T04:18:00-07:00,2025-06-15T06:00:00-07:00,1.7,PFMPSR_202506151118.txt,0.0,0.0
2025-06-16,113.0,2025-06-16 14:51:00-07:00,24,0.25,0.0,False,23.0,91.0,30.0,0.25,6.0,22.0,95.0,29.0,0.25,4.0,18.0,98.0,28.0,0.0,3.0,15.0,103.0,29.0,0.0,8.0,10.0,105.0,27.0,0.0,3.0,8.0,108.0,23.0,0.0,6.0,5.0,109.0,24.0,0.0,6.0,4.0,113.0,24.0,0.0,7.0,0.0,113.0,20.0,0.0,16.0,0.0,113.0,25.0,0.25,10.0,0.0,112.0,27.0,0.25,14.0,1.0,2025-06-16 14:51:00-07:00,14.85,0.03571428571428571,0.0,0.0,0.06751824817518248,0.0,0.0,411.0,0.0,0.0,0.06751824817518248,0.0,0.06751824817518248,0.0,,,,,0.0,0.0,0.0,False,False,,,False,False,False,False,0.0,,170.0,17.0,False,,0.0,0.0,0.0,,29.0,False,7.0,7.0,4.0,4.0,False,4,114.0,4:33 PM,,YESTERDAY,2025-06-17T01:28:00-07:00,CLIPHX_202506170828.txt,True,23.0,19.0,16.0,11.0,9.0,6.0,5.0,1.0,1.0,1.0,2.0,-1.0,True,113,2025-06-16T04:22:00-07:00,2025-06-16T06:00:00-07:00,1.6333333333333333,PFMPSR_202506161122.txt,-1.0,1.0
2025-06-17,109.0,2025-06-17 15:51:00-07:00,24,0.25,0.0,False,22.0,89.0,40.0,0.0,5.0,20.0,92.0,41.0,0.0,3.0,17.0,96.0,42.0,0.0,3.0,13.0,100.0,40.0,0.0,5.0,9.0,104.0,40.0,0.0,3.0,5.0,106.0,36.0,0.0,9.0,3.0,107.0,35.0,0.0,10.0,2.0,108.0,31.0,0.0,13.0,1.0,109.0,32.0,0.0,10.0,0.0,108.0,27.0,0.0,12.0,1.0,108.0,30.0,0.0,12.0,1.0,2025-06-17 15:51:00-07:00,15.85,0.0,0.0,0.0,0.0,0.0,0.0,471.0,0.0,0.0,0.0,0.0,0.0,0.0,,,,,0.0,0.0,0.0,False,False,,,False,False,False,False,0.0,,100.0,20.0,False,,0.0,0.0,0.0,,42.0,False,7.0,8.0,3.0,2.0,False,3,110.0,4:23 PM,,YESTERDAY,2025-06-18T01:35:00-07:00,CLIPHX_202506180835.txt,True,21.0,18.0,14.0,10.0,6.0,4.0,3.0,2.0,1.0,2.0,2.0,-1.0,True,111,2025-06-17T04:18:00-07:00,2025-06-17T06:00:00-07:00,1.7,PFMPSR_202506171118.txt,1.0,1.0
2025-06-18,112.0,2025-06-18 16:51:00-07:00,25,0.25,0.0,False,18.0,90.0,39.0,0.0,7.0,22.0,94.0,39.0,0.0,5.0,18.0,97.0,40.0,0.0,4.0,15.0,101.0,38.0,0.0,3.0,11.0,104.0,36.0,0.0,3.0,8.0,106.0,33.0,0.0,6.0,6.0,109.0,30.0,0.0,6.0,3.0,109.0,24.0,0.0,4.0,3.0,110.0,24.0,0.0,6.0,2.0,112.0,28.0,0.0,6.0,0.0,111.0,27.0,0.0,9.0,1.0,2025-06-18 16:51:00-07:00,16.85,0.0,0.0,0.0,0.0,0.0,0.0,531.0,0.0,0.0,0.0,0.0,0.0,0.0,,,,,0.0,0.0,0.0,False,False,,,False,False,False,False,0.0,,170.0,0.0,False,,0.0,0.0,0.0,,40.0,False,7.0,7.0,5.0,1.0,False,3,114.0,3:24 PM,,YESTERDAY,2025-06-19T01:17:00-07:00,CLIPHX_202506190817.txt,True,24.0,20.0,17.0,13.0,10.0,8.0,5.0,5.0,4.0,2.0,3.0,-2.0,True,113,2025-06-18T04:18:00-07:00,2025-06-18T06:00:00-07:00,1.7,PFMPSR_202506181118.txt,-1.0,1.0
2025-06-19,116.0,2025-06-19 15:51:00-07:00,26,0.0,0.0,False,24.0,94.0,43.0,0.0,8.0,22.0,96.0,42.0,0.0,8.0,20.0,100.0,40.0,0.0,8.0,16.0,102.0,37.0,0.0,0.0,14.0,106.0,36.0,0.0,3.0,10.0,111.0,34.0,0.0,3.0,5.0,112.0,33.0,0.0,5.0,4.0,114.0,30.0,0.0,3.0,2.0,116.0,27.0,0.0,17.0,0.0,115.0,28.0,0.0,16.0,1.0,114.0,22.0,0.0,16.0,2.0,2025-06-19 15:51:00-07:00,15.85,0.0,0.0,0.0,0.0,0.0,0.0,471.0,0.0,0.0,0.0,0.0,0.0,0.0,,,,,0.0,0.0,0.0,False,False,,,False,False,False,False,0.0,,90.0,20.0,False,,0.0,0.0,0.0,,42.0,False,6.0,6.0,6.0,4.0,False,5,117.0,4:09 PM,,YESTERDAY,2025-06-20T01:21:00-07:00,CLIPHX_202506200821.txt,True,23.0,21.0,17.0,15.0,11.0,6.0,5.0,3.0,1.0,2.0,3.0,-1.0,True,116,2025-06-19T04:18:00-07:00,2025-06-19T06:00:00-07:00,1.7,PFMPSR_202506191118.txt,-1.0,1.0
2025-06-20,109.0,2025-06-20 15:51:00-07:00,24,0.25,0.0,False,26.0,89.0,34.0,0.25,7.0,20.0,94.0,30.0,0.25,4.0,15.0,97.0,29.0,0.25,3.0,12.0,98.0,29.0,0.25,0.0,11.0,102.0,31.0,0.25,10.0,7.0,106.0,31.0,0.25,4.0,3.0,108.0,28.0,0.0,11.0,1.0,107.0,26.0,0.0,9.0,2.0,109.0,27.0,0.0,10.0,0.0,109.0,30.0,0.0,12.0,0.0,108.0,32.0,0.0,17.0,1.0,2025-06-20 15:51:00-07:00,15.85,0.15625,0.0,0.0,0.18630573248407642,0.0,0.0,471.0,0.08333333333333333,0.0,0.12261146496815287,0.0,0.18630573248407642,0.0,,,,,0.0,0.0,0.0,False,False,,,False,False,False,False,1.0,2025-06-20T14:51:00-07:00,80.0,17.0,False,,0.0,0.0,0.0,,31.0,False,8.0,5.0,6.0,1.0,False,3,110.0,4:52 PM,,YESTERDAY,2025-06-21T01:37:00-07:00,CLIPHX_202506210837.txt,True,21.0,16.0,13.0,12.0,8.0,4.0,2.0,3.0,1.0,1.0,2.0,-1.0,True,110,2025-06-20T04:18:00-07:00,2025-06-20T06:00:00-07:00,1.7,PFMPSR_202506201118.txt,0.0,0.0
2025-06-21,105.0,2025-06-21 15:51:00-07:00,25,0.25,0.0,False,26.0,88.0,41.0,0.0,7.0,17.0,91.0,46.0,0.0,9.0,14.0,95.0,45.0,0.0,5.0,10.0,98.0,45.0,0.0,14.0,7.0,101.0,46.0,0.25,11.0,4.0,103.0,43.0,0.25,11.0,2.0,104.0,42.0,0.25,13.0,1.0,104.0,42.0,0.25,12.0,1.0,105.0,41.0,0.25,12.0,0.0,105.0,40.0,0.25,10.0,0.0,104.0,41.0,0.25,11.0,1.0,2025-06-21 15:51:00-07:00,15.85,0.15625,0.0,0.0,0.12738853503184713,0.0,0.0,471.0,0.25,0.0,0.06369426751592357,0.0,0.12738853503184713,0.0,,,,,0.0,0.0,0.0,False,False,,,False,False,False,False,0.0,,80.0,25.0,False,,0.0,0.0,0.0,,46.0,False,7.0,6.0,3.0,1.0,False,4,106.0,5:16 PM,,YESTERDAY,2025-06-22T01:16:00-07:00,CLIPHX_202506220816.txt,True,18.0,15.0,11.0,8.0,5.0,3.0,2.0,2.0,1.0,1.0,2.0,-1.0,True,105,2025-06-21T04:18:00-07:00,2025-06-21T06:00:00-07:00,1.7,PFMPSR_202506211118.txt,-1.0,1.0
2025-06-22,98.0,2025-06-22 15:51:00-07:00,24,0.25,0.0,False,18.0,83.0,37.0,0.0,8.0,15.0,86.0,38.0,0.0,0.0,12.0,91.0,43.0,0.0,10.0,7.0,91.0,41.0,0.0,9.0,7.0,95.0,41.0,0.0,13.0,3.0,96.0,39.0,0.0,6.0,2.0,96.0,40.0,0.0,11.0,2.0,97.0,38.0,0.25,7.0,1.0,98.0,39.0,0.25,13.0,0.0,98.0,42.0,0.25,6.0,0.0,98.0,44.0,0.0,7.0,0.0,2025-06-22 15:51:00-07:00,15.85,0.0625,0.0,0.0,0.03184713375796178,0.0,0.0,471.0,0.08333333333333333,0.0,0.03184713375796178,0.0,0.03184713375796178,0.0,,,,,0.0,0.0,0.0,False,False,,,False,False,False,False,0.0,,60.0,18.0,False,,0.0,0.0,0.0,,43.0,False,8.0,4.0,1.0,2.0,False,3,99.0,3:55 PM,,YESTERDAY,2025-06-23T01:12:00-07:00,CLIPHX_202506230812.txt,True,16.0,13.0,8.0,8.0,4.0,3.0,3.0,2.0,1.0,1.0,1.0,-1.0,True,101,2025-06-22T04:18:00-07:00,2025-06-22T06:00:00-07:00,1.7,PFMPSR_202506221118.txt,2.0,2.0
2025-06-23,102.0,2025-06-23 15:51:00-07:00,25,0.25,0.0,False,23.0,85.0,38.0,0.25,8.0,17.0,86.0,40.0,0.25,7.0,16.0,90.0,42.0,0.25,10.0,12.0,92.0,44.0,0.25,6.0,10.0,94.0,41.0,0.25,11.0,8.0,98.0,35.0,0.25,10.0,4.0,100.0,36.0,0.0,11.0,2.0,101.0,31.0,0.0,12.0,1.0,102.0,28.0,0.0,11.0,0.0,102.0,28.0,0.0,10.0,0.0,102.0,28.0,0.0,16.0,0.0,2025-06-23 15:51:00-07:00,15.85,0.1388888888888889,0.0,0.0,0.18099787685774946,0.0,0.0,471.0,0.06944444444444445,0.0,0.18099787685774946,0.0,0.18099787685774946,0.0,,,,,0.0,0.0,0.0,False,False,,,False,False,False,False,0.0,,70.0,20.0,False,,0.0,0.0,0.0,,44.0,False,5.0,4.0,6.0,2.0,False,3,104.0,4:36 PM,,YESTERDAY,2025-06-24T01:20:00-07:00,CLIPHX_202506240820.txt,True,19.0,18.0,14.0,12.0,10.0,6.0,4.0,3.0,2.0,2.0,2.0,-2.0,True,103,2025-06-23T04:18:00-07:00,2025-06-23T06:00:00-07:00,1.7,PFMPSR_202506231118.txt,-1.0,1.0
2025-06-24,101.0,2025-06-24 15:51:00-07:00,24,0.25,0.0,False,21.0,86.0,29.0,0.25,8.0,15.0,87.0,31.0,0.25,5.0,14.0,89.0,30.0,0.25,4.0,12.0,95.0,37.0,0.25,10.0,6.0,95.0,38.0,0.25,12.0,6.0,99.0,37.0,0.25,13.0,2.0,99.0,32.0,0.25,3.0,2.0,99.0,29.0,0.25,10.0,2.0,101.0,28.0,0.25,3.0,0.0,101.0,28.0,0.25,6.0,0.0,101.0,30.0,0.25,14.0,0.0,2025-06-24 15:51:00-07:00,15.85,0.25,0.0,0.0,0.25,0.0,0.0,471.0,0.25,0.0,0.25,0.0,0.25,0.0,,,,,0.0,0.0,0.0,False,False,,,False,False,False,False,0.0,,170.0,19.0,False,,0.0,0.0,0.0,,38.0,False,3.0,6.0,4.0,2.0,False,3,105.0,2:44 PM,,YESTERDAY,2025-06-25T01:23:00-07:00,CLIPHX_202506250823.txt,True,19.0,18.0,16.0,10.0,10.0,6.0,6.0,6.0,4.0,4.0,4.0,-4.0,True,103,2025-06-24T04:18:00-07:00,2025-06-24T06:00:00-07:00,1.7,PFMPSR_202506241118.txt,-2.0,2.0
2025-06-25,102.0,2025-06-25 15:51:00-07:00,24,0.875,0.0,False,25.0,86.0,23.0,0.5,5.0,16.0,88.0,20.0,0.25,5.0,14.0,91.0,18.0,0.25,3.0,11.0,96.0,15.0,0.25,4.0,6.0,96.0,13.0,0.25,4.0,6.0,99.0,12.0,0.25,10.0,3.0,101.0,11.0,0.25,6.0,1.0,100.0,16.0,0.25,5.0,2.0,102.0,17.0,0.0,13.0,0.0,101.0,14.0,0.0,7.0,1.0,100.0,16.0,0.0,4.0,2.0,2025-06-25 15:51:00-07:00,15.85,0.21875,0.0,0.0,0.2770700636942675,51.0,0.0,471.0,0.25,0.0,0.18630573248407642,0.0,0.2770700636942675,51.0,,,,,0.0,0.0,0.0,False,False,,,False,False,False,False,1.0,2025-06-25T14:51:00-07:00,80.0,16.0,False,,0.0,0.0,0.0,,20.0,False,5.0,5.0,5.0,1.0,False,3,103.0,5:14 PM,,YESTERDAY,2025-06-26T01:25:00-07:00,CLIPHX_202506260825.txt,True,17.0,15.0,12.0,7.0,7.0,4.0,2.0,3.0,1.0,2.0,3.0,-1.0,True,103,2025-06-25T04:28:00-07:00,2025-06-25T06:00:00-07:00,1.5333333333333334,PFMPSR_202506251128.txt,0.0,0.0
2025-06-26,104.0,2025-06-26 14:51:00-07:00,24,0.875,0.0,False,18.0,86.0,34.0,0.875,6.0,18.0,90.0,33.0,0.5,3.0,14.0,92.0,33.0,0.5,0.0,12.0,95.0,31.0,0.25,3.0,9.0,99.0,29.0,0.25,0.0,5.0,101.0,29.0,0.25,4.0,3.0,102.0,28.0,0.25,4.0,2.0,104.0,29.0,0.25,10.0,0.0,104.0,30.0,0.25,8.0,0.0,104.0,30.0,0.25,12.0,0.0,103.0,31.0,0.0,0.0,1.0,2025-06-26 14:51:00-07:00,14.85,0.32142857142857145,0.2857142857142857,0.0,0.4005474452554745,171.0,51.0,411.0,0.25,0.0,0.0,0.0,0.4005474452554745,171.0,,2025-06-26T08:51:00-07:00,,360.0,0.0,0.0,0.0,False,False,,,False,False,False,False,0.0,,50.0,16.0,False,,0.0,0.0,0.0,,33.0,False,6.0,7.0,3.0,2.0,False,4,105.0,4:13 PM,,YESTERDAY,2025-06-27T01:29:00-07:00,CLIPHX_202506270829.txt,True,19.0,15.0,13.0,10.0,6.0,4.0,3.0,1.0,1.0,1.0,2.0,-1.0,True,107,2025-06-26T04:18:00-07:00,2025-06-26T06:00:00-07:00,1.7,PFMPSR_202506261118.txt,2.0,2.0
2025-06-27,106.0,2025-06-27 15:51:00-07:00,25,0.25,0.0,False,20.0,89.0,35.0,0.25,4.0,17.0,92.0,36.0,0.25,3.0,14.0,94.0,36.0,0.25,3.0,12.0,100.0,38.0,0.0,5.0,6.0,100.0,38.0,0.25,0.0,6.0,102.0,37.0,0.25,10.0,4.0,104.0,37.0,0.25,9.0,2.0,104.0,37.0,0.25,6.0,2.0,106.0,36.0,0.25,10.0,0.0,105.0,36.0,0.25,9.0,1.0,105.0,36.0,0.25,14.0,1.0,2025-06-27 15:51:00-07:00,15.85,0.2222222222222222,0.0,0.0,0.21815286624203822,0.0,0.0,471.0,0.25,0.0,0.21815286624203822,0.0,0.21815286624203822,0.0,,,,,0.0,0.0,0.0,False,False,,,False,False,False,False,0.0,,30.0,18.0,False,,0.0,0.0,0.0,,38.0,False,5.0,6.0,4.0,2.0,False,3,107.0,4:08 PM,,YESTERDAY,2025-06-28T01:30:00-07:00,CLIPHX_202506280830.txt,True,18.0,15.0,13.0,7.0,7.0,5.0,3.0,3.0,1.0,2.0,2.0,-1.0,True,108,2025-06-27T04:18:00-07:00,2025-06-27T06:00:00-07:00,1.7,PFMPSR_202506271118.txt,1.0,1.0
2025-06-28,108.0,2025-06-28 16:51:00-07:00,26,0.25,0.0,False,20.0,91.0,52.0,0.0,3.0,17.0,93.0,53.0,0.0,3.0,15.0,98.0,49.0,0.0,9.0,10.0,100.0,46.0,0.0,6.0,8.0,103.0,45.0,0.25,4.0,5.0,104.0,43.0,0.25,4.0,4.0,107.0,42.0,0.25,6.0,1.0,106.0,42.0,0.25,9.0,2.0,107.0,43.0,0.25,12.0,1.0,108.0,43.0,0.25,11.0,0.0,107.0,41.0,0.25,12.0,1.0,2025-06-28 16:51:00-07:00,16.85,0.13636363636363635,0.0,0.0,0.14124293785310735,0.0,0.0,531.0,0.25,0.0,0.14124293785310735,0.0,0.14124293785310735,0.0,,,,,0.0,0.0,0.0,False,False,,,False,False,False,False,1.0,2025-06-28T14:51:00-07:00,60.0,19.0,False,,0.0,0.0,0.0,,53.0,True,7.0,5.0,4.0,0.0,False,2,109.0,4:35 PM,,YESTERDAY,2025-06-29T01:12:00-07:00,CLIPHX_202506290812.txt,True,18.0,16.0,11.0,9.0,6.0,5.0,2.0,3.0,2.0,1.0,2.0,-1.0,True,110,2025-06-28T04:18:00-07:00,2025-06-28T06:00:00-07:00,1.7,PFMPSR_202506281118.txt,1.0,1.0
2025-06-29,112.0,2025-06-29 13:51:00-07:00,24,0.25,0.0,False,25.0,93.0,37.0,0.25,3.0,19.0,96.0,37.0,0.25,0.0,16.0,100.0,38.0,0.25,6.0,12.0,103.0,37.0,0.25,6.0,9.0,107.0,36.0,0.25,8.0,5.0,109.0,39.0,0.25,9.0,3.0,112.0,39.0,0.25,11.0,0.0,110.0,38.0,0.25,14.0,2.0,112.0,39.0,0.25,17.0,0.0,112.0,40.0,0.25,14.0,0.0,112.0,40.0,0.25,15.0,0.0,2025-06-29 13:51:00-07:00,13.85,0.25,0.0,0.0,0.25,0.0,0.0,351.0,0.25,0.0,0.25,0.0,0.25,0.0,,,,,0.0,0.0,0.0,False,False,,,False,False,False,False,0.0,,50.0,20.0,False,,0.0,0.0,0.0,,39.0,False,7.0,7.0,5.0,0.0,False,5,114.0,4:19 PM,,YESTERDAY,2025-06-30T01:16:00-07:00,CLIPHX_202506300816.txt,True,21.0,18.0,14.0,11.0,7.0,5.0,2.0,4.0,2.0,2.0,2.0,-2.0,True,114,2025-06-29T04:18:00-07:00,2025-06-29T06:00:00-07:00,1.7,PFMPSR_202506291118.txt,0.0,0.0
2025-06-30,115.0,2025-06-30 14:51:00-07:00,24,0.875,0.0,False,24.0,94.0,45.0,0.25,4.0,21.0,97.0,44.0,0.25,0.0,18.0,102.0,44.0,0.25,5.0,13.0,106.0,44.0,0.25,5.0,9.0,109.0,41.0,0.25,6.0,6.0,112.0,39.0,0.25,11.0,3.0,113.0,38.0,0.25,8.0,2.0,115.0,40.0,0.25,9.0,0.0,115.0,40.0,0.25,8.0,0.0,115.0,39.0,0.25,10.0,0.0,114.0,38.0,0.25,13.0,1.0,2025-06-30 14:51:00-07:00,14.85,0.25,0.0,0.0,0.25,0.0,0.0,411.0,0.25,0.0,0.145985401459854,0.0,0.25,0.0,,,,,0.0,0.0,0.0,False,False,,,False,False,False,True,0.0,,40.0,17.0,False,,0.0,0.0,0.0,,44.0,False,8.0,7.0,4.0,2.0,False,4,116.0,4:29 PM,R,YESTERDAY,2025-07-01T01:17:00-07:00,CLIPHX_202507010817.txt,True,22.0,19.0,14.0,10.0,7.0,4.0,3.0,1.0,1.0,1.0,2.0,-1.0,True,116,2025-06-30T04:18:00-07:00,2025-06-30T06:00:00-07:00,1.7,PFMPSR_202506301118.txt,0.0,0.0
2025-07-01,110.0,2025-07-01 13:51:00-07:00,29,0.875,0.0,False,30.0,96.0,51.0,0.0,13.0,14.0,99.0,50.0,0.0,17.0,11.0,102.0,51.0,0.0,13.0,8.0,104.0,51.0,0.0,15.0,6.0,106.0,51.0,0.0,13.0,4.0,108.0,50.0,0.0,10.0,2.0,110.0,50.0,0.0,9.0,0.0,110.0,50.0,0.25,5.0,0.0,110.0,48.0,0.25,8.0,0.0,110.0,48.0,0.25,6.0,0.0,109.0,48.0,0.25,0.0,1.0,2025-07-01 13:51:00-07:00,13.85,0.03571428571428571,0.0,0.0,0.002136752136752137,0.0,0.0,351.0,0.0,0.0,0.002136752136752137,0.0,0.002136752136752137,0.0,,,,,0.0,0.0,0.0,False,False,,,False,False,False,True,0.0,,40.0,22.0,False,,0.0,0.0,0.0,,51.0,True,6.0,4.0,4.0,0.0,False,5,112.0,3:02 PM,,YESTERDAY,2025-07-02T01:21:00-07:00,CLIPHX_202507020821.txt,True,16.0,13.0,10.0,8.0,6.0,4.0,2.0,2.0,2.0,2.0,3.0,-2.0,True,113,2025-07-01T04:33:00-07:00,2025-07-01T06:00:00-07:00,1.45,PFMPSR_202507011133.txt,1.0,1.0
2025-07-02,108.0,2025-07-02 14:51:00-07:00,31,1.0,0.16,True,34.0,96.0,58.0,0.875,7.0,12.0,98.0,58.0,0.5,6.0,10.0,102.0,57.0,0.5,9.0,6.0,103.0,55.0,0.875,10.0,5.0,104.0,54.0,0.875,4.0,4.0,103.0,55.0,0.5,3.0,5.0,107.0,53.0,0.5,11.0,1.0,108.0,52.0,0.5,14.0,0.0,108.0,53.0,0.5,13.0,0.0,106.0,51.0,0.5,12.0,2.0,105.0,52.0,0.875,9.0,3.0,2025-07-02 14:51:00-07:00,14.85,0.6071428571428571,1.0,0.2857142857142857,0.656021897810219,411.0,171.0,411.0,0.625,180.0,0.2864963503649635,120.0,0.5465328467153284,411.0,22000.0,2025-07-02T08:51:00-07:00,2025-07-02T10:51:00-07:00,360.0,0.16,0.0,0.16,False,True,2025-07-02T20:51:00-07:00,,False,True,True,True,1.0,2025-07-02T12:51:00-07:00,170.0,22.0,False,,0.0,0.0,0.0,,58.0,True,6.0,2.0,3.0,1.0,False,8,109.0,3:47 PM,,YESTERDAY,2025-07-03T01:16:00-07:00,CLIPHX_202507030816.txt,True,13.0,11.0,7.0,6.0,5.0,6.0,2.0,1.0,1.0,3.0,4.0,-1.0,True,107,2025-07-02T05:37:00-07:00,2025-07-02T06:00:00-07:00,0.3833333333333333,PFMPSR_202507021237.txt,-2.0,2.0
2025-07-03,101.0,2025-07-03 17:36:00-07:00,31,0.875,0.0,True,24.0,83.0,68.0,0.875,4.0,18.0,85.0,68.0,0.5,4.0,16.0,89.0,66.0,0.5,4.0,12.0,91.0,63.0,0.25,0.0,10.0,92.0,63.0,0.5,4.0,9.0,94.0,63.0,0.5,0.0,7.0,96.0,64.0,0.5,0.0,5.0,100.0,63.0,0.5,7.0,1.0,99.0,63.0,0.5,3.0,2.0,99.0,61.0,0.5,6.0,2.0,100.0,62.0,0.875,13.0,1.0,2025-07-03 17:36:00-07:00,17.6,0.4791666666666667,0.9166666666666666,0.0,0.5071614583333334,516.0,51.0,576.0,0.5,180.0,0.34375,216.0,0.4290364583333333,336.0,,2025-07-03T08:51:00-07:00,,525.0,0.0,0.0,0.0,False,False,,,False,True,True,True,1.0,2025-07-03T15:10:00-07:00,130.0,17.0,False,,0.0,0.0,0.0,,68.0,True,6.0,3.0,4.0,3.0,False,4,102.0,5:18 PM,,YESTERDAY,2025-07-04T01:22:00-07:00,CLIPHX_202507040822.txt,True,19.0,17.0,13.0,11.0,10.0,8.0,6.0,2.0,3.0,3.0,2.0,-1.0,True,103,2025-07-03T04:18:00-07:00,2025-07-03T06:00:00-07:00,1.7,PFMPSR_202507031118.txt,1.0,1.0
2025-07-04,102.0,2025-07-04 14:51:00-07:00,24,0.5,0.0,False,17.0,88.0,57.0,0.25,6.0,14.0,90.0,59.0,0.25,5.0,12.0,90.0,62.0,0.25,3.0,12.0,93.0,61.0,0.25,7.0,9.0,94.0,60.0,0.25,3.0,8.0,100.0,58.0,0.25,4.0,2.0,98.0,55.0,0.25,3.0,4.0,102.0,56.0,0.25,10.0,0.0,101.0,55.0,0.25,4.0,1.0,101.0,55.0,0.25,0.0,1.0,101.0,57.0,0.25,6.0,1.0,2025-07-04 14:51:00-07:00,14.85,0.25,0.0,0.0,0.25,0.0,0.0,411.0,0.25,0.0,0.21350364963503649,0.0,0.25,0.0,,,,,0.0,0.0,0.0,False,False,,,False,False,False,False,2.0,2025-07-04T13:51:00-07:00,120.0,15.0,False,,0.0,0.0,0.0,,62.0,True,2.0,4.0,4.0,3.0,False,4,103.0,5:08 PM,,YESTERDAY,2025-07-05T01:21:00-07:00,CLIPHX_202507050821.txt,True,15.0,13.0,13.0,10.0,9.0,3.0,5.0,1.0,2.0,2.0,2.0,-1.0,True,104,2025-07-04T04:20:00-07:00,2025-07-04T06:00:00-07:00,1.6666666666666667,PFMPSR_202507041120.txt,1.0,1.0
2025-07-05,105.0,2025-07-05 15:51:00-07:00,24,0.5,0.0,False,24.0,89.0,63.0,0.25,3.0,16.0,92.0,62.0,0.25,3.0,13.0,95.0,61.0,0.25,4.0,10.0,96.0,58.0,0.25,3.0,9.0,101.0,55.0,0.25,5.0,4.0,101.0,54.0,0.25,6.0,4.0,103.0,50.0,0.5,6.0,2.0,104.0,47.0,0.5,7.0,1.0,105.0,42.0,0.25,14.0,0.0,105.0,42.0,0.5,12.0,0.0,104.0,47.0,0.5,10.0,1.0,2025-07-05 15:51:00-07:00,15.85,0.3125,0.25,0.0,0.31369426751592355,120.0,0.0,471.0,0.4166666666666667,120.0,0.25,0.0,0.25,0.0,,2025-07-05T13:51:00-07:00,,120.0,0.0,0.0,0.0,False,False,,,False,False,False,False,0.0,,150.0,24.0,False,,0.0,0.0,0.0,,62.0,True,6.0,6.0,2.0,2.0,False,3,107.0,3:18 PM,,YESTERDAY,2025-07-06T01:22:00-07:00,CLIPHX_202507060822.txt,True,18.0,15.0,12.0,11.0,6.0,6.0,4.0,3.0,2.0,2.0,3.0,-2.0,True,106,2025-07-05T04:18:00-07:00,2025-07-05T06:00:00-07:00,1.7,PFMPSR_202507051118.txt,-1.0,1.0
2025-07-06,108.0,2025-07-06 12:51:00-07:00,24,0.25,0.0,False,21.0,91.0,55.0,0.25,4.0,17.0,95.0,48.0,0.25,3.0,13.0,97.0,48.0,0.25,3.0,11.0,99.0,46.0,0.25,0.0,9.0,105.0,45.0,0.25,3.0,3.0,108.0,45.0,0.25,8.0,0.0,108.0,48.0,0.25,11.0,0.0,108.0,47.0,0.25,9.0,0.0,108.0,50.0,0.25,12.0,0.0,108.0,49.0,0.25,6.0,0.0,107.0,50.0,0.25,8.0,1.0,2025-07-06 12:51:00-07:00,12.85,0.25,0.0,0.0,0.25,0.0,0.0,291.0,0.25,0.0,0.25,0.0,0.25,0.0,,,,,0.0,0.0,0.0,False,False,,,False,False,False,False,0.0,,0.0,0.0,False,,0.0,0.0,0.0,,48.0,False,6.0,8.0,3.0,0.0,False,6,110.0,4:04 PM,,YESTERDAY,2025-07-07T01:27:00-07:00,CLIPHX_202507070827.txt,True,19.0,15.0,13.0,11.0,5.0,2.0,2.0,2.0,2.0,2.0,3.0,-2.0,True,110,2025-07-06T04:18:00-07:00,2025-07-06T06:00:00-07:00,1.7,PFMPSR_202507061118.txt,0.0,0.0
2025-07-07,110.0,2025-07-07 13:51:00-07:00,24,0.875,0.0,False,24.0,94.0,57.0,0.875,6.0,16.0,97.0,56.0,0.5,0.0,13.0,100.0,55.0,0.5,5.0,10.0,104.0,54.0,0.5,6.0,6.0,105.0,53.0,0.5,0.0,5.0,109.0,51.0,0.25,10.0,1.0,110.0,52.0,0.25,7.0,0.0,110.0,52.0,0.25,8.0,0.0,110.0,49.0,0.25,11.0,0.0,110.0,49.0,0.25,11.0,0.0,108.0,49.0,0.25,14.0,2.0,2025-07-07 13:51:00-07:00,13.85,0.4166666666666667,0.6666666666666666,0.0,0.5117521367521367,291.0,51.0,351.0,0.4166666666666667,120.0,0.042735042735042736,0.0,0.41452991452991456,231.0,,2025-07-07T08:51:00-07:00,,300.0,0.0,0.0,0.0,False,False,,,False,False,False,True,0.0,,90.0,17.0,False,,0.0,0.0,0.0,,56.0,True,6.0,5.0,5.0,0.0,False,5,111.0,4:20 PM,,YESTERDAY,2025-07-08T01:27:00-07:00,CLIPHX_202507080827.txt,True,17.0,14.0,11.0,7.0,6.0,2.0,1.0,1.0,1.0,1.0,3.0,-1.0,True,111,2025-07-07T04:18:00-07:00,2025-07-07T06:00:00-07:00,1.7,PFMPSR_202507071118.txt,0.0,0.0
2025-07-08,111.0,2025-07-08 17:51:00-07:00,25,0.5,0.0,False,24.0,94.0,57.0,0.5,11.0,17.0,96.0,58.0,0.25,8.0,15.0,99.0,56.0,0.25,4.0,12.0,101.0,56.0,0.25,5.0,10.0,103.0,57.0,0.25,3.0,8.0,105.0,58.0,0.25,7.0,6.0,108.0,57.0,0.25,10.0,3.0,109.0,54.0,0.25,10.0,2.0,110.0,54.0,0.25,9.0,1.0,110.0,51.0,0.25,8.0,1.0,111.0,52.0,0.25,14.0,0.0,2025-07-08 17:51:00-07:00,17.85,0.25,0.0,0.0,0.2715736040609137,51.0,0.0,591.0,0.25,0.0,0.07614213197969544,0.0,0.25,0.0,,,,,0.0,0.0,0.0,False,False,,,False,False,True,False,0.0,,50.0,24.0,False,,0.0,0.0,0.0,,58.0,True,5.0,4.0,5.0,2.0,False,1,112.0,4:47 PM,,YESTERDAY,2025-07-09T01:26:00-07:00,CLIPHX_202507090826.txt,True,18.0,16.0,13.0,11.0,9.0,7.0,4.0,3.0,2.0,2.0,1.0,-1.0,True,113,2025-07-08T04:18:00-07:00,2025-07-08T06:00:00-07:00,1.7,PFMPSR_202507081118.txt,1.0,1.0
2025-07-09,117.0,2025-07-09 15:51:00-07:00,24,0.875,0.0,False,24.0,97.0,55.0,0.25,4.0,20.0,101.0,54.0,0.25,0.0,16.0,104.0,52.0,0.25,4.0,13.0,105.0,50.0,0.25,3.0,12.0,110.0,50.0,0.25,4.0,7.0,114.0,48.0,0.25,4.0,3.0,115.0,48.0,0.25,12.0,2.0,116.0,48.0,0.25,6.0,1.0,117.0,46.0,0.5,14.0,0.0,117.0,46.0,0.5,12.0,0.0,115.0,46.0,0.875,13.0,2.0,2025-07-09 15:51:00-07:00,15.85,0.28125,0.125,0.0,0.25,0.0,0.0,471.0,0.25,0.0,0.15445859872611464,0.0,0.25,0.0,,2025-07-09T15:51:00-07:00,,0.0,0.0,0.0,0.0,False,False,,,False,False,True,True,0.0,,20.0,24.0,False,,0.0,0.0,0.0,,54.0,True,7.0,6.0,5.0,2.0,False,3,118.0,4:02 PM,R,YESTERDAY,2025-07-10T01:18:00-07:00,CLIPHX_202507100818.txt,True,21.0,17.0,14.0,13.0,8.0,4.0,3.0,2.0,1.0,1.0,3.0,-1.0,True,118,2025-07-09T04:18:00-07:00,2025-07-09T06:00:00-07:00,1.7,PFMPSR_202507091118.txt,0.0,0.0
2025-07-10,113.0,2025-07-10 14:51:00-07:00,24,0.875,0.0,False,23.0,98.0,50.0,0.25,0.0,15.0,100.0,52.0,0.25,8.0,13.0,103.0,51.0,0.25,12.0,10.0,104.0,51.0,0.0,10.0,9.0,107.0,51.0,0.0,13.0,6.0,109.0,51.0,0.25,13.0,4.0,110.0,51.0,0.25,10.0,3.0,113.0,51.0,0.25,11.0,0.0,111.0,52.0,0.25,10.0,2.0,113.0,51.0,0.25,14.0,0.0,112.0,49.0,0.0,13.0,1.0,2025-07-10 14:51:00-07:00,14.85,0.17857142857142858,0.0,0.0,0.177007299270073,0.0,0.0,411.0,0.16666666666666666,0.0,0.072992700729927,0.0,0.072992700729927,0.0,,,,,0.0,0.0,0.0,False,False,,,False,False,False,False,0.0,,40.0,23.0,False,,0.0,0.0,0.0,,52.0,True,5.0,4.0,3.0,1.0,False,4,113.0,5:50 PM,,YESTERDAY,2025-07-11T01:17:00-07:00,CLIPHX_202507110817.txt,True,15.0,13.0,10.0,9.0,6.0,4.0,3.0,0.0,2.0,0.0,1.0,0.0,True,114,2025-07-10T04:18:00-07:00,2025-07-10T06:00:00-07:00,1.7,PFMPSR_202507101118.txt,1.0,1.0
2025-07-11,109.0,2025-07-11 16:51:00-07:00,24,0.25,0.0,False,27.0,92.0,63.0,0.0,6.0,17.0,94.0,63.0,0.0,6.0,15.0,96.0,63.0,0.0,4.0,13.0,100.0,62.0,0.0,6.0,9.0,101.0,62.0,0.0,6.0,8.0,105.0,61.0,0.25,6.0,4.0,107.0,59.0,0.25,10.0,2.0,107.0,56.0,0.25,9.0,2.0,108.0,57.0,0.25,8.0,1.0,109.0,52.0,0.25,12.0,0.0,108.0,47.0,0.25,18.0,1.0,2025-07-11 16:51:00-07:00,16.85,0.1388888888888889,0.0,0.0,0.11299435028248588,0.0,0.0,531.0,0.25,0.0,0.11299435028248588,0.0,0.11299435028248588,0.0,,,,,0.0,0.0,0.0,False,False,,,False,False,False,False,0.0,,150.0,27.0,False,,0.0,0.0,0.0,,63.0,True,4.0,5.0,6.0,1.0,False,2,111.0,4:18 PM,,YESTERDAY,2025-07-12T01:23:00-07:00,CLIPHX_202507120823.txt,True,19.0,17.0,15.0,11.0,10.0,6.0,4.0,4.0,3.0,2.0,3.0,-2.0,True,110,2025-07-11T04:18:00-07:00,2025-07-11T06:00:00-07:00,1.7,PFMPSR_202507111118.txt,-1.0,1.0
2025-07-12,107.0,2025-07-12 15:51:00-07:00,24,0.25,0.0,False,20.0,91.0,57.0,0.25,5.0,16.0,92.0,57.0,0.25,3.0,15.0,95.0,57.0,0.25,0.0,12.0,97.0,57.0,0.0,4.0,10.0,101.0,55.0,0.0,5.0,6.0,101.0,54.0,0.25,5.0,6.0,106.0,53.0,0.25,6.0,1.0,106.0,52.0,0.25,5.0,1.0,107.0,47.0,0.25,8.0,0.0,106.0,50.0,0.25,5.0,1.0,106.0,52.0,0.25,14.0,1.0,2025-07-12 15:51:00-07:00,15.85,0.1875,0.0,0.0,0.18630573248407642,0.0,0.0,471.0,0.25,0.0,0.18630573248407642,0.0,0.18630573248407642,0.0,,,,,0.0,0.0,0.0,False,False,,,False,False,False,False,0.0,,100.0,17.0,False,,0.0,0.0,0.0,,57.0,True,4.0,6.0,5.0,1.0,False,3,108.0,4:59 PM,,YESTERDAY,2025-07-13T01:32:00-07:00,CLIPHX_202507130832.txt,True,17.0,16.0,13.0,11.0,7.0,7.0,2.0,2.0,1.0,2.0,2.0,-1.0,True,109,2025-07-12T04:18:00-07:00,2025-07-12T06:00:00-07:00,1.7,PFMPSR_202507121118.txt,1.0,1.0
2025-07-13,107.0,2025-07-13 14:51:00-07:00,24,0.875,0.0,False,22.0,91.0,50.0,0.0,5.0,16.0,93.0,50.0,0.25,3.0,14.0,96.0,50.0,0.25,5.0,11.0,98.0,50.0,0.25,0.0,9.0,100.0,50.0,0.25,4.0,7.0,103.0,52.0,0.875,0.0,4.0,106.0,52.0,0.5,6.0,1.0,107.0,46.0,0.5,10.0,0.0,107.0,45.0,0.25,13.0,0.0,107.0,46.0,0.25,13.0,0.0,106.0,46.0,0.25,16.0,1.0,2025-07-13 14:51:00-07:00,14.85,0.4107142857142857,0.42857142857142855,0.14285714285714285,0.3467153284671533,120.0,60.0,411.0,0.5416666666666666,120.0,0.0364963503649635,0.0,0.3102189781021898,120.0,19000.0,2025-07-13T12:51:00-07:00,2025-07-13T12:51:00-07:00,120.0,0.0,0.0,0.0,False,False,,,False,False,False,False,0.0,,10.0,19.0,False,,0.0,0.0,0.0,,52.0,True,5.0,4.0,6.0,1.0,False,4,108.0,5:01 PM,,YESTERDAY,2025-07-14T01:32:00-07:00,CLIPHX_202507140832.txt,True,17.0,15.0,12.0,10.0,8.0,5.0,2.0,1.0,1.0,1.0,2.0,-1.0,True,111,2025-07-13T04:18:00-07:00,2025-07-13T06:00:00-07:00,1.7,PFMPSR_202507131118.txt,3.0,3.0
2025-07-14,106.0,2025-07-14 17:51:00-07:00,24,0.875,0.0,False,23.0,91.0,54.0,0.25,9.0,15.0,93.0,52.0,0.25,11.0,13.0,93.0,52.0,0.25,4.0,13.0,96.0,55.0,0.0,4.0,10.0,97.0,55.0,0.0,7.0,9.0,101.0,53.0,0.0,7.0,5.0,103.0,53.0,0.0,6.0,3.0,105.0,54.0,0.25,13.0,1.0,105.0,51.0,0.25,11.0,1.0,105.0,49.0,0.25,9.0,1.0,106.0,49.0,0.25,9.0,0.0,2025-07-14 17:51:00-07:00,17.85,0.15,0.0,0.0,0.1484771573604061,0.0,0.0,591.0,0.25,0.0,0.07614213197969544,0.0,0.07614213197969544,0.0,,,,,0.0,0.0,0.0,False,False,,,False,False,True,False,0.0,,70.0,23.0,False,,0.0,0.0,0.0,,55.0,True,2.0,4.0,6.0,2.0,False,1,107.0,4:05 PM,,YESTERDAY,2025-07-15T01:26:00-07:00,CLIPHX_202507150826.txt,True,16.0,14.0,14.0,11.0,10.0,6.0,4.0,2.0,2.0,2.0,1.0,-1.0,True,110,2025-07-14T04:26:00-07:00,2025-07-14T06:00:00-07:00,1.5666666666666669,PFMPSR_202507141126.txt,3.0,3.0
2025-07-15,106.0,2025-07-15 16:51:00-07:00,27,0.875,0.0,False,25.0,92.0,56.0,0.25,6.0,14.0,93.0,55.0,0.5,2.0,13.0,96.0,56.0,0.875,6.0,10.0,96.0,56.0,0.875,4.0,10.0,99.0,56.0,0.875,6.0,7.0,100.0,57.0,0.875,9.0,6.0,102.0,59.0,0.5,3.0,4.0,105.0,58.0,0.25,5.0,1.0,105.0,57.0,0.25,11.0,1.0,106.0,56.0,0.25,9.0,0.0,105.0,56.0,0.25,13.0,1.0,2025-07-15 16:51:00-07:00,16.85,0.5833333333333334,0.6666666666666666,0.4444444444444444,0.5889830508474576,360.0,240.0,531.0,0.3333333333333333,60.0,0.11299435028248588,0.0,0.3347457627118644,180.0,27000.0,2025-07-15T08:51:00-07:00,2025-07-15T09:51:00-07:00,480.0,0.0,0.0,0.0,False,False,,,False,False,False,True,0.0,,80.0,20.0,False,,0.0,0.0,0.0,,59.0,True,4.0,3.0,3.0,3.0,False,2,107.0,4:40 PM,,YESTERDAY,2025-07-16T01:21:00-07:00,CLIPHX_202507160821.txt,True,15.0,14.0,11.0,11.0,8.0,7.0,5.0,2.0,2.0,1.0,2.0,-1.0,True,107,2025-07-15T04:18:00-07:00,2025-07-15T06:00:00-07:00,1.7,PFMPSR_202507151118.txt,0.0,0.0
2025-07-16,94.0,2025-07-16 14:51:00-07:00,25,1.0,0.0,False,32.0,88.0,63.0,0.875,4.0,6.0,88.0,64.0,0.875,9.0,6.0,90.0,63.0,0.875,10.0,4.0,87.0,64.0,1.0,13.0,7.0,87.0,62.0,1.0,12.0,7.0,92.0,61.0,0.875,11.0,2.0,93.0,61.0,0.875,9.0,1.0,94.0,61.0,0.875,4.0,0.0,94.0,64.0,0.875,15.0,0.0,92.0,62.0,0.875,13.0,2.0,93.0,61.0,0.875,13.0,1.0,2025-07-16 14:51:00-07:00,14.85,0.9107142857142857,1.0,1.0,0.9114963503649635,411.0,411.0,411.0,0.9166666666666666,180.0,0.25,0.0,0.8567518248175182,411.0,16000.0,2025-07-16T08:51:00-07:00,2025-07-16T08:51:00-07:00,360.0,0.0,0.0,0.0,False,False,,,False,False,True,True,3.0,2025-07-16T10:51:00-07:00,50.0,17.0,False,,0.0,0.0,0.0,,64.0,True,2.0,-3.0,6.0,1.0,True,4,97.0,3:32 PM,,YESTERDAY,2025-07-17T01:24:00-07:00,CLIPHX_202507170824.txt,True,9.0,9.0,7.0,10.0,10.0,5.0,4.0,3.0,3.0,5.0,4.0,-3.0,True,101,2025-07-16T05:09:00-07:00,2025-07-16T06:00:00-07:00,0.85,PFMPSR_202507161209.txt,4.0,4.0
2025-07-17,100.0,2025-07-17 14:51:00-07:00,24,0.875,0.0,False,19.0,84.0,65.0,0.875,10.0,16.0,86.0,65.0,0.875,6.0,14.0,91.0,64.0,0.875,3.0,9.0,93.0,63.0,0.5,3.0,7.0,95.0,61.0,0.5,6.0,5.0,97.0,61.0,0.5,6.0,3.0,99.0,61.0,0.5,9.0,1.0,100.0,60.0,0.875,9.0,0.0,99.0,60.0,0.5,7.0,1.0,99.0,59.0,0.5,4.0,1.0,100.0,59.0,0.5,8.0,0.0,2025-07-17 14:51:00-07:00,14.85,0.6607142857142857,1.0,0.42857142857142855,0.656021897810219,411.0,171.0,411.0,0.5,180.0,0.3905109489051095,231.0,0.5465328467153284,231.0,12000.0,2025-07-17T08:51:00-07:00,2025-07-17T08:51:00-07:00,360.0,0.0,0.0,0.0,False,False,,,False,False,True,False,0.0,,70.0,15.0,False,,0.0,0.0,0.0,,65.0,True,7.0,4.0,4.0,0.0,False,4,101.0,4:14 PM,,YESTERDAY,2025-07-18T01:14:00-07:00,CLIPHX_202507180814.txt,True,17.0,15.0,10.0,8.0,6.0,4.0,2.0,1.0,2.0,2.0,1.0,-1.0,True,102,2025-07-17T04:57:00-07:00,2025-07-17T06:00:00-07:00,1.05,PFMPSR_202507171157.txt,1.0,1.0
2025-07-18,106.0,2025-07-18 15:51:00-07:00,24,0.875,0.0,False,17.0,92.0,57.0,0.25,8.0,14.0,93.0,57.0,0.25,4.0,13.0,96.0,58.0,0.25,5.0,10.0,98.0,58.0,0.25,7.0,8.0,100.0,57.0,0.25,0.0,6.0,105.0,57.0,0.25,8.0,1.0,104.0,56.0,0.25,7.0,2.0,105.0,54.0,0.5,6.0,1.0,106.0,55.0,0.5,9.0,0.0,106.0,54.0,0.25,9.0,0.0,105.0,52.0,0.25,6.0,1.0,2025-07-18 15:51:00-07:00,15.85,0.3125,0.25,0.0,0.2818471337579618,60.0,0.0,471.0,0.3333333333333333,60.0,0.2229299363057325,0.0,0.25,0.0,,2025-07-18T14:51:00-07:00,,60.0,0.0,0.0,0.0,False,False,,,False,False,False,False,1.0,2025-07-18T13:51:00-07:00,80.0,14.0,False,,0.0,0.0,0.0,,58.0,True,4.0,4.0,4.0,2.0,False,3,108.0,4:14 PM,,YESTERDAY,2025-07-19T01:25:00-07:00,CLIPHX_202507190825.txt,True,16.0,15.0,12.0,10.0,8.0,3.0,4.0,3.0,2.0,2.0,3.0,-2.0,True,106,2025-07-18T04:18:00-07:00,2025-07-18T06:00:00-07:00,1.7,PFMPSR_202507181118.txt,-2.0,2.0
2025-07-19,105.0,2025-07-19 14:51:00-07:00,24,0.875,0.0,False,16.0,92.0,49.0,0.5,4.0,13.0,94.0,41.0,0.5,7.0,11.0,96.0,41.0,0.5,6.0,9.0,98.0,39.0,0.875,5.0,7.0,99.0,39.0,0.875,4.0,6.0,102.0,40.0,0.5,4.0,3.0,104.0,40.0,0.5,8.0,1.0,105.0,44.0,0.25,10.0,0.0,105.0,45.0,0.25,8.0,0.0,105.0,47.0,0.25,3.0,0.0,105.0,47.0,0.25,4.0,0.0,2025-07-19 14:51:00-07:00,14.85,0.5714285714285714,0.8571428571428571,0.2857142857142857,0.6094890510948905,411.0,120.0,411.0,0.625,180.0,0.32299270072992703,120.0,0.5054744525547445,240.0,16000.0,2025-07-19T08:51:00-07:00,2025-07-19T10:51:00-07:00,360.0,0.0,0.0,0.0,False,False,,,False,False,False,False,0.0,,90.0,0.0,False,,0.0,0.0,0.0,,44.0,False,4.0,3.0,5.0,1.0,False,4,107.0,5:42 PM,,YESTERDAY,2025-07-20T01:16:00-07:00,CLIPHX_202507200816.txt,True,15.0,13.0,11.0,9.0,8.0,5.0,3.0,2.0,2.0,2.0,2.0,-2.0,True,107,2025-07-19T04:18:00-07:00,2025-07-19T06:00:00-07:00,1.7,PFMPSR_202507191118.txt,0.0,0.0
2025-07-20,96.0,2025-07-20 00:51:00-07:00,26,1.0,0.0,False,19.0,91.0,41.0,0.875,4.0,5.0,91.0,40.0,1.0,5.0,5.0,93.0,39.0,1.0,4.0,3.0,93.0,40.0,1.0,4.0,3.0,93.0,41.0,1.0,3.0,3.0,93.0,42.0,1.0,4.0,3.0,93.0,42.0,1.0,6.0,3.0,94.0,42.0,1.0,9.0,2.0,94.0,42.0,0.875,5.0,2.0,94.0,44.0,0.875,5.0,2.0,94.0,47.0,0.875,6.0,2.0,2025-07-20 00:51:00-07:00,0.85,,,,,0.0,0.0,0.0,,0.0,,0.0,,0.0,,,,,0.0,0.0,0.0,False,False,,,False,False,False,False,0.0,,0.0,0.0,False,,0.0,0.0,0.0,,,False,2.0,0.0,0.0,1.0,True,13,97.0,12:17 AM,,YESTERDAY,2025-07-21T01:21:00-07:00,CLIPHX_202507210821.txt,True,6.0,6.0,4.0,4.0,4.0,4.0,4.0,3.0,3.0,3.0,3.0,-1.0,True,99,2025-07-20T04:18:00-07:00,2025-07-20T06:00:00-07:00,1.7,PFMPSR_202507201118.txt,2.0,2.0
2025-07-21,103.0,2025-07-21 15:51:00-07:00,27,1.0,0.0,False,30.0,89.0,47.0,0.875,5.0,14.0,91.0,47.0,0.875,4.0,12.0,85.0,59.0,0.875,10.0,18.0,93.0,51.0,0.875,0.0,10.0,97.0,50.0,0.875,3.0,6.0,100.0,46.0,0.875,5.0,3.0,100.0,45.0,0.5,5.0,3.0,102.0,47.0,0.5,7.0,1.0,103.0,48.0,0.875,5.0,0.0,102.0,51.0,0.875,7.0,1.0,99.0,58.0,0.875,19.0,4.0,2025-07-21 15:51:00-07:00,15.85,0.78125,1.0,0.75,0.7794585987261147,471.0,351.0,471.0,0.625,180.0,0.45222929936305734,291.0,0.7157643312101911,351.0,9000.0,2025-07-21T08:51:00-07:00,2025-07-21T08:51:00-07:00,420.0,0.0,0.0,0.0,False,False,,,False,False,False,False,6.0,2025-07-21T09:51:00-07:00,160.0,19.0,False,,0.0,0.0,0.0,,59.0,True,-4.0,12.0,3.0,3.0,False,6,104.0,5:01 PM,,YESTERDAY,2025-07-22T01:34:00-07:00,CLIPHX_202507220834.txt,True,15.0,13.0,19.0,11.0,7.0,4.0,4.0,2.0,1.0,2.0,5.0,-1.0,True,103,2025-07-21T04:18:00-07:00,2025-07-21T06:00:00-07:00,1.7,PFMPSR_202507211118.txt,-1.0,1.0
2025-07-22,100.0,2025-07-22 13:51:00-07:00,25,0.875,0.0,False,,87.0,64.0,0.875,7.0,13.0,89.0,64.0,0.875,7.0,11.0,92.0,65.0,0.5,7.0,8.0,93.0,64.0,0.875,0.0,7.0,94.0,63.0,0.875,8.0,6.0,97.0,62.0,0.5,5.0,3.0,100.0,61.0,0.875,0.0,0.0,99.0,60.0,0.875,4.0,1.0,97.0,63.0,0.875,7.0,3.0,98.0,60.0,0.875,7.0,2.0,97.0,61.0,0.875,7.0,3.0,2025-07-22 13:51:00-07:00,13.85,0.75,1.0,0.6666666666666666,0.7467948717948718,351.0,231.0,351.0,0.75,180.0,0.5758547008547008,291.0,0.5758547008547008,291.0,8000.0,2025-07-22T08:51:00-07:00,2025-07-22T08:51:00-07:00,300.0,0.0,0.0,0.0,False,False,,,False,False,False,True,0.0,,30.0,0.0,False,,0.0,0.0,0.0,,65.0,True,5.0,2.0,6.0,-3.0,False,6,102.0,2:10 PM,,YESTERDAY,2025-07-23T01:29:00-07:00,CLIPHX_202507230829.txt,True,15.0,13.0,10.0,9.0,8.0,5.0,2.0,3.0,5.0,4.0,5.0,-2.0,True,99,2025-07-22T04:18:00-07:00,2025-07-22T06:00:00-07:00,1.7,PFMPSR_202507221118.txt,-3.0,3.0
2025-07-23,102.0,2025-07-23 14:51:00-07:00,24,0.875,0.0,False,20.0,87.0,49.0,0.25,0.0,15.0,88.0,55.0,0.25,3.0,14.0,92.0,50.0,0.25,5.0,10.0,97.0,44.0,0.25,10.0,5.0,98.0,37.0,0.25,10.0,4.0,98.0,38.0,0.25,4.0,4.0,100.0,37.0,0.25,3.0,2.0,102.0,36.0,0.25,13.0,0.0,102.0,34.0,0.25,13.0,0.0,101.0,32.0,0.25,7.0,1.0,102.0,29.0,0.25,10.0,0.0,2025-07-23 14:51:00-07:00,14.85,0.25,0.0,0.0,0.25,0.0,0.0,411.0,0.25,0.0,0.25,0.0,0.25,0.0,,,,,0.0,0.0,0.0,False,False,,,False,False,False,False,0.0,,180.0,20.0,False,,0.0,0.0,0.0,,55.0,True,5.0,6.0,2.0,2.0,False,4,104.0,4:21 PM,,YESTERDAY,2025-07-24T01:23:00-07:00,CLIPHX_202507240823.txt,True,17.0,16.0,12.0,7.0,6.0,6.0,4.0,2.0,2.0,3.0,2.0,-2.0,True,103,2025-07-23T04:19:00-07:00,2025-07-23T06:00:00-07:00,1.6833333333333331,PFMPSR_202507231119.txt,-1.0,1.0
2025-07-24,105.0,2025-07-24 14:51:00-07:00,24,0.5,0.0,False,16.0,86.0,38.0,0.25,6.0,19.0,90.0,36.0,0.25,6.0,15.0,95.0,35.0,0.0,5.0,10.0,97.0,33.0,0.25,3.0,8.0,101.0,30.0,0.25,3.0,4.0,100.0,29.0,0.25,3.0,5.0,104.0,27.0,0.25,11.0,1.0,105.0,27.0,0.5,10.0,0.0,105.0,27.0,0.25,7.0,0.0,104.0,28.0,0.25,3.0,1.0,103.0,28.0,0.25,9.0,2.0,2025-07-24 14:51:00-07:00,14.85,0.25,0.14285714285714285,0.0,0.21350364963503649,0.0,0.0,411.0,0.25,0.0,0.0,0.0,0.10948905109489052,0.0,,2025-07-24T14:51:00-07:00,,0.0,0.0,0.0,0.0,False,False,,,False,False,False,False,1.0,2025-07-24T12:51:00-07:00,160.0,16.0,False,,0.0,0.0,0.0,,36.0,False,9.0,6.0,3.0,1.0,False,4,106.0,4:22 PM,,YESTERDAY,2025-07-25T01:15:00-07:00,CLIPHX_202507250815.txt,True,20.0,16.0,11.0,9.0,5.0,6.0,2.0,1.0,1.0,2.0,3.0,-1.0,True,105,2025-07-24T04:18:00-07:00,2025-07-24T06:00:00-07:00,1.7,PFMPSR_202507241118.txt,-1.0,1.0
2025-07-25,109.0,2025-07-25 15:51:00-07:00,25,0.875,0.0,False,17.0,86.0,31.0,0.0,9.0,23.0,91.0,31.0,0.0,6.0,18.0,96.0,29.0,0.0,5.0,13.0,98.0,29.0,0.0,4.0,11.0,101.0,25.0,0.0,3.0,8.0,104.0,28.0,0.25,3.0,5.0,106.0,28.0,0.25,4.0,3.0,105.0,27.0,0.25,8.0,4.0,109.0,28.0,0.5,9.0,0.0,105.0,26.0,0.875,5.0,4.0,105.0,28.0,0.875,3.0,4.0,2025-07-25 15:51:00-07:00,15.85,0.16666666666666666,0.1111111111111111,0.0,0.09554140127388536,0.0,0.0,471.0,0.25,0.0,0.0,0.0,0.03184713375796178,0.0,,2025-07-25T15:51:00-07:00,,0.0,0.0,0.0,0.0,False,False,,,False,False,False,False,1.0,2025-07-25T14:53:00-07:00,90.0,17.0,False,,0.0,0.0,0.0,,31.0,False,10.0,5.0,5.0,3.0,False,3,109.0,3:57 PM,,YESTERDAY,2025-07-26T01:50:00-07:00,CLIPHX_202507260850.txt,True,23.0,18.0,13.0,11.0,8.0,5.0,3.0,4.0,0.0,4.0,4.0,0.0,True,108,2025-07-25T04:18:00-07:00,2025-07-25T06:00:00-07:00,1.7,PFMPSR_202507251118.txt,-1.0,1.0
2025-07-26,106.0,2025-07-26 15:51:00-07:00,26,0.875,0.0,False,18.0,86.0,31.0,0.25,6.0,20.0,91.0,28.0,0.25,3.0,15.0,95.0,24.0,0.25,0.0,11.0,97.0,22.0,0.25,3.0,9.0,99.0,23.0,0.25,3.0,7.0,102.0,25.0,0.25,3.0,4.0,103.0,24.0,0.5,0.0,3.0,104.0,24.0,0.5,5.0,2.0,106.0,27.0,0.5,6.0,0.0,105.0,29.0,0.25,0.0,1.0,105.0,32.0,0.25,5.0,1.0,2025-07-26 15:51:00-07:00,15.85,0.34375,0.375,0.0,0.31369426751592355,120.0,0.0,471.0,0.4166666666666667,120.0,0.06369426751592357,0.0,0.1910828025477707,120.0,,2025-07-26T13:51:00-07:00,,120.0,0.0,0.0,0.0,False,False,,,False,False,False,False,0.0,,0.0,0.0,False,,0.0,0.0,0.0,,28.0,False,9.0,4.0,4.0,3.0,False,5,107.0,4:36 PM,,YESTERDAY,2025-07-27T01:23:00-07:00,CLIPHX_202507270823.txt,True,21.0,16.0,12.0,10.0,8.0,5.0,4.0,3.0,1.0,2.0,2.0,-1.0,True,107,2025-07-26T04:18:00-07:00,2025-07-26T06:00:00-07:00,1.7,PFMPSR_202507261118.txt,0.0,0.0
2025-07-27,109.0,2025-07-27 15:51:00-07:00,24,0.5,0.0,False,,89.0,37.0,0.5,5.0,20.0,92.0,36.0,0.5,5.0,17.0,95.0,37.0,0.5,0.0,14.0,99.0,35.0,0.5,0.0,10.0,102.0,33.0,0.5,4.0,7.0,105.0,33.0,0.5,4.0,4.0,105.0,32.0,0.5,5.0,4.0,105.0,33.0,0.5,4.0,4.0,109.0,33.0,0.5,4.0,0.0,108.0,33.0,0.5,6.0,1.0,107.0,33.0,0.5,5.0,2.0,2025-07-27 15:51:00-07:00,15.85,0.5,1.0,0.0,0.5,471.0,0.0,471.0,0.5,180.0,0.03184713375796178,0.0,0.4729299363057325,420.0,,2025-07-27T08:51:00-07:00,,420.0,0.0,0.0,0.0,False,False,,,False,False,False,False,0.0,,150.0,0.0,False,,0.0,0.0,0.0,,37.0,False,6.0,7.0,3.0,4.0,False,3,110.0,3:50 PM,,YESTERDAY,2025-07-28T01:36:00-07:00,CLIPHX_202507280836.txt,True,21.0,18.0,15.0,11.0,8.0,5.0,5.0,5.0,1.0,2.0,3.0,-1.0,True,110,2025-07-27T04:18:00-07:00,2025-07-27T06:00:00-07:00,1.7,PFMPSR_202507271118.txt,0.0,0.0
2025-07-28,111.0,2025-07-28 14:51:00-07:00,24,0.25,0.0,False,,91.0,42.0,0.25,4.0,20.0,95.0,39.0,0.25,4.0,16.0,99.0,38.0,0.25,0.0,12.0,102.0,36.0,0.25,3.0,9.0,104.0,35.0,0.25,3.0,7.0,107.0,36.0,0.25,3.0,4.0,110.0,36.0,0.25,6.0,1.0,111.0,36.0,0.25,8.0,0.0,111.0,36.0,0.25,3.0,0.0,111.0,36.0,0.25,8.0,0.0,111.0,33.0,0.25,10.0,0.0,2025-07-28 14:51:00-07:00,14.85,0.25,0.0,0.0,0.25,0.0,0.0,411.0,0.25,0.0,0.177007299270073,0.0,0.25,0.0,,,,,0.0,0.0,0.0,False,False,,,False,False,False,True,0.0,,70.0,0.0,False,,0.0,0.0,0.0,,39.0,False,8.0,5.0,6.0,1.0,False,4,113.0,3:20 PM,,YESTERDAY,2025-07-29T01:22:00-07:00,CLIPHX_202507290822.txt,True,22.0,18.0,14.0,11.0,9.0,6.0,3.0,2.0,2.0,2.0,2.0,-2.0,True,112,2025-07-28T04:18:00-07:00,2025-07-28T06:00:00-07:00,1.7,PFMPSR_202507281118.txt,-1.0,1.0
2025-07-29,109.0,2025-07-29 14:51:00-07:00,24,0.25,0.0,False,21.0,93.0,54.0,0.0,6.0,16.0,96.0,50.0,0.0,4.0,13.0,99.0,53.0,0.0,6.0,10.0,100.0,49.0,0.0,4.0,9.0,103.0,48.0,0.25,3.0,6.0,104.0,45.0,0.25,0.0,5.0,106.0,42.0,0.25,0.0,3.0,109.0,41.0,0.25,7.0,0.0,108.0,38.0,0.25,11.0,1.0,109.0,39.0,0.25,5.0,0.0,108.0,41.0,0.25,13.0,1.0,2025-07-29 14:51:00-07:00,14.85,0.14285714285714285,0.0,0.0,0.10948905109489052,0.0,0.0,411.0,0.25,0.0,0.10948905109489052,0.0,0.10948905109489052,0.0,,,,,0.0,0.0,0.0,False,False,,,False,False,True,True,0.0,,150.0,0.0,False,,0.0,0.0,0.0,,53.0,True,6.0,4.0,3.0,2.0,False,4,110.0,4:58 PM,,YESTERDAY,2025-07-30T01:34:00-07:00,CLIPHX_202507300834.txt,True,17.0,14.0,11.0,10.0,7.0,6.0,4.0,1.0,2.0,1.0,2.0,-1.0,True,111,2025-07-29T04:18:00-07:00,2025-07-29T06:00:00-07:00,1.7,PFMPSR_202507291118.txt,1.0,1.0
2025-07-30,110.0,2025-07-30 15:51:00-07:00,25,0.25,0.0,False,26.0,93.0,46.0,0.0,5.0,17.0,96.0,48.0,0.0,7.0,14.0,97.0,49.0,0.0,6.0,13.0,99.0,50.0,0.25,4.0,11.0,104.0,51.0,0.25,5.0,6.0,105.0,48.0,0.25,4.0,5.0,109.0,47.0,0.25,5.0,1.0,109.0,47.0,0.25,4.0,1.0,110.0,47.0,0.25,10.0,0.0,109.0,44.0,0.25,12.0,1.0,109.0,41.0,0.25,17.0,1.0,2025-07-30 15:51:00-07:00,15.85,0.19444444444444445,0.0,0.0,0.1592356687898089,0.0,0.0,471.0,0.25,0.0,0.1592356687898089,0.0,0.1592356687898089,0.0,,,,,0.0,0.0,0.0,False,False,,,False,False,True,True,0.0,,80.0,0.0,False,,0.0,0.0,0.0,,51.0,True,4.0,7.0,5.0,1.0,False,3,111.0,3:04 PM,,YESTERDAY,2025-07-31T01:33:00-07:00,CLIPHX_202507310833.txt,True,18.0,15.0,14.0,12.0,7.0,6.0,2.0,2.0,1.0,2.0,2.0,-1.0,True,111,2025-07-30T04:42:00-07:00,2025-07-30T06:00:00-07:00,1.3,PFMPSR_202507301142.txt,0.0,0.0
2025-07-31,111.0,2025-07-31 15:51:00-07:00,25,0.875,0.0,False,20.0,94.0,58.0,0.25,6.0,17.0,96.0,57.0,0.25,5.0,15.0,98.0,56.0,0.25,0.0,13.0,102.0,53.0,0.25,4.0,9.0,106.0,51.0,0.25,4.0,5.0,106.0,51.0,0.25,6.0,5.0,106.0,52.0,0.25,0.0,5.0,109.0,52.0,0.5,7.0,2.0,111.0,51.0,0.5,12.0,0.0,109.0,52.0,0.5,8.0,2.0,108.0,55.0,0.5,6.0,3.0,2025-07-31 15:51:00-07:00,15.85,0.3125,0.25,0.0,0.2818471337579618,60.0,0.0,471.0,0.3333333333333333,60.0,0.25,0.0,0.25,0.0,,2025-07-31T14:51:00-07:00,,60.0,0.0,0.0,0.0,False,False,,,False,False,True,True,0.0,,150.0,16.0,False,,0.0,0.0,0.0,,57.0,True,4.0,8.0,0.0,5.0,True,4,111.0,3:52 PM,,YESTERDAY,2025-08-01T01:39:00-07:00,CLIPHX_202508010839.txt,True,17.0,15.0,13.0,9.0,5.0,5.0,5.0,2.0,0.0,2.0,3.0,0.0,True,111,2025-07-31T04:30:00-07:00,2025-07-31T06:00:00-07:00,1.5,PFMPSR_202507311130.txt,0.0,0.0
2025-08-01,112.0,2025-08-01 14:51:00-07:00,24,0.875,0.0,False,19.0,95.0,60.0,0.25,6.0,17.0,98.0,60.0,0.25,9.0,14.0,100.0,60.0,0.25,8.0,12.0,103.0,60.0,0.25,10.0,9.0,108.0,60.0,0.25,8.0,4.0,108.0,59.0,0.5,7.0,4.0,111.0,58.0,0.5,9.0,1.0,112.0,56.0,0.5,8.0,0.0,110.0,56.0,0.5,6.0,2.0,110.0,53.0,0.5,3.0,2.0,110.0,52.0,0.25,7.0,2.0,2025-08-01 14:51:00-07:00,14.85,0.35714285714285715,0.42857142857142855,0.0,0.32299270072992703,120.0,0.0,411.0,0.4166666666666667,120.0,0.32299270072992703,120.0,0.32299270072992703,120.0,,2025-08-01T12:51:00-07:00,,120.0,0.0,0.0,0.0,False,False,,,False,False,True,True,0.0,,90.0,17.0,False,,0.0,0.0,0.0,,60.0,True,5.0,8.0,3.0,-1.0,False,4,113.0,4:26 PM,,YESTERDAY,2025-08-02T01:51:00-07:00,CLIPHX_202508020851.txt,True,18.0,15.0,13.0,10.0,5.0,5.0,2.0,1.0,3.0,3.0,3.0,-1.0,True,112,2025-08-01T04:43:00-07:00,2025-08-01T06:00:00-07:00,1.2833333333333334,PFMPSR_202508011143.txt,-1.0,1.0
2025-08-02,114.0,2025-08-02 15:51:00-07:00,26,0.25,0.0,False,24.0,95.0,49.0,0.0,7.0,19.0,98.0,47.0,0.0,7.0,16.0,101.0,44.0,0.0,5.0,13.0,106.0,41.0,0.25,3.0,8.0,109.0,38.0,0.25,8.0,5.0,109.0,36.0,0.25,6.0,5.0,110.0,38.0,0.25,3.0,4.0,112.0,38.0,0.25,12.0,2.0,114.0,30.0,0.25,13.0,0.0,113.0,27.0,0.25,12.0,1.0,112.0,28.0,0.25,11.0,2.0,2025-08-02 15:51:00-07:00,15.85,0.2,0.0,0.0,0.1592356687898089,0.0,0.0,471.0,0.25,0.0,0.1592356687898089,0.0,0.1592356687898089,0.0,,,,,0.0,0.0,0.0,False,False,,,False,False,True,False,1.0,2025-08-02T13:55:00-07:00,160.0,21.0,False,,0.0,0.0,0.0,,47.0,False,6.0,8.0,1.0,4.0,False,3,114.0,5:04 PM,R,YESTERDAY,2025-08-03T01:48:00-07:00,CLIPHX_202508030848.txt,True,19.0,16.0,13.0,8.0,5.0,5.0,4.0,2.0,0.0,1.0,2.0,0.0,True,113,2025-08-02T04:18:00-07:00,2025-08-02T06:00:00-07:00,1.7,PFMPSR_202508021118.txt,-1.0,1.0
2025-08-03,112.0,2025-08-03 15:51:00-07:00,26,0.25,0.0,False,20.0,89.0,40.0,0.0,7.0,23.0,93.0,39.0,0.0,7.0,19.0,99.0,39.0,0.0,4.0,13.0,102.0,38.0,0.0,3.0,10.0,107.0,36.0,0.0,6.0,5.0,106.0,32.0,0.0,9.0,6.0,109.0,36.0,0.0,8.0,3.0,109.0,33.0,0.25,9.0,3.0,112.0,32.0,0.25,11.0,0.0,111.0,29.0,0.25,10.0,1.0,111.0,29.0,0.25,11.0,1.0,2025-08-03 15:51:00-07:00,15.85,0.05,0.0,0.0,0.03184713375796178,0.0,0.0,471.0,0.08333333333333333,0.0,0.0,0.0,0.0,0.0,,,,,0.0,0.0,0.0,False,False,,,False,False,False,False,1.0,2025-08-03T12:51:00-07:00,170.0,20.0,False,,0.0,0.0,0.0,,39.0,False,10.0,8.0,2.0,3.0,False,3,112.0,4:28 PM,,YESTERDAY,2025-08-04T01:18:00-07:00,CLIPHX_202508040818.txt,True,23.0,19.0,13.0,10.0,5.0,6.0,3.0,3.0,0.0,1.0,1.0,0.0,True,112,2025-08-03T04:18:00-07:00,2025-08-03T06:00:00-07:00,1.7,PFMPSR_202508031118.txt,0.0,0.0
2025-08-04,110.0,2025-08-04 15:51:00-07:00,24,0.25,0.0,False,,91.0,47.0,0.25,7.0,19.0,94.0,48.0,0.25,3.0,16.0,99.0,46.0,0.25,6.0,11.0,102.0,45.0,0.25,5.0,8.0,105.0,43.0,0.25,3.0,5.0,105.0,43.0,0.25,5.0,5.0,108.0,43.0,0.25,3.0,2.0,108.0,43.0,0.25,4.0,2.0,110.0,41.0,0.25,5.0,0.0,110.0,43.0,0.25,10.0,0.0,109.0,47.0,0.25,6.0,1.0,2025-08-04 15:51:00-07:00,15.85,0.25,0.0,0.0,0.25,0.0,0.0,471.0,0.25,0.0,0.03184713375796178,0.0,0.25,0.0,,,,,0.0,0.0,0.0,False,False,,,False,False,False,False,0.0,,170.0,0.0,False,,0.0,0.0,0.0,,48.0,False,8.0,6.0,3.0,2.0,False,3,112.0,4:23 PM,,YESTERDAY,2025-08-05T01:30:00-07:00,CLIPHX_202508050830.txt,True,21.0,18.0,13.0,10.0,7.0,7.0,4.0,4.0,2.0,2.0,3.0,-2.0,True,112,2025-08-04T04:33:00-07:00,2025-08-04T06:00:00-07:00,1.45,PFMPSR_202508041133.txt,0.0,0.0
2025-08-05,113.0,2025-08-05 16:51:00-07:00,24,0.875,0.0,False,17.0,96.0,48.0,0.25,6.0,17.0,100.0,47.0,0.25,3.0,13.0,102.0,50.0,0.25,4.0,11.0,105.0,47.0,0.25,0.0,8.0,107.0,43.0,0.25,6.0,6.0,111.0,46.0,0.25,7.0,2.0,110.0,44.0,0.25,3.0,3.0,110.0,44.0,0.5,4.0,3.0,111.0,42.0,0.875,5.0,2.0,113.0,44.0,0.875,10.0,0.0,111.0,44.0,0.875,8.0,2.0,2025-08-05 16:51:00-07:00,16.85,0.4166666666666667,0.3333333333333333,0.2222222222222222,0.3488700564971751,120.0,60.0,531.0,0.5416666666666666,120.0,0.14124293785310735,0.0,0.2782485875706215,60.0,25000.0,2025-08-05T14:51:00-07:00,2025-08-05T15:51:00-07:00,120.0,0.0,0.0,0.0,False,False,,,False,False,True,False,1.0,2025-08-05T13:51:00-07:00,110.0,17.0,False,,0.0,0.0,0.0,,50.0,True,6.0,5.0,3.0,1.0,False,2,114.0,5:09 PM,,YESTERDAY,2025-08-06T01:25:00-07:00,CLIPHX_202508060825.txt,True,18.0,14.0,12.0,9.0,7.0,3.0,4.0,4.0,3.0,1.0,3.0,-1.0,True,113,2025-08-05T04:38:00-07:00,2025-08-05T06:00:00-07:00,1.3666666666666667,PFMPSR_202508051138.txt,-1.0,1.0
2025-08-06,115.0,2025-08-06 16:51:00-07:00,24,0.875,0.0,False,27.0,97.0,51.0,0.5,7.0,18.0,100.0,50.0,0.25,6.0,15.0,104.0,49.0,0.25,3.0,11.0,106.0,48.0,0.25,5.0,9.0,111.0,47.0,0.25,6.0,4.0,111.0,46.0,0.25,7.0,4.0,114.0,47.0,0.25,8.0,1.0,113.0,48.0,0.875,10.0,2.0,114.0,48.0,0.875,10.0,1.0,115.0,47.0,0.875,11.0,0.0,114.0,46.0,0.5,13.0,1.0,2025-08-06 16:51:00-07:00,16.85,0.4583333333333333,0.3333333333333333,0.3333333333333333,0.4152542372881356,171.0,120.0,531.0,0.6666666666666666,120.0,0.19350282485875706,0.0,0.3488700564971751,120.0,19000.0,2025-08-06T14:51:00-07:00,2025-08-06T14:51:00-07:00,120.0,0.0,0.0,0.0,False,False,,,False,False,True,False,1.0,2025-08-06T14:51:00-07:00,130.0,27.0,False,,0.0,0.0,0.0,,50.0,True,7.0,7.0,3.0,0.0,False,2,116.0,4:21 PM,R,YESTERDAY,2025-08-07T01:28:00-07:00,CLIPHX_202508070828.txt,True,19.0,16.0,12.0,10.0,5.0,5.0,2.0,3.0,2.0,1.0,2.0,-1.0,True,116,2025-08-06T04:18:00-07:00,2025-08-06T06:00:00-07:00,1.7,PFMPSR_202508061118.txt,0.0,0.0
2025-08-07,118.0,2025-08-07 15:51:00-07:00,25,0.875,0.0,False,21.0,98.0,43.0,0.875,6.0,20.0,102.0,41.0,0.875,7.0,16.0,105.0,43.0,0.875,3.0,13.0,108.0,42.0,0.5,3.0,10.0,112.0,41.0,0.5,5.0,6.0,115.0,41.0,0.5,4.0,3.0,116.0,40.0,0.5,10.0,2.0,116.0,39.0,0.5,11.0,2.0,118.0,40.0,0.5,10.0,0.0,117.0,40.0,0.5,16.0,1.0,115.0,39.0,0.5,11.0,3.0,2025-08-07 15:51:00-07:00,15.85,0.59375,1.0,0.25,0.6361464968152867,471.0,171.0,471.0,0.5,180.0,0.09554140127388536,0.0,0.4609872611464968,231.0,20000.0,2025-08-07T08:51:00-07:00,2025-08-07T08:51:00-07:00,420.0,0.0,0.0,0.0,False,False,,,False,False,False,False,0.0,,40.0,18.0,False,,0.0,0.0,0.0,,43.0,False,7.0,7.0,4.0,2.0,False,4,118.0,4:02 PM,R,YESTERDAY,2025-08-08T01:28:00-07:00,CLIPHX_202508080828.txt,True,20.0,16.0,13.0,10.0,6.0,3.0,2.0,2.0,0.0,1.0,3.0,0.0,True,117,2025-08-07T04:18:00-07:00,2025-08-07T06:00:00-07:00,1.7,PFMPSR_202508071118.txt,-1.0,1.0
2025-08-08,114.0,2025-08-08 15:51:00-07:00,24,0.5,0.0,False,22.0,96.0,52.0,0.25,9.0,18.0,97.0,54.0,0.25,7.0,17.0,100.0,54.0,0.25,5.0,14.0,102.0,53.0,0.0,4.0,12.0,103.0,54.0,0.25,6.0,11.0,107.0,53.0,0.25,9.0,7.0,109.0,52.0,0.25,8.0,5.0,112.0,49.0,0.25,9.0,2.0,114.0,46.0,0.25,11.0,0.0,114.0,44.0,0.25,9.0,0.0,112.0,45.0,0.25,11.0,2.0,2025-08-08 15:51:00-07:00,15.85,0.21875,0.0,0.0,0.21815286624203822,0.0,0.0,471.0,0.25,0.0,0.21815286624203822,0.0,0.21815286624203822,0.0,,,,,0.0,0.0,0.0,False,False,,,False,False,False,False,0.0,,170.0,17.0,False,,0.0,0.0,0.0,,54.0,True,4.0,3.0,6.0,5.0,False,3,114.0,4:51 PM,,YESTERDAY,2025-08-09T01:36:00-07:00,CLIPHX_202508090836.txt,True,18.0,17.0,14.0,12.0,11.0,7.0,5.0,2.0,0.0,0.0,2.0,0.0,True,113,2025-08-08T04:18:00-07:00,2025-08-08T06:00:00-07:00,1.7,PFMPSR_202508081118.txt,-1.0,1.0
2025-08-09,110.0,2025-08-09 16:51:00-07:00,24,0.5,0.0,False,21.0,92.0,62.0,0.5,6.0,18.0,95.0,62.0,0.5,4.0,15.0,98.0,62.0,0.5,6.0,12.0,100.0,59.0,0.5,6.0,10.0,102.0,59.0,0.25,10.0,8.0,103.0,59.0,0.25,12.0,7.0,107.0,59.0,0.25,9.0,3.0,107.0,56.0,0.25,9.0,3.0,109.0,56.0,0.25,9.0,1.0,110.0,55.0,0.25,14.0,0.0,109.0,53.0,0.25,12.0,1.0,2025-08-09 16:51:00-07:00,16.85,0.3333333333333333,0.3333333333333333,0.0,0.3587570621468927,231.0,0.0,531.0,0.25,0.0,0.2740112994350282,51.0,0.3305084745762712,171.0,,2025-08-09T08:51:00-07:00,,480.0,0.0,0.0,0.0,False,False,,,False,False,True,True,0.0,,150.0,21.0,False,,0.0,0.0,0.0,,62.0,True,6.0,4.0,5.0,2.0,False,2,110.0,6:11 PM,,YESTERDAY,2025-08-10T01:12:00-07:00,CLIPHX_202508100812.txt,True,18.0,15.0,12.0,10.0,8.0,7.0,3.0,3.0,1.0,0.0,1.0,0.0,True,111,2025-08-09T05:46:00-07:00,2025-08-09T06:00:00-07:00,0.2333333333333333,PFMPSR_202508091246.txt,1.0,1.0
2025-08-10,108.0,2025-08-10 14:51:00-07:00,27,0.875,0.0,False,30.0,92.0,62.0,0.25,10.0,16.0,94.0,62.0,0.25,8.0,14.0,96.0,61.0,0.5,4.0,12.0,100.0,61.0,0.25,5.0,8.0,103.0,60.0,0.25,10.0,5.0,104.0,58.0,0.5,11.0,4.0,106.0,58.0,0.5,13.0,2.0,108.0,59.0,0.875,15.0,0.0,107.0,57.0,0.875,14.0,1.0,106.0,56.0,0.875,12.0,2.0,106.0,56.0,0.875,10.0,2.0,2025-08-10 14:51:00-07:00,14.85,0.44642857142857145,0.5714285714285714,0.14285714285714285,0.3594890510948905,180.0,0.0,411.0,0.4166666666666667,120.0,0.14051094890510948,0.0,0.177007299270073,0.0,25000.0,2025-08-10T09:51:00-07:00,2025-08-10T14:51:00-07:00,300.0,0.0,0.0,0.0,False,False,,,False,False,True,False,0.0,,110.0,29.0,False,,0.0,0.0,0.0,,62.0,True,4.0,7.0,3.0,1.0,False,4,108.0,3:25 PM,,YESTERDAY,2025-08-11T01:11:00-07:00,CLIPHX_202508110811.txt,True,16.0,14.0,12.0,8.0,5.0,4.0,2.0,0.0,1.0,2.0,2.0,0.0,True,110,2025-08-10T04:35:00-07:00,2025-08-10T06:00:00-07:00,1.4166666666666667,PFMPSR_202508101135.txt,2.0,2.0
2025-08-11,111.0,2025-08-11 15:51:00-07:00,24,0.5,0.0,False,24.0,95.0,60.0,0.5,7.0,16.0,97.0,59.0,0.25,6.0,14.0,101.0,59.0,0.25,4.0,10.0,100.0,58.0,0.25,0.0,11.0,104.0,57.0,0.25,4.0,7.0,105.0,54.0,0.25,5.0,6.0,110.0,55.0,0.25,12.0,1.0,109.0,54.0,0.25,13.0,2.0,111.0,54.0,0.25,8.0,0.0,111.0,49.0,0.5,15.0,0.0,110.0,49.0,0.5,11.0,1.0,2025-08-11 15:51:00-07:00,15.85,0.25,0.0,0.0,0.2770700636942675,51.0,0.0,471.0,0.25,0.0,0.18630573248407642,0.0,0.2770700636942675,51.0,,,,,0.0,0.0,0.0,False,False,,,False,False,True,False,1.0,2025-08-11T10:51:00-07:00,130.0,23.0,False,,0.0,0.0,0.0,,59.0,True,6.0,3.0,6.0,1.0,False,3,112.0,4:37 PM,,YESTERDAY,2025-08-12T01:32:00-07:00,CLIPHX_202508120832.txt,True,17.0,15.0,11.0,12.0,8.0,7.0,2.0,3.0,1.0,1.0,2.0,-1.0,True,110,2025-08-11T04:18:00-07:00,2025-08-11T06:00:00-07:00,1.7,PFMPSR_202508111118.txt,-2.0,2.0
2025-08-12,110.0,2025-08-12 16:51:00-07:00,24,0.875,0.0,False,22.0,93.0,59.0,0.25,4.0,17.0,96.0,59.0,0.25,6.0,14.0,97.0,58.0,0.0,4.0,13.0,100.0,57.0,0.0,5.0,10.0,102.0,56.0,0.0,4.0,8.0,104.0,55.0,0.25,8.0,6.0,108.0,55.0,0.25,5.0,2.0,109.0,54.0,0.25,5.0,1.0,109.0,53.0,0.25,12.0,1.0,110.0,50.0,0.25,16.0,0.0,110.0,50.0,0.5,11.0,0.0,2025-08-12 16:51:00-07:00,16.85,0.16666666666666666,0.0,0.0,0.1652542372881356,0.0,0.0,531.0,0.25,0.0,0.11299435028248588,0.0,0.1652542372881356,0.0,,,,,0.0,0.0,0.0,False,False,,,False,False,True,True,0.0,,140.0,22.0,False,,0.0,0.0,0.0,,59.0,True,4.0,5.0,6.0,1.0,False,2,112.0,3:42 PM,,YESTERDAY,2025-08-13T01:26:00-07:00,CLIPHX_202508130826.txt,True,19.0,16.0,15.0,12.0,10.0,8.0,4.0,3.0,3.0,2.0,2.0,-2.0,True,111,2025-08-12T04:18:00-07:00,2025-08-12T06:00:00-07:00,1.7,PFMPSR_202508121118.txt,-1.0,1.0
2025-08-13,108.0,2025-08-13 14:51:00-07:00,27,1.0,0.0,True,23.0,92.0,56.0,0.5,8.0,16.0,96.0,56.0,0.5,9.0,12.0,99.0,55.0,0.25,4.0,9.0,100.0,53.0,0.25,0.0,8.0,105.0,52.0,0.5,8.0,3.0,103.0,52.0,0.875,5.0,5.0,106.0,53.0,0.25,5.0,2.0,108.0,52.0,0.25,10.0,0.0,108.0,53.0,0.25,11.0,0.0,107.0,54.0,0.25,10.0,1.0,108.0,51.0,0.25,13.0,0.0,2025-08-13 14:51:00-07:00,14.85,0.4107142857142857,0.42857142857142855,0.14285714285714285,0.44525547445255476,231.0,60.0,411.0,0.5416666666666666,120.0,0.0,0.0,0.3175182481751825,111.0,27000.0,2025-08-13T08:51:00-07:00,2025-08-13T12:51:00-07:00,360.0,0.0,0.0,0.0,False,False,,,False,True,True,True,2.0,2025-08-13T12:51:00-07:00,170.0,16.0,True,2025-08-13T12:51:00-07:00,2.0,16.0,80.0,120.0,56.0,True,7.0,6.0,1.0,2.0,False,4,109.0,5:27 PM,,YESTERDAY,2025-08-14T01:27:00-07:00,CLIPHX_202508140827.txt,True,17.0,13.0,10.0,9.0,4.0,6.0,3.0,1.0,1.0,2.0,1.0,-1.0,True,110,2025-08-13T04:19:00-07:00,2025-08-13T06:00:00-07:00,1.6833333333333331,PFMPSR_202508131119.txt,1.0,1.0
2025-08-14,108.0,2025-08-14 15:51:00-07:00,28,0.875,0.0,True,25.0,91.0,58.0,0.875,6.0,17.0,92.0,58.0,0.875,4.0,16.0,96.0,58.0,0.5,6.0,12.0,98.0,56.0,0.5,5.0,10.0,100.0,55.0,0.5,5.0,8.0,103.0,54.0,0.5,7.0,5.0,106.0,56.0,0.5,9.0,2.0,105.0,56.0,0.5,6.0,3.0,108.0,56.0,0.5,8.0,0.0,107.0,55.0,0.5,5.0,1.0,106.0,53.0,0.5,8.0,2.0,2025-08-14 15:51:00-07:00,15.85,0.546875,1.0,0.125,0.5883757961783439,471.0,111.0,471.0,0.5,180.0,0.15445859872611464,0.0,0.35668789808917195,111.0,19000.0,2025-08-14T08:51:00-07:00,2025-08-14T08:51:00-07:00,420.0,0.0,0.0,0.0,False,False,,,False,True,True,True,1.0,2025-08-14T14:51:00-07:00,130.0,19.0,False,,0.0,0.0,0.0,,58.0,True,5.0,4.0,6.0,2.0,False,4,109.0,3:24 PM,,YESTERDAY,2025-08-15T01:23:00-07:00,CLIPHX_202508150823.txt,True,18.0,17.0,13.0,11.0,9.0,6.0,3.0,4.0,1.0,2.0,3.0,-1.0,True,108,2025-08-14T04:18:00-07:00,2025-08-14T06:00:00-07:00,1.7,PFMPSR_202508141118.txt,-1.0,1.0
2025-08-15,102.0,2025-08-15 14:51:00-07:00,27,1.0,0.0,True,23.0,82.0,63.0,0.5,4.0,20.0,86.0,63.0,0.5,4.0,16.0,88.0,63.0,0.5,9.0,14.0,94.0,61.0,0.5,10.0,8.0,96.0,61.0,0.5,10.0,6.0,99.0,57.0,0.5,7.0,3.0,100.0,56.0,0.5,7.0,2.0,102.0,57.0,0.25,3.0,0.0,102.0,58.0,0.5,4.0,0.0,100.0,58.0,0.5,4.0,2.0,100.0,58.0,0.875,9.0,2.0,2025-08-15 14:51:00-07:00,14.85,0.4642857142857143,0.8571428571428571,0.0,0.5,411.0,0.0,411.0,0.5,180.0,0.145985401459854,60.0,0.42700729927007297,291.0,,2025-08-15T08:51:00-07:00,,360.0,0.0,0.0,0.0,False,False,,,True,False,True,True,0.0,,50.0,17.0,False,,0.0,0.0,0.0,,63.0,True,6.0,8.0,4.0,2.0,False,4,104.0,2:43 PM,,YESTERDAY,2025-08-16T01:27:00-07:00,CLIPHX_202508160827.txt,True,22.0,18.0,16.0,10.0,8.0,5.0,4.0,2.0,2.0,4.0,4.0,-2.0,True,104,2025-08-15T04:21:00-07:00,2025-08-15T06:00:00-07:00,1.65,PFMPSR_202508151121.txt,0.0,0.0
2025-08-16,104.0,2025-08-16 15:51:00-07:00,24,0.5,0.0,False,21.0,86.0,63.0,0.25,4.0,18.0,88.0,63.0,0.25,10.0,16.0,93.0,65.0,0.25,11.0,11.0,96.0,65.0,0.0,12.0,8.0,100.0,63.0,0.25,10.0,4.0,99.0,61.0,0.25,8.0,5.0,102.0,58.0,0.5,10.0,2.0,102.0,56.0,0.25,4.0,2.0,104.0,56.0,0.5,7.0,0.0,103.0,54.0,0.25,4.0,1.0,102.0,52.0,0.25,6.0,2.0,2025-08-16 15:51:00-07:00,15.85,0.28125,0.25,0.0,0.25,60.0,0.0,471.0,0.3333333333333333,60.0,0.12738853503184713,0.0,0.25,60.0,,2025-08-16T13:51:00-07:00,,120.0,0.0,0.0,0.0,False,False,,,False,False,True,True,1.0,2025-08-16T12:51:00-07:00,40.0,21.0,False,,0.0,0.0,0.0,,65.0,True,7.0,7.0,2.0,2.0,False,3,106.0,2:42 PM,,YESTERDAY,2025-08-17T01:32:00-07:00,CLIPHX_202508170832.txt,True,20.0,18.0,13.0,10.0,6.0,7.0,4.0,4.0,2.0,3.0,4.0,-2.0,True,103,2025-08-16T04:00:00-07:00,2025-08-16T06:00:00-07:00,2.0,PFMPSR_202508161100.txt,-3.0,3.0
2025-08-17,103.0,2025-08-17 16:51:00-07:00,24,0.5,0.0,False,17.0,89.0,41.0,0.25,4.0,14.0,91.0,41.0,0.25,5.0,12.0,94.0,41.0,0.0,0.0,9.0,96.0,40.0,0.25,0.0,7.0,98.0,40.0,0.25,4.0,5.0,101.0,40.0,0.25,7.0,2.0,100.0,42.0,0.25,5.0,3.0,101.0,44.0,0.25,3.0,2.0,102.0,44.0,0.25,8.0,1.0,103.0,42.0,0.25,6.0,0.0,103.0,41.0,0.25,9.0,0.0,2025-08-17 16:51:00-07:00,16.85,0.2222222222222222,0.0,0.0,0.22175141242937854,0.0,0.0,531.0,0.25,0.0,0.1694915254237288,0.0,0.22175141242937854,0.0,,,,,0.0,0.0,0.0,False,False,,,False,False,True,False,1.0,2025-08-17T13:51:00-07:00,150.0,17.0,False,,0.0,0.0,0.0,,44.0,False,5.0,4.0,2.0,2.0,False,2,105.0,5:05 PM,,YESTERDAY,2025-08-18T01:20:00-07:00,CLIPHX_202508180820.txt,True,16.0,14.0,11.0,9.0,7.0,4.0,5.0,4.0,3.0,2.0,2.0,-2.0,True,105,2025-08-17T04:00:00-07:00,2025-08-17T06:00:00-07:00,2.0,PFMPSR_202508171100.txt,0.0,0.0
2025-08-18,107.0,2025-08-18 14:51:00-07:00,24,0.875,0.0,False,23.0,88.0,48.0,0.5,4.0,19.0,91.0,39.0,0.5,5.0,16.0,96.0,33.0,0.5,12.0,11.0,101.0,31.0,0.5,10.0,6.0,100.0,35.0,0.5,8.0,7.0,102.0,38.0,0.5,7.0,5.0,103.0,42.0,0.5,4.0,4.0,107.0,46.0,0.875,8.0,0.0,107.0,44.0,0.875,11.0,0.0,105.0,45.0,0.875,14.0,2.0,105.0,44.0,0.5,14.0,2.0,2025-08-18 14:51:00-07:00,14.85,0.5535714285714286,1.0,0.14285714285714285,0.5,411.0,0.0,411.0,0.5,180.0,0.25,0.0,0.25,0.0,25000.0,2025-08-18T08:51:00-07:00,2025-08-18T14:51:00-07:00,360.0,0.0,0.0,0.0,False,False,,,False,False,False,False,1.0,2025-08-18T11:51:00-07:00,50.0,18.0,False,,0.0,0.0,0.0,,46.0,False,8.0,4.0,3.0,4.0,False,4,107.0,3:53 PM,,YESTERDAY,2025-08-19T01:28:00-07:00,CLIPHX_202508190828.txt,True,19.0,16.0,11.0,6.0,7.0,5.0,4.0,0.0,0.0,2.0,2.0,0.0,True,107,2025-08-18T04:00:00-07:00,2025-08-18T06:00:00-07:00,2.0,PFMPSR_202508181100.txt,0.0,0.0
2025-08-19,107.0,2025-08-19 13:51:00-07:00,24,0.875,0.0,False,18.0,88.0,50.0,0.875,4.0,19.0,91.0,50.0,0.875,0.0,16.0,92.0,50.0,0.875,4.0,15.0,96.0,50.0,0.875,3.0,11.0,100.0,47.0,0.875,5.0,7.0,102.0,45.0,0.5,7.0,5.0,107.0,43.0,0.25,10.0,0.0,106.0,42.0,0.875,10.0,1.0,107.0,44.0,0.875,9.0,0.0,107.0,44.0,0.875,10.0,0.0,106.0,45.0,0.875,6.0,1.0,2025-08-19 13:51:00-07:00,13.85,0.7083333333333334,0.8333333333333334,0.6666666666666666,0.8108974358974359,351.0,291.0,351.0,0.75,180.0,0.042735042735042736,0.0,0.7681623931623932,291.0,16000.0,2025-08-19T08:51:00-07:00,2025-08-19T08:51:00-07:00,300.0,0.0,0.0,0.0,False,False,,,False,False,False,True,0.0,,30.0,0.0,False,,0.0,0.0,0.0,,50.0,True,4.0,8.0,7.0,0.0,False,5,108.0,4:46 PM,,YESTERDAY,2025-08-20T01:14:00-07:00,CLIPHX_202508200814.txt,True,20.0,17.0,16.0,12.0,8.0,6.0,1.0,2.0,1.0,1.0,2.0,-1.0,True,109,2025-08-19T04:05:00-07:00,2025-08-19T06:00:00-07:00,1.9166666666666667,PFMPSR_202508191105.txt,1.0,1.0
2025-08-20,111.0,2025-08-20 17:51:00-07:00,25,0.875,0.0,False,23.0,94.0,48.0,0.5,6.0,17.0,98.0,47.0,0.5,5.0,13.0,102.0,48.0,0.25,4.0,9.0,104.0,54.0,0.25,4.0,7.0,107.0,54.0,0.25,4.0,4.0,108.0,53.0,0.5,3.0,3.0,110.0,51.0,0.5,5.0,1.0,110.0,51.0,0.5,0.0,1.0,110.0,51.0,0.5,0.0,1.0,110.0,51.0,0.5,0.0,1.0,111.0,51.0,0.5,5.0,0.0,2025-08-20 17:51:00-07:00,17.85,0.425,0.7,0.0,0.42385786802030456,411.0,0.0,591.0,0.5,180.0,0.22461928934010153,60.0,0.3477157360406091,231.0,,2025-08-20T08:51:00-07:00,,540.0,0.0,0.0,0.0,False,False,,,False,False,True,True,0.0,,170.0,0.0,False,,0.0,0.0,0.0,,54.0,True,8.0,5.0,3.0,0.0,False,1,112.0,5:23 PM,,YESTERDAY,2025-08-21T01:18:00-07:00,CLIPHX_202508210818.txt,True,18.0,14.0,10.0,8.0,5.0,4.0,2.0,2.0,2.0,2.0,1.0,-1.0,True,111,2025-08-20T04:00:00-07:00,2025-08-20T06:00:00-07:00,2.0,PFMPSR_202508201100.txt,-1.0,1.0
2025-08-21,112.0,2025-08-21 13:51:00-07:00,29,1.0,0.04,True,49.0,96.0,64.0,0.875,7.0,16.0,100.0,63.0,0.25,5.0,12.0,104.0,62.0,0.0,8.0,8.0,106.0,60.0,0.0,6.0,6.0,107.0,59.0,0.25,5.0,5.0,109.0,60.0,0.25,7.0,3.0,112.0,59.0,0.25,7.0,0.0,111.0,59.0,0.25,5.0,1.0,111.0,57.0,0.25,4.0,1.0,112.0,56.0,0.5,8.0,0.0,111.0,54.0,0.5,6.0,1.0,2025-08-21 13:51:00-07:00,13.85,0.16666666666666666,0.0,0.0,0.2553418803418803,51.0,51.0,351.0,0.16666666666666666,0.0,0.08547008547008547,0.0,0.08547008547008547,0.0,,,,,0.04,0.0,0.04,False,True,2025-08-21T20:51:00-07:00,,False,True,True,True,0.0,,50.0,0.0,False,,0.0,0.0,0.0,,63.0,True,8.0,3.0,5.0,-1.0,False,5,114.0,3:15 PM,R,YESTERDAY,2025-08-22T01:33:00-07:00,CLIPHX_202508220833.txt,True,18.0,14.0,10.0,8.0,7.0,5.0,2.0,3.0,3.0,2.0,3.0,-2.0,True,113,2025-08-21T04:26:00-07:00,2025-08-21T06:00:00-07:00,1.5666666666666669,PFMPSR_202508211126.txt,-1.0,1.0
2025-08-22,110.0,2025-08-22 14:51:00-07:00,24,1.0,0.0,False,22.0,95.0,64.0,0.875,0.0,15.0,99.0,63.0,0.875,3.0,11.0,99.0,61.0,0.875,4.0,11.0,102.0,61.0,0.875,6.0,8.0,105.0,59.0,0.5,7.0,5.0,106.0,59.0,0.5,8.0,4.0,107.0,56.0,0.5,0.0,3.0,110.0,57.0,0.25,4.0,0.0,109.0,54.0,0.25,0.0,1.0,110.0,54.0,0.5,4.0,0.0,110.0,53.0,0.875,5.0,0.0,2025-08-22 14:51:00-07:00,14.85,0.625,0.8571428571428571,0.42857142857142855,0.7107664233576643,411.0,231.0,411.0,0.5,180.0,0.25,0.0,0.6012773722627737,231.0,17000.0,2025-08-22T08:51:00-07:00,2025-08-22T08:51:00-07:00,360.0,0.0,0.0,0.0,False,False,,,False,False,True,True,0.0,,20.0,0.0,False,,0.0,0.0,0.0,,63.0,True,4.0,6.0,2.0,2.0,False,4,112.0,3:46 PM,,YESTERDAY,2025-08-23T01:27:00-07:00,CLIPHX_202508230827.txt,True,17.0,13.0,13.0,10.0,7.0,6.0,5.0,2.0,3.0,2.0,2.0,-2.0,True,111,2025-08-22T04:00:00-07:00,2025-08-22T06:00:00-07:00,2.0,PFMPSR_202508221100.txt,-1.0,1.0
2025-08-23,109.0,2025-08-23 14:51:00-07:00,25,0.875,0.0,False,20.0,93.0,65.0,0.875,8.0,16.0,94.0,65.0,0.875,5.0,15.0,97.0,65.0,0.5,3.0,12.0,101.0,63.0,0.5,8.0,8.0,101.0,63.0,0.5,0.0,8.0,103.0,62.0,0.5,9.0,6.0,104.0,61.0,0.5,0.0,5.0,109.0,60.0,0.25,6.0,0.0,108.0,59.0,0.5,3.0,1.0,108.0,56.0,0.5,6.0,1.0,108.0,56.0,0.5,5.0,1.0,2025-08-23 14:51:00-07:00,14.85,0.515625,0.875,0.125,0.6012773722627737,411.0,111.0,411.0,0.5,180.0,0.3175182481751825,111.0,0.43704379562043794,231.0,25000.0,2025-08-23T08:51:00-07:00,2025-08-23T08:51:00-07:00,360.0,0.0,0.0,0.0,False,False,,,False,False,True,True,0.0,,60.0,14.0,False,,0.0,0.0,0.0,,65.0,True,4.0,4.0,3.0,4.0,False,4,110.0,4:31 PM,,YESTERDAY,2025-08-24T01:20:00-07:00,CLIPHX_202508240820.txt,True,17.0,16.0,13.0,9.0,9.0,7.0,6.0,1.0,2.0,2.0,2.0,-1.0,True,110,2025-08-23T04:00:00-07:00,2025-08-23T06:00:00-07:00,2.0,PFMPSR_202508231100.txt,0.0,0.0
2025-08-24,110.0,2025-08-24 16:51:00-07:00,24,1.0,0.0,False,40.0,93.0,64.0,0.5,4.0,17.0,96.0,64.0,0.25,5.0,14.0,98.0,65.0,0.25,5.0,12.0,100.0,64.0,0.25,5.0,10.0,102.0,63.0,0.5,5.0,8.0,105.0,63.0,0.5,3.0,5.0,106.0,62.0,0.5,4.0,4.0,107.0,61.0,0.5,4.0,3.0,107.0,61.0,0.5,0.0,3.0,110.0,59.0,0.875,7.0,0.0,107.0,56.0,0.875,7.0,3.0,2025-08-24 16:51:00-07:00,16.85,0.4583333333333333,0.6666666666666666,0.1111111111111111,0.4152542372881356,351.0,0.0,531.0,0.5,180.0,0.1652542372881356,0.0,0.3870056497175141,291.0,25000.0,2025-08-24T11:51:00-07:00,2025-08-24T16:51:00-07:00,300.0,0.0,0.0,0.0,False,False,,,False,False,True,True,0.0,,150.0,0.0,False,,0.0,0.0,0.0,,65.0,True,5.0,4.0,4.0,1.0,False,2,111.0,4:03 PM,,YESTERDAY,2025-08-25T01:44:00-07:00,CLIPHX_202508250844.txt,True,18.0,15.0,13.0,11.0,9.0,6.0,5.0,4.0,4.0,1.0,4.0,-1.0,True,111,2025-08-24T04:20:00-07:00,2025-08-24T06:00:00-07:00,1.6666666666666667,PFMPSR_202508241120.txt,0.0,0.0
2025-08-25,103.0,2025-08-25 15:51:00-07:00,40,1.0,0.9400000000000001,True,61.0,88.0,63.0,0.875,13.0,15.0,90.0,63.0,0.875,8.0,13.0,93.0,62.0,0.875,7.0,10.0,96.0,60.0,0.875,12.0,7.0,99.0,60.0,0.875,14.0,4.0,100.0,59.0,0.875,12.0,3.0,102.0,58.0,0.875,10.0,1.0,102.0,60.0,0.5,14.0,1.0,103.0,58.0,0.875,12.0,0.0,101.0,58.0,0.875,11.0,2.0,76.0,73.0,1.0,32.0,27.0,2025-08-25 15:51:00-07:00,15.85,0.8333333333333334,1.0,0.8888888888888888,0.8272292993630573,471.0,411.0,471.0,0.75,180.0,0.3089171974522293,111.0,0.5636942675159236,411.0,15000.0,2025-08-25T08:51:00-07:00,2025-08-25T08:51:00-07:00,420.0,0.31000000000000005,0.01,0.30000000000000004,True,True,2025-08-25T06:13:00-07:00,578.0,True,True,True,True,0.0,,30.0,34.0,False,,0.0,0.0,0.0,,63.0,True,5.0,6.0,3.0,1.0,False,12,103.0,3:52 PM,,YESTERDAY,2025-08-26T01:40:00-07:00,CLIPHX_202508260840.txt,True,15.0,13.0,10.0,7.0,4.0,3.0,1.0,1.0,0.0,2.0,27.0,0.0,True,104,2025-08-25T04:00:00-07:00,2025-08-25T06:00:00-07:00,2.0,PFMPSR_202508251100.txt,1.0,1.0
2025-08-26,96.0,2025-08-26 15:51:00-07:00,27,0.875,0.0,True,35.0,81.0,71.0,0.875,3.0,15.0,82.0,70.0,0.875,0.0,14.0,87.0,69.0,0.5,0.0,9.0,88.0,67.0,0.5,0.0,8.0,89.0,65.0,0.5,4.0,7.0,93.0,67.0,0.5,7.0,3.0,94.0,66.0,0.5,3.0,2.0,95.0,65.0,0.5,5.0,1.0,96.0,64.0,0.5,6.0,0.0,96.0,61.0,0.5,9.0,0.0,96.0,59.0,0.5,4.0,0.0,2025-08-26 15:51:00-07:00,15.85,0.546875,1.0,0.125,0.5883757961783439,471.0,111.0,471.0,0.5,180.0,0.25477707006369427,120.0,0.5883757961783439,471.0,19000.0,2025-08-26T08:51:00-07:00,2025-08-26T08:51:00-07:00,420.0,0.0,0.0,0.0,False,False,,,False,True,True,True,0.0,,170.0,0.0,False,,0.0,0.0,0.0,,70.0,True,6.0,2.0,5.0,2.0,False,3,97.0,5:31 PM,,YESTERDAY,2025-08-27T01:31:00-07:00,CLIPHX_202508270831.txt,True,16.0,15.0,10.0,9.0,8.0,4.0,3.0,2.0,1.0,1.0,1.0,-1.0,True,99,2025-08-26T04:00:00-07:00,2025-08-26T06:00:00-07:00,2.0,PFMPSR_202508261100.txt,2.0,2.0
2025-08-27,100.0,2025-08-27 14:51:00-07:00,24,0.875,0.0,False,16.0,86.0,65.0,0.25,5.0,14.0,88.0,65.0,0.5,3.0,12.0,89.0,63.0,0.875,0.0,11.0,90.0,64.0,0.5,4.0,10.0,95.0,65.0,0.5,5.0,5.0,95.0,64.0,0.5,8.0,5.0,97.0,61.0,0.5,5.0,3.0,100.0,60.0,0.5,9.0,0.0,100.0,59.0,0.5,6.0,0.0,100.0,55.0,0.5,7.0,0.0,99.0,50.0,0.875,3.0,1.0,2025-08-27 14:51:00-07:00,14.85,0.5535714285714286,1.0,0.14285714285714285,0.5237226277372263,360.0,60.0,411.0,0.5,180.0,0.25,0.0,0.25,0.0,27000.0,2025-08-27T08:51:00-07:00,2025-08-27T09:51:00-07:00,360.0,0.0,0.0,0.0,False,False,,,False,False,True,True,0.0,,80.0,16.0,False,,0.0,0.0,0.0,,65.0,True,3.0,6.0,2.0,3.0,False,4,102.0,3:05 PM,,YESTERDAY,2025-08-28T01:29:00-07:00,CLIPHX_202508280829.txt,True,16.0,14.0,13.0,12.0,7.0,7.0,5.0,2.0,2.0,2.0,3.0,-2.0,True,101,2025-08-27T04:00:00-07:00,2025-08-27T06:00:00-07:00,2.0,PFMPSR_202508271100.txt,-1.0,1.0
2025-08-28,105.0,2025-08-28 14:51:00-07:00,24,0.875,0.0,False,19.0,89.0,63.0,0.875,4.0,16.0,92.0,63.0,0.875,5.0,13.0,95.0,60.0,0.875,5.0,10.0,98.0,58.0,0.875,7.0,7.0,98.0,57.0,0.875,5.0,7.0,101.0,56.0,0.875,6.0,4.0,101.0,53.0,0.875,3.0,4.0,105.0,53.0,0.875,9.0,0.0,103.0,49.0,0.875,5.0,2.0,104.0,50.0,0.875,5.0,1.0,103.0,52.0,0.875,6.0,2.0,2025-08-28 14:51:00-07:00,14.85,0.875,1.0,1.0,0.875,411.0,411.0,411.0,0.875,180.0,0.25,0.0,0.4552919708029197,171.0,14000.0,2025-08-28T08:51:00-07:00,2025-08-28T08:51:00-07:00,360.0,0.0,0.0,0.0,False,False,,,False,False,False,False,0.0,,70.0,0.0,False,,0.0,0.0,0.0,,63.0,True,6.0,3.0,3.0,2.0,False,4,105.0,2:52 PM,,YESTERDAY,2025-08-29T01:20:00-07:00,CLIPHX_202508290820.txt,True,16.0,13.0,10.0,7.0,7.0,4.0,4.0,0.0,2.0,1.0,2.0,0.0,True,104,2025-08-28T04:00:00-07:00,2025-08-28T06:00:00-07:00,2.0,PFMPSR_202508281100.txt,-1.0,1.0
2025-08-29,101.0,2025-08-29 14:51:00-07:00,25,0.875,0.01,True,17.0,83.0,65.0,0.5,12.0,18.0,87.0,64.0,0.5,9.0,14.0,90.0,63.0,0.5,6.0,11.0,91.0,61.0,0.25,0.0,10.0,95.0,60.0,0.25,0.0,6.0,97.0,58.0,0.25,8.0,4.0,99.0,58.0,0.25,11.0,2.0,101.0,58.0,0.25,5.0,0.0,100.0,57.0,0.25,5.0,1.0,100.0,56.0,0.25,6.0,1.0,100.0,55.0,0.25,11.0,1.0,2025-08-29 14:51:00-07:00,14.85,0.32142857142857145,0.2857142857142857,0.0,0.354014598540146,171.0,0.0,411.0,0.25,0.0,0.25,0.0,0.28102189781021897,51.0,,2025-08-29T08:51:00-07:00,,360.0,0.01,0.01,0.0,True,False,2025-08-29T03:51:00-07:00,660.0,True,False,True,False,0.0,,150.0,0.0,False,,0.0,0.0,0.0,,64.0,True,7.0,5.0,4.0,1.0,False,4,102.0,5:05 PM,,YESTERDAY,2025-08-30T01:33:00-07:00,CLIPHX_202508300833.txt,True,19.0,15.0,12.0,11.0,7.0,5.0,3.0,1.0,2.0,2.0,2.0,-1.0,True,104,2025-08-29T05:01:00-07:00,2025-08-29T06:00:00-07:00,0.9833333333333332,PFMPSR_202508291201.txt,2.0,2.0
2025-08-30,106.0,2025-08-30 15:51:00-07:00,25,0.5,0.0,False,18.0,89.0,55.0,0.25,3.0,17.0,92.0,55.0,0.25,3.0,14.0,95.0,55.0,0.25,4.0,11.0,97.0,55.0,0.25,5.0,9.0,99.0,54.0,0.25,5.0,7.0,101.0,54.0,0.25,5.0,5.0,102.0,54.0,0.25,3.0,4.0,103.0,50.0,0.25,6.0,3.0,105.0,48.0,0.25,12.0,1.0,104.0,45.0,0.25,12.0,2.0,103.0,44.0,0.25,14.0,3.0,2025-08-30 15:51:00-07:00,15.85,0.25,0.0,0.0,0.25,0.0,0.0,471.0,0.25,0.0,0.1910828025477707,0.0,0.21815286624203822,0.0,,,,,0.0,0.0,0.0,False,False,,,False,False,False,False,0.0,,90.0,17.0,False,,0.0,0.0,0.0,,55.0,True,6.0,4.0,3.0,3.0,False,4,107.0,3:45 PM,,YESTERDAY,2025-08-31T01:24:00-07:00,CLIPHX_202508310824.txt,True,18.0,15.0,12.0,10.0,8.0,6.0,5.0,4.0,2.0,3.0,4.0,-1.0,True,106,2025-08-30T04:00:00-07:00,2025-08-30T06:00:00-07:00,2.0,PFMPSR_202508301100.txt,-1.0,1.0
2025-08-31,107.0,2025-08-31 15:51:00-07:00,24,0.5,0.0,False,28.0,89.0,52.0,0.25,7.0,18.0,92.0,50.0,0.25,5.0,15.0,97.0,48.0,0.25,5.0,10.0,100.0,47.0,0.25,0.0,7.0,101.0,46.0,0.25,5.0,6.0,104.0,46.0,0.25,5.0,3.0,106.0,45.0,0.25,4.0,1.0,106.0,43.0,0.25,3.0,1.0,107.0,44.0,0.25,7.0,0.0,107.0,43.0,0.25,4.0,0.0,107.0,45.0,0.25,9.0,0.0,2025-08-31 15:51:00-07:00,15.85,0.25,0.0,0.0,0.25,0.0,0.0,471.0,0.25,0.0,0.1592356687898089,0.0,0.25,0.0,,,,,0.0,0.0,0.0,False,False,,,False,False,False,False,0.0,,160.0,14.0,False,,0.0,0.0,0.0,,50.0,True,8.0,4.0,5.0,1.0,False,3,109.0,4:02 PM,,YESTERDAY,2025-09-01T01:16:00-07:00,CLIPHX_202509010816.txt,True,20.0,17.0,12.0,9.0,8.0,5.0,3.0,3.0,2.0,2.0,2.0,-2.0,True,109,2025-08-31T04:00:00-07:00,2025-08-31T06:00:00-07:00,2.0,PFMPSR_202508311100.txt,0.0,0.0
2025-09-01,106.0,2025-09-01 13:51:00-07:00,30,1.0,0.0,True,45.0,90.0,55.0,0.875,8.0,16.0,92.0,55.0,0.875,7.0,14.0,96.0,54.0,0.875,10.0,10.0,99.0,54.0,0.875,8.0,7.0,100.0,54.0,0.875,5.0,6.0,103.0,56.0,0.875,4.0,3.0,106.0,56.0,0.875,5.0,0.0,106.0,56.0,0.875,4.0,0.0,105.0,55.0,0.875,3.0,1.0,105.0,55.0,0.875,4.0,1.0,97.0,56.0,0.875,25.0,9.0,2025-09-01 13:51:00-07:00,13.85,0.875,1.0,1.0,0.875,351.0,351.0,351.0,0.875,180.0,0.20085470085470086,51.0,0.20085470085470086,51.0,25000.0,2025-09-01T08:51:00-07:00,2025-09-01T08:51:00-07:00,300.0,0.0,0.0,0.0,False,False,,,False,True,True,True,0.0,,40.0,0.0,False,,0.0,0.0,0.0,,56.0,True,6.0,4.0,6.0,-1.0,False,10,107.0,4:32 PM,,YESTERDAY,2025-09-02T01:49:00-07:00,CLIPHX_202509020849.txt,True,17.0,15.0,11.0,8.0,7.0,4.0,1.0,1.0,2.0,2.0,10.0,-1.0,True,107,2025-09-01T04:00:00-07:00,2025-09-01T06:00:00-07:00,2.0,PFMPSR_202509011100.txt,0.0,0.0
2025-09-02,108.0,2025-09-02 13:51:00-07:00,24,1.0,0.0,False,23.0,92.0,59.0,0.875,9.0,16.0,97.0,58.0,0.875,9.0,11.0,101.0,56.0,0.875,17.0,7.0,102.0,57.0,0.875,9.0,6.0,101.0,57.0,0.875,10.0,7.0,105.0,53.0,0.875,9.0,3.0,108.0,52.0,0.875,7.0,0.0,107.0,53.0,0.875,6.0,1.0,107.0,55.0,0.875,9.0,1.0,104.0,53.0,1.0,10.0,4.0,97.0,60.0,1.0,15.0,11.0,2025-09-02 13:51:00-07:00,13.85,0.875,1.0,1.0,0.875,351.0,351.0,351.0,0.875,180.0,0.12179487179487179,0.0,0.8108974358974359,351.0,20000.0,2025-09-02T08:51:00-07:00,2025-09-02T08:51:00-07:00,300.0,0.0,0.0,0.0,False,False,,,False,False,True,True,1.0,2025-09-02T11:51:00-07:00,40.0,23.0,False,,0.0,0.0,0.0,,58.0,True,9.0,0.0,7.0,-1.0,True,5,109.0,3:08 PM,,YESTERDAY,2025-09-03T01:32:00-07:00,CLIPHX_202509030832.txt,True,17.0,12.0,8.0,7.0,8.0,4.0,1.0,2.0,2.0,5.0,12.0,-1.0,True,108,2025-09-02T04:00:00-07:00,2025-09-02T06:00:00-07:00,2.0,PFMPSR_202509021100.txt,-1.0,1.0
2025-09-03,104.0,2025-09-03 15:51:00-07:00,35,1.0,0.03,True,34.0,85.0,65.0,0.875,7.0,19.0,88.0,64.0,0.875,3.0,16.0,93.0,63.0,0.875,4.0,11.0,95.0,60.0,0.875,4.0,9.0,99.0,60.0,0.875,5.0,5.0,99.0,59.0,0.875,4.0,5.0,101.0,58.0,0.5,0.0,3.0,102.0,57.0,0.5,3.0,2.0,104.0,53.0,0.5,8.0,0.0,104.0,52.0,0.5,9.0,0.0,102.0,52.0,0.875,4.0,2.0,2025-09-03 15:51:00-07:00,15.85,0.734375,1.0,0.625,0.7794585987261147,471.0,351.0,471.0,0.625,180.0,0.06369426751592357,0.0,0.6679936305732485,351.0,17000.0,2025-09-03T08:51:00-07:00,2025-09-03T08:51:00-07:00,420.0,0.03,0.0,0.03,False,True,2025-09-03T22:51:00-07:00,,False,True,True,True,0.0,,100.0,0.0,False,,0.0,0.0,0.0,,64.0,True,8.0,6.0,2.0,3.0,False,3,106.0,4:30 PM,,YESTERDAY,2025-09-04T01:18:00-07:00,CLIPHX_202509040818.txt,True,21.0,18.0,13.0,11.0,7.0,7.0,5.0,4.0,2.0,2.0,4.0,-2.0,True,104,2025-09-03T04:00:00-07:00,2025-09-03T06:00:00-07:00,2.0,PFMPSR_202509031100.txt,-2.0,2.0
2025-09-04,96.0,2025-09-04 15:51:00-07:00,28,1.0,0.22999999999999998,True,27.0,80.0,65.0,0.875,4.0,16.0,81.0,67.0,0.875,7.0,15.0,81.0,68.0,0.875,6.0,15.0,84.0,64.0,0.875,3.0,12.0,87.0,64.0,0.875,0.0,9.0,89.0,64.0,0.875,3.0,7.0,92.0,64.0,0.5,0.0,4.0,95.0,61.0,0.5,0.0,1.0,96.0,59.0,0.875,3.0,0.0,92.0,61.0,0.875,12.0,4.0,90.0,62.0,0.875,15.0,6.0,2025-09-04 15:51:00-07:00,15.85,0.78125,1.0,0.75,0.7794585987261147,471.0,351.0,471.0,0.625,180.0,0.2818471337579618,60.0,0.7794585987261147,471.0,15000.0,2025-09-04T08:51:00-07:00,2025-09-04T08:51:00-07:00,420.0,0.15000000000000002,0.15000000000000002,0.0,True,False,2025-09-04T00:28:00-07:00,923.0,True,False,True,True,0.0,,10.0,0.0,False,,0.0,0.0,0.0,,68.0,True,1.0,6.0,5.0,4.0,False,4,97.0,4:02 PM,,YESTERDAY,2025-09-05T01:25:00-07:00,CLIPHX_202509050825.txt,True,17.0,16.0,16.0,13.0,10.0,8.0,5.0,2.0,1.0,5.0,7.0,-1.0,True,97,2025-09-04T04:00:00-07:00,2025-09-04T06:00:00-07:00,2.0,PFMPSR_202509041100.txt,0.0,0.0
2025-09-05,96.0,2025-09-05 14:51:00-07:00,24,0.875,0.0,False,22.0,83.0,69.0,0.25,5.0,13.0,84.0,69.0,0.5,5.0,12.0,87.0,68.0,0.5,4.0,9.0,89.0,68.0,0.5,5.0,7.0,91.0,66.0,0.875,4.0,5.0,94.0,64.0,0.5,7.0,2.0,95.0,64.0,0.5,8.0,1.0,96.0,63.0,0.5,7.0,0.0,96.0,62.0,0.5,11.0,0.0,95.0,60.0,0.25,7.0,1.0,96.0,60.0,0.5,9.0,0.0,2025-09-05 14:51:00-07:00,14.85,0.5535714285714286,1.0,0.14285714285714285,0.5237226277372263,360.0,60.0,411.0,0.625,180.0,0.48722627737226276,300.0,0.48722627737226276,300.0,4900.0,2025-09-05T08:51:00-07:00,2025-09-05T11:51:00-07:00,360.0,0.0,0.0,0.0,False,False,,,False,False,True,True,0.0,,40.0,15.0,False,,0.0,0.0,0.0,,69.0,True,4.0,4.0,4.0,1.0,False,4,97.0,4:34 PM,,YESTERDAY,2025-09-06T01:47:00-07:00,CLIPHX_202509060847.txt,True,14.0,13.0,10.0,8.0,6.0,3.0,2.0,1.0,1.0,2.0,1.0,-1.0,True,97,2025-09-05T04:00:00-07:00,2025-09-05T06:00:00-07:00,2.0,PFMPSR_202509051100.txt,0.0,0.0
2025-09-06,100.0,2025-09-06 16:51:00-07:00,24,0.875,0.0,False,14.0,87.0,66.0,0.5,12.0,13.0,88.0,66.0,0.5,7.0,12.0,89.0,65.0,0.5,4.0,11.0,91.0,66.0,0.875,4.0,9.0,93.0,66.0,0.5,4.0,7.0,96.0,66.0,0.5,8.0,4.0,96.0,64.0,0.5,4.0,4.0,96.0,62.0,0.5,5.0,4.0,99.0,62.0,0.5,6.0,1.0,100.0,60.0,0.5,6.0,0.0,98.0,57.0,0.5,8.0,2.0,2025-09-06 16:51:00-07:00,16.85,0.5416666666666666,1.0,0.1111111111111111,0.5423728813559322,531.0,60.0,531.0,0.5,180.0,0.4576271186440678,351.0,0.4858757062146893,411.0,5000.0,2025-09-06T08:51:00-07:00,2025-09-06T10:51:00-07:00,480.0,0.0,0.0,0.0,False,False,,,False,False,True,True,0.0,,80.0,14.0,False,,0.0,0.0,0.0,,66.0,True,2.0,4.0,3.0,3.0,False,2,100.0,5:08 PM,,YESTERDAY,2025-09-07T01:28:00-07:00,CLIPHX_202509070828.txt,True,13.0,12.0,11.0,9.0,7.0,4.0,4.0,4.0,1.0,0.0,2.0,0.0,True,97,2025-09-06T04:00:00-07:00,2025-09-06T06:00:00-07:00,2.0,PFMPSR_202509061100.txt,-3.0,3.0
2025-09-07,102.0,2025-09-07 15:51:00-07:00,24,0.5,0.0,False,,87.0,66.0,0.0,4.0,15.0,89.0,68.0,0.25,4.0,13.0,90.0,69.0,0.25,3.0,12.0,91.0,68.0,0.25,5.0,11.0,95.0,69.0,0.25,8.0,7.0,97.0,67.0,0.25,9.0,5.0,98.0,65.0,0.25,5.0,4.0,101.0,63.0,0.25,7.0,1.0,102.0,61.0,0.25,9.0,0.0,101.0,59.0,0.5,4.0,1.0,100.0,56.0,0.5,5.0,2.0,2025-09-07 15:51:00-07:00,15.85,0.25,0.0,0.0,0.2229299363057325,0.0,0.0,471.0,0.25,0.0,0.2229299363057325,0.0,0.2229299363057325,0.0,,,,,0.0,0.0,0.0,False,False,,,False,False,True,False,0.0,,50.0,0.0,False,,0.0,0.0,0.0,,69.0,True,3.0,5.0,3.0,4.0,False,3,102.0,5:24 PM,,YESTERDAY,2025-09-08T01:22:00-07:00,CLIPHX_202509080822.txt,True,15.0,13.0,12.0,11.0,7.0,5.0,4.0,1.0,0.0,1.0,2.0,0.0,True,102,2025-09-07T04:00:00-07:00,2025-09-07T06:00:00-07:00,2.0,PFMPSR_202509071100.txt,0.0,0.0
2025-09-08,104.0,2025-09-08 14:51:00-07:00,24,0.5,0.0,False,,90.0,68.0,0.25,4.0,14.0,92.0,68.0,0.5,7.0,12.0,95.0,67.0,0.5,6.0,9.0,98.0,66.0,0.25,3.0,6.0,98.0,64.0,0.25,6.0,6.0,101.0,64.0,0.5,3.0,3.0,101.0,62.0,0.5,5.0,3.0,104.0,59.0,0.5,0.0,0.0,104.0,57.0,0.25,11.0,0.0,103.0,53.0,0.5,3.0,1.0,102.0,56.0,0.5,7.0,2.0,2025-09-08 14:51:00-07:00,14.85,0.42857142857142855,0.7142857142857143,0.0,0.395985401459854,240.0,0.0,411.0,0.4166666666666667,120.0,0.32299270072992703,120.0,0.32299270072992703,120.0,,2025-09-08T08:51:00-07:00,,360.0,0.0,0.0,0.0,False,False,,,False,False,False,True,0.0,,30.0,0.0,False,,0.0,0.0,0.0,,68.0,True,5.0,3.0,3.0,3.0,False,4,105.0,4:05 PM,,YESTERDAY,2025-09-09T01:28:00-07:00,CLIPHX_202509090828.txt,True,15.0,13.0,10.0,7.0,7.0,4.0,4.0,1.0,1.0,2.0,3.0,-1.0,True,104,2025-09-08T04:00:00-07:00,2025-09-08T06:00:00-07:00,2.0,PFMPSR_202509081100.txt,-1.0,1.0
2025-09-09,105.0,2025-09-09 14:51:00-07:00,24,0.25,0.0,False,16.0,89.0,59.0,0.25,4.0,16.0,93.0,60.0,0.25,4.0,12.0,97.0,57.0,0.25,4.0,8.0,98.0,57.0,0.25,4.0,7.0,99.0,58.0,0.25,4.0,6.0,104.0,58.0,0.25,12.0,1.0,104.0,58.0,0.25,6.0,1.0,105.0,56.0,0.25,5.0,0.0,103.0,55.0,0.25,0.0,2.0,104.0,55.0,0.25,6.0,1.0,103.0,54.0,0.25,9.0,2.0,2025-09-09 14:51:00-07:00,14.85,0.25,0.0,0.0,0.25,0.0,0.0,411.0,0.25,0.0,0.25,0.0,0.25,0.0,,,,,0.0,0.0,0.0,False,False,,,False,False,False,False,0.0,,160.0,16.0,False,,0.0,0.0,0.0,,60.0,True,8.0,2.0,5.0,-1.0,False,4,106.0,4:15 PM,,YESTERDAY,2025-09-10T01:18:00-07:00,CLIPHX_202509100818.txt,True,17.0,13.0,9.0,8.0,7.0,2.0,2.0,1.0,3.0,2.0,3.0,-1.0,True,106,2025-09-09T04:00:00-07:00,2025-09-09T06:00:00-07:00,2.0,PFMPSR_202509091100.txt,0.0,0.0
2025-09-10,106.0,2025-09-10 13:51:00-07:00,24,0.5,0.0,False,20.0,88.0,56.0,0.25,3.0,18.0,91.0,56.0,0.25,9.0,15.0,95.0,55.0,0.25,6.0,11.0,99.0,54.0,0.25,6.0,7.0,104.0,54.0,0.25,12.0,2.0,103.0,54.0,0.25,11.0,3.0,106.0,54.0,0.25,10.0,0.0,105.0,54.0,0.5,13.0,1.0,106.0,52.0,0.5,13.0,0.0,104.0,54.0,0.5,6.0,2.0,104.0,52.0,0.5,13.0,2.0,2025-09-10 13:51:00-07:00,13.85,0.25,0.0,0.0,0.25,0.0,0.0,351.0,0.25,0.0,0.25,0.0,0.25,0.0,,,,,0.0,0.0,0.0,False,False,,,False,False,False,True,1.0,2025-09-10T12:51:00-07:00,40.0,20.0,False,,0.0,0.0,0.0,,56.0,True,7.0,9.0,2.0,0.0,False,5,108.0,2:05 PM,,YESTERDAY,2025-09-11T01:26:00-07:00,CLIPHX_202509110826.txt,True,20.0,17.0,13.0,9.0,4.0,5.0,2.0,3.0,2.0,4.0,4.0,-2.0,True,107,2025-09-10T04:00:00-07:00,2025-09-10T06:00:00-07:00,2.0,PFMPSR_202509101100.txt,-1.0,1.0
2025-09-11,102.0,2025-09-11 13:51:00-07:00,24,0.5,0.0,False,22.0,87.0,55.0,0.25,4.0,15.0,90.0,59.0,0.25,6.0,12.0,93.0,63.0,0.25,6.0,9.0,94.0,65.0,0.5,6.0,8.0,97.0,65.0,0.5,6.0,5.0,98.0,64.0,0.5,5.0,4.0,102.0,61.0,0.5,14.0,0.0,101.0,58.0,0.5,11.0,1.0,101.0,61.0,0.5,6.0,1.0,102.0,60.0,0.5,6.0,0.0,100.0,61.0,0.5,11.0,2.0,2025-09-11 13:51:00-07:00,13.85,0.4166666666666667,0.6666666666666666,0.0,0.3782051282051282,180.0,0.0,351.0,0.5,180.0,0.3782051282051282,180.0,0.3782051282051282,180.0,,2025-09-11T10:51:00-07:00,,180.0,0.0,0.0,0.0,False,False,,,False,False,False,True,0.0,,50.0,22.0,False,,0.0,0.0,0.0,,65.0,True,6.0,4.0,5.0,-1.0,False,5,104.0,2:42 PM,,YESTERDAY,2025-09-12T01:15:00-07:00,CLIPHX_202509120815.txt,True,17.0,14.0,11.0,10.0,7.0,6.0,2.0,3.0,3.0,2.0,4.0,-2.0,True,102,2025-09-11T04:05:00-07:00,2025-09-11T06:00:00-07:00,1.9166666666666667,PFMPSR_202509111105.txt,-2.0,2.0
2025-09-12,100.0,2025-09-12 16:51:00-07:00,24,0.5,0.0,False,20.0,86.0,50.0,0.25,4.0,14.0,88.0,45.0,0.25,5.0,12.0,90.0,48.0,0.5,0.0,10.0,95.0,53.0,0.5,5.0,5.0,96.0,59.0,0.25,9.0,4.0,98.0,62.0,0.25,5.0,2.0,98.0,61.0,0.25,9.0,2.0,98.0,60.0,0.5,5.0,2.0,98.0,56.0,0.5,9.0,2.0,100.0,49.0,0.25,8.0,0.0,100.0,44.0,0.25,13.0,0.0,2025-09-12 16:51:00-07:00,16.85,0.3611111111111111,0.4444444444444444,0.0,0.3629943502824859,240.0,0.0,531.0,0.4166666666666667,120.0,0.3629943502824859,240.0,0.3629943502824859,240.0,,2025-09-12T09:51:00-07:00,,420.0,0.0,0.0,0.0,False,False,,,False,False,True,True,0.0,,120.0,20.0,False,,0.0,0.0,0.0,,62.0,True,4.0,6.0,2.0,0.0,False,2,102.0,4:44 PM,,YESTERDAY,2025-09-13T01:24:00-07:00,CLIPHX_202509130824.txt,True,16.0,14.0,12.0,7.0,6.0,4.0,4.0,4.0,4.0,2.0,2.0,-2.0,True,101,2025-09-12T04:00:00-07:00,2025-09-12T06:00:00-07:00,2.0,PFMPSR_202509121100.txt,-1.0,1.0
2025-09-13,96.0,2025-09-13 15:51:00-07:00,24,0.25,0.0,False,20.0,80.0,38.0,0.25,6.0,16.0,84.0,38.0,0.25,4.0,12.0,88.0,37.0,0.25,5.0,8.0,91.0,35.0,0.25,0.0,5.0,91.0,36.0,0.25,0.0,5.0,95.0,37.0,0.25,6.0,1.0,94.0,37.0,0.25,6.0,2.0,94.0,36.0,0.25,5.0,2.0,96.0,36.0,0.25,4.0,0.0,96.0,36.0,0.25,7.0,0.0,95.0,36.0,0.25,8.0,1.0,2025-09-13 15:51:00-07:00,15.85,0.25,0.0,0.0,0.25,0.0,0.0,471.0,0.25,0.0,0.25,0.0,0.25,0.0,,,,,0.0,0.0,0.0,False,False,,,False,False,False,False,1.0,2025-09-13T13:51:00-07:00,140.0,0.0,False,,0.0,0.0,0.0,,38.0,False,8.0,3.0,3.0,2.0,False,3,97.0,4:31 PM,,YESTERDAY,2025-09-14T01:17:00-07:00,CLIPHX_202509140817.txt,True,17.0,13.0,9.0,6.0,6.0,2.0,3.0,3.0,1.0,1.0,2.0,-1.0,True,98,2025-09-13T04:00:00-07:00,2025-09-13T06:00:00-07:00,2.0,PFMPSR_202509131100.txt,1.0,1.0
2025-09-14,99.0,2025-09-14 13:51:00-07:00,24,0.25,0.0,False,16.0,80.0,40.0,0.25,7.0,19.0,84.0,42.0,0.25,6.0,15.0,88.0,40.0,0.25,5.0,11.0,91.0,40.0,0.25,6.0,8.0,94.0,37.0,0.25,5.0,5.0,97.0,40.0,0.25,6.0,2.0,99.0,42.0,0.25,11.0,0.0,98.0,37.0,0.25,7.0,1.0,99.0,36.0,0.25,3.0,0.0,99.0,34.0,0.25,0.0,0.0,97.0,32.0,0.25,3.0,2.0,2025-09-14 13:51:00-07:00,13.85,0.25,0.0,0.0,0.25,0.0,0.0,351.0,0.25,0.0,0.25,0.0,0.25,0.0,,,,,0.0,0.0,0.0,False,False,,,False,False,False,False,0.0,,70.0,16.0,False,,0.0,0.0,0.0,,42.0,False,8.0,6.0,5.0,0.0,False,5,101.0,3:28 PM,,YESTERDAY,2025-09-15T01:22:00-07:00,CLIPHX_202509150822.txt,True,21.0,17.0,13.0,10.0,7.0,4.0,2.0,3.0,2.0,2.0,4.0,-2.0,True,100,2025-09-14T04:00:00-07:00,2025-09-14T06:00:00-07:00,2.0,PFMPSR_202509141100.txt,-1.0,1.0
2025-09-15,102.0,2025-09-15 14:51:00-07:00,24,0.5,0.0,False,17.0,83.0,38.0,0.25,6.0,19.0,89.0,38.0,0.25,6.0,13.0,92.0,39.0,0.25,4.0,10.0,95.0,38.0,0.25,4.0,7.0,96.0,37.0,0.5,0.0,6.0,99.0,35.0,0.5,3.0,3.0,101.0,36.0,0.5,7.0,1.0,102.0,38.0,0.25,10.0,0.0,102.0,43.0,0.25,9.0,0.0,101.0,47.0,0.25,12.0,1.0,100.0,46.0,0.25,7.0,2.0,2025-09-15 14:51:00-07:00,14.85,0.35714285714285715,0.42857142857142855,0.0,0.3594890510948905,180.0,0.0,411.0,0.5,180.0,0.25,0.0,0.25,0.0,,2025-09-15T11:51:00-07:00,,180.0,0.0,0.0,0.0,False,False,,,False,False,True,True,0.0,,100.0,16.0,False,,0.0,0.0,0.0,,39.0,False,9.0,4.0,5.0,1.0,False,4,105.0,3:19 PM,,YESTERDAY,2025-09-16T01:31:00-07:00,CLIPHX_202509160831.txt,True,22.0,16.0,13.0,10.0,9.0,6.0,4.0,3.0,3.0,4.0,5.0,-3.0,True,104,2025-09-15T04:00:00-07:00,2025-09-15T06:00:00-07:00,2.0,PFMPSR_202509151100.txt,-1.0,1.0
2025-09-16,104.0,2025-09-16 14:51:00-07:00,24,0.875,0.0,False,17.0,85.0,51.0,0.5,4.0,19.0,89.0,50.0,0.5,5.0,15.0,92.0,50.0,0.5,5.0,12.0,93.0,51.0,0.5,0.0,11.0,97.0,51.0,0.5,3.0,7.0,99.0,51.0,0.5,3.0,5.0,100.0,51.0,0.5,4.0,4.0,104.0,51.0,0.5,9.0,0.0,104.0,51.0,0.5,8.0,0.0,103.0,50.0,0.5,5.0,1.0,102.0,51.0,0.5,7.0,2.0,2025-09-16 14:51:00-07:00,14.85,0.5,1.0,0.0,0.5,411.0,0.0,411.0,0.5,180.0,0.25,0.0,0.354014598540146,171.0,,2025-09-16T08:51:00-07:00,,360.0,0.0,0.0,0.0,False,False,,,False,False,True,True,0.0,,140.0,17.0,False,,0.0,0.0,0.0,,51.0,True,7.0,5.0,3.0,4.0,False,4,105.0,4:18 PM,,YESTERDAY,2025-09-17T01:29:00-07:00,CLIPHX_202509170829.txt,True,20.0,16.0,13.0,12.0,8.0,6.0,5.0,1.0,1.0,2.0,3.0,-1.0,True,105,2025-09-16T04:00:00-07:00,2025-09-16T06:00:00-07:00,2.0,PFMPSR_202509161100.txt,0.0,0.0
2025-09-17,100.0,2025-09-17 14:51:00-07:00,24,1.0,0.0,False,,87.0,62.0,0.875,7.0,13.0,89.0,60.0,0.875,4.0,11.0,91.0,61.0,0.875,5.0,9.0,94.0,57.0,0.875,7.0,6.0,96.0,57.0,0.875,6.0,4.0,97.0,59.0,0.875,0.0,3.0,99.0,59.0,0.875,0.0,1.0,100.0,59.0,0.875,3.0,0.0,99.0,59.0,0.875,7.0,1.0,100.0,56.0,0.875,5.0,0.0,100.0,55.0,0.875,6.0,0.0,2025-09-17 14:51:00-07:00,14.85,0.875,1.0,1.0,0.875,411.0,411.0,411.0,0.875,180.0,0.145985401459854,0.0,0.8202554744525548,411.0,14000.0,2025-09-17T08:51:00-07:00,2025-09-17T08:51:00-07:00,360.0,0.0,0.0,0.0,False,False,,,False,False,True,True,0.0,,50.0,0.0,False,,0.0,0.0,0.0,,61.0,True,4.0,5.0,3.0,0.0,False,4,101.0,4:18 PM,,YESTERDAY,2025-09-18T01:21:00-07:00,CLIPHX_202509180821.txt,True,14.0,12.0,10.0,7.0,5.0,4.0,2.0,1.0,2.0,1.0,1.0,-1.0,True,102,2025-09-17T04:00:00-07:00,2025-09-17T06:00:00-07:00,2.0,PFMPSR_202509171100.txt,1.0,1.0
2025-09-18,100.0,2025-09-18 15:51:00-07:00,30,1.0,0.22,True,25.0,85.0,65.0,0.875,4.0,15.0,86.0,65.0,0.875,4.0,14.0,87.0,64.0,0.875,4.0,13.0,89.0,65.0,0.875,0.0,11.0,90.0,65.0,0.875,4.0,10.0,95.0,65.0,0.875,0.0,5.0,96.0,63.0,0.875,4.0,4.0,96.0,62.0,0.875,0.0,4.0,100.0,60.0,0.875,6.0,0.0,98.0,59.0,0.875,3.0,2.0,96.0,61.0,0.875,7.0,4.0,2025-09-18 15:51:00-07:00,15.85,0.875,1.0,1.0,0.875,471.0,471.0,471.0,0.875,180.0,0.2367303609341826,38.0,0.73328025477707,471.0,13000.0,2025-09-18T08:38:00-07:00,2025-09-18T08:38:00-07:00,433.0,0.22,0.0,0.22,False,True,2025-09-18T23:44:00-07:00,,False,True,True,True,0.0,,120.0,0.0,False,,0.0,0.0,0.0,,65.0,True,2.0,3.0,6.0,4.0,False,3,101.0,3:45 PM,,YESTERDAY,2025-09-19T01:26:00-07:00,CLIPHX_202509190826.txt,True,16.0,15.0,14.0,12.0,11.0,6.0,5.0,5.0,1.0,3.0,5.0,-1.0,True,98,2025-09-18T04:00:00-07:00,2025-09-18T06:00:00-07:00,2.0,PFMPSR_202509181100.txt,-3.0,3.0
2025-09-19,96.0,2025-09-19 12:51:00-07:00,25,0.875,0.01,True,19.0,82.0,64.0,0.875,8.0,14.0,85.0,62.0,0.875,13.0,11.0,87.0,63.0,0.875,13.0,9.0,90.0,62.0,0.875,6.0,6.0,92.0,61.0,0.875,6.0,4.0,96.0,62.0,0.875,4.0,0.0,96.0,61.0,0.5,10.0,0.0,95.0,60.0,0.5,10.0,1.0,96.0,60.0,0.25,8.0,0.0,96.0,60.0,0.25,4.0,0.0,95.0,60.0,0.25,5.0,1.0,2025-09-19 12:51:00-07:00,12.85,0.875,1.0,1.0,0.875,291.0,291.0,291.0,0.875,180.0,0.3788659793814433,60.0,0.875,291.0,9500.0,2025-09-19T08:51:00-07:00,2025-09-19T08:51:00-07:00,240.0,0.01,0.01,0.0,True,False,2025-09-19T00:51:00-07:00,720.0,True,False,True,True,0.0,,60.0,18.0,False,,0.0,0.0,0.0,,63.0,True,5.0,5.0,4.0,0.0,False,6,98.0,3:56 PM,,YESTERDAY,2025-09-20T01:19:00-07:00,CLIPHX_202509200819.txt,True,16.0,13.0,11.0,8.0,6.0,2.0,2.0,3.0,2.0,2.0,3.0,-2.0,True,98,2025-09-19T04:00:00-07:00,2025-09-19T06:00:00-07:00,2.0,PFMPSR_202509191100.txt,0.0,0.0
2025-09-20,100.0,2025-09-20 15:51:00-07:00,24,0.5,0.0,False,26.0,84.0,62.0,0.25,8.0,16.0,88.0,62.0,0.25,8.0,12.0,92.0,64.0,0.25,8.0,8.0,94.0,64.0,0.25,4.0,6.0,97.0,63.0,0.25,5.0,3.0,97.0,60.0,0.25,7.0,3.0,98.0,60.0,0.25,5.0,2.0,98.0,59.0,0.5,3.0,2.0,100.0,59.0,0.5,6.0,0.0,99.0,59.0,0.5,0.0,1.0,99.0,59.0,0.25,11.0,1.0,2025-09-20 15:51:00-07:00,15.85,0.3125,0.25,0.0,0.2818471337579618,60.0,0.0,471.0,0.3333333333333333,60.0,0.2818471337579618,60.0,0.2818471337579618,60.0,,2025-09-20T14:51:00-07:00,,60.0,0.0,0.0,0.0,False,False,,,False,False,True,False,0.0,,130.0,0.0,False,,0.0,0.0,0.0,,64.0,True,8.0,5.0,1.0,2.0,False,3,102.0,3:31 PM,,YESTERDAY,2025-09-21T01:11:00-07:00,CLIPHX_202509210811.txt,True,18.0,14.0,10.0,8.0,5.0,5.0,4.0,4.0,2.0,3.0,3.0,-2.0,True,102,2025-09-20T04:00:00-07:00,2025-09-20T06:00:00-07:00,2.0,PFMPSR_202509201100.txt,0.0,0.0
2025-09-21,98.0,2025-09-21 14:51:00-07:00,27,0.875,0.0,True,22.0,86.0,58.0,0.875,6.0,12.0,89.0,60.0,0.875,5.0,9.0,91.0,59.0,0.875,5.0,7.0,93.0,59.0,0.875,4.0,5.0,94.0,60.0,0.875,3.0,4.0,94.0,60.0,0.875,0.0,4.0,97.0,59.0,0.875,5.0,1.0,98.0,59.0,0.875,9.0,0.0,98.0,59.0,0.875,9.0,0.0,97.0,57.0,0.875,11.0,1.0,96.0,52.0,0.875,6.0,2.0,2025-09-21 14:51:00-07:00,14.85,0.875,1.0,1.0,0.875,411.0,411.0,411.0,0.875,180.0,0.5,411.0,0.875,411.0,16000.0,2025-09-21T08:51:00-07:00,2025-09-21T08:51:00-07:00,360.0,0.0,0.0,0.0,False,False,,,False,True,True,True,0.0,,130.0,19.0,False,,0.0,0.0,0.0,,60.0,True,5.0,3.0,3.0,1.0,False,7,99.0,3:48 PM,,YESTERDAY,2025-09-22T01:11:00-07:00,CLIPHX_202509220811.txt,True,13.0,10.0,8.0,6.0,5.0,5.0,2.0,1.0,1.0,2.0,3.0,-1.0,True,101,2025-09-21T04:00:00-07:00,2025-09-21T06:00:00-07:00,2.0,PFMPSR_202509211100.txt,2.0,2.0
2025-09-22,91.0,2025-09-22 15:51:00-07:00,24,1.0,0.0,False,34.0,81.0,62.0,0.875,16.0,10.0,82.0,60.0,0.875,10.0,9.0,84.0,61.0,0.875,13.0,7.0,86.0,60.0,0.5,12.0,5.0,85.0,61.0,0.5,16.0,6.0,87.0,61.0,0.5,11.0,4.0,88.0,61.0,0.5,11.0,3.0,90.0,61.0,0.5,5.0,1.0,91.0,61.0,0.5,8.0,0.0,90.0,60.0,0.5,5.0,1.0,90.0,60.0,0.25,7.0,1.0,2025-09-22 15:51:00-07:00,15.85,0.59375,1.0,0.25,0.6361464968152867,471.0,171.0,471.0,0.5,180.0,0.3885350318471338,171.0,0.5406050955414012,291.0,6000.0,2025-09-22T08:51:00-07:00,2025-09-22T08:51:00-07:00,420.0,0.0,0.0,0.0,False,False,,,False,False,True,False,1.0,2025-09-22T11:51:00-07:00,70.0,34.0,False,,0.0,0.0,0.0,,61.0,True,3.0,1.0,3.0,3.0,False,3,92.0,4:14 PM,,YESTERDAY,2025-09-23T01:15:00-07:00,CLIPHX_202509230815.txt,True,11.0,10.0,8.0,6.0,7.0,5.0,4.0,2.0,1.0,2.0,2.0,-1.0,True,99,2025-09-22T04:00:00-07:00,2025-09-22T06:00:00-07:00,2.0,PFMPSR_202509221100.txt,7.0,7.0
2025-09-23,100.0,2025-09-23 14:51:00-07:00,24,0.25,0.0,False,17.0,83.0,61.0,0.25,6.0,17.0,87.0,60.0,0.25,8.0,13.0,89.0,60.0,0.0,7.0,11.0,91.0,59.0,0.0,4.0,9.0,94.0,60.0,0.25,3.0,6.0,97.0,59.0,0.25,0.0,3.0,98.0,58.0,0.25,3.0,2.0,100.0,58.0,0.25,6.0,0.0,100.0,57.0,0.25,5.0,0.0,100.0,56.0,0.25,7.0,0.0,99.0,55.0,0.25,4.0,1.0,2025-09-23 14:51:00-07:00,14.85,0.17857142857142858,0.0,0.0,0.177007299270073,0.0,0.0,411.0,0.25,0.0,0.14051094890510948,0.0,0.14051094890510948,0.0,,,,,0.0,0.0,0.0,False,False,,,False,False,False,False,0.0,,20.0,0.0,False,,0.0,0.0,0.0,,60.0,True,6.0,5.0,4.0,2.0,False,5,101.0,3:27 PM,,YESTERDAY,2025-09-24T01:18:00-07:00,CLIPHX_202509240818.txt,True,18.0,14.0,12.0,10.0,7.0,4.0,3.0,1.0,1.0,1.0,2.0,-1.0,True,102,2025-09-23T04:00:00-07:00,2025-09-23T06:00:00-07:00,2.0,PFMPSR_202509231100.txt,1.0,1.0
2025-09-24,105.0,2025-09-24 14:51:00-07:00,24,0.25,0.0,False,15.0,86.0,52.0,0.0,3.0,19.0,92.0,41.0,0.0,4.0,13.0,97.0,36.0,0.0,13.0,8.0,99.0,37.0,0.0,14.0,6.0,101.0,39.0,0.0,7.0,4.0,104.0,41.0,0.25,5.0,1.0,104.0,42.0,0.25,7.0,1.0,105.0,45.0,0.25,8.0,0.0,104.0,46.0,0.25,0.0,1.0,105.0,46.0,0.25,4.0,0.0,104.0,47.0,0.25,3.0,1.0,2025-09-24 14:51:00-07:00,14.85,0.10714285714285714,0.0,0.0,0.072992700729927,0.0,0.0,411.0,0.16666666666666666,0.0,0.072992700729927,0.0,0.072992700729927,0.0,,,,,0.0,0.0,0.0,False,False,,,False,False,False,False,0.0,,100.0,15.0,False,,0.0,0.0,0.0,,45.0,False,11.0,4.0,3.0,0.0,False,4,107.0,4:04 PM,,YESTERDAY,2025-09-25T01:22:00-07:00,CLIPHX_202509250822.txt,True,21.0,15.0,10.0,8.0,6.0,3.0,3.0,2.0,3.0,2.0,3.0,-2.0,True,106,2025-09-24T04:00:00-07:00,2025-09-24T06:00:00-07:00,2.0,PFMPSR_202509241100.txt,-1.0,1.0
2025-09-25,107.0,2025-09-25 14:51:00-07:00,24,0.5,0.0,False,25.0,91.0,50.0,0.25,7.0,16.0,93.0,52.0,0.25,7.0,14.0,97.0,56.0,0.25,7.0,10.0,99.0,58.0,0.5,8.0,8.0,101.0,58.0,0.5,8.0,6.0,101.0,55.0,0.5,5.0,6.0,104.0,55.0,0.25,6.0,3.0,107.0,52.0,0.25,8.0,0.0,106.0,54.0,0.25,12.0,1.0,105.0,52.0,0.25,13.0,2.0,102.0,52.0,0.25,12.0,5.0,2025-09-25 14:51:00-07:00,14.85,0.35714285714285715,0.42857142857142855,0.0,0.3594890510948905,180.0,0.0,411.0,0.4166666666666667,120.0,0.25,120.0,0.3594890510948905,180.0,,2025-09-25T10:51:00-07:00,,240.0,0.0,0.0,0.0,False,False,,,False,False,True,True,0.0,,80.0,18.0,False,,0.0,0.0,0.0,,58.0,True,6.0,4.0,3.0,2.0,False,4,107.0,3:41 PM,,YESTERDAY,2025-09-26T01:31:00-07:00,CLIPHX_202509260831.txt,True,16.0,14.0,10.0,8.0,6.0,6.0,3.0,0.0,1.0,2.0,5.0,0.0,True,106,2025-09-25T04:00:00-07:00,2025-09-25T06:00:00-07:00,2.0,PFMPSR_202509251100.txt,-1.0,1.0
2025-09-26,89.0,2025-09-26 09:51:00-07:00,44,1.0,4.69,True,49.0,85.0,61.0,0.875,10.0,4.0,87.0,62.0,0.875,11.0,2.0,87.0,65.0,0.875,14.0,2.0,89.0,66.0,0.875,14.0,0.0,82.4,66.2,0.875,19.0,6.599999999999994,75.0,67.0,1.0,19.0,14.0,69.0,65.0,0.875,18.0,20.0,71.0,63.0,0.875,12.0,18.0,69.0,63.0,1.0,13.0,20.0,71.0,64.0,0.875,23.0,18.0,74.0,62.0,0.875,15.0,15.0,2025-09-26 09:51:00-07:00,9.85,0.875,1.0,1.0,0.875,111.0,111.0,111.0,0.875,111.0,0.875,111.0,0.875,111.0,5000.0,2025-09-26T08:51:00-07:00,2025-09-26T08:51:00-07:00,60.0,1.6400000000000001,0.0,1.6400000000000001,False,True,2025-09-26T12:23:00-07:00,,False,True,True,True,0.0,,80.0,19.0,False,,0.0,0.0,0.0,,64.0,True,2.0,-4.599999999999994,-13.400000000000006,0.0,True,29,89.0,11:17 AM,,YESTERDAY,2025-09-27T01:26:00-07:00,CLIPHX_202509270826.txt,True,4.0,2.0,2.0,0.0,6.599999999999994,14.0,20.0,18.0,20.0,18.0,15.0,0.0,True,94,2025-09-26T04:00:00-07:00,2025-09-26T06:00:00-07:00,2.0,PFMPSR_202509261100.txt,5.0,5.0
2025-09-27,86.0,2025-09-27 14:51:00-07:00,31,0.875,0.51,True,43.0,72.0,64.0,0.875,7.0,14.0,72.0,64.0,0.875,8.0,14.0,72.0,64.0,0.875,5.0,14.0,74.0,64.0,0.875,9.0,12.0,79.0,63.0,0.5,4.0,7.0,83.0,63.0,0.5,0.0,3.0,85.0,62.0,0.5,3.0,1.0,86.0,62.0,0.875,4.0,0.0,85.0,61.0,0.875,5.0,1.0,84.0,58.0,0.875,0.0,2.0,75.2,66.2,0.875,33.0,10.799999999999997,2025-09-27 14:51:00-07:00,14.85,0.75,1.0,0.6666666666666666,0.7107664233576643,411.0,231.0,411.0,0.5,180.0,0.6742700729927007,351.0,0.7107664233576643,411.0,6500.0,2025-09-27T08:08:00-07:00,2025-09-27T08:08:00-07:00,403.0,0.21000000000000002,0.07,0.14,True,True,2025-09-27T08:08:00-07:00,403.0,True,True,True,True,1.0,2025-09-27T08:19:00-07:00,150.0,0.0,False,,0.0,0.0,0.0,,65.0,True,0.0,7.0,6.0,0.0,False,7,87.0,2:56 PM,,YESTERDAY,2025-09-28T01:31:00-07:00,CLIPHX_202509280831.txt,True,15.0,15.0,15.0,13.0,8.0,4.0,2.0,1.0,2.0,3.0,11.799999999999997,-1.0,True,89,2025-09-27T04:05:00-07:00,2025-09-27T06:00:00-07:00,1.9166666666666667,PFMPSR_202509271105.txt,2.0,2.0
2025-09-28,88.0,2025-09-28 14:51:00-07:00,24,0.875,0.0,False,,73.0,64.0,0.875,6.0,15.0,77.0,65.0,0.5,6.0,11.0,79.0,64.0,0.5,5.0,9.0,81.0,64.0,0.5,5.0,7.0,84.0,64.0,0.875,4.0,4.0,86.0,60.0,0.5,6.0,2.0,87.0,59.0,0.5,4.0,1.0,88.0,61.0,0.5,0.0,0.0,87.0,58.0,0.5,7.0,1.0,87.0,58.0,0.25,4.0,1.0,87.0,56.0,0.25,8.0,1.0,2025-09-28 14:51:00-07:00,14.85,0.5535714285714286,1.0,0.14285714285714285,0.6012773722627737,411.0,111.0,411.0,0.625,180.0,0.5465328467153284,411.0,0.6012773722627737,411.0,14000.0,2025-09-28T08:51:00-07:00,2025-09-28T11:51:00-07:00,360.0,0.0,0.0,0.0,False,False,,,False,False,False,True,0.0,,40.0,0.0,False,,0.0,0.0,0.0,,65.0,True,6.0,5.0,3.0,0.0,False,4,89.0,2:54 PM,,YESTERDAY,2025-09-29T01:31:00-07:00,CLIPHX_202509290831.txt,True,16.0,12.0,10.0,8.0,5.0,3.0,2.0,1.0,2.0,2.0,2.0,-1.0,True,89,2025-09-28T04:00:00-07:00,2025-09-28T06:00:00-07:00,2.0,PFMPSR_202509281100.txt,0.0,0.0
2025-09-29,92.0,2025-09-29 16:51:00-07:00,24,0.25,0.0,False,,75.0,58.0,0.25,3.0,17.0,78.0,59.0,0.25,3.0,14.0,80.0,60.0,0.25,3.0,12.0,84.0,59.0,0.25,4.0,8.0,86.0,57.0,0.25,4.0,6.0,89.0,56.0,0.25,3.0,3.0,91.0,56.0,0.25,0.0,1.0,90.0,52.0,0.25,3.0,2.0,91.0,53.0,0.25,3.0,1.0,92.0,54.0,0.25,6.0,0.0,90.0,53.0,0.25,5.0,2.0,2025-09-29 16:51:00-07:00,16.85,0.25,0.0,0.0,0.25,0.0,0.0,531.0,0.25,0.0,0.25,0.0,0.25,0.0,,,,,0.0,0.0,0.0,False,False,,,False,False,False,False,1.0,2025-09-29T14:51:00-07:00,0.0,0.0,False,,0.0,0.0,0.0,,60.0,True,5.0,6.0,5.0,0.0,False,2,94.0,3:21 PM,,YESTERDAY,2025-09-30T01:27:00-07:00,CLIPHX_202509300827.txt,True,19.0,16.0,14.0,10.0,8.0,5.0,3.0,4.0,3.0,2.0,4.0,-2.0,True,93,2025-09-29T04:00:00-07:00,2025-09-29T06:00:00-07:00,2.0,PFMPSR_202509291100.txt,-1.0,1.0
2025-09-30,97.0,2025-09-30 14:51:00-07:00,24,0.25,0.0,False,16.0,78.0,56.0,0.25,7.0,19.0,81.0,55.0,0.25,8.0,16.0,84.0,56.0,0.25,5.0,13.0,88.0,55.0,0.25,5.0,9.0,89.0,54.0,0.25,4.0,8.0,93.0,55.0,0.25,6.0,4.0,95.0,53.0,0.25,6.0,2.0,97.0,52.0,0.25,6.0,0.0,95.0,52.0,0.25,6.0,2.0,94.0,52.0,0.25,5.0,3.0,94.0,50.0,0.25,6.0,3.0,2025-09-30 14:51:00-07:00,14.85,0.25,0.0,0.0,0.25,0.0,0.0,411.0,0.25,0.0,0.21350364963503649,0.0,0.25,0.0,,,,,0.0,0.0,0.0,False,False,,,False,False,False,False,0.0,,80.0,16.0,False,,0.0,0.0,0.0,,56.0,True,6.0,5.0,6.0,0.0,False,4,97.0,2:55 PM,,YESTERDAY,2025-10-01T01:19:00-07:00,CLIPHX_202510010819.txt,True,19.0,16.0,13.0,9.0,8.0,4.0,2.0,0.0,2.0,3.0,3.0,0.0,True,96,2025-09-30T04:00:00-07:00,2025-09-30T06:00:00-07:00,2.0,PFMPSR_202509301100.txt,-1.0,1.0
2026-06-01,102.0,2026-06-01 15:51:00-07:00,24,0.875,0.0,False,20.0,84.0,32.0,0.25,8.0,18.0,87.0,34.0,0.25,4.0,15.0,90.0,34.0,0.25,0.0,12.0,93.0,34.0,0.25,0.0,9.0,98.0,33.0,0.25,0.0,4.0,100.0,31.0,0.25,6.0,2.0,101.0,32.0,0.25,8.0,1.0,101.0,30.0,0.875,6.0,1.0,102.0,29.0,0.5,5.0,0.0,101.0,30.0,0.5,4.0,1.0,100.0,30.0,0.875,3.0,2.0,2026-06-01 15:51:00-07:00,15.85,0.359375,0.25,0.125,0.32961783439490444,60.0,60.0,471.0,0.4583333333333333,60.0,0.0,0.0,0.0,0.0,25000.0,2026-06-01T14:51:00-07:00,2026-06-01T14:51:00-07:00,60.0,0.0,0.0,0.0,False,False,,,False,False,False,False,0.0,,100.0,20.0,False,,0.0,0.0,0.0,,34.0,False,6.0,8.0,3.0,1.0,False,3,103.0,4:21 PM,,YESTERDAY,2026-06-02T01:14:00-07:00,CLIPHX_202606020814.txt,True,19.0,16.0,13.0,10.0,5.0,3.0,2.0,2.0,1.0,2.0,3.0,-1.0,True,103,2026-06-01T04:01:00-07:00,2026-06-01T06:00:00-07:00,1.9833333333333332,PFMPSR_202606011101.txt,0.0,0.0
2026-06-02,102.0,2026-06-02 13:51:00-07:00,24,0.875,0.0,False,18.0,85.0,35.0,0.25,6.0,17.0,89.0,33.0,0.0,6.0,13.0,93.0,32.0,0.0,6.0,9.0,96.0,32.0,0.25,3.0,6.0,98.0,33.0,0.25,7.0,4.0,101.0,33.0,0.25,5.0,1.0,102.0,32.0,0.25,10.0,0.0,101.0,31.0,0.25,3.0,1.0,102.0,32.0,0.25,5.0,0.0,102.0,30.0,0.25,11.0,0.0,102.0,29.0,0.0,11.0,0.0,2026-06-02 13:51:00-07:00,13.85,0.16666666666666666,0.0,0.0,0.16452991452991453,0.0,0.0,351.0,0.25,0.0,0.1282051282051282,0.0,0.1282051282051282,0.0,,,,,0.0,0.0,0.0,False,False,,,False,False,False,False,0.0,,90.0,14.0,False,,0.0,0.0,0.0,,33.0,False,8.0,5.0,4.0,0.0,False,5,104.0,4:07 PM,,YESTERDAY,2026-06-03T01:15:00-07:00,CLIPHX_202606030815.txt,True,19.0,15.0,11.0,8.0,6.0,3.0,2.0,3.0,2.0,2.0,2.0,-2.0,True,105,2026-06-02T04:12:00-07:00,2026-06-02T06:00:00-07:00,1.8,PFMPSR_202606021112.txt,1.0,1.0
2026-06-03,106.0,2026-06-03 16:51:00-07:00,24,0.875,0.0,False,19.0,85.0,30.0,0.25,6.0,21.0,89.0,28.0,0.25,4.0,17.0,92.0,27.0,0.25,0.0,14.0,96.0,26.0,0.25,0.0,10.0,97.0,26.0,0.25,3.0,9.0,101.0,28.0,0.25,7.0,5.0,104.0,27.0,0.5,8.0,2.0,103.0,28.0,0.5,4.0,3.0,105.0,28.0,0.5,12.0,1.0,106.0,28.0,0.5,11.0,0.0,105.0,29.0,0.875,12.0,1.0,2026-06-03 16:51:00-07:00,16.85,0.3611111111111111,0.4444444444444444,0.0,0.3347457627118644,180.0,0.0,531.0,0.5,180.0,0.1694915254237288,0.0,0.3064971751412429,120.0,,2026-06-03T13:51:00-07:00,,180.0,0.0,0.0,0.0,False,False,,,False,False,True,False,1.0,2026-06-03T14:51:00-07:00,140.0,19.0,False,,0.0,0.0,0.0,,28.0,False,7.0,5.0,7.0,1.0,False,2,107.0,4:29 PM,,YESTERDAY,2026-06-04T01:18:00-07:00,CLIPHX_202606040818.txt,True,22.0,18.0,15.0,11.0,10.0,6.0,3.0,4.0,2.0,1.0,2.0,-1.0,True,107,2026-06-03T04:06:00-07:00,2026-06-03T06:00:00-07:00,1.9,PFMPSR_202606031106.txt,0.0,0.0
2026-06-04,108.0,2026-06-04 15:51:00-07:00,24,0.25,0.0,False,22.0,87.0,46.0,0.25,5.0,21.0,91.0,49.0,0.25,4.0,17.0,95.0,49.0,0.25,4.0,13.0,97.0,45.0,0.25,3.0,11.0,100.0,40.0,0.25,5.0,8.0,102.0,38.0,0.25,6.0,6.0,103.0,34.0,0.25,3.0,5.0,106.0,29.0,0.25,10.0,2.0,108.0,25.0,0.25,14.0,0.0,106.0,23.0,0.25,16.0,2.0,106.0,24.0,0.25,14.0,2.0,2026-06-04 15:51:00-07:00,15.85,0.25,0.0,0.0,0.25,0.0,0.0,471.0,0.25,0.0,0.12738853503184713,0.0,0.12738853503184713,0.0,,,,,0.0,0.0,0.0,False,False,,,False,False,False,False,0.0,,130.0,18.0,False,,0.0,0.0,0.0,,49.0,False,8.0,5.0,3.0,5.0,False,3,108.0,4:13 PM,,YESTERDAY,2026-06-05T01:19:00-07:00,CLIPHX_202606050819.txt,True,21.0,17.0,13.0,11.0,8.0,6.0,5.0,2.0,0.0,2.0,2.0,0.0,True,109,2026-06-04T04:01:00-07:00,2026-06-04T06:00:00-07:00,1.9833333333333332,PFMPSR_202606041101.txt,1.0,1.0
2026-06-05,107.0,2026-06-05 15:51:00-07:00,24,0.25,0.0,False,26.0,87.0,26.0,0.0,6.0,20.0,90.0,26.0,0.0,6.0,17.0,94.0,25.0,0.0,5.0,13.0,98.0,25.0,0.0,0.0,9.0,99.0,25.0,0.25,7.0,8.0,102.0,27.0,0.25,9.0,5.0,105.0,29.0,0.25,14.0,2.0,106.0,30.0,0.25,14.0,1.0,107.0,30.0,0.25,18.0,0.0,107.0,30.0,0.25,19.0,0.0,106.0,30.0,0.25,18.0,1.0,2026-06-05 15:51:00-07:00,15.85,0.15625,0.0,0.0,0.12738853503184713,0.0,0.0,471.0,0.25,0.0,0.12738853503184713,0.0,0.12738853503184713,0.0,,,,,0.0,0.0,0.0,False,False,,,False,False,False,False,0.0,,100.0,24.0,False,,0.0,0.0,0.0,,30.0,False,7.0,5.0,6.0,2.0,False,3,108.0,4:36 PM,,YESTERDAY,2026-06-06T01:18:00-07:00,CLIPHX_202606060818.txt,True,21.0,18.0,14.0,10.0,9.0,6.0,3.0,2.0,1.0,1.0,2.0,-1.0,True,108,2026-06-05T04:01:00-07:00,2026-06-05T06:00:00-07:00,1.9833333333333332,PFMPSR_202606051101.txt,0.0,0.0
2026-06-06,104.0,2026-06-06 15:51:00-07:00,24,0.875,0.0,False,18.0,87.0,26.0,0.25,6.0,17.0,90.0,26.0,0.25,4.0,14.0,94.0,26.0,0.25,5.0,10.0,95.0,25.0,0.5,5.0,9.0,98.0,26.0,0.5,3.0,6.0,100.0,27.0,0.875,6.0,4.0,99.0,27.0,0.875,3.0,5.0,102.0,27.0,0.875,9.0,2.0,104.0,26.0,0.875,11.0,0.0,103.0,27.0,0.875,6.0,1.0,102.0,27.0,0.875,8.0,2.0,2026-06-06 15:51:00-07:00,15.85,0.625,0.75,0.5,0.552547770700637,300.0,180.0,471.0,0.875,180.0,0.0,0.0,0.0,0.0,25000.0,2026-06-06T10:51:00-07:00,2026-06-06T12:51:00-07:00,300.0,0.0,0.0,0.0,False,False,,,False,False,False,False,1.0,2026-06-06T13:51:00-07:00,160.0,18.0,False,,0.0,0.0,0.0,,27.0,False,7.0,4.0,1.0,5.0,False,3,105.0,3:34 PM,,YESTERDAY,2026-06-07T01:18:00-07:00,CLIPHX_202606070818.txt,True,18.0,15.0,11.0,10.0,7.0,5.0,6.0,3.0,1.0,2.0,3.0,-1.0,True,107,2026-06-06T04:01:00-07:00,2026-06-06T06:00:00-07:00,1.9833333333333332,PFMPSR_202606061101.txt,2.0,2.0
2026-06-07,103.0,2026-06-07 15:51:00-07:00,24,0.875,0.0,False,24.0,84.0,34.0,0.875,8.0,19.0,89.0,26.0,0.875,6.0,14.0,92.0,31.0,0.875,7.0,11.0,97.0,37.0,0.875,8.0,6.0,98.0,32.0,0.875,13.0,5.0,100.0,32.0,0.875,11.0,3.0,100.0,31.0,0.875,4.0,3.0,99.0,30.0,0.875,6.0,4.0,103.0,28.0,0.875,10.0,0.0,102.0,29.0,0.5,7.0,1.0,102.0,31.0,0.5,9.0,1.0,2026-06-07 15:51:00-07:00,15.85,0.875,1.0,1.0,0.875,471.0,471.0,471.0,0.875,180.0,0.0,0.0,0.3089171974522293,111.0,25000.0,2026-06-07T08:51:00-07:00,2026-06-07T08:51:00-07:00,420.0,0.0,0.0,0.0,False,False,,,False,False,False,False,1.0,2026-06-07T14:51:00-07:00,140.0,19.0,False,,0.0,0.0,0.0,,37.0,False,8.0,6.0,2.0,3.0,False,3,103.0,5:02 PM,,YESTERDAY,2026-06-08T01:46:00-07:00,CLIPHX_202606080846.txt,True,19.0,14.0,11.0,6.0,5.0,3.0,3.0,4.0,0.0,1.0,1.0,0.0,True,105,2026-06-07T04:01:00-07:00,2026-06-07T06:00:00-07:00,1.9833333333333332,PFMPSR_202606071101.txt,2.0,2.0
2026-06-08,102.0,2026-06-08 15:51:00-07:00,24,0.875,0.0,False,21.0,85.0,41.0,0.25,3.0,17.0,88.0,39.0,0.25,4.0,14.0,90.0,38.0,0.25,5.0,12.0,95.0,38.0,0.25,10.0,7.0,98.0,35.0,0.25,9.0,4.0,97.0,34.0,0.25,8.0,5.0,99.0,33.0,0.25,3.0,3.0,99.0,33.0,0.25,6.0,3.0,102.0,32.0,0.25,8.0,0.0,101.0,33.0,0.25,7.0,1.0,101.0,34.0,0.25,8.0,1.0,2026-06-08 15:51:00-07:00,15.85,0.25,0.0,0.0,0.25,0.0,0.0,471.0,0.25,0.0,0.25,0.0,0.25,0.0,,,,,0.0,0.0,0.0,False,False,,,False,False,False,False,1.0,2026-06-08T12:51:00-07:00,90.0,21.0,False,,0.0,0.0,0.0,,39.0,False,5.0,8.0,1.0,3.0,False,3,103.0,4:27 PM,,YESTERDAY,2026-06-09T01:23:00-07:00,CLIPHX_202606090823.txt,True,18.0,15.0,13.0,8.0,5.0,6.0,4.0,4.0,1.0,2.0,2.0,-1.0,True,105,2026-06-08T04:01:00-07:00,2026-06-08T06:00:00-07:00,1.9833333333333332,PFMPSR_202606081101.txt,2.0,2.0
2026-06-09,102.0,2026-06-09 16:51:00-07:00,24,0.25,0.0,False,19.0,86.0,24.0,0.25,4.0,16.0,89.0,24.0,0.25,6.0,13.0,90.0,22.0,0.25,0.0,12.0,92.0,23.0,0.25,0.0,10.0,95.0,23.0,0.25,6.0,7.0,99.0,24.0,0.0,6.0,3.0,99.0,25.0,0.0,3.0,3.0,100.0,24.0,0.0,3.0,2.0,101.0,22.0,0.0,6.0,1.0,102.0,22.0,0.0,8.0,0.0,102.0,24.0,0.0,11.0,0.0,2026-06-09 16:51:00-07:00,16.85,0.1111111111111111,0.0,0.0,0.1370056497175141,0.0,0.0,531.0,0.0,0.0,0.1370056497175141,0.0,0.1370056497175141,0.0,,,,,0.0,0.0,0.0,False,False,,,False,False,False,False,0.0,,160.0,16.0,False,,0.0,0.0,0.0,,25.0,False,4.0,5.0,4.0,2.0,False,2,104.0,4:35 PM,,YESTERDAY,2026-06-10T01:29:00-07:00,CLIPHX_202606100829.txt,True,18.0,15.0,14.0,12.0,9.0,5.0,5.0,4.0,3.0,2.0,2.0,-2.0,True,106,2026-06-09T04:01:00-07:00,2026-06-09T06:00:00-07:00,1.9833333333333332,PFMPSR_202606091101.txt,2.0,2.0
2026-06-10,105.0,2026-06-10 14:51:00-07:00,24,0.25,0.0,False,25.0,87.0,32.0,0.25,3.0,18.0,90.0,29.0,0.25,4.0,15.0,92.0,28.0,0.0,0.0,13.0,97.0,29.0,0.0,3.0,8.0,98.0,30.0,0.0,0.0,7.0,101.0,30.0,0.0,7.0,4.0,104.0,29.0,0.0,6.0,1.0,105.0,27.0,0.0,7.0,0.0,105.0,24.0,0.0,10.0,0.0,105.0,26.0,0.25,12.0,0.0,104.0,29.0,0.25,7.0,1.0,2026-06-10 14:51:00-07:00,14.85,0.03571428571428571,0.0,0.0,0.06751824817518248,0.0,0.0,411.0,0.0,0.0,0.06751824817518248,0.0,0.06751824817518248,0.0,,,,,0.0,0.0,0.0,False,False,,,False,False,False,False,0.0,,120.0,0.0,False,,0.0,0.0,0.0,,30.0,False,5.0,6.0,6.0,1.0,False,4,107.0,4:10 PM,,YESTERDAY,2026-06-11T01:16:00-07:00,CLIPHX_202606110816.txt,True,20.0,17.0,15.0,10.0,9.0,6.0,3.0,2.0,2.0,2.0,3.0,-2.0,True,108,2026-06-10T04:01:00-07:00,2026-06-10T06:00:00-07:00,1.9833333333333332,PFMPSR_202606101101.txt,1.0,1.0
2026-06-11,107.0,2026-06-11 15:51:00-07:00,24,0.875,0.0,False,23.0,88.0,36.0,0.25,8.0,19.0,92.0,37.0,0.5,7.0,15.0,95.0,37.0,0.5,3.0,12.0,99.0,36.0,0.5,5.0,8.0,101.0,37.0,0.5,4.0,6.0,102.0,37.0,0.5,0.0,5.0,104.0,35.0,0.5,7.0,3.0,105.0,33.0,0.875,6.0,2.0,107.0,35.0,0.875,15.0,0.0,106.0,35.0,0.875,14.0,1.0,105.0,36.0,0.875,12.0,2.0,2026-06-11 15:51:00-07:00,15.85,0.59375,1.0,0.25,0.5207006369426752,420.0,60.0,471.0,0.625,180.0,0.15445859872611464,0.0,0.15445859872611464,0.0,25000.0,2026-06-11T08:51:00-07:00,2026-06-11T14:51:00-07:00,420.0,0.0,0.0,0.0,False,False,,,False,False,False,False,0.0,,120.0,20.0,False,,0.0,0.0,0.0,,37.0,False,7.0,6.0,3.0,3.0,False,3,108.0,4:10 PM,,YESTERDAY,2026-06-12T01:21:00-07:00,CLIPHX_202606120821.txt,True,20.0,16.0,13.0,9.0,7.0,6.0,4.0,3.0,1.0,2.0,3.0,-1.0,True,108,2026-06-11T04:01:00-07:00,2026-06-11T06:00:00-07:00,1.9833333333333332,PFMPSR_202606111101.txt,0.0,0.0
2026-06-12,106.0,2026-06-12 16:51:00-07:00,24,1.0,0.0,False,28.0,93.0,53.0,0.875,0.0,13.0,94.0,54.0,0.875,5.0,12.0,94.0,53.0,0.875,4.0,12.0,95.0,54.0,0.875,11.0,11.0,98.0,53.0,0.875,6.0,8.0,102.0,51.0,0.875,7.0,4.0,103.0,50.0,0.875,7.0,3.0,103.0,49.0,0.875,11.0,3.0,105.0,46.0,0.875,10.0,1.0,106.0,49.0,0.5,15.0,0.0,103.0,50.0,0.875,13.0,3.0,2026-06-12 16:51:00-07:00,16.85,0.8333333333333334,1.0,0.8888888888888888,0.875,531.0,531.0,531.0,0.875,180.0,0.2966101694915254,180.0,0.875,531.0,11000.0,2026-06-12T08:51:00-07:00,2026-06-12T08:51:00-07:00,480.0,0.0,0.0,0.0,False,False,,,False,False,False,False,0.0,,140.0,28.0,False,,0.0,0.0,0.0,,54.0,True,1.0,4.0,5.0,2.0,False,2,106.0,5:10 PM,,YESTERDAY,2026-06-13T01:26:00-07:00,CLIPHX_202606130826.txt,True,13.0,12.0,12.0,11.0,8.0,4.0,3.0,3.0,1.0,0.0,3.0,0.0,True,107,2026-06-12T05:42:00-07:00,2026-06-12T06:00:00-07:00,0.3,PFMPSR_202606121242.txt,1.0,1.0
2026-06-13,109.0,2026-06-13 15:51:00-07:00,25,0.5,0.0,False,24.0,93.0,53.0,0.25,0.0,16.0,97.0,53.0,0.25,3.0,12.0,98.0,53.0,0.25,6.0,11.0,101.0,53.0,0.25,4.0,8.0,102.0,53.0,0.25,9.0,7.0,105.0,53.0,0.25,11.0,4.0,106.0,52.0,0.25,15.0,3.0,108.0,52.0,0.25,18.0,1.0,109.0,51.0,0.5,13.0,0.0,108.0,51.0,0.5,13.0,1.0,108.0,49.0,0.5,10.0,1.0,2026-06-13 15:51:00-07:00,15.85,0.2777777777777778,0.1111111111111111,0.0,0.25,0.0,0.0,471.0,0.25,0.0,0.25,0.0,0.25,0.0,,2026-06-13T15:51:00-07:00,,0.0,0.0,0.0,0.0,False,False,,,False,False,True,True,0.0,,40.0,24.0,False,,0.0,0.0,0.0,,53.0,True,5.0,4.0,4.0,3.0,False,3,110.0,3:56 PM,,YESTERDAY,2026-06-14T01:29:00-07:00,CLIPHX_202606140829.txt,True,17.0,13.0,12.0,9.0,8.0,5.0,4.0,2.0,1.0,2.0,2.0,-1.0,True,108,2026-06-13T04:01:00-07:00,2026-06-13T06:00:00-07:00,1.9833333333333332,PFMPSR_202606131101.txt,-2.0,2.0
2026-06-14,108.0,2026-06-14 14:51:00-07:00,24,0.875,0.0,False,22.0,94.0,58.0,0.5,0.0,14.0,97.0,56.0,0.875,4.0,11.0,101.0,56.0,0.5,7.0,7.0,101.0,58.0,0.5,17.0,7.0,102.0,56.0,0.5,10.0,6.0,104.0,57.0,0.25,5.0,4.0,104.0,59.0,0.25,7.0,4.0,108.0,57.0,0.25,8.0,0.0,106.0,57.0,0.5,8.0,2.0,108.0,56.0,0.5,12.0,0.0,107.0,56.0,0.5,11.0,1.0,2026-06-14 14:51:00-07:00,14.85,0.44642857142857145,0.5714285714285714,0.14285714285714285,0.48175182481751827,291.0,60.0,411.0,0.3333333333333333,60.0,0.395985401459854,240.0,0.395985401459854,240.0,25000.0,2026-06-14T08:51:00-07:00,2026-06-14T08:51:00-07:00,360.0,0.0,0.0,0.0,False,False,,,False,False,True,True,0.0,,90.0,22.0,False,,0.0,0.0,0.0,,59.0,True,7.0,1.0,2.0,2.0,False,4,110.0,3:41 PM,,YESTERDAY,2026-06-15T01:34:00-07:00,CLIPHX_202606150834.txt,True,16.0,13.0,9.0,9.0,8.0,6.0,6.0,2.0,4.0,2.0,3.0,-2.0,True,110,2026-06-14T04:01:00-07:00,2026-06-14T06:00:00-07:00,1.9833333333333332,PFMPSR_202606141101.txt,0.0,0.0
2026-06-15,107.0,2026-06-15 16:51:00-07:00,25,0.875,0.0,False,32.0,88.0,61.0,0.5,9.0,19.0,91.0,61.0,0.5,13.0,16.0,94.0,60.0,0.5,9.0,13.0,98.0,60.0,0.25,10.0,9.0,101.0,59.0,0.5,6.0,6.0,102.0,57.0,0.5,4.0,5.0,103.0,55.0,0.5,0.0,4.0,105.0,56.0,0.5,6.0,2.0,106.0,54.0,0.5,10.0,1.0,107.0,53.0,0.875,12.0,0.0,104.0,50.0,0.875,14.0,3.0,2026-06-15 16:51:00-07:00,16.85,0.5138888888888888,0.8888888888888888,0.1111111111111111,0.4717514124293785,471.0,0.0,531.0,0.5,180.0,0.1694915254237288,120.0,0.4152542372881356,351.0,25000.0,2026-06-15T08:51:00-07:00,2026-06-15T16:51:00-07:00,480.0,0.0,0.0,0.0,False,False,,,False,False,True,True,0.0,,150.0,27.0,False,,0.0,0.0,0.0,,61.0,True,6.0,7.0,2.0,3.0,False,2,108.0,5:00 PM,,YESTERDAY,2026-06-16T01:15:00-07:00,CLIPHX_202606160815.txt,True,20.0,17.0,14.0,10.0,7.0,6.0,5.0,3.0,2.0,1.0,4.0,-1.0,True,109,2026-06-15T04:01:00-07:00,2026-06-15T06:00:00-07:00,1.9833333333333332,PFMPSR_202606151101.txt,1.0,1.0
2026-06-16,112.0,2026-06-16 16:51:00-07:00,24,0.875,0.0,False,25.0,93.0,57.0,0.25,4.0,19.0,96.0,57.0,0.25,3.0,16.0,100.0,57.0,0.25,5.0,12.0,102.0,58.0,0.25,10.0,10.0,106.0,55.0,0.25,11.0,6.0,107.0,54.0,0.25,11.0,5.0,109.0,51.0,0.25,14.0,3.0,110.0,50.0,0.25,18.0,2.0,110.0,48.0,0.25,12.0,2.0,112.0,48.0,0.5,13.0,0.0,110.0,50.0,0.5,17.0,2.0,2026-06-16 16:51:00-07:00,16.85,0.2777777777777778,0.1111111111111111,0.0,0.25,0.0,0.0,531.0,0.25,0.0,0.25,0.0,0.25,0.0,,2026-06-16T16:51:00-07:00,,0.0,0.0,0.0,0.0,False,False,,,False,False,True,True,0.0,,40.0,25.0,False,,0.0,0.0,0.0,,58.0,True,7.0,6.0,3.0,1.0,False,2,112.0,5:03 PM,,YESTERDAY,2026-06-17T01:11:00-07:00,CLIPHX_202606170811.txt,True,19.0,16.0,12.0,10.0,6.0,5.0,3.0,2.0,2.0,0.0,2.0,0.0,True,111,2026-06-16T04:47:00-07:00,2026-06-16T06:00:00-07:00,1.2166666666666666,PFMPSR_202606161147.txt,-1.0,1.0
2026-06-17,110.0,2026-06-17 15:51:00-07:00,27,0.875,0.0,True,28.0,94.0,58.0,0.25,0.0,16.0,98.0,55.0,0.25,7.0,12.0,100.0,55.0,0.25,7.0,10.0,103.0,56.0,0.25,11.0,7.0,105.0,55.0,0.25,9.0,5.0,106.0,55.0,0.5,11.0,4.0,108.0,55.0,0.5,10.0,2.0,107.0,54.0,0.5,14.0,3.0,110.0,54.0,0.5,15.0,0.0,108.0,56.0,0.5,17.0,2.0,106.0,55.0,0.875,16.0,4.0,2026-06-17 15:51:00-07:00,15.85,0.375,0.5,0.0,0.34554140127388533,180.0,0.0,471.0,0.5,180.0,0.1592356687898089,60.0,0.31369426751592355,120.0,,2026-06-17T12:51:00-07:00,,180.0,0.0,0.0,0.0,False,False,,,False,True,True,True,1.0,2026-06-17T14:51:00-07:00,40.0,28.0,False,,0.0,0.0,0.0,,56.0,True,6.0,5.0,3.0,2.0,False,3,110.0,3:59 PM,,YESTERDAY,2026-06-18T01:13:00-07:00,CLIPHX_202606180813.txt,True,16.0,12.0,10.0,7.0,5.0,4.0,2.0,3.0,0.0,2.0,4.0,0.0,True,109,2026-06-17T04:01:00-07:00,2026-06-17T06:00:00-07:00,1.9833333333333332,PFMPSR_202606171101.txt,-1.0,1.0
2026-06-18,107.0,2026-06-18 16:51:00-07:00,25,0.5,0.0,False,23.0,90.0,57.0,0.5,4.0,17.0,91.0,56.0,0.25,5.0,16.0,95.0,55.0,0.25,5.0,12.0,97.0,53.0,0.25,7.0,10.0,100.0,52.0,0.25,4.0,7.0,103.0,51.0,0.25,8.0,4.0,105.0,50.0,0.25,8.0,2.0,104.0,51.0,0.25,5.0,3.0,106.0,50.0,0.25,7.0,1.0,107.0,46.0,0.25,11.0,0.0,106.0,46.0,0.25,5.0,1.0,2026-06-18 16:51:00-07:00,16.85,0.25,0.0,0.0,0.2740112994350282,51.0,0.0,531.0,0.25,0.0,0.25,0.0,0.25,0.0,,,,,0.0,0.0,0.0,False,False,,,False,False,True,False,2.0,2026-06-18T14:51:00-07:00,110.0,19.0,False,,0.0,0.0,0.0,,56.0,True,5.0,5.0,5.0,1.0,False,2,108.0,3:34 PM,,YESTERDAY,2026-06-19T01:47:00-07:00,CLIPHX_202606190847.txt,True,18.0,17.0,13.0,11.0,8.0,5.0,3.0,4.0,2.0,1.0,2.0,-1.0,True,107,2026-06-18T04:01:00-07:00,2026-06-18T06:00:00-07:00,1.9833333333333332,PFMPSR_202606181101.txt,-1.0,1.0
2026-06-19,106.0,2026-06-19 16:51:00-07:00,24,0.25,0.0,False,17.0,88.0,39.0,0.0,4.0,18.0,91.0,38.0,0.0,4.0,15.0,94.0,37.0,0.25,3.0,12.0,97.0,36.0,0.0,6.0,9.0,99.0,33.0,0.0,11.0,7.0,102.0,31.0,0.0,8.0,4.0,103.0,31.0,0.0,12.0,3.0,104.0,31.0,0.0,6.0,2.0,104.0,31.0,0.0,8.0,2.0,106.0,31.0,0.25,6.0,0.0,104.0,30.0,0.25,4.0,2.0,2026-06-19 16:51:00-07:00,16.85,0.05555555555555555,0.0,0.0,0.02824858757062147,0.0,0.0,531.0,0.0,0.0,0.02824858757062147,0.0,0.02824858757062147,0.0,,,,,0.0,0.0,0.0,False,False,,,False,False,False,False,0.0,,180.0,17.0,False,,0.0,0.0,0.0,,38.0,False,6.0,5.0,4.0,1.0,False,2,107.0,3:32 PM,,YESTERDAY,2026-06-20T01:40:00-07:00,CLIPHX_202606200840.txt,True,19.0,16.0,13.0,10.0,8.0,5.0,4.0,3.0,3.0,1.0,3.0,-1.0,True,107,2026-06-19T04:01:00-07:00,2026-06-19T06:00:00-07:00,1.9833333333333332,PFMPSR_202606191101.txt,0.0,0.0
2026-06-20,103.0,2026-06-20 16:51:00-07:00,25,0.0,0.0,False,19.0,87.0,37.0,0.0,4.0,16.0,90.0,37.0,0.0,4.0,13.0,94.0,38.0,0.0,4.0,9.0,96.0,38.0,0.0,4.0,7.0,96.0,34.0,0.0,5.0,7.0,102.0,34.0,0.0,5.0,1.0,101.0,33.0,0.0,4.0,2.0,102.0,33.0,0.0,0.0,1.0,102.0,27.0,0.0,0.0,1.0,103.0,24.0,0.0,9.0,0.0,103.0,24.0,0.0,8.0,0.0,2026-06-20 16:51:00-07:00,16.85,0.0,0.0,0.0,0.0,0.0,0.0,531.0,0.0,0.0,0.0,0.0,0.0,0.0,,,,,0.0,0.0,0.0,False,False,,,False,False,False,False,1.0,2026-06-20T13:51:00-07:00,160.0,19.0,False,,0.0,0.0,0.0,,38.0,False,7.0,2.0,5.0,1.0,False,2,105.0,4:47 PM,,YESTERDAY,2026-06-21T01:23:00-07:00,CLIPHX_202606210823.txt,True,18.0,15.0,11.0,9.0,9.0,3.0,4.0,3.0,3.0,2.0,2.0,-2.0,True,106,2026-06-20T04:01:00-07:00,2026-06-20T06:00:00-07:00,1.9833333333333332,PFMPSR_202606201101.txt,1.0,1.0
2026-06-21,105.0,2026-06-21 14:51:00-07:00,24,0.5,0.0,False,15.0,85.0,34.0,0.0,6.0,20.0,89.0,31.0,0.0,4.0,16.0,93.0,29.0,0.0,0.0,12.0,95.0,27.0,0.0,4.0,10.0,98.0,26.0,0.0,4.0,7.0,102.0,25.0,0.0,6.0,3.0,104.0,26.0,0.0,7.0,1.0,105.0,26.0,0.25,5.0,0.0,105.0,27.0,0.25,11.0,0.0,105.0,26.0,0.25,7.0,0.0,105.0,23.0,0.25,3.0,0.0,2026-06-21 14:51:00-07:00,14.85,0.03571428571428571,0.0,0.0,0.0,0.0,0.0,411.0,0.0,0.0,0.0,0.0,0.0,0.0,,,,,0.0,0.0,0.0,False,False,,,False,False,False,False,0.0,,180.0,0.0,False,,0.0,0.0,0.0,,31.0,False,8.0,5.0,6.0,1.0,False,4,106.0,4:55 PM,,YESTERDAY,2026-06-22T01:21:00-07:00,CLIPHX_202606220821.txt,True,21.0,17.0,13.0,11.0,8.0,4.0,2.0,1.0,1.0,1.0,1.0,-1.0,True,106,2026-06-21T04:01:00-07:00,2026-06-21T06:00:00-07:00,1.9833333333333332,PFMPSR_202606211101.txt,0.0,0.0
2026-06-22,108.0,2026-06-22 13:51:00-07:00,32,0.5,0.0,False,19.0,88.0,34.0,0.5,5.0,20.0,92.0,32.0,0.25,5.0,16.0,95.0,30.0,0.5,5.0,13.0,98.0,30.0,0.25,3.0,10.0,102.0,28.0,0.25,5.0,6.0,105.0,26.0,0.25,5.0,3.0,108.0,25.0,0.25,10.0,0.0,106.0,24.0,0.25,0.0,2.0,108.0,23.0,0.0,6.0,0.0,107.0,23.0,0.0,5.0,1.0,107.0,26.0,0.0,8.0,1.0,2026-06-22 13:51:00-07:00,13.85,0.2916666666666667,0.16666666666666666,0.0,0.32905982905982906,111.0,0.0,351.0,0.25,0.0,0.0,0.0,0.29273504273504275,60.0,,2026-06-22T09:51:00-07:00,,240.0,0.0,0.0,0.0,False,False,,,False,False,False,False,0.0,,140.0,0.0,False,,0.0,0.0,0.0,,32.0,False,7.0,7.0,6.0,0.0,False,10,109.0,5:33 PM,,YESTERDAY,2026-06-23T01:12:00-07:00,CLIPHX_202606230812.txt,True,21.0,17.0,14.0,11.0,7.0,4.0,1.0,3.0,1.0,2.0,2.0,-1.0,True,110,2026-06-22T04:01:00-07:00,2026-06-22T06:00:00-07:00,1.9833333333333332,PFMPSR_202606221101.txt,1.0,1.0
2026-06-23,110.0,2026-06-23 16:51:00-07:00,24,0.875,0.0,False,19.0,93.0,43.0,0.25,6.0,17.0,95.0,43.0,0.25,4.0,15.0,97.0,43.0,0.25,0.0,13.0,98.0,42.0,0.25,4.0,12.0,102.0,44.0,0.25,0.0,8.0,103.0,48.0,0.25,5.0,7.0,107.0,52.0,0.25,9.0,3.0,108.0,49.0,0.25,10.0,2.0,109.0,49.0,0.5,11.0,1.0,110.0,49.0,0.5,12.0,0.0,109.0,47.0,0.5,9.0,1.0,2026-06-23 16:51:00-07:00,16.85,0.3055555555555556,0.2222222222222222,0.0,0.2782485875706215,60.0,0.0,531.0,0.3333333333333333,60.0,0.14124293785310735,0.0,0.22175141242937854,0.0,,2026-06-23T15:51:00-07:00,,60.0,0.0,0.0,0.0,False,False,,,False,False,True,False,0.0,,120.0,19.0,False,,0.0,0.0,0.0,,52.0,True,4.0,5.0,5.0,2.0,False,2,110.0,6:18 PM,,YESTERDAY,2026-06-24T01:15:00-07:00,CLIPHX_202606240815.txt,True,17.0,15.0,13.0,12.0,8.0,7.0,3.0,2.0,1.0,0.0,1.0,0.0,True,112,2026-06-23T04:01:00-07:00,2026-06-23T06:00:00-07:00,1.9833333333333332,PFMPSR_202606231101.txt,2.0,2.0
2026-06-24,106.0,2026-06-24 12:51:00-07:00,25,0.875,0.0,False,24.0,95.0,52.0,0.875,4.0,11.0,98.0,51.0,0.875,5.0,8.0,100.0,51.0,0.875,10.0,6.0,104.0,52.0,0.875,7.0,2.0,105.0,51.0,0.875,8.0,1.0,106.0,51.0,0.875,9.0,0.0,106.0,50.0,0.875,9.0,0.0,106.0,49.0,0.875,17.0,0.0,104.0,50.0,0.875,14.0,2.0,104.0,50.0,0.875,16.0,2.0,103.0,51.0,0.875,8.0,3.0,2026-06-24 12:51:00-07:00,12.85,0.875,1.0,1.0,0.875,291.0,291.0,291.0,0.875,180.0,0.05154639175257732,0.0,0.7976804123711341,291.0,17000.0,2026-06-24T08:51:00-07:00,2026-06-24T08:51:00-07:00,240.0,0.0,0.0,0.0,False,False,,,False,False,True,True,0.0,,40.0,15.0,False,,0.0,0.0,0.0,,52.0,True,5.0,5.0,1.0,-2.0,False,6,107.0,2:47 PM,,YESTERDAY,2026-06-25T01:13:00-07:00,CLIPHX_202606250813.txt,True,12.0,9.0,7.0,3.0,2.0,1.0,1.0,1.0,3.0,3.0,4.0,-1.0,True,112,2026-06-24T04:01:00-07:00,2026-06-24T06:00:00-07:00,1.9833333333333332,PFMPSR_202606241101.txt,5.0,5.0
2026-06-25,109.0,2026-06-25 17:51:00-07:00,27,0.875,0.0,False,22.0,96.0,56.0,0.5,5.0,13.0,99.0,54.0,0.5,5.0,10.0,101.0,55.0,0.875,5.0,8.0,101.0,55.0,0.875,8.0,8.0,103.0,55.0,0.875,7.0,6.0,105.0,55.0,0.875,8.0,4.0,106.0,54.0,0.875,6.0,3.0,105.0,54.0,0.875,9.0,4.0,108.0,52.0,0.875,9.0,1.0,108.0,51.0,0.5,8.0,1.0,109.0,50.0,0.5,10.0,0.0,2026-06-25 17:51:00-07:00,17.85,0.7625,1.0,0.7,0.766497461928934,591.0,420.0,591.0,0.75,180.0,0.15228426395939088,0.0,0.6522842639593909,591.0,16000.0,2026-06-25T08:51:00-07:00,2026-06-25T09:51:00-07:00,540.0,0.0,0.0,0.0,False,False,,,False,False,True,True,1.0,2026-06-25T14:51:00-07:00,90.0,22.0,False,,0.0,0.0,0.0,,55.0,True,5.0,2.0,3.0,2.0,False,3,110.0,5:46 PM,,YESTERDAY,2026-06-26T01:45:00-07:00,CLIPHX_202606260845.txt,True,14.0,11.0,9.0,9.0,7.0,5.0,4.0,5.0,2.0,2.0,1.0,-1.0,True,111,2026-06-25T04:01:00-07:00,2026-06-25T06:00:00-07:00,1.9833333333333332,PFMPSR_202606251101.txt,1.0,1.0
2026-06-26,111.0,2026-06-26 15:51:00-07:00,26,0.875,0.0,False,29.0,93.0,48.0,0.875,0.0,18.0,94.0,46.0,0.875,6.0,17.0,97.0,48.0,0.5,0.0,14.0,102.0,48.0,0.5,5.0,9.0,105.0,47.0,0.5,10.0,6.0,106.0,44.0,0.5,10.0,5.0,108.0,40.0,0.5,10.0,3.0,110.0,41.0,0.5,13.0,1.0,111.0,40.0,0.25,15.0,0.0,109.0,38.0,0.25,18.0,2.0,107.0,40.0,0.25,17.0,4.0,2026-06-26 15:51:00-07:00,15.85,0.4875,0.8,0.1,0.5676751592356688,432.0,111.0,471.0,0.44583333333333336,141.0,0.12738853503184713,0.0,0.5565286624203821,411.0,19000.0,2026-06-26T08:51:00-07:00,2026-06-26T08:51:00-07:00,420.0,0.0,0.0,0.0,False,False,,,False,False,True,False,0.0,,130.0,27.0,False,,0.0,0.0,0.0,,48.0,False,4.0,8.0,3.0,3.0,False,3,112.0,3:46 PM,,YESTERDAY,2026-06-27T01:27:00-07:00,CLIPHX_202606270827.txt,True,19.0,18.0,15.0,10.0,7.0,6.0,4.0,2.0,1.0,3.0,5.0,-1.0,True,110,2026-06-26T04:01:00-07:00,2026-06-26T06:00:00-07:00,1.9833333333333332,PFMPSR_202606261101.txt,-2.0,2.0
2026-06-27,107.0,2026-06-27 13:51:00-07:00,28,0.25,0.0,False,26.0,91.0,43.0,0.25,4.0,16.0,93.0,44.0,0.25,6.0,14.0,97.0,41.0,0.25,8.0,10.0,98.0,41.0,0.25,5.0,9.0,100.0,41.0,0.25,4.0,7.0,105.0,36.0,0.25,8.0,2.0,107.0,34.0,0.25,13.0,0.0,105.0,34.0,0.25,6.0,2.0,106.0,35.0,0.25,12.0,1.0,107.0,38.0,0.25,10.0,0.0,105.0,36.0,0.25,18.0,2.0,2026-06-27 13:51:00-07:00,13.85,0.25,0.0,0.0,0.25,0.0,0.0,351.0,0.25,0.0,0.12179487179487179,0.0,0.12179487179487179,0.0,,,,,0.0,0.0,0.0,False,False,,,False,False,False,False,0.0,,60.0,19.0,False,,0.0,0.0,0.0,,44.0,False,6.0,3.0,7.0,-1.0,False,8,108.0,4:07 PM,,YESTERDAY,2026-06-28T01:23:00-07:00,CLIPHX_202606280823.txt,True,17.0,15.0,11.0,10.0,8.0,3.0,1.0,3.0,2.0,1.0,3.0,-1.0,True,107,2026-06-27T04:01:00-07:00,2026-06-27T06:00:00-07:00,1.9833333333333332,PFMPSR_202606271101.txt,-1.0,1.0
2026-06-28,104.0,2026-06-28 15:51:00-07:00,24,0.25,0.0,False,26.0,86.0,35.0,0.0,0.0,18.0,89.0,35.0,0.0,0.0,15.0,92.0,36.0,0.25,6.0,12.0,95.0,35.0,0.25,4.0,9.0,97.0,36.0,0.25,11.0,7.0,101.0,33.0,0.25,13.0,3.0,102.0,38.0,0.0,16.0,2.0,102.0,42.0,0.0,16.0,2.0,104.0,43.0,0.25,14.0,0.0,103.0,31.0,0.0,16.0,1.0,101.0,23.0,0.0,13.0,3.0,2026-06-28 15:51:00-07:00,15.85,0.15625,0.0,0.0,0.12738853503184713,0.0,0.0,471.0,0.08333333333333333,0.0,0.12738853503184713,0.0,0.12738853503184713,0.0,,,,,0.0,0.0,0.0,False,False,,,False,False,False,False,0.0,,70.0,26.0,False,,0.0,0.0,0.0,,43.0,False,6.0,5.0,5.0,2.0,False,3,104.0,3:52 PM,,YESTERDAY,2026-06-29T01:19:00-07:00,CLIPHX_202606290819.txt,True,18.0,15.0,12.0,9.0,7.0,3.0,2.0,2.0,0.0,1.0,3.0,0.0,True,103,2026-06-28T04:01:00-07:00,2026-06-28T06:00:00-07:00,1.9833333333333332,PFMPSR_202606281101.txt,-1.0,1.0
2026-06-29,102.0,2026-06-29 14:51:00-07:00,24,0.0,0.0,False,25.0,85.0,40.0,0.0,7.0,17.0,87.0,40.0,0.0,13.0,15.0,90.0,41.0,0.0,8.0,12.0,94.0,27.0,0.0,14.0,8.0,97.0,28.0,0.0,9.0,5.0,97.0,31.0,0.0,6.0,5.0,100.0,29.0,0.0,10.0,2.0,102.0,30.0,0.0,9.0,0.0,101.0,29.0,0.0,4.0,1.0,102.0,30.0,0.0,10.0,0.0,102.0,28.0,0.0,10.0,0.0,2026-06-29 14:51:00-07:00,14.85,0.0,0.0,0.0,0.0,0.0,0.0,411.0,0.0,0.0,0.0,0.0,0.0,0.0,,,,,0.0,0.0,0.0,False,False,,,False,False,False,False,0.0,,80.0,25.0,False,,0.0,0.0,0.0,,41.0,False,5.0,7.0,3.0,1.0,False,4,103.0,6:04 PM,,YESTERDAY,2026-06-30T01:14:00-07:00,CLIPHX_202606300814.txt,True,18.0,16.0,13.0,9.0,6.0,6.0,3.0,1.0,2.0,1.0,1.0,-1.0,True,103,2026-06-29T04:01:00-07:00,2026-06-29T06:00:00-07:00,1.9833333333333332,PFMPSR_202606291101.txt,0.0,0.0
2026-06-30,101.0,2026-06-30 15:51:00-07:00,24,0.25,0.0,False,25.0,85.0,27.0,0.0,8.0,16.0,89.0,30.0,0.0,4.0,12.0,91.0,38.0,0.25,11.0,10.0,94.0,40.0,0.25,11.0,7.0,97.0,39.0,0.25,16.0,4.0,100.0,39.0,0.25,13.0,1.0,100.0,29.0,0.25,13.0,1.0,100.0,30.0,0.25,9.0,1.0,101.0,26.0,0.0,12.0,0.0,100.0,20.0,0.0,12.0,1.0,100.0,23.0,0.0,15.0,1.0,2026-06-30 15:51:00-07:00,15.85,0.1875,0.0,0.0,0.1910828025477707,0.0,0.0,471.0,0.25,0.0,0.1592356687898089,0.0,0.1592356687898089,0.0,,,,,0.0,0.0,0.0,False,False,,,False,False,False,False,0.0,,30.0,25.0,False,,0.0,0.0,0.0,,40.0,False,6.0,6.0,3.0,1.0,False,3,102.0,3:44 PM,,YESTERDAY,2026-07-01T01:15:00-07:00,CLIPHX_202607010815.txt,True,17.0,13.0,11.0,8.0,5.0,2.0,2.0,2.0,1.0,2.0,2.0,-1.0,True,102,2026-06-30T04:01:00-07:00,2026-06-30T06:00:00-07:00,1.9833333333333332,PFMPSR_202606301101.txt,0.0,0.0
2026-07-01,101.0,2026-07-01 17:51:00-07:00,24,0.25,0.0,False,19.0,82.0,22.0,0.0,6.0,19.0,85.0,22.0,0.0,6.0,16.0,88.0,25.0,0.0,4.0,13.0,91.0,31.0,0.0,5.0,10.0,94.0,26.0,0.0,9.0,7.0,95.0,22.0,0.0,5.0,6.0,98.0,21.0,0.0,13.0,3.0,99.0,20.0,0.25,8.0,2.0,99.0,20.0,0.25,7.0,2.0,100.0,21.0,0.25,3.0,1.0,101.0,23.0,0.25,5.0,0.0,2026-07-01 17:51:00-07:00,17.85,0.1,0.0,0.0,0.07614213197969544,0.0,0.0,591.0,0.25,0.0,0.0,0.0,0.0,0.0,,,,,0.0,0.0,0.0,False,False,,,False,False,False,False,0.0,,70.0,19.0,False,,0.0,0.0,0.0,,31.0,False,6.0,6.0,4.0,1.0,False,1,102.0,3:08 PM,,YESTERDAY,2026-07-02T01:18:00-07:00,CLIPHX_202607020818.txt,True,20.0,17.0,14.0,11.0,8.0,7.0,4.0,3.0,3.0,2.0,1.0,-1.0,True,102,2026-07-01T04:01:00-07:00,2026-07-01T06:00:00-07:00,1.9833333333333332,PFMPSR_202607011101.txt,0.0,0.0
2026-07-02,102.0,2026-07-02 16:51:00-07:00,25,0.25,0.0,False,22.0,83.0,26.0,0.0,9.0,19.0,86.0,26.0,0.0,7.0,16.0,89.0,23.0,0.0,8.0,13.0,94.0,22.0,0.0,9.0,8.0,97.0,21.0,0.0,4.0,5.0,100.0,14.0,0.0,11.0,2.0,100.0,17.0,0.0,6.0,2.0,99.0,16.0,0.0,8.0,3.0,101.0,15.0,0.0,6.0,1.0,102.0,16.0,0.0,7.0,0.0,100.0,17.0,0.0,3.0,2.0,2026-07-02 16:51:00-07:00,16.85,0.0,0.0,0.0,0.0,0.0,0.0,531.0,0.0,0.0,0.0,0.0,0.0,0.0,,,,,0.0,0.0,0.0,False,False,,,False,False,False,False,1.0,2026-07-02T14:55:00-07:00,90.0,22.0,False,,0.0,0.0,0.0,,26.0,False,6.0,8.0,3.0,1.0,False,2,103.0,4:28 PM,,YESTERDAY,2026-07-03T01:33:00-07:00,CLIPHX_202607030833.txt,True,20.0,17.0,14.0,9.0,6.0,3.0,3.0,4.0,2.0,1.0,3.0,-1.0,True,103,2026-07-02T04:01:00-07:00,2026-07-02T06:00:00-07:00,1.9833333333333332,PFMPSR_202607021101.txt,0.0,0.0
2026-07-03,106.0,2026-07-03 14:51:00-07:00,24,0.875,0.0,False,18.0,86.0,21.0,0.5,8.0,20.0,90.0,25.0,0.5,5.0,16.0,92.0,27.0,0.5,0.0,14.0,95.0,34.0,0.875,0.0,11.0,100.0,30.0,0.875,5.0,6.0,100.0,29.0,0.875,3.0,6.0,105.0,27.0,0.875,8.0,1.0,106.0,26.0,0.875,9.0,0.0,104.0,24.0,0.875,0.0,2.0,105.0,25.0,0.875,7.0,1.0,104.0,25.0,0.875,11.0,2.0,2026-07-03 14:51:00-07:00,14.85,0.7678571428571429,1.0,0.7142857142857143,0.718978102189781,411.0,240.0,411.0,0.875,180.0,0.21350364963503649,0.0,0.21350364963503649,0.0,22000.0,2026-07-03T08:51:00-07:00,2026-07-03T10:51:00-07:00,360.0,0.0,0.0,0.0,False,False,,,False,False,False,False,0.0,,130.0,15.0,False,,0.0,0.0,0.0,,34.0,False,6.0,8.0,5.0,-1.0,False,4,107.0,3:20 PM,,YESTERDAY,2026-07-04T01:25:00-07:00,CLIPHX_202607040825.txt,True,21.0,17.0,15.0,12.0,7.0,7.0,2.0,1.0,3.0,2.0,3.0,-1.0,True,107,2026-07-03T04:01:00-07:00,2026-07-03T06:00:00-07:00,1.9833333333333332,PFMPSR_202607031101.txt,0.0,0.0
2026-07-04,101.0,2026-07-04 16:51:00-07:00,24,0.875,0.0,False,,88.0,39.0,0.875,7.0,13.0,89.0,40.0,0.875,5.0,12.0,95.0,37.0,0.875,7.0,6.0,95.0,38.0,0.875,7.0,6.0,98.0,36.0,0.875,4.0,3.0,98.0,36.0,0.875,0.0,3.0,99.0,36.0,0.875,5.0,2.0,99.0,35.0,0.875,5.0,2.0,99.0,38.0,0.875,5.0,2.0,101.0,28.0,0.875,10.0,0.0,99.0,30.0,0.875,7.0,2.0,2026-07-04 16:51:00-07:00,16.85,0.875,1.0,1.0,0.875,531.0,531.0,531.0,0.875,180.0,0.4435028248587571,471.0,0.875,531.0,15000.0,2026-07-04T08:51:00-07:00,2026-07-04T08:51:00-07:00,480.0,0.0,0.0,0.0,False,False,,,False,False,True,False,0.0,,120.0,0.0,False,,0.0,0.0,0.0,,40.0,False,7.0,3.0,1.0,0.0,False,2,101.0,5:08 PM,,YESTERDAY,2026-07-05T01:28:00-07:00,CLIPHX_202607050828.txt,True,13.0,12.0,6.0,6.0,3.0,3.0,2.0,2.0,2.0,0.0,2.0,0.0,True,106,2026-07-04T04:01:00-07:00,2026-07-04T06:00:00-07:00,1.9833333333333332,PFMPSR_202607041101.txt,5.0,5.0
2026-07-05,108.0,2026-07-05 15:51:00-07:00,24,1.0,0.0,False,15.0,89.0,40.0,0.875,5.0,19.0,92.0,36.0,0.875,5.0,16.0,95.0,37.0,0.875,3.0,13.0,100.0,35.0,0.875,0.0,8.0,100.0,33.0,0.875,0.0,8.0,103.0,35.0,0.875,3.0,5.0,106.0,34.0,0.875,6.0,2.0,106.0,34.0,0.5,4.0,2.0,108.0,37.0,0.5,4.0,0.0,108.0,40.0,0.5,10.0,0.0,108.0,40.0,0.25,8.0,0.0,2026-07-05 15:51:00-07:00,15.85,0.78125,1.0,0.75,0.8272292993630573,471.0,411.0,471.0,0.75,180.0,0.2770700636942675,51.0,0.7794585987261147,471.0,17000.0,2026-07-05T08:51:00-07:00,2026-07-05T08:51:00-07:00,420.0,0.0,0.0,0.0,False,False,,,False,False,False,False,0.0,,180.0,0.0,False,,0.0,0.0,0.0,,37.0,False,6.0,5.0,6.0,2.0,False,3,110.0,5:02 PM,,YESTERDAY,2026-07-06T01:31:00-07:00,CLIPHX_202607060831.txt,True,21.0,18.0,15.0,10.0,10.0,7.0,4.0,4.0,2.0,2.0,2.0,-2.0,True,110,2026-07-05T04:01:00-07:00,2026-07-05T06:00:00-07:00,1.9833333333333332,PFMPSR_202607051101.txt,0.0,0.0
2026-07-06,112.0,2026-07-06 16:51:00-07:00,24,0.875,0.0,False,19.0,93.0,44.0,0.5,7.0,19.0,97.0,42.0,0.25,4.0,15.0,100.0,42.0,0.25,3.0,12.0,102.0,43.0,0.25,0.0,10.0,104.0,43.0,0.25,4.0,8.0,107.0,43.0,0.25,3.0,5.0,107.0,43.0,0.25,0.0,5.0,110.0,43.0,0.25,4.0,2.0,111.0,43.0,0.25,10.0,1.0,112.0,42.0,0.25,8.0,0.0,111.0,40.0,0.25,12.0,1.0,2026-07-06 16:51:00-07:00,16.85,0.25,0.0,0.0,0.2740112994350282,51.0,0.0,531.0,0.25,0.0,0.19350282485875706,0.0,0.19350282485875706,0.0,,,,,0.0,0.0,0.0,False,False,,,False,False,True,False,0.0,,160.0,19.0,False,,0.0,0.0,0.0,,43.0,False,7.0,4.0,3.0,4.0,False,2,113.0,3:16 PM,,YESTERDAY,2026-07-07T01:23:00-07:00,CLIPHX_202607070823.txt,True,20.0,16.0,13.0,11.0,9.0,6.0,6.0,3.0,2.0,1.0,2.0,-1.0,True,112,2026-07-06T04:01:00-07:00,2026-07-06T06:00:00-07:00,1.9833333333333332,PFMPSR_202607061101.txt,-1.0,1.0
2026-07-07,113.0,2026-07-07 16:51:00-07:00,24,0.5,0.0,False,21.0,96.0,52.0,0.25,6.0,17.0,97.0,52.0,0.25,0.0,16.0,102.0,51.0,0.25,4.0,11.0,103.0,51.0,0.0,3.0,10.0,105.0,51.0,0.25,0.0,8.0,108.0,50.0,0.25,6.0,5.0,110.0,49.0,0.25,5.0,3.0,111.0,51.0,0.25,8.0,2.0,112.0,49.0,0.25,9.0,1.0,113.0,49.0,0.25,10.0,0.0,110.0,49.0,0.25,10.0,3.0,2026-07-07 16:51:00-07:00,16.85,0.2222222222222222,0.0,0.0,0.22175141242937854,0.0,0.0,531.0,0.25,0.0,0.19350282485875706,0.0,0.22175141242937854,0.0,,,,,0.0,0.0,0.0,False,False,,,False,False,True,False,0.0,,180.0,21.0,False,,0.0,0.0,0.0,,52.0,True,6.0,3.0,5.0,2.0,False,2,113.0,4:52 PM,,YESTERDAY,2026-07-08T01:22:00-07:00,CLIPHX_202607080822.txt,True,17.0,16.0,11.0,10.0,8.0,5.0,3.0,2.0,1.0,0.0,3.0,0.0,True,114,2026-07-07T04:01:00-07:00,2026-07-07T06:00:00-07:00,1.9833333333333332,PFMPSR_202607071101.txt,1.0,1.0
2026-07-08,112.0,2026-07-08 15:51:00-07:00,24,0.5,0.0,False,21.0,99.0,51.0,0.25,10.0,13.0,100.0,51.0,0.25,11.0,12.0,102.0,48.0,0.0,10.0,10.0,103.0,48.0,0.25,6.0,9.0,105.0,48.0,0.25,8.0,7.0,109.0,51.0,0.25,9.0,3.0,109.0,51.0,0.25,9.0,3.0,109.0,54.0,0.25,7.0,3.0,112.0,54.0,0.25,11.0,0.0,111.0,53.0,0.25,9.0,1.0,110.0,54.0,0.25,10.0,2.0,2026-07-08 15:51:00-07:00,15.85,0.21875,0.0,0.0,0.21815286624203822,0.0,0.0,471.0,0.25,0.0,0.21815286624203822,0.0,0.21815286624203822,0.0,,,,,0.0,0.0,0.0,False,False,,,False,False,True,True,0.0,,30.0,20.0,False,,0.0,0.0,0.0,,54.0,True,3.0,3.0,4.0,3.0,False,3,113.0,4:35 PM,,YESTERDAY,2026-07-09T01:12:00-07:00,CLIPHX_202607090812.txt,True,14.0,13.0,11.0,10.0,8.0,4.0,4.0,4.0,1.0,2.0,3.0,-1.0,True,114,2026-07-08T04:01:00-07:00,2026-07-08T06:00:00-07:00,1.9833333333333332,PFMPSR_202607081101.txt,1.0,1.0
2026-07-09,112.0,2026-07-09 15:51:00-07:00,24,0.25,0.0,False,24.0,97.0,59.0,0.0,6.0,15.0,100.0,59.0,0.0,0.0,12.0,103.0,57.0,0.0,5.0,9.0,105.0,54.0,0.0,5.0,7.0,108.0,54.0,0.25,4.0,4.0,111.0,54.0,0.25,3.0,1.0,109.0,54.0,0.25,8.0,3.0,111.0,54.0,0.25,14.0,1.0,112.0,52.0,0.25,16.0,0.0,112.0,54.0,0.25,7.0,0.0,111.0,54.0,0.25,12.0,1.0,2026-07-09 15:51:00-07:00,15.85,0.15625,0.0,0.0,0.12738853503184713,0.0,0.0,471.0,0.25,0.0,0.12738853503184713,0.0,0.12738853503184713,0.0,,,,,0.0,0.0,0.0,False,False,,,False,False,True,True,2.0,2026-07-09T13:51:00-07:00,20.0,24.0,False,,0.0,0.0,0.0,,59.0,True,6.0,5.0,1.0,3.0,False,3,113.0,5:27 PM,,YESTERDAY,2026-07-10T01:21:00-07:00,CLIPHX_202607100821.txt,True,16.0,13.0,10.0,8.0,5.0,2.0,4.0,2.0,1.0,1.0,2.0,-1.0,True,114,2026-07-09T04:01:00-07:00,2026-07-09T06:00:00-07:00,1.9833333333333332,PFMPSR_202607091101.txt,1.0,1.0
2026-07-10,111.0,2026-07-10 16:51:00-07:00,27,0.875,0.0,False,22.0,93.0,61.0,0.25,3.0,18.0,95.0,62.0,0.25,3.0,16.0,97.0,62.0,0.25,0.0,14.0,98.0,60.0,0.25,3.0,13.0,101.0,59.0,0.25,4.0,10.0,104.0,58.0,0.25,7.0,7.0,108.0,58.0,0.25,8.0,3.0,109.0,57.0,0.25,9.0,2.0,109.0,56.0,0.25,11.0,2.0,111.0,52.0,0.25,9.0,0.0,109.0,54.0,0.25,13.0,2.0,2026-07-10 16:51:00-07:00,16.85,0.25,0.0,0.0,0.25,0.0,0.0,531.0,0.25,0.0,0.25,0.0,0.25,0.0,,,,,0.0,0.0,0.0,False,False,,,False,False,False,False,0.0,,90.0,22.0,False,,0.0,0.0,0.0,,62.0,True,4.0,4.0,7.0,1.0,False,2,111.0,5:11 PM,,YESTERDAY,2026-07-11T01:36:00-07:00,CLIPHX_202607110836.txt,True,18.0,16.0,14.0,13.0,10.0,7.0,3.0,2.0,2.0,0.0,2.0,0.0,True,112,2026-07-10T04:01:00-07:00,2026-07-10T06:00:00-07:00,1.9833333333333332,PFMPSR_202607101101.txt,1.0,1.0
2026-07-11,108.0,2026-07-11 15:51:00-07:00,28,0.875,0.0,False,25.0,93.0,62.0,0.875,3.0,15.0,95.0,62.0,0.875,5.0,13.0,97.0,62.0,0.5,6.0,11.0,101.0,60.0,0.5,6.0,7.0,102.0,58.0,0.5,9.0,6.0,104.0,57.0,0.25,8.0,4.0,107.0,58.0,0.25,9.0,1.0,107.0,57.0,0.25,14.0,1.0,108.0,56.0,0.25,11.0,0.0,108.0,56.0,0.25,15.0,0.0,108.0,56.0,0.5,13.0,0.0,2026-07-11 15:51:00-07:00,15.85,0.421875,0.5,0.125,0.4928343949044586,291.0,111.0,471.0,0.25,0.0,0.21815286624203822,0.0,0.3089171974522293,111.0,25000.0,2026-07-11T08:51:00-07:00,2026-07-11T08:51:00-07:00,420.0,0.0,0.0,0.0,False,False,,,False,False,False,True,0.0,,40.0,19.0,False,,0.0,0.0,0.0,,62.0,True,4.0,5.0,5.0,1.0,False,3,109.0,5:13 PM,,YESTERDAY,2026-07-12T01:43:00-07:00,CLIPHX_202607120843.txt,True,16.0,14.0,12.0,8.0,7.0,5.0,2.0,2.0,1.0,1.0,1.0,-1.0,True,110,2026-07-11T04:01:00-07:00,2026-07-11T06:00:00-07:00,1.9833333333333332,PFMPSR_202607111101.txt,1.0,1.0
2026-07-12,108.0,2026-07-12 16:51:00-07:00,28,1.0,0.0,False,32.0,93.0,64.0,0.5,11.0,15.0,95.0,63.0,0.875,5.0,13.0,98.0,63.0,0.5,0.0,10.0,100.0,63.0,0.25,7.0,8.0,102.0,62.0,0.25,5.0,6.0,105.0,63.0,0.25,11.0,3.0,105.0,61.0,0.25,5.0,3.0,107.0,60.0,0.25,8.0,1.0,107.0,59.0,0.5,7.0,1.0,108.0,57.0,0.875,10.0,0.0,105.0,57.0,0.875,16.0,3.0,2026-07-12 16:51:00-07:00,16.85,0.4444444444444444,0.4444444444444444,0.2222222222222222,0.4011299435028249,231.0,60.0,531.0,0.3333333333333333,60.0,0.2542372881355932,60.0,0.3728813559322034,171.0,18000.0,2026-07-12T08:51:00-07:00,2026-07-12T08:51:00-07:00,480.0,0.0,0.0,0.0,False,False,,,False,False,True,True,0.0,,60.0,20.0,False,,0.0,0.0,0.0,,63.0,True,5.0,4.0,3.0,2.0,False,3,109.0,4:50 PM,,YESTERDAY,2026-07-13T01:37:00-07:00,CLIPHX_202607130837.txt,True,16.0,14.0,11.0,9.0,7.0,4.0,4.0,2.0,2.0,1.0,4.0,-1.0,True,109,2026-07-12T04:01:00-07:00,2026-07-12T06:00:00-07:00,1.9833333333333332,PFMPSR_202607121101.txt,0.0,0.0
2026-07-13,107.0,2026-07-13 16:51:00-07:00,33,1.0,0.89,True,46.0,87.0,65.0,0.875,7.0,20.0,89.0,62.0,0.875,3.0,18.0,93.0,63.0,0.875,4.0,14.0,94.0,62.0,0.875,3.0,13.0,99.0,62.0,0.5,4.0,8.0,101.0,62.0,0.5,3.0,6.0,105.0,60.0,0.5,12.0,2.0,105.0,60.0,0.5,10.0,2.0,106.0,59.0,0.5,10.0,1.0,107.0,58.0,0.875,3.0,0.0,106.0,60.0,0.875,8.0,1.0,2026-07-13 16:51:00-07:00,16.85,0.6666666666666666,1.0,0.4444444444444444,0.663135593220339,531.0,231.0,531.0,0.5,180.0,0.25,0.0,0.5141242937853108,291.0,15000.0,2026-07-13T08:51:00-07:00,2026-07-13T08:51:00-07:00,480.0,0.38,0.01,0.37,True,True,2026-07-13T01:51:00-07:00,900.0,False,True,True,True,0.0,,70.0,17.0,False,,0.0,0.0,0.0,,63.0,True,6.0,6.0,6.0,1.0,False,4,108.0,4:49 PM,,YESTERDAY,2026-07-14T01:23:00-07:00,CLIPHX_202607140823.txt,True,21.0,19.0,15.0,14.0,9.0,7.0,3.0,3.0,2.0,1.0,2.0,-1.0,True,107,2026-07-13T04:01:00-07:00,2026-07-13T06:00:00-07:00,1.9833333333333332,PFMPSR_202607131101.txt,-1.0,1.0
2026-07-14,106.0,2026-07-14 16:51:00-07:00,24,0.875,0.0,False,,86.0,72.0,0.875,3.0,20.0,89.0,69.0,0.875,0.0,17.0,92.0,68.0,0.875,0.0,14.0,95.0,66.0,0.875,4.0,11.0,97.0,63.0,0.875,3.0,9.0,98.0,62.0,0.5,0.0,8.0,101.0,63.0,0.5,3.0,5.0,103.0,63.0,0.5,4.0,3.0,104.0,61.0,0.5,6.0,2.0,106.0,60.0,0.5,8.0,0.0,106.0,59.0,0.5,5.0,0.0,2026-07-14 16:51:00-07:00,16.85,0.6666666666666666,1.0,0.4444444444444444,0.7055084745762712,531.0,291.0,531.0,0.5,180.0,0.25,0.0,0.6271186440677966,531.0,15000.0,2026-07-14T08:51:00-07:00,2026-07-14T08:51:00-07:00,480.0,0.0,0.0,0.0,False,False,,,False,False,True,True,0.0,,50.0,0.0,False,,0.0,0.0,0.0,,69.0,True,6.0,5.0,4.0,3.0,False,2,107.0,5:47 PM,,YESTERDAY,2026-07-15T01:35:00-07:00,CLIPHX_202607150835.txt,True,21.0,18.0,15.0,12.0,10.0,9.0,6.0,4.0,3.0,1.0,1.0,-1.0,True,107,2026-07-14T04:01:00-07:00,2026-07-14T06:00:00-07:00,1.9833333333333332,PFMPSR_202607141101.txt,0.0,0.0
2026-07-15,108.0,2026-07-15 15:51:00-07:00,26,1.0,0.0,True,40.0,94.0,65.0,0.875,8.0,14.0,97.0,63.0,0.875,10.0,11.0,98.0,62.0,0.875,6.0,10.0,100.0,63.0,0.875,9.0,8.0,101.0,61.0,0.875,3.0,7.0,102.0,61.0,0.875,7.0,6.0,105.0,61.0,0.875,3.0,3.0,104.0,60.0,0.5,6.0,4.0,108.0,59.0,0.5,7.0,0.0,106.0,58.0,0.5,4.0,2.0,108.0,58.0,0.875,9.0,0.0,2026-07-15 15:51:00-07:00,15.85,0.78125,1.0,0.75,0.8272292993630573,471.0,411.0,471.0,0.75,180.0,0.25,0.0,0.7794585987261147,471.0,15000.0,2026-07-15T08:51:00-07:00,2026-07-15T08:51:00-07:00,420.0,0.0,0.0,0.0,False,False,,,False,True,True,True,1.0,2026-07-15T14:51:00-07:00,120.0,0.0,False,,0.0,0.0,0.0,,63.0,True,4.0,3.0,4.0,3.0,False,3,109.0,4:07 PM,,YESTERDAY,2026-07-16T01:42:00-07:00,CLIPHX_202607160842.txt,True,15.0,12.0,11.0,9.0,8.0,7.0,4.0,5.0,1.0,3.0,1.0,-1.0,True,108,2026-07-15T04:01:00-07:00,2026-07-15T06:00:00-07:00,1.9833333333333332,PFMPSR_202607151101.txt,-1.0,1.0
2026-07-16,101.0,2026-07-16 16:51:00-07:00,28,0.875,0.0,True,32.0,89.0,64.0,0.875,6.0,12.0,90.0,63.0,0.875,5.0,11.0,92.0,64.0,0.875,4.0,9.0,94.0,63.0,0.875,0.0,7.0,96.0,64.0,0.875,7.0,5.0,99.0,65.0,0.875,7.0,2.0,98.0,65.0,0.875,12.0,3.0,99.0,65.0,0.875,7.0,2.0,100.0,64.0,0.5,6.0,1.0,101.0,63.0,0.875,13.0,0.0,100.0,63.0,0.875,12.0,1.0,2026-07-16 16:51:00-07:00,16.85,0.8333333333333334,1.0,0.8888888888888888,0.8326271186440678,531.0,471.0,531.0,0.75,180.0,0.4053672316384181,240.0,0.7055084745762712,531.0,11000.0,2026-07-16T08:51:00-07:00,2026-07-16T08:51:00-07:00,480.0,0.0,0.0,0.0,False,False,,,False,True,True,True,1.0,2026-07-16T13:51:00-07:00,70.0,19.0,False,,0.0,0.0,0.0,,65.0,True,3.0,4.0,2.0,2.0,False,2,102.0,4:58 PM,,YESTERDAY,2026-07-17T01:29:00-07:00,CLIPHX_202607170829.txt,True,13.0,12.0,10.0,8.0,6.0,3.0,4.0,3.0,2.0,1.0,2.0,-1.0,True,103,2026-07-16T04:01:00-07:00,2026-07-16T06:00:00-07:00,1.9833333333333332,PFMPSR_202607161101.txt,1.0,1.0
2026-07-17,93.0,2026-07-17 17:51:00-07:00,24,1.0,0.04,False,24.0,82.0,70.0,1.0,8.0,11.0,80.0,72.0,1.0,12.0,13.0,79.0,73.0,1.0,5.0,14.0,78.0,72.0,1.0,10.0,15.0,80.0,71.0,1.0,11.0,13.0,82.0,71.0,1.0,6.0,11.0,87.0,71.0,0.875,8.0,6.0,87.0,70.0,0.875,6.0,6.0,90.0,66.0,0.875,5.0,3.0,92.0,67.0,0.5,5.0,1.0,93.0,66.0,0.875,4.0,0.0,2026-07-17 17:51:00-07:00,17.85,0.9,1.0,0.9,0.9111675126903553,591.0,531.0,591.0,0.75,180.0,0.7480964467005076,531.0,0.9111675126903553,591.0,7000.0,2026-07-17T08:51:00-07:00,2026-07-17T08:51:00-07:00,540.0,0.04,0.04,0.0,True,False,2026-07-17T08:51:00-07:00,540.0,False,False,True,True,1.0,2026-07-17T09:51:00-07:00,70.0,0.0,False,,0.0,0.0,0.0,,73.0,True,-3.0,1.0,7.0,3.0,False,1,93.0,7:16 PM,,YESTERDAY,2026-07-18T01:12:00-07:00,CLIPHX_202607180812.txt,True,11.0,13.0,14.0,15.0,13.0,11.0,6.0,6.0,3.0,1.0,0.0,0.0,True,94,2026-07-17T04:01:00-07:00,2026-07-17T06:00:00-07:00,1.9833333333333332,PFMPSR_202607171101.txt,1.0,1.0
2026-07-18,95.0,2026-07-18 17:51:00-07:00,27,1.0,0.04,False,24.0,86.0,70.0,1.0,10.0,9.0,83.0,72.0,1.0,16.0,12.0,83.0,71.0,1.0,18.0,12.0,81.0,74.0,1.0,10.0,14.0,82.0,74.0,0.875,10.0,13.0,84.0,73.0,0.875,8.0,11.0,88.0,71.0,0.875,8.0,7.0,91.0,69.0,0.875,8.0,4.0,93.0,65.0,0.875,7.0,2.0,94.0,63.0,0.875,4.0,1.0,95.0,61.0,0.875,4.0,0.0,2026-07-18 17:51:00-07:00,17.85,0.8653846153846154,0.9230769230769231,0.9230769230769231,0.9206852791878173,588.0,588.0,591.0,0.875,180.0,0.5818527918781726,348.0,0.7571912013536379,588.0,7000.0,2026-07-18T08:51:00-07:00,2026-07-18T08:51:00-07:00,540.0,0.02,0.02,0.0,True,False,2026-07-18T10:44:00-07:00,427.0,False,False,True,False,3.0,2026-07-18T10:44:00-07:00,70.0,24.0,False,,0.0,0.0,0.0,,75.0,True,-3.0,-1.0,6.0,5.0,True,1,96.0,5:31 PM,,YESTERDAY,2026-07-19T01:14:00-07:00,CLIPHX_202607190814.txt,True,10.0,13.0,13.0,15.0,14.0,12.0,8.0,5.0,3.0,2.0,1.0,-1.0,True,97,2026-07-18T04:01:00-07:00,2026-07-18T06:00:00-07:00,1.9833333333333332,PFMPSR_202607181101.txt,1.0,1.0
2026-07-19,104.0,2026-07-19 15:51:00-07:00,24,1.0,0.0,False,,86.0,70.0,0.875,4.0,18.0,88.0,68.0,0.875,0.0,16.0,91.0,68.0,0.875,3.0,13.0,92.0,67.0,0.875,0.0,12.0,97.0,64.0,0.875,5.0,7.0,100.0,62.0,0.5,8.0,4.0,101.0,61.0,0.5,4.0,3.0,102.0,59.0,0.5,0.0,2.0,104.0,59.0,0.5,5.0,0.0,103.0,59.0,0.5,4.0,1.0,103.0,59.0,0.5,9.0,1.0,2026-07-19 15:51:00-07:00,15.85,0.6875,1.0,0.5,0.731687898089172,471.0,291.0,471.0,0.5,180.0,0.6679936305732485,351.0,0.731687898089172,471.0,10000.0,2026-07-19T08:51:00-07:00,2026-07-19T08:51:00-07:00,420.0,0.0,0.0,0.0,False,False,,,False,False,True,True,0.0,,10.0,0.0,False,,0.0,0.0,0.0,,68.0,True,5.0,6.0,4.0,3.0,False,3,105.0,3:57 PM,,YESTERDAY,2026-07-20T01:37:00-07:00,CLIPHX_202607200837.txt,True,19.0,17.0,14.0,13.0,8.0,5.0,4.0,3.0,1.0,2.0,2.0,-1.0,True,101,2026-07-19T04:01:00-07:00,2026-07-19T06:00:00-07:00,1.9833333333333332,PFMPSR_202607191101.txt,-4.0,4.0
2026-07-20,106.0,2026-07-20 16:51:00-07:00,29,1.0,0.0,True,59.0,91.0,60.0,0.875,7.0,15.0,91.0,60.0,0.875,7.0,15.0,94.0,59.0,0.875,3.0,12.0,97.0,58.0,0.875,3.0,9.0,98.0,58.0,0.875,0.0,8.0,102.0,58.0,0.875,11.0,4.0,103.0,57.0,0.875,9.0,3.0,105.0,57.0,0.5,9.0,1.0,105.0,57.0,0.5,11.0,1.0,106.0,57.0,0.875,10.0,0.0,104.0,57.0,0.875,6.0,2.0,2026-07-20 16:51:00-07:00,16.85,0.7625,1.0,0.7,0.7902542372881356,531.0,411.0,531.0,0.625,180.0,0.3806497175141243,111.0,0.6913841807909604,411.0,10000.0,2026-07-20T08:51:00-07:00,2026-07-20T08:51:00-07:00,480.0,0.0,0.0,0.0,False,False,,,False,True,True,True,0.0,,180.0,21.0,False,,0.0,0.0,0.0,,60.0,True,3.0,4.0,5.0,2.0,False,3,107.0,3:02 PM,,YESTERDAY,2026-07-21T01:23:00-07:00,CLIPHX_202607210823.txt,True,16.0,16.0,13.0,10.0,9.0,5.0,4.0,2.0,2.0,1.0,3.0,-1.0,True,105,2026-07-20T04:52:00-07:00,2026-07-20T06:00:00-07:00,1.1333333333333333,PFMPSR_202607201152.txt,-2.0,2.0
2026-07-21,100.0,2026-07-21 16:51:00-07:00,24,1.0,0.0,False,20.0,87.0,69.0,0.875,8.0,13.0,87.0,67.0,0.875,8.0,13.0,90.0,66.0,0.875,11.0,10.0,92.0,66.0,0.875,8.0,8.0,93.0,66.0,0.875,7.0,7.0,96.0,66.0,0.875,6.0,4.0,98.0,64.0,0.875,0.0,2.0,97.0,66.0,0.875,7.0,3.0,99.0,64.0,0.875,9.0,1.0,100.0,63.0,0.5,6.0,0.0,100.0,62.0,0.5,8.0,0.0,2026-07-21 16:51:00-07:00,16.85,0.8333333333333334,1.0,0.8888888888888888,0.875,531.0,531.0,531.0,0.875,180.0,0.3587570621468927,231.0,0.7055084745762712,531.0,16000.0,2026-07-21T08:51:00-07:00,2026-07-21T08:51:00-07:00,480.0,0.0,0.0,0.0,False,False,,,False,False,True,True,1.0,2026-07-21T14:51:00-07:00,140.0,0.0,False,,0.0,0.0,0.0,,67.0,True,3.0,3.0,5.0,1.0,False,2,101.0,5:42 PM,,YESTERDAY,2026-07-22T01:13:00-07:00,CLIPHX_202607220813.txt,True,14.0,14.0,11.0,9.0,8.0,5.0,3.0,4.0,2.0,1.0,1.0,-1.0,True,102,2026-07-21T04:01:00-07:00,2026-07-21T06:00:00-07:00,1.9833333333333332,PFMPSR_202607211101.txt,1.0,1.0
2026-07-22,106.0,2026-07-22 16:51:00-07:00,25,0.875,0.0,False,,88.0,66.0,0.875,10.0,18.0,89.0,68.0,0.875,9.0,17.0,93.0,65.0,0.875,4.0,13.0,95.0,65.0,0.5,5.0,11.0,96.0,64.0,0.5,3.0,10.0,100.0,63.0,0.5,7.0,6.0,100.0,62.0,0.25,0.0,6.0,102.0,62.0,0.5,7.0,4.0,104.0,62.0,0.5,5.0,2.0,106.0,61.0,0.5,5.0,0.0,104.0,61.0,0.5,4.0,2.0,2026-07-22 16:51:00-07:00,16.85,0.55,0.9,0.2,0.5925141242937854,471.0,171.0,531.0,0.4166666666666667,120.0,0.3587570621468927,231.0,0.4663370998116761,293.0,18000.0,2026-07-22T08:51:00-07:00,2026-07-22T08:51:00-07:00,480.0,0.0,0.0,0.0,False,False,,,False,False,True,True,0.0,,110.0,0.0,False,,0.0,0.0,0.0,,68.0,True,5.0,3.0,4.0,4.0,False,2,107.0,4:50 PM,,YESTERDAY,2026-07-23T01:15:00-07:00,CLIPHX_202607230815.txt,True,19.0,18.0,14.0,12.0,11.0,7.0,7.0,5.0,3.0,1.0,3.0,-1.0,True,104,2026-07-22T04:01:00-07:00,2026-07-22T06:00:00-07:00,1.9833333333333332,PFMPSR_202607221101.txt,-3.0,3.0
2026-07-23,113.0,2026-07-23 15:51:00-07:00,24,0.5,0.0,False,18.0,97.0,65.0,0.25,10.0,16.0,100.0,66.0,0.25,8.0,13.0,102.0,64.0,0.25,6.0,11.0,106.0,64.0,0.25,5.0,7.0,107.0,63.0,0.25,4.0,6.0,109.0,63.0,0.5,9.0,4.0,111.0,61.0,0.5,7.0,2.0,112.0,59.0,0.5,9.0,1.0,113.0,57.0,0.25,9.0,0.0,111.0,57.0,0.25,4.0,2.0,111.0,57.0,0.25,6.0,2.0,2026-07-23 15:51:00-07:00,15.85,0.34375,0.375,0.0,0.34554140127388533,180.0,0.0,471.0,0.5,180.0,0.34554140127388533,180.0,0.34554140127388533,180.0,,2026-07-23T12:51:00-07:00,,180.0,0.0,0.0,0.0,False,False,,,False,False,True,True,0.0,,110.0,18.0,False,,0.0,0.0,0.0,,66.0,True,5.0,5.0,4.0,2.0,False,3,114.0,4:29 PM,,YESTERDAY,2026-07-24T01:26:00-07:00,CLIPHX_202607240826.txt,True,17.0,14.0,12.0,8.0,7.0,5.0,3.0,2.0,1.0,3.0,3.0,-1.0,True,111,2026-07-23T04:01:00-07:00,2026-07-23T06:00:00-07:00,1.9833333333333332,PFMPSR_202607231101.txt,-3.0,3.0
2026-07-24,116.0,2026-07-24 15:51:00-07:00,24,0.875,0.0,False,19.0,101.0,62.0,0.5,7.0,15.0,102.0,61.0,0.5,0.0,14.0,105.0,61.0,0.5,0.0,11.0,106.0,61.0,0.5,6.0,10.0,109.0,60.0,0.5,4.0,7.0,110.0,59.0,0.5,7.0,6.0,111.0,59.0,0.5,5.0,5.0,115.0,58.0,0.5,8.0,1.0,116.0,57.0,0.5,10.0,0.0,115.0,54.0,0.5,8.0,1.0,113.0,54.0,0.5,3.0,3.0,2026-07-24 15:51:00-07:00,15.85,0.5,1.0,0.0,0.5,471.0,0.0,471.0,0.5,180.0,0.25,0.0,0.25,0.0,,2026-07-24T08:51:00-07:00,,420.0,0.0,0.0,0.0,False,False,,,False,False,True,True,0.0,,70.0,18.0,False,,0.0,0.0,0.0,,61.0,True,4.0,4.0,2.0,5.0,False,3,117.0,3:16 PM,R,YESTERDAY,2026-07-25T01:25:00-07:00,CLIPHX_202607250825.txt,True,16.0,15.0,12.0,11.0,8.0,7.0,6.0,2.0,1.0,2.0,4.0,-1.0,True,115,2026-07-24T04:01:00-07:00,2026-07-24T06:00:00-07:00,1.9833333333333332,PFMPSR_202607241101.txt,-2.0,2.0
2026-07-25,116.0,2026-07-25 13:51:00-07:00,29,0.875,0.0,True,43.0,100.0,63.0,0.25,6.0,16.0,103.0,60.0,0.25,4.0,13.0,105.0,59.0,0.5,4.0,11.0,106.0,60.0,0.5,4.0,10.0,112.0,58.0,0.5,11.0,4.0,114.0,56.0,0.5,12.0,2.0,116.0,57.0,0.5,12.0,0.0,116.0,59.0,0.875,15.0,0.0,112.0,59.0,0.875,10.0,4.0,102.0,60.0,0.875,21.0,14.0,102.0,60.0,0.875,13.0,14.0,2026-07-25 13:51:00-07:00,13.85,0.4583333333333333,0.8333333333333334,0.0,0.42094017094017094,240.0,0.0,351.0,0.5,180.0,0.17094017094017094,60.0,0.3782051282051282,180.0,,2026-07-25T09:51:00-07:00,,240.0,0.0,0.0,0.0,False,False,,,False,True,True,True,0.0,,20.0,20.0,False,,0.0,0.0,0.0,,60.0,True,5.0,7.0,4.0,-4.0,False,10,117.0,2:35 PM,,YESTERDAY,2026-07-26T01:47:00-07:00,CLIPHX_202607260847.txt,True,17.0,14.0,12.0,11.0,5.0,3.0,1.0,1.0,5.0,15.0,15.0,-1.0,True,117,2026-07-25T04:17:00-07:00,2026-07-25T06:00:00-07:00,1.7166666666666666,PFMPSR_202607251117.txt,0.0,0.0
2026-07-26,109.0,2026-07-26 15:51:00-07:00,24,0.875,0.0,False,18.0,96.0,63.0,0.5,0.0,13.0,98.0,62.0,0.25,11.0,11.0,100.0,61.0,0.25,8.0,9.0,101.0,61.0,0.25,6.0,8.0,103.0,61.0,0.25,5.0,6.0,106.0,60.0,0.5,9.0,3.0,107.0,59.0,0.5,6.0,2.0,108.0,60.0,0.25,4.0,1.0,109.0,60.0,0.25,9.0,0.0,109.0,60.0,0.25,7.0,0.0,108.0,61.0,0.5,9.0,1.0,2026-07-26 15:51:00-07:00,15.85,0.3125,0.25,0.0,0.34076433121019106,171.0,0.0,471.0,0.4166666666666667,120.0,0.25,0.0,0.25,0.0,,2026-07-26T12:51:00-07:00,,180.0,0.0,0.0,0.0,False,False,,,False,False,True,True,0.0,,100.0,17.0,False,,0.0,0.0,0.0,,62.0,True,4.0,3.0,4.0,2.0,False,3,110.0,5:19 PM,,YESTERDAY,2026-07-27T01:15:00-07:00,CLIPHX_202607270815.txt,True,14.0,12.0,10.0,9.0,7.0,4.0,3.0,2.0,1.0,1.0,2.0,-1.0,True,110,2026-07-26T04:01:00-07:00,2026-07-26T06:00:00-07:00,1.9833333333333332,PFMPSR_202607261101.txt,0.0,0.0
2026-07-27,112.0,2026-07-27 14:51:00-07:00,23,1.0,0.0,False,22.0,96.0,64.0,0.25,12.0,16.0,99.0,63.0,0.25,9.0,13.0,101.0,62.0,0.25,8.0,11.0,103.0,61.0,0.25,7.0,9.0,104.0,63.0,0.25,5.0,8.0,108.0,62.0,0.25,13.0,4.0,110.0,62.0,0.25,12.0,2.0,112.0,61.0,0.25,12.0,0.0,110.0,60.0,0.25,9.0,2.0,111.0,59.0,0.5,14.0,1.0,111.0,57.0,0.5,11.0,1.0,2026-07-27 14:51:00-07:00,14.85,0.25,0.0,0.0,0.25,0.0,0.0,411.0,0.25,0.0,0.10948905109489052,0.0,0.10948905109489052,0.0,,,,,0.0,0.0,0.0,False,False,,,False,False,True,True,0.0,,50.0,22.0,False,,0.0,0.0,0.0,,63.0,True,5.0,3.0,6.0,0.0,False,4,113.0,5:06 PM,,YESTERDAY,2026-07-28T01:14:00-07:00,CLIPHX_202607280814.txt,True,17.0,14.0,12.0,10.0,9.0,5.0,3.0,1.0,3.0,2.0,2.0,-1.0,True,111,2026-07-27T04:01:00-07:00,2026-07-27T06:00:00-07:00,1.9833333333333332,PFMPSR_202607271101.txt,-2.0,2.0
2026-07-28,105.0,2026-07-28 14:51:00-07:00,29,1.0,0.04,True,25.0,85.0,70.0,0.875,9.0,20.0,90.0,68.0,0.875,7.0,15.0,92.0,68.0,0.875,0.0,13.0,95.0,67.0,0.5,4.0,10.0,97.0,67.0,0.875,5.0,8.0,100.0,66.0,0.5,7.0,5.0,104.0,65.0,0.5,9.0,1.0,105.0,64.0,0.25,10.0,0.0,104.0,62.0,0.25,6.0,1.0,105.0,62.0,0.25,11.0,0.0,105.0,60.0,0.25,6.0,0.0,2026-07-28 14:51:00-07:00,14.85,0.625,0.8571428571428571,0.42857142857142855,0.7107664233576643,411.0,231.0,411.0,0.625,180.0,0.43704379562043794,231.0,0.583029197080292,291.0,15000.0,2026-07-28T08:51:00-07:00,2026-07-28T08:51:00-07:00,360.0,0.02,0.02,0.0,True,False,2026-07-28T03:41:00-07:00,670.0,True,False,True,True,0.0,,160.0,21.0,False,,0.0,0.0,0.0,,68.0,True,7.0,5.0,7.0,0.0,False,4,107.0,4:57 PM,,YESTERDAY,2026-07-29T01:50:00-07:00,CLIPHX_202607290850.txt,True,22.0,17.0,15.0,12.0,10.0,7.0,3.0,2.0,3.0,2.0,2.0,-2.0,True,110,2026-07-28T05:22:00-07:00,2026-07-28T06:00:00-07:00,0.6333333333333333,PFMPSR_202607281222.txt,3.0,3.0
2026-07-29,109.0,2026-07-29 13:51:00-07:00,24,0.875,0.0,False,22.0,94.0,62.0,0.5,4.0,15.0,97.0,61.0,0.5,4.0,12.0,98.0,62.0,0.5,5.0,11.0,103.0,61.0,0.5,5.0,6.0,103.0,60.0,0.5,0.0,6.0,104.0,61.0,0.5,3.0,5.0,109.0,61.0,0.25,7.0,0.0,108.0,60.0,0.5,7.0,1.0,109.0,61.0,0.5,5.0,0.0,109.0,60.0,0.875,4.0,0.0,109.0,59.0,0.5,9.0,0.0,2026-07-29 13:51:00-07:00,13.85,0.4583333333333333,0.8333333333333334,0.0,0.5,351.0,0.0,351.0,0.5,180.0,0.25,0.0,0.25,0.0,,2026-07-29T08:51:00-07:00,,300.0,0.0,0.0,0.0,False,False,,,False,False,True,True,0.0,,90.0,0.0,False,,0.0,0.0,0.0,,62.0,True,4.0,5.0,6.0,0.0,False,5,111.0,5:11 PM,,YESTERDAY,2026-07-30T01:16:00-07:00,CLIPHX_202607300816.txt,True,17.0,14.0,13.0,8.0,8.0,7.0,2.0,3.0,2.0,2.0,2.0,-2.0,True,111,2026-07-29T04:01:00-07:00,2026-07-29T06:00:00-07:00,1.9833333333333332,PFMPSR_202607291101.txt,0.0,0.0
2026-07-30,113.0,2026-07-30 14:51:00-07:00,24,0.875,0.0,False,,97.0,56.0,0.875,7.0,16.0,99.0,55.0,0.875,7.0,14.0,101.0,54.0,0.875,5.0,12.0,105.0,54.0,0.5,7.0,8.0,106.0,55.0,0.5,0.0,7.0,109.0,55.0,0.5,0.0,4.0,110.0,56.0,0.5,0.0,3.0,113.0,54.0,0.25,7.0,0.0,112.0,52.0,0.25,8.0,1.0,113.0,51.0,0.25,10.0,0.0,113.0,51.0,0.25,10.0,0.0,2026-07-30 14:51:00-07:00,14.85,0.5714285714285714,0.8571428571428571,0.2857142857142857,0.656021897810219,411.0,171.0,411.0,0.5,180.0,0.25,0.0,0.28102189781021897,51.0,27000.0,2026-07-30T08:51:00-07:00,2026-07-30T08:51:00-07:00,360.0,0.0,0.0,0.0,False,False,,,False,False,False,True,0.0,,30.0,0.0,False,,0.0,0.0,0.0,,56.0,True,4.0,5.0,4.0,2.0,False,4,113.0,5:51 PM,,YESTERDAY,2026-07-31T01:31:00-07:00,CLIPHX_202607310831.txt,True,16.0,14.0,12.0,8.0,7.0,4.0,3.0,0.0,1.0,0.0,0.0,0.0,True,113,2026-07-30T04:01:00-07:00,2026-07-30T06:00:00-07:00,1.9833333333333332,PFMPSR_202607301101.txt,0.0,0.0
2026-07-31,114.0,2026-07-31 15:51:00-07:00,24,0.875,0.0,False,20.0,97.0,49.0,0.875,4.0,17.0,99.0,50.0,0.875,10.0,15.0,101.0,49.0,0.875,11.0,13.0,102.0,49.0,0.875,3.0,12.0,107.0,50.0,0.875,5.0,7.0,108.0,52.0,0.875,5.0,6.0,111.0,53.0,0.875,6.0,3.0,112.0,51.0,0.5,12.0,2.0,114.0,51.0,0.5,13.0,0.0,114.0,50.0,0.5,11.0,0.0,113.0,49.0,0.5,14.0,1.0,2026-07-31 15:51:00-07:00,15.85,0.78125,1.0,0.75,0.8272292993630573,471.0,411.0,471.0,0.75,180.0,0.06369426751592357,0.0,0.25,0.0,27000.0,2026-07-31T08:51:00-07:00,2026-07-31T08:51:00-07:00,420.0,0.0,0.0,0.0,False,False,,,False,False,True,True,0.0,,70.0,20.0,False,,0.0,0.0,0.0,,53.0,True,4.0,6.0,4.0,3.0,False,3,115.0,5:34 PM,,YESTERDAY,2026-08-01T01:16:00-07:00,CLIPHX_202608010816.txt,True,18.0,16.0,14.0,13.0,8.0,7.0,4.0,3.0,1.0,1.0,2.0,-1.0,True,115,2026-07-31T04:01:00-07:00,2026-07-31T06:00:00-07:00,1.9833333333333332,PFMPSR_202607311101.txt,0.0,0.0
2026-08-01,114.0,2026-08-01 16:51:00-07:00,24,0.5,0.0,False,22.0,97.0,59.0,0.5,8.0,17.0,101.0,59.0,0.5,7.0,13.0,104.0,59.0,0.5,9.0,10.0,106.0,55.0,0.25,4.0,8.0,107.0,56.0,0.25,4.0,7.0,109.0,56.0,0.5,5.0,5.0,111.0,53.0,0.5,6.0,3.0,113.0,50.0,0.5,11.0,1.0,113.0,49.0,0.25,15.0,1.0,114.0,48.0,0.25,11.0,0.0,114.0,49.0,0.25,8.0,0.0,2026-08-01 16:51:00-07:00,16.85,0.3888888888888889,0.5555555555555556,0.0,0.4152542372881356,351.0,0.0,531.0,0.4166666666666667,120.0,0.25,0.0,0.25,0.0,,2026-08-01T08:51:00-07:00,,480.0,0.0,0.0,0.0,False,False,,,False,False,True,True,0.0,,180.0,22.0,False,,0.0,0.0,0.0,,59.0,True,7.0,3.0,4.0,2.0,False,2,116.0,3:36 PM,R,YESTERDAY,2026-08-02T01:12:00-07:00,CLIPHX_202608020812.txt,True,19.0,15.0,12.0,10.0,9.0,7.0,5.0,3.0,3.0,2.0,2.0,-2.0,True,116,2026-08-01T04:01:00-07:00,2026-08-01T06:00:00-07:00,1.9833333333333332,PFMPSR_202608011101.txt,0.0,0.0
2026-08-02,114.0,2026-08-02 16:51:00-07:00,25,0.875,0.0,False,23.0,98.0,56.0,0.5,7.0,16.0,101.0,56.0,0.25,8.0,13.0,105.0,56.0,0.25,5.0,9.0,106.0,55.0,0.25,3.0,8.0,107.0,55.0,0.5,4.0,7.0,109.0,53.0,0.5,6.0,5.0,111.0,52.0,0.25,7.0,3.0,113.0,53.0,0.25,8.0,1.0,113.0,53.0,0.25,11.0,1.0,114.0,53.0,0.25,14.0,0.0,112.0,53.0,0.25,7.0,2.0,2026-08-02 16:51:00-07:00,16.85,0.3055555555555556,0.2222222222222222,0.0,0.3305084745762712,171.0,0.0,531.0,0.25,0.0,0.25,0.0,0.3022598870056497,111.0,,2026-08-02T11:51:00-07:00,,300.0,0.0,0.0,0.0,False,False,,,False,False,True,True,0.0,,150.0,23.0,False,,0.0,0.0,0.0,,56.0,True,7.0,2.0,4.0,2.0,False,3,115.0,4:40 PM,R,YESTERDAY,2026-08-03T01:24:00-07:00,CLIPHX_202608030824.txt,True,17.0,14.0,10.0,9.0,8.0,6.0,4.0,2.0,2.0,1.0,3.0,-1.0,True,115,2026-08-02T04:01:00-07:00,2026-08-02T06:00:00-07:00,1.9833333333333332,PFMPSR_202608021101.txt,0.0,0.0
2026-08-03,115.0,2026-08-03 14:51:00-07:00,29,1.0,0.0,False,42.0,100.0,59.0,0.875,5.0,15.0,102.0,59.0,0.875,7.0,13.0,105.0,58.0,0.5,6.0,10.0,105.0,57.0,0.5,0.0,10.0,107.0,56.0,0.5,5.0,8.0,110.0,57.0,0.5,9.0,5.0,111.0,53.0,0.5,4.0,4.0,115.0,53.0,0.5,7.0,0.0,115.0,52.0,0.5,11.0,0.0,114.0,52.0,0.5,15.0,1.0,114.0,51.0,0.5,14.0,1.0,2026-08-03 14:51:00-07:00,14.85,0.5535714285714286,1.0,0.14285714285714285,0.6012773722627737,411.0,111.0,411.0,0.5,180.0,0.25,0.0,0.3905109489051095,231.0,27000.0,2026-08-03T08:51:00-07:00,2026-08-03T08:51:00-07:00,360.0,0.0,0.0,0.0,False,False,,,False,False,True,True,0.0,,170.0,0.0,False,,0.0,0.0,0.0,,59.0,True,5.0,2.0,4.0,4.0,False,4,116.0,4:33 PM,R,YESTERDAY,2026-08-04T01:28:00-07:00,CLIPHX_202608040828.txt,True,16.0,14.0,11.0,11.0,9.0,6.0,5.0,1.0,1.0,2.0,2.0,-1.0,True,114,2026-08-03T04:01:00-07:00,2026-08-03T06:00:00-07:00,1.9833333333333332,PFMPSR_202608031101.txt,-2.0,2.0
2026-08-04,106.0,2026-08-04 16:51:00-07:00,25,1.0,0.0,False,24.0,94.0,61.0,0.875,5.0,12.0,94.0,61.0,0.875,6.0,12.0,95.0,62.0,0.875,3.0,11.0,97.0,61.0,0.875,5.0,9.0,97.0,60.0,0.875,10.0,9.0,100.0,59.0,0.875,6.0,6.0,101.0,59.0,0.875,7.0,5.0,103.0,58.0,0.875,8.0,3.0,105.0,58.0,0.875,12.0,1.0,106.0,57.0,0.875,12.0,0.0,106.0,60.0,0.875,14.0,0.0,2026-08-04 16:51:00-07:00,16.85,0.875,1.0,1.0,0.875,531.0,531.0,531.0,0.875,180.0,0.05649717514124294,0.0,0.5847457627118644,531.0,17000.0,2026-08-04T08:51:00-07:00,2026-08-04T08:51:00-07:00,480.0,0.0,0.0,0.0,False,False,,,False,False,False,False,0.0,,90.0,20.0,False,,0.0,0.0,0.0,,62.0,True,1.0,2.0,4.0,4.0,False,2,107.0,6:14 PM,,YESTERDAY,2026-08-05T01:21:00-07:00,CLIPHX_202608050821.txt,True,13.0,13.0,12.0,10.0,10.0,7.0,6.0,4.0,2.0,1.0,1.0,-1.0,True,110,2026-08-04T04:01:00-07:00,2026-08-04T06:00:00-07:00,1.9833333333333332,PFMPSR_202608041101.txt,3.0,3.0
2026-08-05,104.0,2026-08-05 16:51:00-07:00,24,0.875,0.0,False,20.0,93.0,66.0,0.875,10.0,11.0,95.0,66.0,0.875,9.0,9.0,97.0,64.0,0.875,8.0,7.0,97.0,65.0,0.875,10.0,7.0,98.0,65.0,0.875,8.0,6.0,100.0,66.0,0.875,8.0,4.0,101.0,65.0,0.875,12.0,3.0,101.0,63.0,0.875,5.0,3.0,103.0,65.0,0.5,12.0,1.0,104.0,63.0,0.5,10.0,0.0,103.0,63.0,0.5,12.0,1.0,2026-08-05 16:51:00-07:00,16.85,0.7916666666666666,1.0,0.7777777777777778,0.8326271186440678,531.0,471.0,531.0,0.75,180.0,0.14124293785310735,0.0,0.7902542372881356,531.0,17000.0,2026-08-05T08:51:00-07:00,2026-08-05T08:51:00-07:00,480.0,0.0,0.0,0.0,False,False,,,False,False,True,True,0.0,,30.0,20.0,False,,0.0,0.0,0.0,,66.0,True,4.0,1.0,3.0,2.0,False,2,105.0,5:24 PM,,YESTERDAY,2026-08-06T01:31:00-07:00,CLIPHX_202608060831.txt,True,12.0,10.0,8.0,8.0,7.0,5.0,4.0,4.0,2.0,1.0,2.0,-1.0,True,108,2026-08-05T04:01:00-07:00,2026-08-05T06:00:00-07:00,1.9833333333333332,PFMPSR_202608051101.txt,3.0,3.0
2026-08-06,106.0,2026-08-06 15:51:00-07:00,31,1.0,0.0,False,43.0,92.0,63.0,1.0,0.0,14.0,92.0,62.0,1.0,7.0,14.0,94.0,62.0,0.875,0.0,12.0,96.0,63.0,0.875,3.0,10.0,97.0,62.0,0.875,6.0,9.0,101.0,62.0,0.5,8.0,5.0,103.0,61.0,0.5,8.0,3.0,104.0,61.0,0.5,8.0,2.0,106.0,62.0,0.5,12.0,0.0,105.0,61.0,0.5,10.0,1.0,104.0,61.0,0.875,15.0,2.0,2026-08-06 15:51:00-07:00,15.85,0.703125,1.0,0.5,0.7611464968152867,471.0,291.0,471.0,0.5,180.0,0.09554140127388536,0.0,0.6520700636942676,411.0,16000.0,2026-08-06T08:51:00-07:00,2026-08-06T08:51:00-07:00,420.0,0.0,0.0,0.0,False,False,,,False,False,True,True,0.0,,140.0,20.0,False,,0.0,0.0,0.0,,63.0,True,2.0,3.0,6.0,3.0,False,3,107.0,3:52 PM,,YESTERDAY,2026-08-07T01:20:00-07:00,CLIPHX_202608070820.txt,True,15.0,15.0,13.0,11.0,10.0,6.0,4.0,3.0,1.0,2.0,3.0,-1.0,True,109,2026-08-06T04:01:00-07:00,2026-08-06T06:00:00-07:00,1.9833333333333332,PFMPSR_202608061101.txt,2.0,2.0
2026-08-07,111.0,2026-08-07 16:51:00-07:00,24,0.875,0.0,False,19.0,94.0,61.0,0.5,0.0,17.0,98.0,63.0,0.25,5.0,13.0,99.0,63.0,0.25,9.0,12.0,102.0,63.0,0.25,6.0,9.0,102.0,62.0,0.25,9.0,9.0,105.0,59.0,0.25,9.0,6.0,106.0,60.0,0.25,0.0,5.0,109.0,60.0,0.25,0.0,2.0,108.0,57.0,0.25,5.0,3.0,111.0,58.0,0.25,13.0,0.0,109.0,57.0,0.25,11.0,2.0,2026-08-07 16:51:00-07:00,16.85,0.25,0.0,0.0,0.2740112994350282,51.0,0.0,531.0,0.25,0.0,0.25,0.0,0.2740112994350282,51.0,,,,,0.0,0.0,0.0,False,False,,,False,False,True,True,1.0,2026-08-07T15:51:00-07:00,50.0,19.0,False,,0.0,0.0,0.0,,63.0,True,5.0,3.0,4.0,2.0,False,2,111.0,4:52 PM,,YESTERDAY,2026-08-08T01:29:00-07:00,CLIPHX_202608080829.txt,True,17.0,13.0,12.0,9.0,9.0,6.0,5.0,2.0,3.0,0.0,2.0,0.0,True,112,2026-08-07T04:01:00-07:00,2026-08-07T06:00:00-07:00,1.9833333333333332,PFMPSR_202608071101.txt,1.0,1.0
2026-08-08,111.0,2026-08-08 16:51:00-07:00,26,0.875,0.0,False,22.0,96.0,59.0,0.875,14.0,15.0,99.0,58.0,0.25,10.0,12.0,100.0,58.0,0.25,7.0,11.0,103.0,58.0,0.0,6.0,8.0,104.0,57.0,0.0,0.0,7.0,105.0,58.0,0.25,4.0,6.0,110.0,57.0,0.25,3.0,1.0,109.0,56.0,0.25,0.0,2.0,110.0,56.0,0.25,7.0,1.0,111.0,55.0,0.25,0.0,0.0,111.0,54.0,0.5,0.0,0.0,2026-08-08 16:51:00-07:00,16.85,0.19444444444444445,0.0,0.0,0.2535310734463277,51.0,51.0,531.0,0.25,0.0,0.1370056497175141,0.0,0.18926553672316385,51.0,,,,,0.0,0.0,0.0,False,False,,,False,False,True,True,1.0,2026-08-08T14:51:00-07:00,50.0,0.0,False,,0.0,0.0,0.0,,58.0,True,4.0,4.0,6.0,0.0,False,3,113.0,4:29 PM,,YESTERDAY,2026-08-09T01:33:00-07:00,CLIPHX_202608090833.txt,True,17.0,14.0,13.0,10.0,9.0,8.0,3.0,4.0,3.0,2.0,2.0,-2.0,True,113,2026-08-08T04:01:00-07:00,2026-08-08T06:00:00-07:00,1.9833333333333332,PFMPSR_202608081101.txt,0.0,0.0
2026-08-09,111.0,2026-08-09 16:51:00-07:00,27,1.0,0.0,True,19.0,94.0,60.0,0.25,6.0,17.0,96.0,60.0,0.25,4.0,15.0,99.0,61.0,0.25,5.0,12.0,101.0,61.0,0.25,7.0,10.0,101.0,61.0,0.25,0.0,10.0,104.0,60.0,0.25,0.0,7.0,107.0,60.0,0.25,3.0,4.0,109.0,59.0,0.25,7.0,2.0,109.0,59.0,0.25,8.0,2.0,111.0,57.0,0.25,9.0,0.0,110.0,56.0,0.25,4.0,1.0,2026-08-09 16:51:00-07:00,16.85,0.25,0.0,0.0,0.25,0.0,0.0,531.0,0.25,0.0,0.14124293785310735,0.0,0.1652542372881356,0.0,,,,,0.0,0.0,0.0,False,False,,,False,True,True,True,0.0,,80.0,18.0,False,,0.0,0.0,0.0,,61.0,True,5.0,2.0,6.0,2.0,False,2,111.0,5:58 PM,,YESTERDAY,2026-08-10T01:26:00-07:00,CLIPHX_202608100826.txt,True,17.0,15.0,12.0,10.0,10.0,7.0,4.0,2.0,2.0,0.0,1.0,0.0,True,111,2026-08-09T04:01:00-07:00,2026-08-09T06:00:00-07:00,1.9833333333333332,PFMPSR_202608091101.txt,0.0,0.0
2026-08-10,107.0,2026-08-10 15:51:00-07:00,24,1.0,0.0,False,26.0,93.0,63.0,0.875,6.0,14.0,94.0,63.0,0.875,3.0,13.0,96.0,62.0,0.25,3.0,11.0,99.0,63.0,0.25,6.0,8.0,100.0,62.0,0.25,7.0,7.0,101.0,61.0,0.25,8.0,6.0,103.0,59.0,0.25,9.0,4.0,105.0,56.0,0.25,12.0,2.0,107.0,59.0,0.25,12.0,0.0,107.0,59.0,0.25,7.0,0.0,106.0,60.0,0.5,13.0,1.0,2026-08-10 15:51:00-07:00,15.85,0.328125,0.125,0.125,0.39729299363057324,111.0,111.0,471.0,0.25,0.0,0.12738853503184713,0.0,0.25,0.0,25000.0,2026-08-10T08:51:00-07:00,2026-08-10T08:51:00-07:00,420.0,0.0,0.0,0.0,False,False,,,False,False,True,True,0.0,,50.0,22.0,False,,0.0,0.0,0.0,,63.0,True,3.0,4.0,3.0,4.0,False,3,108.0,4:39 PM,,YESTERDAY,2026-08-11T01:29:00-07:00,CLIPHX_202608110829.txt,True,15.0,14.0,12.0,9.0,8.0,7.0,5.0,3.0,1.0,1.0,2.0,-1.0,True,108,2026-08-10T04:01:00-07:00,2026-08-10T06:00:00-07:00,1.9833333333333332,PFMPSR_202608101101.txt,0.0,0.0
2026-08-11,104.0,2026-08-11 15:51:00-07:00,29,1.0,0.09,True,27.0,89.0,66.0,0.875,12.0,15.0,86.0,66.0,0.875,14.0,18.0,89.0,68.0,0.875,11.0,15.0,90.0,66.0,0.875,7.0,14.0,92.0,64.0,0.875,9.0,12.0,97.0,62.0,0.875,10.0,7.0,99.0,60.0,0.5,9.0,5.0,100.0,56.0,0.25,11.0,4.0,104.0,57.0,0.25,12.0,0.0,102.0,56.0,0.25,13.0,2.0,101.0,59.0,0.5,15.0,3.0,2026-08-11 15:51:00-07:00,15.85,0.671875,0.75,0.625,0.7476114649681529,411.0,351.0,471.0,0.5416666666666666,120.0,0.34076433121019106,171.0,0.572452229299363,351.0,14000.0,2026-08-11T08:51:00-07:00,2026-08-11T08:51:00-07:00,420.0,0.09,0.09,0.0,True,False,2026-08-11T00:35:00-07:00,916.0,True,False,True,True,0.0,,40.0,21.0,False,,0.0,0.0,0.0,,68.0,True,0.0,3.0,7.0,5.0,False,3,104.0,4:03 PM,,YESTERDAY,2026-08-12T01:44:00-07:00,CLIPHX_202608120844.txt,True,15.0,18.0,15.0,14.0,12.0,7.0,5.0,4.0,0.0,2.0,3.0,0.0,True,105,2026-08-11T05:12:00-07:00,2026-08-11T06:00:00-07:00,0.8,PFMPSR_202608111212.txt,1.0,1.0
2026-08-12,101.0,2026-08-12 16:51:00-07:00,33,1.0,0.03,True,33.0,87.0,68.0,0.875,8.0,14.0,88.0,67.0,0.875,10.0,13.0,90.0,67.0,0.875,5.0,11.0,93.0,67.0,0.875,5.0,8.0,95.0,65.0,0.875,0.0,6.0,94.0,64.0,0.875,6.0,7.0,99.0,64.0,0.875,5.0,2.0,99.0,63.0,0.875,6.0,2.0,100.0,62.0,0.875,10.0,1.0,101.0,61.0,0.875,8.0,0.0,99.0,62.0,0.875,8.0,2.0,2026-08-12 16:51:00-07:00,16.85,0.875,1.0,1.0,0.875,531.0,531.0,531.0,0.875,180.0,0.3587570621468927,231.0,0.7478813559322034,531.0,11000.0,2026-08-12T08:51:00-07:00,2026-08-12T08:51:00-07:00,480.0,0.03,0.0,0.03,False,True,2026-08-12T21:51:00-07:00,,False,True,True,True,1.0,2026-08-12T12:51:00-07:00,160.0,0.0,False,,0.0,0.0,0.0,,67.0,True,3.0,5.0,4.0,1.0,False,6,102.0,4:49 PM,,YESTERDAY,2026-08-13T01:49:00-07:00,CLIPHX_202608130849.txt,True,15.0,14.0,12.0,9.0,7.0,8.0,3.0,3.0,2.0,1.0,3.0,-1.0,True,101,2026-08-12T04:01:00-07:00,2026-08-12T06:00:00-07:00,1.9833333333333332,PFMPSR_202608121101.txt,-1.0,1.0
2026-08-13,100.0,2026-08-13 15:51:00-07:00,27,0.875,0.0,True,26.0,83.0,70.0,0.5,8.0,17.0,86.0,69.0,0.5,10.0,14.0,89.0,69.0,0.875,9.0,11.0,91.0,68.0,0.875,6.0,9.0,94.0,66.0,0.875,0.0,6.0,96.0,63.0,0.875,8.0,4.0,98.0,61.0,0.875,5.0,2.0,98.0,61.0,0.875,3.0,2.0,100.0,61.0,0.875,10.0,0.0,98.0,61.0,0.875,5.0,2.0,87.0,68.0,0.875,11.0,13.0,2026-08-13 15:51:00-07:00,15.85,0.828125,1.0,0.875,0.7866242038216561,471.0,360.0,471.0,0.875,180.0,0.2818471337579618,60.0,0.34554140127388533,180.0,25000.0,2026-08-13T08:51:00-07:00,2026-08-13T09:51:00-07:00,420.0,0.0,0.0,0.0,False,False,,,False,True,True,True,0.0,,120.0,18.0,False,,0.0,0.0,0.0,,69.0,True,6.0,5.0,4.0,2.0,False,6,,,,,,,,,,,,,,,,,,,,False,99,2026-08-13T04:01:00-07:00,2026-08-13T06:00:00-07:00,1.9833333333333332,PFMPSR_202608131101.txt,,
2026-08-14,99.0,2026-08-14 15:51:00-07:00,24,0.875,0.0,False,17.0,86.0,66.0,0.875,7.0,13.0,89.0,64.0,0.875,8.0,10.0,92.0,63.0,0.875,7.0,7.0,94.0,59.0,0.875,6.0,5.0,96.0,61.0,0.875,7.0,3.0,98.0,59.0,0.875,3.0,1.0,98.0,58.0,0.875,8.0,1.0,97.0,57.0,0.875,8.0,2.0,99.0,56.0,0.875,6.0,0.0,99.0,54.0,0.875,8.0,0.0,97.0,56.0,0.5,4.0,2.0,2026-08-14 15:51:00-07:00,15.85,0.875,1.0,1.0,0.875,471.0,471.0,471.0,0.875,180.0,0.25,0.0,0.37261146496815284,231.0,25000.0,2026-08-14T08:51:00-07:00,2026-08-14T08:51:00-07:00,420.0,0.0,0.0,0.0,False,False,,,False,False,True,True,1.0,2026-08-14T14:51:00-07:00,60.0,0.0,False,,0.0,0.0,0.0,,64.0,True,6.0,4.0,2.0,1.0,False,3,101.0,3:44 PM,,YESTERDAY,2026-08-15T01:24:00-07:00,CLIPHX_202608150824.txt,True,15.0,12.0,9.0,7.0,5.0,3.0,3.0,4.0,2.0,2.0,4.0,-2.0,True,101,2026-08-14T00:16:00-07:00,2026-08-14T06:00:00-07:00,5.733333333333333,PFMPSR_202608140716.txt,0.0,0.0
2026-08-15,105.0,2026-08-15 14:51:00-07:00,26,0.875,0.0,False,16.0,88.0,61.0,0.875,3.0,17.0,93.0,60.0,0.875,5.0,12.0,96.0,57.0,0.5,5.0,9.0,99.0,57.0,0.25,4.0,6.0,100.0,56.0,0.25,0.0,5.0,103.0,55.0,0.25,6.0,2.0,103.0,54.0,0.5,5.0,2.0,105.0,54.0,0.875,8.0,0.0,103.0,54.0,0.875,6.0,2.0,103.0,54.0,0.875,5.0,2.0,103.0,53.0,0.875,7.0,2.0,2026-08-15 14:51:00-07:00,14.85,0.5,0.5714285714285714,0.2857142857142857,0.49178832116788324,231.0,111.0,411.0,0.3333333333333333,60.0,0.18248175182481752,0.0,0.28102189781021897,51.0,25000.0,2026-08-15T08:51:00-07:00,2026-08-15T08:51:00-07:00,360.0,0.0,0.0,0.0,False,False,,,False,False,False,False,0.0,,160.0,15.0,False,,0.0,0.0,0.0,,60.0,True,8.0,4.0,3.0,0.0,False,4,107.0,3:15 PM,,YESTERDAY,2026-08-16T01:14:00-07:00,CLIPHX_202608160814.txt,True,19.0,14.0,11.0,8.0,7.0,4.0,4.0,2.0,4.0,4.0,4.0,-2.0,True,106,2026-08-15T04:01:00-07:00,2026-08-15T06:00:00-07:00,1.9833333333333332,PFMPSR_202608151101.txt,-1.0,1.0
2026-08-16,108.0,2026-08-16 16:51:00-07:00,24,0.875,0.0,False,,92.0,57.0,0.875,5.0,16.0,96.0,58.0,0.875,4.0,12.0,98.0,58.0,0.875,3.0,10.0,100.0,57.0,0.875,3.0,8.0,103.0,57.0,0.875,3.0,5.0,106.0,55.0,0.875,3.0,2.0,107.0,54.0,0.875,0.0,1.0,107.0,50.0,0.875,5.0,1.0,107.0,50.0,0.875,0.0,1.0,108.0,50.0,0.875,4.0,0.0,108.0,50.0,0.875,3.0,0.0,2026-08-16 16:51:00-07:00,16.85,0.875,1.0,1.0,0.875,531.0,531.0,531.0,0.875,180.0,0.25,0.0,0.7055084745762712,531.0,18000.0,2026-08-16T08:51:00-07:00,2026-08-16T08:51:00-07:00,480.0,0.0,0.0,0.0,False,False,,,False,False,False,False,0.0,,0.0,0.0,False,,0.0,0.0,0.0,,58.0,True,6.0,5.0,4.0,0.0,False,2,110.0,4:19 PM,,YESTERDAY,2026-08-17T01:16:00-07:00,CLIPHX_202608170816.txt,True,18.0,14.0,12.0,10.0,7.0,4.0,3.0,3.0,3.0,2.0,2.0,-2.0,True,108,2026-08-16T04:01:00-07:00,2026-08-16T06:00:00-07:00,1.9833333333333332,PFMPSR_202608161101.txt,-2.0,2.0
2026-08-17,112.0,2026-08-17 14:51:00-07:00,24,0.25,0.0,False,16.0,93.0,55.0,0.25,7.0,19.0,96.0,54.0,0.25,5.0,16.0,101.0,55.0,0.25,3.0,11.0,105.0,55.0,0.25,5.0,7.0,107.0,55.0,0.25,4.0,5.0,107.0,53.0,0.25,4.0,5.0,111.0,52.0,0.25,5.0,1.0,112.0,50.0,0.25,8.0,0.0,111.0,50.0,0.25,7.0,1.0,112.0,50.0,0.25,3.0,0.0,111.0,49.0,0.25,6.0,1.0,2026-08-17 14:51:00-07:00,14.85,0.25,0.0,0.0,0.25,0.0,0.0,411.0,0.25,0.0,0.25,0.0,0.25,0.0,,,,,0.0,0.0,0.0,False,False,,,False,False,True,True,0.0,,160.0,16.0,False,,0.0,0.0,0.0,,55.0,True,8.0,6.0,4.0,0.0,False,4,,,,,,,,,,,,,,,,,,,,False,111,2026-08-17T04:01:00-07:00,2026-08-17T06:00:00-07:00,1.9833333333333332,PFMPSR_202608171101.txt,,
2026-08-18,111.0,2026-08-18 12:51:00-07:00,24,0.875,0.0,False,,96.0,57.0,0.25,8.0,15.0,100.0,58.0,0.25,7.0,11.0,103.0,58.0,0.25,9.0,8.0,106.0,57.0,0.25,9.0,5.0,107.0,57.0,0.25,6.0,4.0,111.0,57.0,0.25,7.0,0.0,109.0,55.0,0.25,6.0,2.0,111.0,54.0,0.25,0.0,0.0,111.0,52.0,0.5,0.0,0.0,111.0,53.0,0.5,7.0,0.0,111.0,52.0,0.5,4.0,0.0,2026-08-18 12:51:00-07:00,12.85,0.25,0.0,0.0,0.25,0.0,0.0,291.0,0.25,0.0,0.10309278350515463,0.0,0.25,0.0,,,,,0.0,0.0,0.0,False,False,,,False,False,True,True,0.0,,90.0,0.0,False,,0.0,0.0,0.0,,58.0,True,7.0,4.0,2.0,2.0,False,6,114.0,5:08 PM,,YESTERDAY,2026-08-19T01:19:00-07:00,CLIPHX_202608190819.txt,True,18.0,14.0,11.0,8.0,7.0,3.0,5.0,3.0,3.0,3.0,3.0,-3.0,True,111,2026-08-18T00:31:00-07:00,2026-08-18T06:00:00-07:00,5.483333333333333,PFMPSR_202608180731.txt,-3.0,3.0
2026-08-19,109.0,2026-08-19 15:51:00-07:00,17,0.875,0.0,False,15.0,95.0,64.0,0.0,7.0,14.0,97.0,65.0,0.0,6.0,12.0,99.0,65.0,0.0,3.0,10.0,102.0,64.0,0.25,7.0,7.0,103.0,63.0,0.25,7.0,6.0,104.0,63.0,0.25,8.0,5.0,107.0,61.0,0.5,8.0,2.0,107.0,59.0,0.5,9.0,2.0,109.0,59.0,0.5,8.0,0.0,108.0,60.0,0.5,11.0,1.0,,,,,,2026-08-19 15:51:00-07:00,15.85,0.28125,0.375,0.0,0.2229299363057325,120.0,0.0,471.0,0.4166666666666667,120.0,0.1910828025477707,120.0,0.2229299363057325,120.0,,2026-08-19T13:51:00-07:00,,120.0,0.0,0.0,0.0,False,False,,,False,False,True,True,0.0,,140.0,15.0,False,,0.0,0.0,0.0,,65.0,True,4.0,4.0,4.0,2.0,False,1,,,,,,,,,,,,,,,,,,,,False,110,2026-08-19T04:01:00-07:00,2026-08-19T06:00:00-07:00,1.9833333333333332,PFMPSR_202608191101.txt,,
